2026-09-04 00:39:39,TKemmerling,domain,asianmassageporn.info,#phishing,https://x.com/TKemmerling/status/2095673109411926282
2026-09-04 00:39:39,TKemmerling,url,http://asianmassageporn.info,#phishing,https://x.com/TKemmerling/status/2095673109411926282
2026-09-04 01:45:35,TKemmerling,domain,icubedtecnologies.info,#phishing,https://x.com/TKemmerling/status/2095689699666837641
2026-09-04 01:45:35,TKemmerling,url,http://icubedtecnologies.info,#phishing,https://x.com/TKemmerling/status/2095689699666837641
2026-09-04 02:50:06,TKemmerling,domain,se.nsbpay.com,#phishing,https://x.com/TKemmerling/status/2095705939470954880
2026-09-04 02:50:06,TKemmerling,url,http://se.nsbpay.com,#phishing,https://x.com/TKemmerling/status/2095705939470954880
2026-09-04 03:01:53,TKemmerling,domain,ra.hbjbkf.com,#phishing,https://x.com/TKemmerling/status/2095708902260191236
2026-09-04 03:01:53,TKemmerling,url,http://ra.hbjbkf.com,#phishing,https://x.com/TKemmerling/status/2095708902260191236
2026-09-04 03:03:03,TKemmerling,domain,donateclothingmi.info,#phishing,https://x.com/TKemmerling/status/2095709197685920137
2026-09-04 03:03:03,TKemmerling,url,http://donateclothingmi.info,#phishing,https://x.com/TKemmerling/status/2095709197685920137
2026-09-04 03:04:15,TKemmerling,domain,ongannanzhuang.info,#phishing,https://x.com/TKemmerling/status/2095709497020871063
2026-09-04 03:04:15,TKemmerling,url,http://ongannanzhuang.info,#phishing,https://x.com/TKemmerling/status/2095709497020871063
2026-09-04 03:12:41,scanmalware,domain,aadobe07.pages.dev,#malware,https://x.com/scanmalware/status/2095711621066686787
2026-09-04 03:12:41,scanmalware,url,http://aadobe07.pages.dev,#malware,https://x.com/scanmalware/status/2095711621066686787
2026-09-04 04:22:22,Metemcyber,domain,support.inumm.asia,#phishing,https://x.com/Metemcyber/status/2095729155505811695
2026-09-04 04:22:22,Metemcyber,url,https://www.support.inumm.asia/efn1cr2tu/,#phishing,https://x.com/Metemcyber/status/2095729155505811695
2026-09-04 04:22:22,Metemcyber,url,http://182.161.66.236,#phishing,https://x.com/Metemcyber/status/2095729155505811695
2026-09-04 04:22:22,Metemcyber,ip,182.161.66.236,#phishing,https://x.com/Metemcyber/status/2095729155505811695
2026-09-04 04:35:35,Metemcyber,domain,aeon.kkbjnty.cn,#phishing,https://x.com/Metemcyber/status/2095732482943627465
2026-09-04 04:35:35,Metemcyber,url,https://aeon.kkbjnty.cn/ltcq3p1txe,#phishing,https://x.com/Metemcyber/status/2095732482943627465
2026-09-04 04:35:35,Metemcyber,url,http://43.167.198.165,#phishing,https://x.com/Metemcyber/status/2095732482943627465
2026-09-04 04:35:35,Metemcyber,ip,43.167.198.165,#phishing,https://x.com/Metemcyber/status/2095732482943627465
2026-09-04 04:48:28,Metemcyber,domain,zizhil.com,#phishing,https://x.com/Metemcyber/status/2095735726977822881
2026-09-04 04:48:28,Metemcyber,url,https://zizhil.com/oeutfyax/,#phishing,https://x.com/Metemcyber/status/2095735726977822881
2026-09-04 04:48:28,Metemcyber,url,http://43.128.228.199,#phishing,https://x.com/Metemcyber/status/2095735726977822881
2026-09-04 04:48:28,Metemcyber,ip,43.128.228.199,#phishing,https://x.com/Metemcyber/status/2095735726977822881
2026-09-04 07:01:28,phishunt_io,domain,comecome.click,#phishing,https://x.com/phishunt_io/status/2095769197087224002
2026-09-04 07:01:28,phishunt_io,url,http://comecome.click/zxm/xx/alibaba/index.html,#phishing,https://x.com/phishunt_io/status/2095769197087224002
2026-09-04 07:01:28,phishunt_io,ip,185.221.216.117,#phishing,https://x.com/phishunt_io/status/2095769197087224002
2026-09-04 08:53:54,masaomi346,domain,login.zylvshiw.com,#phishing,https://x.com/masaomi346/status/2095797492768231545
2026-09-04 08:53:54,masaomi346,url,https://login.zylvshiw.com/login,#phishing,https://x.com/masaomi346/status/2095797492768231545
2026-09-04 17:01:12,phishunt_io,domain,spotify-anniversary30th.com,#phishing,https://x.com/phishunt_io/status/2095920123693461751
2026-09-04 17:01:12,phishunt_io,url,http://spotify-anniversary30th.com,#phishing,https://x.com/phishunt_io/status/2095920123693461751
2026-09-04 18:53:52,skocherhan,domain,telendszes.work,#phishing,https://x.com/skocherhan/status/2095948477679161541
2026-09-04 18:53:52,skocherhan,url,http://telendszes.work,#phishing,https://x.com/skocherhan/status/2095948477679161541
2026-09-04 19:37:37,skocherhan,md5,8b3d8de78681adc71667f6f687102183,,https://x.com/skocherhan/status/2095959489056846084
2026-09-04 20:05:10,0xb1lal,ip,67.215.232.25,#malware,https://x.com/0xb1lal/status/2095966422283231580
2026-09-04 20:32:30,PhishStats,domain,allegro.012031928g.lol,#phishing,https://x.com/PhishStats/status/2095973299167645817
2026-09-04 20:32:30,PhishStats,url,http://allegro.012031928g.lol,#phishing,https://x.com/PhishStats/status/2095973299167645817
2026-09-05 07:00:45,masaomi346,domain,etax-wusasd.com,#malware #phishing,https://x.com/masaomi346/status/2096131403025109209
2026-09-05 07:00:45,masaomi346,url,https://etax-wusasd.com,#malware #phishing,https://x.com/masaomi346/status/2096131403025109209
2026-09-05 07:00:45,masaomi346,domain,etax-olimw.com,#malware #phishing,https://x.com/masaomi346/status/2096131403025109209
2026-09-05 07:00:45,masaomi346,url,https://etax-olimw.com,#malware #phishing,https://x.com/masaomi346/status/2096131403025109209
2026-09-05 07:00:45,masaomi346,domain,etax-pliwka.com,#malware #phishing,https://x.com/masaomi346/status/2096131403025109209
2026-09-05 07:00:45,masaomi346,url,https://etax-pliwka.com,#malware #phishing,https://x.com/masaomi346/status/2096131403025109209
2026-09-05 07:00:45,masaomi346,domain,etax-uwaiosd.com,#malware #phishing,https://x.com/masaomi346/status/2096131403025109209
2026-09-05 07:00:45,masaomi346,url,https://etax-uwaiosd.com,#malware #phishing,https://x.com/masaomi346/status/2096131403025109209
2026-09-05 07:00:45,masaomi346,domain,etax-plwads.com,#malware #phishing,https://x.com/masaomi346/status/2096131403025109209
2026-09-05 07:00:45,masaomi346,url,https://etax-plwads.com,#malware #phishing,https://x.com/masaomi346/status/2096131403025109209
2026-09-05 07:00:45,masaomi346,sha256,cb5d4335ac73dc0cab2bbe6310fac64537352ed368049700d3993b53f6cf0884,#malware #phishing,https://x.com/masaomi346/status/2096131403025109209
2026-09-05 08:49:06,skocherhan,sha256,bc48086b5b9d893ad51224fe7425914ed4d76ec14f01d3125b6a7289d774aa6e,,https://x.com/skocherhan/status/2096158669339590946
2026-09-05 08:51:25,skocherhan,domain,finance-gov-pk.fetchdrives.info,#phishing,https://x.com/skocherhan/status/2096159255233483246
2026-09-05 08:51:25,skocherhan,url,http://finance-gov-pk.fetchdrives.info,#phishing,https://x.com/skocherhan/status/2096159255233483246
2026-09-05 08:51:25,skocherhan,domain,pk.fetchdrives.info,#phishing,https://x.com/skocherhan/status/2096159255233483246
2026-09-05 08:51:25,skocherhan,url,http://pk.fetchdrives.info,#phishing,https://x.com/skocherhan/status/2096159255233483246
2026-09-05 08:51:25,skocherhan,domain,www-finance-gov-pk.fetchdrives.info,#phishing,https://x.com/skocherhan/status/2096159255233483246
2026-09-05 08:51:25,skocherhan,url,http://www-finance-gov-pk.fetchdrives.info,#phishing,https://x.com/skocherhan/status/2096159255233483246
2026-09-05 08:58:50,skocherhan,md5,8a7db4271f1103fe195591ce3e500faa,,https://x.com/skocherhan/status/2096161119836512463
2026-09-05 11:07:00,phishunt_io,domain,apk-google.cn,#phishing,https://x.com/phishunt_io/status/2096193372595626269
2026-09-05 11:07:00,phishunt_io,url,http://apk-google.cn,#phishing,https://x.com/phishunt_io/status/2096193372595626269
2026-09-05 11:07:00,phishunt_io,ip,47.57.138.67,#phishing,https://x.com/phishunt_io/status/2096193372595626269
2026-09-05 12:01:21,phishunt_io,domain,bankofamericanonline.com,#phishing,https://x.com/phishunt_io/status/2096207052980814175
2026-09-05 12:01:21,phishunt_io,url,http://bankofamericanonline.com,#phishing,https://x.com/phishunt_io/status/2096207052980814175
2026-09-05 13:49:51,fbgwls245,domain,ybvjht7qcuhcml4pjcs7fgk57tzysplqtfq4i7yrwc6vjilin2dt2qad.onion,#ransomware,https://x.com/fbgwls245/status/2096234357635834097
2026-09-05 13:49:51,fbgwls245,url,http://ybvjht7qcuhcml4pjcs7fgk57tzysplqtfq4i7yrwc6vjilin2dt2qad.onion,#ransomware,https://x.com/fbgwls245/status/2096234357635834097
2026-09-05 14:32:24,masaomi346,domain,paintingth.iqlvebw.cn,#phishing,https://x.com/masaomi346/status/2096245063844299048
2026-09-05 14:32:24,masaomi346,url,https://paintingth.iqlvebw.cn/SZHUSg/potyunde,#phishing,https://x.com/masaomi346/status/2096245063844299048
2026-09-05 17:00:57,phishunt_io,domain,whatsapp.traviyo.in,#phishing,https://x.com/phishunt_io/status/2096282449089106217
2026-09-05 17:00:57,phishunt_io,url,http://whatsapp.traviyo.in,#phishing,https://x.com/phishunt_io/status/2096282449089106217
2026-09-05 17:00:57,phishunt_io,ip,103.234.185.7,#phishing,https://x.com/phishunt_io/status/2096282449089106217
2026-09-05 18:45:44,muha2xmad,domain,submit-form.com,#phishing,https://x.com/muha2xmad/status/2096308816535052485
2026-09-05 18:45:44,muha2xmad,url,https://submit-form.com/xfgxjYePW,#phishing,https://x.com/muha2xmad/status/2096308816535052485
2026-09-05 21:11:25,skocherhan,domain,metamonetization.live,#phishing,https://x.com/skocherhan/status/2096345481630663158
2026-09-05 21:11:25,skocherhan,url,http://www.metamonetization.live,#phishing,https://x.com/skocherhan/status/2096345481630663158
2026-09-05 21:14:33,PhishStats,domain,cloud.shikarathekashmirspride.com,#phishing,https://x.com/PhishStats/status/2096346268377153669
2026-09-05 21:14:33,PhishStats,url,https://cloud.shikarathekashmirspride.com/meeting/Iphone/invite.php,#phishing,https://x.com/PhishStats/status/2096346268377153669
2026-09-05 23:09:02,masaomi346,domain,raku-point-ankanz.com,#malware #phishing,https://x.com/masaomi346/status/2096375079101940086
2026-09-05 23:09:02,masaomi346,url,https://raku-point-ankanz.com,#malware #phishing,https://x.com/masaomi346/status/2096375079101940086
2026-09-05 23:09:02,masaomi346,domain,raku-point-gche.com,#malware #phishing,https://x.com/masaomi346/status/2096375079101940086
2026-09-05 23:09:02,masaomi346,url,https://raku-point-gche.com,#malware #phishing,https://x.com/masaomi346/status/2096375079101940086
2026-09-05 23:09:02,masaomi346,domain,raku-point-edia.com,#malware #phishing,https://x.com/masaomi346/status/2096375079101940086
2026-09-05 23:09:02,masaomi346,url,https://raku-point-edia.com,#malware #phishing,https://x.com/masaomi346/status/2096375079101940086
2026-09-05 23:09:02,masaomi346,sha256,4d7e9e75f44a68fd6c109bbfa6d6b8fd343b274e7ac1afb0a0a628f624a83308,#malware #phishing,https://x.com/masaomi346/status/2096375079101940086
2026-09-05 23:15:32,masaomi346,domain,point-raraku.com,#malware #phishing,https://x.com/masaomi346/status/2096376715471884489
2026-09-05 23:15:32,masaomi346,url,https://point-raraku.com,#malware #phishing,https://x.com/masaomi346/status/2096376715471884489
2026-09-05 23:15:32,masaomi346,domain,point-raraka.com,#malware #phishing,https://x.com/masaomi346/status/2096376715471884489
2026-09-05 23:15:32,masaomi346,url,https://point-raraka.com,#malware #phishing,https://x.com/masaomi346/status/2096376715471884489
2026-09-05 23:15:32,masaomi346,sha256,ebd6f8fa187c3bde2a3f6bf42f3b94e2664867e83d98554a91ecc2ebaf552dc0,#malware #phishing,https://x.com/masaomi346/status/2096376715471884489
2026-09-06 01:52:38,scanmalware,domain,facebook-task-one.vercel.app,#malware,https://x.com/scanmalware/status/2096416251060887828
2026-09-06 01:52:38,scanmalware,url,http://facebook-task-one.vercel.app,#malware,https://x.com/scanmalware/status/2096416251060887828
2026-09-06 07:40:03,scanmalware,domain,kxlrq279nhw-fghzdfyn-3y0x1g-wp833a.pages.dev,#ransomware,https://x.com/scanmalware/status/2096503681042538720
2026-09-06 07:40:03,scanmalware,url,http://kxlrq279nhw-fghzdfyn-3y0x1g-wp833a.pages.dev,#ransomware,https://x.com/scanmalware/status/2096503681042538720
2026-09-06 08:35:09,PhishStats,domain,mybroadbandservice.plutio.com,#phishing,https://x.com/PhishStats/status/2096517546136539405
2026-09-06 08:35:09,PhishStats,url,https://mybroadbandservice.plutio.com/p/form/iTtJKQD9FnGbzrHNB,#phishing,https://x.com/PhishStats/status/2096517546136539405
2026-09-06 12:01:26,phishunt_io,domain,simulador-credito-auto-bbva.ideeo.mx,#phishing,https://x.com/phishunt_io/status/2096569461377482987
2026-09-06 12:01:26,phishunt_io,url,http://simulador-credito-auto-bbva.ideeo.mx,#phishing,https://x.com/phishunt_io/status/2096569461377482987
2026-09-06 12:01:26,phishunt_io,ip,200.76.161.229,#phishing,https://x.com/phishunt_io/status/2096569461377482987
2026-09-06 13:48:03,masaomi346,domain,mfawke.com,#infostealer #malvertising #malware,https://x.com/masaomi346/status/2096596290721530072
2026-09-06 13:48:03,masaomi346,url,http://mfawke.com,#infostealer #malvertising #malware,https://x.com/masaomi346/status/2096596290721530072
2026-09-06 15:01:14,skocherhan,domain,microsoft-alpha.vercel.app,#phishing,https://x.com/skocherhan/status/2096614707666755746
2026-09-06 15:01:14,skocherhan,url,http://microsoft-alpha.vercel.app,#phishing,https://x.com/skocherhan/status/2096614707666755746
2026-09-06 15:03:20,RakeshKrish12,ip,23.137.255.139,#malware #ransomware,https://x.com/RakeshKrish12/status/2096615238611374359
2026-09-06 17:01:05,phishunt_io,domain,restoration-google.com,#phishing,https://x.com/phishunt_io/status/2096644869649297895
2026-09-06 17:01:05,phishunt_io,url,http://restoration-google.com,#phishing,https://x.com/phishunt_io/status/2096644869649297895
2026-09-06 19:29:39,TKemmerling,domain,celocozy.com,#phishing,https://x.com/TKemmerling/status/2096682259504099389
2026-09-06 19:29:39,TKemmerling,url,http://celocozy.com,#phishing,https://x.com/TKemmerling/status/2096682259504099389
2026-09-06 19:56:38,TKemmerling,domain,studiohyperlink.com,#phishing,https://x.com/TKemmerling/status/2096689050019303755
2026-09-06 19:56:38,TKemmerling,url,http://studiohyperlink.com,#phishing,https://x.com/TKemmerling/status/2096689050019303755
2026-09-06 20:11:52,TKemmerling,domain,nsbpay.com,#phishing,https://x.com/TKemmerling/status/2096692880698212685
2026-09-06 20:11:52,TKemmerling,url,http://nsbpay.com,#phishing,https://x.com/TKemmerling/status/2096692880698212685
2026-09-06 20:26:47,TKemmerling,domain,schoolgirstrikers.info,#phishing,https://x.com/TKemmerling/status/2096696636865204232
2026-09-06 20:26:47,TKemmerling,url,http://schoolgirstrikers.info,#phishing,https://x.com/TKemmerling/status/2096696636865204232
2026-09-06 20:41:41,TKemmerling,domain,financialmarkets.info,#phishing,https://x.com/TKemmerling/status/2096700386245795979
2026-09-06 20:41:41,TKemmerling,url,http://financialmarkets.info,#phishing,https://x.com/TKemmerling/status/2096700386245795979
2026-09-06 20:56:48,TKemmerling,domain,orlatiosllc.com,#phishing,https://x.com/TKemmerling/status/2096704190190125129
2026-09-06 20:56:48,TKemmerling,url,http://orlatiosllc.com,#phishing,https://x.com/TKemmerling/status/2096704190190125129
2026-09-06 21:08:30,ankh_corp,ip,45.152.149.62,#malware,https://x.com/ankh_corp/status/2096707135262294378
2026-09-06 21:08:30,ankh_corp,sha256,85c6f9f666aa711dff45421d1edc512d0175c54c04d7ffca647311c1043971bd,#malware,https://x.com/ankh_corp/status/2096707135262294378
2026-09-06 21:26:55,TKemmerling,domain,ongannanzhuang.info,#phishing,https://x.com/TKemmerling/status/2096711768395723142
2026-09-06 21:26:55,TKemmerling,url,http://ongannanzhuang.info,#phishing,https://x.com/TKemmerling/status/2096711768395723142
2026-09-06 21:57:00,TKemmerling,domain,hnlytx.com,#phishing,https://x.com/TKemmerling/status/2096719341500985849
2026-09-06 21:57:00,TKemmerling,url,http://hnlytx.com,#phishing,https://x.com/TKemmerling/status/2096719341500985849
2026-09-06 22:11:55,TKemmerling,domain,eampengencangpayudara.info,#phishing,https://x.com/TKemmerling/status/2096723093855334778
2026-09-06 22:11:55,TKemmerling,url,http://eampengencangpayudara.info,#phishing,https://x.com/TKemmerling/status/2096723093855334778
2026-09-06 22:41:42,TKemmerling,domain,stdigitalthermometer.info,#phishing,https://x.com/TKemmerling/status/2096730589789647171
2026-09-06 22:41:42,TKemmerling,url,http://stdigitalthermometer.info,#phishing,https://x.com/TKemmerling/status/2096730589789647171
2026-09-06 22:57:07,TKemmerling,domain,thebitcoincenter.info,#phishing,https://x.com/TKemmerling/status/2096734469248152040
2026-09-06 22:57:07,TKemmerling,url,http://thebitcoincenter.info,#phishing,https://x.com/TKemmerling/status/2096734469248152040
2026-09-06 23:08:30,masaomi346,domain,sasioncarid-mustee.com,#malware #phishing,https://x.com/masaomi346/status/2096737331822870785
2026-09-06 23:08:30,masaomi346,url,https://sasioncarid-mustee.com,#malware #phishing,https://x.com/masaomi346/status/2096737331822870785
2026-09-06 23:08:30,masaomi346,domain,sasioncarid-iwang.com,#malware #phishing,https://x.com/masaomi346/status/2096737331822870785
2026-09-06 23:08:30,masaomi346,url,https://sasioncarid-iwang.com,#malware #phishing,https://x.com/masaomi346/status/2096737331822870785
2026-09-06 23:08:30,masaomi346,sha256,e8bcc50bb4e0b1b1a31e06ec2646efb087e1db006f47df9326ac3fb1f5107a44,#malware #phishing,https://x.com/masaomi346/status/2096737331822870785
2026-09-06 23:21:49,masaomi346,domain,raku-point-cebinde.com,#malware #phishing,https://x.com/masaomi346/status/2096740683130478686
2026-09-06 23:21:49,masaomi346,url,https://raku-point-cebinde.com,#malware #phishing,https://x.com/masaomi346/status/2096740683130478686
2026-09-06 23:21:49,masaomi346,domain,raku-point-exinxi.com,#malware #phishing,https://x.com/masaomi346/status/2096740683130478686
2026-09-06 23:21:49,masaomi346,url,https://raku-point-exinxi.com,#malware #phishing,https://x.com/masaomi346/status/2096740683130478686
2026-09-06 23:21:49,masaomi346,domain,raku-point-ianzi.com,#malware #phishing,https://x.com/masaomi346/status/2096740683130478686
2026-09-06 23:21:49,masaomi346,url,https://raku-point-ianzi.com,#malware #phishing,https://x.com/masaomi346/status/2096740683130478686
2026-09-06 23:21:49,masaomi346,sha256,4aff912fec45ec1d4b76ea31dd13dff961131361cef8291ebfa4e38330f1807a,#malware #phishing,https://x.com/masaomi346/status/2096740683130478686
2026-09-06 23:27:03,TKemmerling,domain,caturchiropractic.info,#phishing,https://x.com/TKemmerling/status/2096741999974158698
2026-09-06 23:27:03,TKemmerling,url,http://caturchiropractic.info,#phishing,https://x.com/TKemmerling/status/2096741999974158698
2026-09-07 01:30:03,scanmalware,domain,vormavi-gld-felmora-p4t8kh35.pages.dev,#ransomware,https://x.com/scanmalware/status/2096772956705747064
2026-09-07 01:30:03,scanmalware,url,http://vormavi-gld-felmora-p4t8kh35.pages.dev,#ransomware,https://x.com/scanmalware/status/2096772956705747064
2026-09-07 03:57:58,mugu_reporter,domain,quantum-forgex.com,#scam,https://x.com/mugu_reporter/status/2096810181740925241
2026-09-07 03:57:58,mugu_reporter,url,http://quantum-forgex.com,#scam,https://x.com/mugu_reporter/status/2096810181740925241
2026-09-07 05:17:53,Metemcyber,domain,cam-ana-jp.smpoodle.com,#phishing,https://x.com/Metemcyber/status/2096830293349167331
2026-09-07 05:17:53,Metemcyber,url,https://cam-ana-jp.smpoodle.com/security/ap/loginlogout/login/creditlimit/inquirycreditlimit/D10203840,#phishing,https://x.com/Metemcyber/status/2096830293349167331
2026-09-07 05:17:53,Metemcyber,url,http://107.149.105.29,#phishing,https://x.com/Metemcyber/status/2096830293349167331
2026-09-07 05:17:53,Metemcyber,ip,107.149.105.29,#phishing,https://x.com/Metemcyber/status/2096830293349167331
2026-09-07 05:42:51,Metemcyber,domain,rnwm.fpewppc.cn,#phishing,https://x.com/Metemcyber/status/2096836573614719229
2026-09-07 05:42:51,Metemcyber,url,https://rnwm.fpewppc.cn/ap/signin,#phishing,https://x.com/Metemcyber/status/2096836573614719229
2026-09-07 05:42:51,Metemcyber,url,http://43.165.128.22,#phishing,https://x.com/Metemcyber/status/2096836573614719229
2026-09-07 05:42:51,Metemcyber,ip,43.165.128.22,#phishing,https://x.com/Metemcyber/status/2096836573614719229
2026-09-07 05:47:09,Metemcyber,domain,stupfication.5s7htk.info,#phishing,https://x.com/Metemcyber/status/2096837658970570922
2026-09-07 05:47:09,Metemcyber,url,https://stupfication.5s7htk.info/g3EArg/jp,#phishing,https://x.com/Metemcyber/status/2096837658970570922
2026-09-07 05:47:09,Metemcyber,url,http://43.165.167.152,#phishing,https://x.com/Metemcyber/status/2096837658970570922
2026-09-07 05:47:09,Metemcyber,ip,43.165.167.152,#phishing,https://x.com/Metemcyber/status/2096837658970570922
2026-09-07 05:56:39,Metemcyber,url,http://43.165.196.142,#phishing,https://x.com/Metemcyber/status/2096840046892741059
2026-09-07 05:56:39,Metemcyber,ip,43.165.196.142,#phishing,https://x.com/Metemcyber/status/2096840046892741059
2026-09-07 06:07:42,tdatwja,url,http://202.146.222.95:443,,https://x.com/tdatwja/status/2096842830446838090
2026-09-07 06:07:42,tdatwja,ip,202.146.222.95,,https://x.com/tdatwja/status/2096842830446838090
2026-09-07 06:19:32,masaomi346,domain,xwmgm.com,#phishing,https://x.com/masaomi346/status/2096845804996890932
2026-09-07 06:19:32,masaomi346,url,https://xwmgm.com/login,#phishing,https://x.com/masaomi346/status/2096845804996890932
2026-09-07 07:01:19,phishunt_io,domain,https-wwwv-roblox.co,#phishing,https://x.com/phishunt_io/status/2096856321370763669
2026-09-07 07:01:19,phishunt_io,url,http://https-wwwv-roblox.co/login?returnUrl=288280197,#phishing,https://x.com/phishunt_io/status/2096856321370763669
2026-09-07 07:36:54,bomccss,sha256,bf1d4b7e256454bfadfc2ed1931110fd6ee41294b70df70e0b5deb573ae802fc,,https://x.com/bomccss/status/2096865276533080401
2026-09-07 07:38:23,bomccss,domain,e4211926_01_s461.zip,,https://x.com/bomccss/status/2096865650732142704
2026-09-07 08:56:38,OpcodeIntel,md5,a6ff971e8397ad0c2e4b635ca1ac7d32,#malware,https://x.com/OpcodeIntel/status/2096885340552540648
2026-09-07 10:00:05,phatomcandle,domain,lucidware.click,#APT #malware,https://x.com/phatomcandle/status/2096901311593943527
2026-09-07 10:00:05,phatomcandle,url,http://lucidware.click,#APT #malware,https://x.com/phatomcandle/status/2096901311593943527
2026-09-07 11:35:14,suyog41,md5,54f26190e57f196c26b8cb3b6168424e,,https://x.com/suyog41/status/2096925256661295607
2026-09-07 12:01:08,phishunt_io,domain,watco.microsoft-notifcation.com,#phishing,https://x.com/phishunt_io/status/2096931771958862091
2026-09-07 12:01:08,phishunt_io,url,http://watco.microsoft-notifcation.com/wa4d1737192/78b65c00e4993df97452c88c/index.php?id=60f29657ebf9c47f483976bd43ae,#phishing,https://x.com/phishunt_io/status/2096931771958862091
2026-09-07 12:01:08,phishunt_io,ip,3.145.232.22,#phishing,https://x.com/phishunt_io/status/2096931771958862091
2026-09-07 12:21:24,_AkatsukiLegion,url,http://124.223.221.83:9999,#C2 #CobaltStrike,https://x.com/_AkatsukiLegion/status/2096936872945561692
2026-09-07 12:36:19,nextronresearch,sha256,3063285af5c7586ad04178c52b55da2bc1970cb7ae4fadba2195ad4a3fb8ac50,,https://x.com/nextronresearch/status/2066497577206325421
2026-09-07 12:36:19,nextronresearch,sha256,befcffc4494e71f0efa03db4b3cfb71f72eab2ee9b406e867569062f238d4c3b,,https://x.com/nextronresearch/status/2066497577206325421
2026-09-07 12:36:19,nextronresearch,sha256,853ed3a26188e4cd89db50ebf50dd0c7b9392c056f637ba3af042c0156877a65,,https://x.com/nextronresearch/status/2066497577206325421
2026-09-07 13:01:18,klawlikula,domain,yylfoli.com,#phishing,https://x.com/klawlikula/status/2096946913559863439
2026-09-07 13:01:18,klawlikula,url,https://yylfoli.com,#phishing,https://x.com/klawlikula/status/2096946913559863439
2026-09-07 13:01:18,klawlikula,url,http://31.210.61.15,#phishing,https://x.com/klawlikula/status/2096946913559863439
2026-09-07 13:01:18,klawlikula,ip,31.210.61.15,#phishing,https://x.com/klawlikula/status/2096946913559863439
2026-09-07 13:51:04,500mk500,domain,omeglebang.lol,,https://x.com/500mk500/status/2096959437965582356
2026-09-07 13:51:04,500mk500,url,http://omeglebang.lol,,https://x.com/500mk500/status/2096959437965582356
2026-09-07 17:01:24,phishunt_io,domain,robloxr.com.es,#phishing,https://x.com/phishunt_io/status/2097007335986045035
2026-09-07 17:01:24,phishunt_io,url,http://robloxr.com.es/login?returlUrl=1179291790,#phishing,https://x.com/phishunt_io/status/2097007335986045035
2026-09-07 17:01:24,phishunt_io,ip,203.175.9.165,#phishing,https://x.com/phishunt_io/status/2097007335986045035
2026-09-07 20:14:09,SansLimit3,domain,makeverizyiar.info,#ClickFix,https://x.com/SansLimit3/status/2097055844076769332
2026-09-07 20:14:09,SansLimit3,url,http://makeverizyiar.info,#ClickFix,https://x.com/SansLimit3/status/2097055844076769332
2026-09-07 20:14:09,SansLimit3,url,http://95.163.152.97,#ClickFix,https://x.com/SansLimit3/status/2097055844076769332
2026-09-07 20:14:09,SansLimit3,url,http://213.108.22.160:8133,#ClickFix,https://x.com/SansLimit3/status/2097055844076769332
2026-09-07 20:14:09,SansLimit3,ip,95.163.152.97,#ClickFix,https://x.com/SansLimit3/status/2097055844076769332
2026-09-07 22:49:11,skocherhan,domain,mlogin.secure-access-login.com,#phishing,https://x.com/skocherhan/status/2097094859790168464
2026-09-07 22:49:11,skocherhan,url,http://mlogin.secure-access-login.com,#phishing,https://x.com/skocherhan/status/2097094859790168464
2026-09-07 23:15:37,masaomi346,domain,raku-point-ensheng.com,#malware #phishing,https://x.com/masaomi346/status/2097101512111763734
2026-09-07 23:15:37,masaomi346,url,https://raku-point-ensheng.com,#malware #phishing,https://x.com/masaomi346/status/2097101512111763734
2026-09-07 23:15:37,masaomi346,domain,raku-point-karpet.com,#malware #phishing,https://x.com/masaomi346/status/2097101512111763734
2026-09-07 23:15:37,masaomi346,url,https://raku-point-karpet.com,#malware #phishing,https://x.com/masaomi346/status/2097101512111763734
2026-09-07 23:15:37,masaomi346,domain,raku-point-oltys.com,#malware #phishing,https://x.com/masaomi346/status/2097101512111763734
2026-09-07 23:15:37,masaomi346,url,https://raku-point-oltys.com,#malware #phishing,https://x.com/masaomi346/status/2097101512111763734
2026-09-07 23:15:37,masaomi346,domain,raku-point-style.com,#malware #phishing,https://x.com/masaomi346/status/2097101512111763734
2026-09-07 23:15:37,masaomi346,url,https://raku-point-style.com,#malware #phishing,https://x.com/masaomi346/status/2097101512111763734
2026-09-07 23:15:37,masaomi346,domain,raku-point-unda.com,#malware #phishing,https://x.com/masaomi346/status/2097101512111763734
2026-09-07 23:15:37,masaomi346,url,https://raku-point-unda.com,#malware #phishing,https://x.com/masaomi346/status/2097101512111763734
2026-09-07 23:15:37,masaomi346,sha256,e54547acd2ea50f587fcd408071ecff353d523e9f5488e44eb0b00e7b7a50bfb,#malware #phishing,https://x.com/masaomi346/status/2097101512111763734
2026-09-08 01:22:34,TKemmerling,domain,bigbrekky.com,#phishing,https://x.com/TKemmerling/status/2097133461471711607
2026-09-08 01:22:34,TKemmerling,url,http://bigbrekky.com,#phishing,https://x.com/TKemmerling/status/2097133461471711607
2026-09-08 01:38:04,TKemmerling,domain,prosperitydock.info,#phishing,https://x.com/TKemmerling/status/2097137362967138667
2026-09-08 01:38:04,TKemmerling,url,http://prosperitydock.info,#phishing,https://x.com/TKemmerling/status/2097137362967138667
2026-09-08 01:38:04,TKemmerling,domain,moneycedarvale.com,#phishing,https://x.com/TKemmerling/status/2097137362967138667
2026-09-08 01:38:04,TKemmerling,url,http://moneycedarvale.com,#phishing,https://x.com/TKemmerling/status/2097137362967138667
2026-09-08 01:52:57,TKemmerling,domain,nsbpay.com,#phishing,https://x.com/TKemmerling/status/2097141105217380533
2026-09-08 01:52:57,TKemmerling,url,http://nsbpay.com,#phishing,https://x.com/TKemmerling/status/2097141105217380533
2026-09-08 02:07:51,TKemmerling,domain,theoioalclumnist.com,#phishing,https://x.com/TKemmerling/status/2097144855516639402
2026-09-08 02:07:51,TKemmerling,url,http://theoioalclumnist.com,#phishing,https://x.com/TKemmerling/status/2097144855516639402
2026-09-08 02:22:56,TKemmerling,domain,kivokeyline.com,#phishing,https://x.com/TKemmerling/status/2097148650950684970
2026-09-08 02:22:56,TKemmerling,url,http://kivokeyline.com,#phishing,https://x.com/TKemmerling/status/2097148650950684970
2026-09-08 02:25:18,bomccss,domain,税務報告書.zip,,https://x.com/bomccss/status/2097149249226203236
2026-09-08 02:25:18,bomccss,url,http://税務報告書.zip,,https://x.com/bomccss/status/2097149249226203236
2026-09-08 02:34:00,masaomi346,domain,dslld.com,#phishing,https://x.com/masaomi346/status/2097151438342467850
2026-09-08 02:34:00,masaomi346,url,https://dslld.com/login,#phishing,https://x.com/masaomi346/status/2097151438342467850
2026-09-08 02:38:02,TKemmerling,domain,granitepointmedia.fun,#phishing,https://x.com/TKemmerling/status/2097152450742640758
2026-09-08 02:38:02,TKemmerling,url,http://granitepointmedia.fun,#phishing,https://x.com/TKemmerling/status/2097152450742640758
2026-09-08 02:52:55,TKemmerling,domain,tiernrinting.com,#phishing,https://x.com/TKemmerling/status/2097156197149466692
2026-09-08 02:52:55,TKemmerling,url,http://tiernrinting.com,#phishing,https://x.com/TKemmerling/status/2097156197149466692
2026-09-08 03:08:06,TKemmerling,domain,speedymarqueeonline.info,#phishing,https://x.com/TKemmerling/status/2097160019448046062
2026-09-08 03:08:06,TKemmerling,url,http://speedymarqueeonline.info,#phishing,https://x.com/TKemmerling/status/2097160019448046062
2026-09-08 03:38:04,TKemmerling,domain,glowvarietyshow.com,#phishing,https://x.com/TKemmerling/status/2097167562115268929
2026-09-08 03:38:04,TKemmerling,url,http://glowvarietyshow.com,#phishing,https://x.com/TKemmerling/status/2097167562115268929
2026-09-08 04:08:16,TKemmerling,domain,yancha123.com,#phishing,https://x.com/TKemmerling/status/2097175159409107124
2026-09-08 04:08:16,TKemmerling,url,http://yancha123.com,#phishing,https://x.com/TKemmerling/status/2097175159409107124
2026-09-08 04:38:00,TKemmerling,domain,ongannanzhuang.info,#phishing,https://x.com/TKemmerling/status/2097182641154048356
2026-09-08 04:38:00,TKemmerling,url,http://ongannanzhuang.info,#phishing,https://x.com/TKemmerling/status/2097182641154048356
2026-09-08 05:08:13,TKemmerling,domain,nimblemevia.com,#phishing,https://x.com/TKemmerling/status/2097190248476475466
2026-09-08 05:08:13,TKemmerling,url,http://nimblemevia.com,#phishing,https://x.com/TKemmerling/status/2097190248476475466
2026-09-08 05:10:52,scanmalware,domain,sso-godaddy-mxnbwzhrnswmmlwvkrtfdufx.pages.dev,#phishing,https://x.com/scanmalware/status/2097190913382490126
2026-09-08 05:10:52,scanmalware,url,http://sso-godaddy-mxnbwzhrnswmmlwvkrtfdufx.pages.dev,#phishing,https://x.com/scanmalware/status/2097190913382490126
2026-09-08 05:23:22,TKemmerling,domain,coasthaorhoper.com,#phishing,https://x.com/TKemmerling/status/2097194058443902993
2026-09-08 05:23:22,TKemmerling,url,http://coasthaorhoper.com,#phishing,https://x.com/TKemmerling/status/2097194058443902993
2026-09-08 05:38:33,OpcodeIntel,md5,b490a223f931af6efe4be92dfdef4622,#malware,https://x.com/OpcodeIntel/status/2097197880650162260
2026-09-08 07:00:57,phishunt_io,domain,barclaysrewards-7bp3hxawof.edgeone.app,#phishing,https://x.com/phishunt_io/status/2097218619293745191
2026-09-08 07:00:57,phishunt_io,url,http://barclaysrewards-7bp3hxawof.edgeone.app,#phishing,https://x.com/phishunt_io/status/2097218619293745191
2026-09-08 07:00:57,phishunt_io,ip,101.33.10.10,#phishing,https://x.com/phishunt_io/status/2097218619293745191
2026-09-08 11:26:51,Coolcarlos17,domain,site-maga-zine-luiza.com,#phishing #scam,https://x.com/Coolcarlos17/status/2097285534888460534
2026-09-08 11:26:51,Coolcarlos17,url,https://site-maga-zine-luiza.com/produto/escada-articulada-de-aluminio-12-degraus-350-metros-de-altura,#phishing #scam,https://x.com/Coolcarlos17/status/2097285534888460534
2026-09-08 12:01:57,phishunt_io,domain,trezorzlatovna.com,#phishing,https://x.com/phishunt_io/status/2097294368604299593
2026-09-08 12:01:57,phishunt_io,url,http://trezorzlatovna.com,#phishing,https://x.com/phishunt_io/status/2097294368604299593
2026-09-08 12:01:57,phishunt_io,ip,158.94.210.119,#phishing,https://x.com/phishunt_io/status/2097294368604299593
2026-09-08 12:31:22,masaomi346,domain,aexshorthoaod.05cy1a.info,#phishing,https://x.com/masaomi346/status/2097301770926199116
2026-09-08 12:31:22,masaomi346,url,https://aexshorthoaod.05cy1a.info/2ymmlo/hepe,#phishing,https://x.com/masaomi346/status/2097301770926199116
2026-09-08 12:33:01,webamon_search,domain,sqllq.com,,https://x.com/webamon_search/status/2097302183872024687
2026-09-08 12:33:01,webamon_search,url,http://sqllq.com,,https://x.com/webamon_search/status/2097302183872024687
2026-09-08 13:02:12,klawlikula,domain,jsmyvlm.com,#phishing,https://x.com/klawlikula/status/2097309529566294150
2026-09-08 13:02:12,klawlikula,url,https://jsmyvlm.com,#phishing,https://x.com/klawlikula/status/2097309529566294150
2026-09-08 13:02:12,klawlikula,url,http://103.136.41.20,#phishing,https://x.com/klawlikula/status/2097309529566294150
2026-09-08 13:02:12,klawlikula,ip,103.136.41.20,#phishing,https://x.com/klawlikula/status/2097309529566294150
2026-09-08 14:25:01,masaomi346,domain,pesgsa.zoyrd.com,#malware #phishing,https://x.com/masaomi346/status/2097330368571679058
2026-09-08 14:25:01,masaomi346,sha256,2008cf095265e079d97c690548b5da67c92e403077e835f2e6a99180358af4ab,#malware #phishing,https://x.com/masaomi346/status/2097330368571679058
2026-09-08 17:00:58,phishunt_io,domain,whatsapp.viewclass.com,#phishing,https://x.com/phishunt_io/status/2097369618239169012
2026-09-08 17:00:58,phishunt_io,url,http://whatsapp.viewclass.com/login,#phishing,https://x.com/phishunt_io/status/2097369618239169012
2026-09-08 20:34:12,PhishStats,domain,caresolution.org,#phishing,https://x.com/PhishStats/status/2097423279682134234
2026-09-08 20:34:12,PhishStats,url,https://caresolution.org/fkg1huc/wsfxp1q/texrpuo/nav/index.php,#phishing,https://x.com/PhishStats/status/2097423279682134234
2026-09-08 20:34:12,PhishStats,ip,173.231.206.234,#phishing,https://x.com/PhishStats/status/2097423279682134234
2026-09-08 23:08:50,masaomi346,domain,rakupoint-rwunda.com,#malware #phishing,https://x.com/masaomi346/status/2097462191628890623
2026-09-08 23:08:50,masaomi346,url,https://rakupoint-rwunda.com,#malware #phishing,https://x.com/masaomi346/status/2097462191628890623
2026-09-08 23:08:50,masaomi346,domain,rakupoint-nsoltys.com,#malware #phishing,https://x.com/masaomi346/status/2097462191628890623
2026-09-08 23:08:50,masaomi346,url,https://rakupoint-nsoltys.com,#malware #phishing,https://x.com/masaomi346/status/2097462191628890623
2026-09-08 23:08:50,masaomi346,domain,rakupoint-iaoyu.com,#malware #phishing,https://x.com/masaomi346/status/2097462191628890623
2026-09-08 23:08:50,masaomi346,url,https://rakupoint-iaoyu.com,#malware #phishing,https://x.com/masaomi346/status/2097462191628890623
2026-09-08 23:08:50,masaomi346,domain,rakupoint-edjacket.com,#malware #phishing,https://x.com/masaomi346/status/2097462191628890623
2026-09-08 23:08:50,masaomi346,url,https://rakupoint-edjacket.com,#malware #phishing,https://x.com/masaomi346/status/2097462191628890623
2026-09-08 23:08:50,masaomi346,domain,ruceive-rakntanpointapp.com,#malware #phishing,https://x.com/masaomi346/status/2097462191628890623
2026-09-08 23:08:50,masaomi346,url,https://ruceive-rakntanpointapp.com,#malware #phishing,https://x.com/masaomi346/status/2097462191628890623
2026-09-08 23:08:50,masaomi346,sha256,e7971adbcf4003beadd07b03ba563d09333ac954fe684ae31cfe1c831b3dad9b,#malware #phishing,https://x.com/masaomi346/status/2097462191628890623
2026-09-08 23:14:11,TKemmerling,domain,policyprotecthub.com,#phishing,https://x.com/TKemmerling/status/2097463539959251251
2026-09-08 23:14:11,TKemmerling,url,http://policyprotecthub.com,#phishing,https://x.com/TKemmerling/status/2097463539959251251
2026-09-08 23:30:44,TKemmerling,domain,toxandcleansecomplete.info,#phishing,https://x.com/TKemmerling/status/2097467703045013762
2026-09-08 23:30:44,TKemmerling,url,http://toxandcleansecomplete.info,#phishing,https://x.com/TKemmerling/status/2097467703045013762
2026-09-09 00:00:53,TKemmerling,domain,agenziaunipolsairoma.info,#phishing,https://x.com/TKemmerling/status/2097475291543433571
2026-09-09 00:00:53,TKemmerling,url,http://agenziaunipolsairoma.info,#phishing,https://x.com/TKemmerling/status/2097475291543433571
2026-09-09 00:15:27,TKemmerling,domain,ekrittersitter.info,#phishing,https://x.com/TKemmerling/status/2097478959072153845
2026-09-09 00:15:27,TKemmerling,url,http://ekrittersitter.info,#phishing,https://x.com/TKemmerling/status/2097478959072153845
2026-09-09 00:30:27,TKemmerling,domain,nutriprimehealth.info,#phishing,https://x.com/TKemmerling/status/2097482730728731037
2026-09-09 00:30:27,TKemmerling,url,http://nutriprimehealth.info,#phishing,https://x.com/TKemmerling/status/2097482730728731037
2026-09-09 00:45:24,TKemmerling,domain,adirondacsherpa.info,#phishing,https://x.com/TKemmerling/status/2097486493501870226
2026-09-09 00:45:24,TKemmerling,url,http://adirondacsherpa.info,#phishing,https://x.com/TKemmerling/status/2097486493501870226
2026-09-09 01:00:31,TKemmerling,domain,oskatrace.com,#phishing,https://x.com/TKemmerling/status/2097490297483931809
2026-09-09 01:00:31,TKemmerling,url,http://oskatrace.com,#phishing,https://x.com/TKemmerling/status/2097490297483931809
2026-09-09 01:15:13,TKemmerling,domain,casibom0862.com,#phishing,https://x.com/TKemmerling/status/2097493997430378865
2026-09-09 01:15:13,TKemmerling,url,http://casibom0862.com,#phishing,https://x.com/TKemmerling/status/2097493997430378865
2026-09-09 01:30:27,TKemmerling,domain,budgetweddingplanner.info,#phishing,https://x.com/TKemmerling/status/2097497834044198944
2026-09-09 01:30:27,TKemmerling,url,http://budgetweddingplanner.info,#phishing,https://x.com/TKemmerling/status/2097497834044198944
2026-09-09 01:45:23,TKemmerling,domain,cldtestin.s3.us-east-1.amazonaws.com,#phishing,https://x.com/TKemmerling/status/2097501590672576599
2026-09-09 01:45:23,TKemmerling,url,http://cldtestin.s3.us-east-1.amazonaws.com,#phishing,https://x.com/TKemmerling/status/2097501590672576599
2026-09-09 01:48:37,FsecIntelEs,domain,eclipse4g5kxfwsvpu4qx5sdcnrji6gxl5gt67bucjlgt35g7akvjoid.onion,#ransomware,https://x.com/FsecIntelEs/status/2097502404136603661
2026-09-09 01:48:37,FsecIntelEs,url,http://eclipse4g5kxfwsvpu4qx5sdcnrji6gxl5gt67bucjlgt35g7akvjoid.onion,#ransomware,https://x.com/FsecIntelEs/status/2097502404136603661
2026-09-09 02:01:29,TKemmerling,domain,icubedtecnologies.info,#phishing,https://x.com/TKemmerling/status/2097505641770483726
2026-09-09 02:01:29,TKemmerling,url,http://icubedtecnologies.info,#phishing,https://x.com/TKemmerling/status/2097505641770483726
2026-09-09 03:38:43,masaomi346,domain,prime.madjizz.com,#phishing,https://x.com/masaomi346/status/2097530112610857369
2026-09-09 03:38:43,masaomi346,url,https://www.prime.madjizz.com/Primes/Login/Singin/APP/servers/openid/return_to=3A2F,#phishing,https://x.com/masaomi346/status/2097530112610857369
2026-09-09 03:52:08,TKemmerling,domain,speedymarqueeonline.info,#phishing,https://x.com/TKemmerling/status/2097533487536599296
2026-09-09 03:52:08,TKemmerling,url,http://speedymarqueeonline.info,#phishing,https://x.com/TKemmerling/status/2097533487536599296
2026-09-09 04:00:38,TKemmerling,domain,theoioalclumnist.com,#phishing,https://x.com/TKemmerling/status/2097535626610667530
2026-09-09 04:00:38,TKemmerling,url,http://theoioalclumnist.com,#phishing,https://x.com/TKemmerling/status/2097535626610667530
2026-09-09 04:15:57,TKemmerling,domain,wholenura.com,#phishing,https://x.com/TKemmerling/status/2097539482073665610
2026-09-09 04:15:57,TKemmerling,url,http://wholenura.com,#phishing,https://x.com/TKemmerling/status/2097539482073665610
2026-09-09 04:30:31,TKemmerling,domain,policysshieldpro.com,#phishing,https://x.com/TKemmerling/status/2097543146351759462
2026-09-09 04:30:31,TKemmerling,url,http://policysshieldpro.com,#phishing,https://x.com/TKemmerling/status/2097543146351759462
2026-09-09 04:45:53,TKemmerling,domain,lyravelvet.com,#phishing,https://x.com/TKemmerling/status/2097547012963205200
2026-09-09 04:45:53,TKemmerling,url,http://lyravelvet.com,#phishing,https://x.com/TKemmerling/status/2097547012963205200
2026-09-09 05:00:35,TKemmerling,domain,celocozy.com,#phishing,https://x.com/TKemmerling/status/2097550714285519217
2026-09-09 05:00:35,TKemmerling,url,http://celocozy.com,#phishing,https://x.com/TKemmerling/status/2097550714285519217
2026-09-09 05:15:44,TKemmerling,domain,post.xero.com,#phishing,https://x.com/TKemmerling/status/2097554524915560853
2026-09-09 05:15:44,TKemmerling,url,http://post.xero.com,#phishing,https://x.com/TKemmerling/status/2097554524915560853
2026-09-09 05:30:43,TKemmerling,domain,arvispark.com,#phishing,https://x.com/TKemmerling/status/2097558296949567865
2026-09-09 05:30:43,TKemmerling,url,http://arvispark.com,#phishing,https://x.com/TKemmerling/status/2097558296949567865
2026-09-09 05:45:44,TKemmerling,domain,cyraecraft.com,#phishing,https://x.com/TKemmerling/status/2097562075493253191
2026-09-09 05:45:44,TKemmerling,url,http://cyraecraft.com,#phishing,https://x.com/TKemmerling/status/2097562075493253191
2026-09-09 06:00:28,TKemmerling,domain,flatpackcabiinfos.info,#phishing,https://x.com/TKemmerling/status/2097565783501193676
2026-09-09 06:00:28,TKemmerling,url,http://flatpackcabiinfos.info,#phishing,https://x.com/TKemmerling/status/2097565783501193676
2026-09-09 06:14:18,masaomi346,domain,poiwalsd.com,#malware #phishing,https://x.com/masaomi346/status/2097569267084652947
2026-09-09 06:14:18,masaomi346,url,https://poiwalsd.com,#malware #phishing,https://x.com/masaomi346/status/2097569267084652947
2026-09-09 06:14:18,masaomi346,domain,piwuaskdas.com,#malware #phishing,https://x.com/masaomi346/status/2097569267084652947
2026-09-09 06:14:18,masaomi346,url,https://piwuaskdas.com,#malware #phishing,https://x.com/masaomi346/status/2097569267084652947
2026-09-09 06:14:18,masaomi346,domain,uiolasdd.com,#malware #phishing,https://x.com/masaomi346/status/2097569267084652947
2026-09-09 06:14:18,masaomi346,url,https://uiolasdd.com,#malware #phishing,https://x.com/masaomi346/status/2097569267084652947
2026-09-09 06:14:18,masaomi346,domain,uiopowas.com,#malware #phishing,https://x.com/masaomi346/status/2097569267084652947
2026-09-09 06:14:18,masaomi346,url,https://uiopowas.com,#malware #phishing,https://x.com/masaomi346/status/2097569267084652947
2026-09-09 06:14:18,masaomi346,domain,wuopqas.com,#malware #phishing,https://x.com/masaomi346/status/2097569267084652947
2026-09-09 06:14:18,masaomi346,url,https://wuopqas.com,#malware #phishing,https://x.com/masaomi346/status/2097569267084652947
2026-09-09 06:14:18,masaomi346,sha256,acb72958bca07ee272ac3c247328f799a1bf596bc86051c8269b9cfe7f2e99f9,#malware #phishing,https://x.com/masaomi346/status/2097569267084652947
2026-09-09 06:16:36,TKemmerling,domain,valledaostaconvention.info,#phishing,https://x.com/TKemmerling/status/2097569846359896357
2026-09-09 06:16:36,TKemmerling,url,http://valledaostaconvention.info,#phishing,https://x.com/TKemmerling/status/2097569846359896357
2026-09-09 06:45:48,TKemmerling,domain,truenorthworks.fun,#phishing,https://x.com/TKemmerling/status/2097577194499592419
2026-09-09 06:45:48,TKemmerling,url,http://truenorthworks.fun,#phishing,https://x.com/TKemmerling/status/2097577194499592419
2026-09-09 07:00:28,TKemmerling,domain,pinebridgedigital.shop,#phishing,https://x.com/TKemmerling/status/2097580881821241469
2026-09-09 07:00:28,TKemmerling,url,http://pinebridgedigital.shop,#phishing,https://x.com/TKemmerling/status/2097580881821241469
2026-09-09 07:15:27,TKemmerling,domain,harborstonegroup.shop,#phishing,https://x.com/TKemmerling/status/2097584656225071161
2026-09-09 07:15:27,TKemmerling,url,http://harborstonegroup.shop,#phishing,https://x.com/TKemmerling/status/2097584656225071161
2026-09-09 07:30:36,TKemmerling,domain,secondhandhouses.info,#phishing,https://x.com/TKemmerling/status/2097588467077419167
2026-09-09 07:30:36,TKemmerling,url,http://secondhandhouses.info,#phishing,https://x.com/TKemmerling/status/2097588467077419167
2026-09-09 07:45:32,TKemmerling,domain,illeseahwarrant.com,#phishing,https://x.com/TKemmerling/status/2097592224590766327
2026-09-09 07:45:32,TKemmerling,url,http://illeseahwarrant.com,#phishing,https://x.com/TKemmerling/status/2097592224590766327
2026-09-09 08:02:14,TKemmerling,domain,dealfluxo.com,#phishing,https://x.com/TKemmerling/status/2097596428029972634
2026-09-09 08:02:14,TKemmerling,url,http://dealfluxo.com,#phishing,https://x.com/TKemmerling/status/2097596428029972634
2026-09-09 08:15:43,TKemmerling,domain,primethreein.s3.us-east-1.amazonaws.com,#phishing,https://x.com/TKemmerling/status/2097599819644895519
2026-09-09 08:15:43,TKemmerling,url,http://primethreein.s3.us-east-1.amazonaws.com,#phishing,https://x.com/TKemmerling/status/2097599819644895519
2026-09-09 08:28:58,PhishStats,domain,allegro.92381928h75.rest,#phishing,https://x.com/PhishStats/status/2097603154166575425
2026-09-09 08:28:58,PhishStats,url,http://allegro.92381928h75.rest,#phishing,https://x.com/PhishStats/status/2097603154166575425
2026-09-09 08:31:10,TKemmerling,domain,foolthor.com,#phishing,https://x.com/TKemmerling/status/2097603709341671809
2026-09-09 08:31:10,TKemmerling,url,http://foolthor.com,#phishing,https://x.com/TKemmerling/status/2097603709341671809
2026-09-09 08:35:08,tdatwja,url,http://share.google/nTLeR766zLGnakZU4,,https://x.com/tdatwja/status/2097604707107934373
2026-09-09 08:45:28,TKemmerling,domain,belynooecho.com,#phishing,https://x.com/TKemmerling/status/2097607307425436099
2026-09-09 08:45:28,TKemmerling,url,http://belynooecho.com,#phishing,https://x.com/TKemmerling/status/2097607307425436099
2026-09-09 09:01:00,TKemmerling,domain,eampengencangpayudara.info,#phishing,https://x.com/TKemmerling/status/2097611215753408965
2026-09-09 09:01:00,TKemmerling,url,http://eampengencangpayudara.info,#phishing,https://x.com/TKemmerling/status/2097611215753408965
2026-09-09 09:15:26,TKemmerling,domain,uspsin.s3.us-east-1.amazonaws.com,#phishing,https://x.com/TKemmerling/status/2097614848624582913
2026-09-09 09:15:26,TKemmerling,url,http://uspsin.s3.us-east-1.amazonaws.com,#phishing,https://x.com/TKemmerling/status/2097614848624582913
2026-09-09 09:15:43,tdatwja,domain,jp.thkiind.com,,https://x.com/tdatwja/status/2097614922490454494
2026-09-09 09:15:43,tdatwja,url,http://jp.thkiind.com,,https://x.com/tdatwja/status/2097614922490454494
2026-09-09 10:00:03,phatomcandle,domain,k-cloud.login-accounts.dynu.net,#APT #C2 #Kimsuky #malware,https://x.com/phatomcandle/status/2097626078621966355
2026-09-09 10:00:03,phatomcandle,url,http://k-cloud.login-accounts.dynu.net,#APT #C2 #Kimsuky #malware,https://x.com/phatomcandle/status/2097626078621966355
2026-09-09 12:28:09,masaomi346,domain,poiwamsd.com,#malware #phishing,https://x.com/masaomi346/status/2097663346116010045
2026-09-09 12:28:09,masaomi346,url,https://poiwamsd.com,#malware #phishing,https://x.com/masaomi346/status/2097663346116010045
2026-09-09 12:28:09,masaomi346,domain,wuyouwaosd.com,#malware #phishing,https://x.com/masaomi346/status/2097663346116010045
2026-09-09 12:28:09,masaomi346,url,https://wuyouwaosd.com,#malware #phishing,https://x.com/masaomi346/status/2097663346116010045
2026-09-09 12:28:09,masaomi346,sha256,26354251b760fe4d70e9cecb60a2b98a80fcbd6a3377bd51c7c874c53a0f9d9f,#malware #phishing,https://x.com/masaomi346/status/2097663346116010045
2026-09-09 12:49:16,suyog41,url,http://github.com/xwrex327-coder,,https://x.com/suyog41/status/2097668662450675730
2026-09-09 12:49:16,suyog41,md5,06c28847ae844a6766e435e99185c052,,https://x.com/suyog41/status/2097668662450675730
2026-09-09 13:01:40,klawlikula,domain,luflzkx.com,#phishing,https://x.com/klawlikula/status/2097671781171560581
2026-09-09 13:01:40,klawlikula,url,https://luflzkx.com,#phishing,https://x.com/klawlikula/status/2097671781171560581
2026-09-09 13:01:40,klawlikula,url,http://103.136.41.20,#phishing,https://x.com/klawlikula/status/2097671781171560581
2026-09-09 13:01:40,klawlikula,ip,103.136.41.20,#phishing,https://x.com/klawlikula/status/2097671781171560581
2026-09-09 13:19:53,suyog41,md5,0a0b4b40cf2a6db2e0be2070ba36a323,#stealer,https://x.com/suyog41/status/2097676366120358233
2026-09-09 16:51:19,harugasumi,domain,aexshorthoo26d.w287qb.info,#phishing,https://x.com/harugasumi/status/2097729577900724374
2026-09-09 16:51:19,harugasumi,url,https://aexshorthoo26d.w287qb.info/2ymmlo/hepe,#phishing,https://x.com/harugasumi/status/2097729577900724374
2026-09-09 16:51:19,harugasumi,ip,43.165.196.142,#phishing,https://x.com/harugasumi/status/2097729577900724374
2026-09-09 16:56:53,TKemmerling,domain,goodsecomfinder.com,#phishing,https://x.com/TKemmerling/status/2097730976386547720
2026-09-09 16:56:53,TKemmerling,url,http://goodsecomfinder.com,#phishing,https://x.com/TKemmerling/status/2097730976386547720
2026-09-09 17:39:36,TKemmerling,domain,nextgenshoppingcardeals.info,#phishing,https://x.com/TKemmerling/status/2097741726253535578
2026-09-09 17:39:36,TKemmerling,url,http://nextgenshoppingcardeals.info,#phishing,https://x.com/TKemmerling/status/2097741726253535578
2026-09-09 18:04:51,bomccss,url,https://share.google/nTLeR766zLGnakZU4,,https://x.com/bomccss/status/2097748082033299462
2026-09-09 18:05:55,bomccss,url,https://jp.thkiind.com,,https://x.com/bomccss/status/2097748351429247386
2026-09-09 18:05:55,bomccss,url,http://64.90.4.167,,https://x.com/bomccss/status/2097748351429247386
2026-09-09 18:05:55,bomccss,ip,64.90.4.167,,https://x.com/bomccss/status/2097748351429247386
2026-09-09 18:51:16,scanmalware,domain,navquro-gld-belxita-r6t2hc95.pages.dev,#ransomware,https://x.com/scanmalware/status/2097759763559796987
2026-09-09 18:51:16,scanmalware,url,http://navquro-gld-belxita-r6t2hc95.pages.dev,#ransomware,https://x.com/scanmalware/status/2097759763559796987
2026-09-09 21:05:27,TKemmerling,domain,financialmarkets.info,#phishing,https://x.com/TKemmerling/status/2097793529473044708
2026-09-09 21:05:27,TKemmerling,url,http://financialmarkets.info,#phishing,https://x.com/TKemmerling/status/2097793529473044708
2026-09-09 22:13:53,TKemmerling,domain,hnlytx.com,#phishing,https://x.com/TKemmerling/status/2097810751453090033
2026-09-09 22:13:53,TKemmerling,url,http://hnlytx.com,#phishing,https://x.com/TKemmerling/status/2097810751453090033
2026-09-09 22:39:56,masaomi346,domain,ruceive1-amoizanpointapp.com,#malware #phishing,https://x.com/masaomi346/status/2097817308073013458
2026-09-09 22:39:56,masaomi346,url,https://ruceive1-amoizanpointapp.com,#malware #phishing,https://x.com/masaomi346/status/2097817308073013458
2026-09-09 22:39:56,masaomi346,domain,ruceive2-amoizanpointapp.com,#malware #phishing,https://x.com/masaomi346/status/2097817308073013458
2026-09-09 22:39:56,masaomi346,url,https://ruceive2-amoizanpointapp.com,#malware #phishing,https://x.com/masaomi346/status/2097817308073013458
2026-09-09 22:39:56,masaomi346,domain,ruceive3-amoizanpointapp.com,#malware #phishing,https://x.com/masaomi346/status/2097817308073013458
2026-09-09 22:39:56,masaomi346,url,https://ruceive3-amoizanpointapp.com,#malware #phishing,https://x.com/masaomi346/status/2097817308073013458
2026-09-09 22:39:56,masaomi346,domain,ruceive4-amoizanpointapp.com,#malware #phishing,https://x.com/masaomi346/status/2097817308073013458
2026-09-09 22:39:56,masaomi346,url,https://ruceive4-amoizanpointapp.com,#malware #phishing,https://x.com/masaomi346/status/2097817308073013458
2026-09-09 22:39:56,masaomi346,sha256,330bb0bd647ec28010bf7c6e4a7a89dff5965c78d31978dd54ccc5f4924aa87b,#malware #phishing,https://x.com/masaomi346/status/2097817308073013458
2026-09-09 22:52:35,masaomi346,domain,ruceive1-rakntanpointapp.com,#malware #phishing,https://x.com/masaomi346/status/2097820492199788554
2026-09-09 22:52:35,masaomi346,url,https://ruceive1-rakntanpointapp.com,#malware #phishing,https://x.com/masaomi346/status/2097820492199788554
2026-09-09 22:52:35,masaomi346,domain,ruceive2-rakntanpointapp.com,#malware #phishing,https://x.com/masaomi346/status/2097820492199788554
2026-09-09 22:52:35,masaomi346,url,https://ruceive2-rakntanpointapp.com,#malware #phishing,https://x.com/masaomi346/status/2097820492199788554
2026-09-09 22:52:35,masaomi346,domain,ruceive3-rakntanpointapp.com,#malware #phishing,https://x.com/masaomi346/status/2097820492199788554
2026-09-09 22:52:35,masaomi346,url,https://ruceive3-rakntanpointapp.com,#malware #phishing,https://x.com/masaomi346/status/2097820492199788554
2026-09-09 22:52:35,masaomi346,domain,ruceive4-rakntanpointapp.com,#malware #phishing,https://x.com/masaomi346/status/2097820492199788554
2026-09-09 22:52:35,masaomi346,url,https://ruceive4-rakntanpointapp.com,#malware #phishing,https://x.com/masaomi346/status/2097820492199788554
2026-09-09 22:52:35,masaomi346,sha256,e241e52826bd9bd5a4ae3fec5b18be3ebb579eb507cf2a4aa5e1592e7fd31bd1,#malware #phishing,https://x.com/masaomi346/status/2097820492199788554
2026-09-10 01:05:54,harugasumi,domain,melongr.com,#phishing,https://x.com/harugasumi/status/2097854042773016758
2026-09-10 01:05:54,harugasumi,url,https://melongr.com/ddupsfno,#phishing,https://x.com/harugasumi/status/2097854042773016758
2026-09-10 01:05:54,harugasumi,domain,backlinkof.com,#phishing,https://x.com/harugasumi/status/2097854042773016758
2026-09-10 01:05:54,harugasumi,url,https://backlinkof.com/tznnfloz,#phishing,https://x.com/harugasumi/status/2097854042773016758
2026-09-10 01:05:54,harugasumi,ip,43.165.184.15,#phishing,https://x.com/harugasumi/status/2097854042773016758
2026-09-10 01:05:54,harugasumi,ip,43.160.228.54,#phishing,https://x.com/harugasumi/status/2097854042773016758
2026-09-10 01:06:44,TKemmerling,domain,nestfixio.com,#phishing,https://x.com/TKemmerling/status/2097854253591396442
2026-09-10 01:06:44,TKemmerling,url,http://nestfixio.com,#phishing,https://x.com/TKemmerling/status/2097854253591396442
2026-09-10 01:39:42,TKemmerling,domain,truenorthworks.fun,#phishing,https://x.com/TKemmerling/status/2097862548108497402
2026-09-10 01:39:42,TKemmerling,url,http://truenorthworks.fun,#phishing,https://x.com/TKemmerling/status/2097862548108497402
2026-09-10 02:34:53,PhishStats,domain,elheidgr.com,#phishing,https://x.com/PhishStats/status/2097876435088069117
2026-09-10 02:34:53,PhishStats,url,http://elheidgr.com/vps/,#phishing,https://x.com/PhishStats/status/2097876435088069117
2026-09-10 02:46:16,TKemmerling,domain,moneycedarvale.com,#phishing,https://x.com/TKemmerling/status/2097879301375004998
2026-09-10 02:46:16,TKemmerling,url,http://moneycedarvale.com,#phishing,https://x.com/TKemmerling/status/2097879301375004998
2026-09-10 04:07:04,TKemmerling,domain,anaridelight.com,#phishing,https://x.com/TKemmerling/status/2097899632068350276
2026-09-10 04:07:04,TKemmerling,url,http://anaridelight.com,#phishing,https://x.com/TKemmerling/status/2097899632068350276
2026-09-10 04:53:52,TKemmerling,domain,forwardingsupport.com,#phishing,https://x.com/TKemmerling/status/2097911410282094974
2026-09-10 04:53:52,TKemmerling,url,http://forwardingsupport.com,#phishing,https://x.com/TKemmerling/status/2097911410282094974
2026-09-10 07:01:03,phishunt_io,domain,facebook85.blogspot.com,#phishing,https://x.com/phishunt_io/status/2097943420245352528
2026-09-10 07:01:03,phishunt_io,url,http://facebook85.blogspot.com,#phishing,https://x.com/phishunt_io/status/2097943420245352528
2026-09-10 08:08:49,TKemmerling,domain,nsbpay.com,#phishing,https://x.com/TKemmerling/status/2097960470863122580
2026-09-10 08:08:49,TKemmerling,url,http://nsbpay.com,#phishing,https://x.com/TKemmerling/status/2097960470863122580
2026-09-10 09:02:56,TKemmerling,domain,djgaza.com,#phishing,https://x.com/TKemmerling/status/2097974092259586528
2026-09-10 09:02:56,TKemmerling,url,http://djgaza.com,#phishing,https://x.com/TKemmerling/status/2097974092259586528
2026-09-10 09:15:10,tdatwja,domain,wecqb.cyou,,https://x.com/tdatwja/status/2097977167946961341
2026-09-10 09:15:10,tdatwja,url,http://wecqb.cyou,,https://x.com/tdatwja/status/2097977167946961341
2026-09-10 09:15:10,tdatwja,domain,rrrjp.shop,,https://x.com/tdatwja/status/2097977167946961341
2026-09-10 09:15:10,tdatwja,url,http://rrrjp.shop,,https://x.com/tdatwja/status/2097977167946961341
2026-09-10 09:15:10,tdatwja,domain,pfokq.cyou,,https://x.com/tdatwja/status/2097977167946961341
2026-09-10 09:15:10,tdatwja,url,http://pfokq.cyou,,https://x.com/tdatwja/status/2097977167946961341
2026-09-10 09:15:10,tdatwja,domain,vjtpcxof.top,,https://x.com/tdatwja/status/2097977167946961341
2026-09-10 09:15:10,tdatwja,url,http://vjtpcxof.top,,https://x.com/tdatwja/status/2097977167946961341
2026-09-10 09:15:10,tdatwja,domain,devin-us.com,,https://x.com/tdatwja/status/2097977167946961341
2026-09-10 09:15:10,tdatwja,url,http://devin-us.com,,https://x.com/tdatwja/status/2097977167946961341
2026-09-10 09:15:26,Metemcyber,domain,lzhuixin.com,#phishing,https://x.com/Metemcyber/status/2097977236741902803
2026-09-10 09:15:26,Metemcyber,url,https://www.lzhuixin.com/login,#phishing,https://x.com/Metemcyber/status/2097977236741902803
2026-09-10 09:26:26,tdatwja,url,http://share.google/6L88qzWD8lIiqoTuZ,,https://x.com/tdatwja/status/2097980003422208243
2026-09-10 09:27:15,Metemcyber,domain,bqvek.hg60000.com,#phishing,https://x.com/Metemcyber/status/2097980208892768553
2026-09-10 09:27:15,Metemcyber,url,https://bqvek.hg60000.com,#phishing,https://x.com/Metemcyber/status/2097980208892768553
2026-09-10 09:27:15,Metemcyber,url,http://47.91.18.143,#phishing,https://x.com/Metemcyber/status/2097980208892768553
2026-09-10 09:27:15,Metemcyber,ip,47.91.18.143,#phishing,https://x.com/Metemcyber/status/2097980208892768553
2026-09-10 09:30:13,TKemmerling,domain,nimblemevia.com,#phishing,https://x.com/TKemmerling/status/2097980955428594039
2026-09-10 09:30:13,TKemmerling,url,http://nimblemevia.com,#phishing,https://x.com/TKemmerling/status/2097980955428594039
2026-09-10 09:33:53,tdatwja,md5,8f6de985ba77ec0c5449db53dda9674a,,https://x.com/tdatwja/status/2097981881346318827
2026-09-10 09:33:53,tdatwja,sha256,0a70890afb11af40ac7b59808f9dda8cbff6a0e30ca298f85bd0993a8f250ccf,,https://x.com/tdatwja/status/2097981881346318827
2026-09-10 09:43:42,nextronresearch,sha256,74236629c068cf2e5de53eabec9a93eb0efe7de38abc721dc5bca5d040f2ba20,,https://x.com/nextronresearch/status/2097984350629380377
2026-09-10 09:43:42,nextronresearch,sha256,07429b8ad51ef42911c152921a392911c083a175ee28e817a1f9283c3c38911b,,https://x.com/nextronresearch/status/2097984350629380377
2026-09-10 09:43:42,nextronresearch,sha256,2ec75dc4d5bff995ec58c211edaedfec150c4c02c6d6b3820b9e960dfeceb3e9,,https://x.com/nextronresearch/status/2097984350629380377
2026-09-10 09:43:42,nextronresearch,sha256,2cb31d6f254f736381ce61e68e0d93bafd8ae073c23671c0748d026702d10f7d,,https://x.com/nextronresearch/status/2097984350629380377
2026-09-10 09:43:42,nextronresearch,sha256,e7de0f35607a4251237adab2128510007ea25fc00a500749940e054f067ac75d,,https://x.com/nextronresearch/status/2097984350629380377
2026-09-10 09:44:20,Metemcyber,domain,yorvanthelian.cfd,#phishing,https://x.com/Metemcyber/status/2097984510847836355
2026-09-10 09:44:20,Metemcyber,url,https://yorvanthelian.cfd/screen/#/index,#phishing,https://x.com/Metemcyber/status/2097984510847836355
2026-09-10 09:50:24,tdatwja,domain,u112900813.ct.sendgrid.net,,https://x.com/tdatwja/status/2097986037792506209
2026-09-10 09:50:24,tdatwja,domain,bbrii.oss-ap-southeast-1.aliyuncs.com,,https://x.com/tdatwja/status/2097986037792506209
2026-09-10 09:50:24,tdatwja,url,http://bbrii.oss-ap-southeast-1.aliyuncs.com,,https://x.com/tdatwja/status/2097986037792506209
2026-09-10 09:57:03,TKemmerling,domain,pinebridgedigital.shop,#phishing,https://x.com/TKemmerling/status/2097987710330011721
2026-09-10 09:57:03,TKemmerling,url,http://pinebridgedigital.shop,#phishing,https://x.com/TKemmerling/status/2097987710330011721
2026-09-10 10:00:05,phatomcandle,domain,signning.cloud,#APT #malware,https://x.com/phatomcandle/status/2097988472032346494
2026-09-10 10:00:05,phatomcandle,url,http://signning.cloud,#APT #malware,https://x.com/phatomcandle/status/2097988472032346494
2026-09-10 10:25:19,TKemmerling,domain,altiora.fun,#phishing,https://x.com/TKemmerling/status/2097994822028251465
2026-09-10 10:25:19,TKemmerling,url,http://altiora.fun,#phishing,https://x.com/TKemmerling/status/2097994822028251465
2026-09-10 10:51:49,TKemmerling,domain,primethreein.s3.us-east-1.amazonaws.com,#phishing,https://x.com/TKemmerling/status/2098001492766859338
2026-09-10 10:51:49,TKemmerling,url,http://primethreein.s3.us-east-1.amazonaws.com,#phishing,https://x.com/TKemmerling/status/2098001492766859338
2026-09-10 11:18:27,TKemmerling,domain,ongannanzhuang.info,#phishing,https://x.com/TKemmerling/status/2098008193196822581
2026-09-10 11:18:27,TKemmerling,url,http://ongannanzhuang.info,#phishing,https://x.com/TKemmerling/status/2098008193196822581
2026-09-10 11:57:03,masaomi346,domain,elvanthoris.cfd,#phishing,https://x.com/masaomi346/status/2098017909423640905
2026-09-10 11:57:03,masaomi346,url,https://elvanthoris.cfd/screen/#/index,#phishing,https://x.com/masaomi346/status/2098017909423640905
2026-09-10 12:19:49,bomccss,url,https://wecqb.cyou,,https://x.com/bomccss/status/2098023639514051050
2026-09-10 12:19:49,bomccss,url,https://pfokq.cyou,,https://x.com/bomccss/status/2098023639514051050
2026-09-10 12:19:49,bomccss,url,https://rrrjp.shop,,https://x.com/bomccss/status/2098023639514051050
2026-09-10 12:19:49,bomccss,url,https://vjtpcxof.top,,https://x.com/bomccss/status/2098023639514051050
2026-09-10 12:22:00,bomccss,url,https://share.google/6L88qzWD8lIiqoTuZ,,https://x.com/bomccss/status/2098024187000721867
2026-09-10 12:22:26,masaomi346,domain,pirloz.com,#infostealer #malvertising #malware,https://x.com/masaomi346/status/2098024296878866690
2026-09-10 12:22:26,masaomi346,url,http://pirloz.com,#infostealer #malvertising #malware,https://x.com/masaomi346/status/2098024296878866690
2026-09-10 12:23:01,bomccss,sha256,f39d3db051d7117488cabf4ac38077f4c2f0d87198b4425e22317ab454fecece,,https://x.com/bomccss/status/2098024445948694650
2026-09-10 12:23:54,bomccss,url,https://u112900813.ct.sendgrid.net/ls/click,,https://x.com/bomccss/status/2098024664354443440
2026-09-10 13:01:01,klawlikula,domain,ufgewxi.com,#phishing,https://x.com/klawlikula/status/2098034006935670796
2026-09-10 13:01:01,klawlikula,url,https://ufgewxi.com,#phishing,https://x.com/klawlikula/status/2098034006935670796
2026-09-10 13:29:48,TKemmerling,domain,belynooecho.com,#phishing,https://x.com/TKemmerling/status/2098041249047756819
2026-09-10 13:29:48,TKemmerling,url,http://belynooecho.com,#phishing,https://x.com/TKemmerling/status/2098041249047756819
2026-09-10 13:30:14,bomccss,domain,bkifs.cyou,,https://x.com/bomccss/status/2098023653619507705
2026-09-10 13:30:14,bomccss,url,http://bkifs.cyou,,https://x.com/bomccss/status/2098023653619507705
2026-09-10 13:30:14,bomccss,domain,caneroute.cyou,,https://x.com/bomccss/status/2098023653619507705
2026-09-10 13:30:14,bomccss,url,http://caneroute.cyou,,https://x.com/bomccss/status/2098023653619507705
2026-09-10 13:30:14,bomccss,domain,xyghs.cyou,,https://x.com/bomccss/status/2098023653619507705
2026-09-10 13:30:14,bomccss,url,http://xyghs.cyou,,https://x.com/bomccss/status/2098023653619507705
2026-09-10 13:30:14,bomccss,domain,pwoap.cyou,,https://x.com/bomccss/status/2098023653619507705
2026-09-10 13:30:14,bomccss,url,http://pwoap.cyou,,https://x.com/bomccss/status/2098023653619507705
2026-09-10 13:30:14,bomccss,sha256,b22636d3b2af75bc84f65e21ce719c0ea2fb246a697f6515b8c1d659630776d2,,https://x.com/bomccss/status/2098023653619507705
2026-09-10 13:57:14,TKemmerling,domain,eampengencangpayudara.info,#phishing,https://x.com/TKemmerling/status/2098048154893685192
2026-09-10 13:57:14,TKemmerling,url,http://eampengencangpayudara.info,#phishing,https://x.com/TKemmerling/status/2098048154893685192
2026-09-10 14:23:30,TKemmerling,domain,medicinalhealthca.com,#phishing,https://x.com/TKemmerling/status/2098054764961645047
2026-09-10 14:23:30,TKemmerling,url,http://medicinalhealthca.com,#phishing,https://x.com/TKemmerling/status/2098054764961645047
2026-09-10 15:17:21,etugenio,domain,anekuan.org,#opendir,https://x.com/etugenio/status/2098068314689871894
2026-09-10 15:17:21,etugenio,url,https://anekuan.org/anekuanshell.txt,#opendir,https://x.com/etugenio/status/2098068314689871894
2026-09-10 15:17:21,etugenio,ip,62.146.232.72,#opendir,https://x.com/etugenio/status/2098068314689871894
2026-09-10 15:44:46,SpamRadarCol,ip,35.200.112.216,#phishing,https://x.com/SpamRadarCol/status/2098075217755009328
2026-09-10 17:01:31,phishunt_io,domain,https-wvvw-roblox.com,#phishing,https://x.com/phishunt_io/status/2098094531363115025
2026-09-10 17:01:31,phishunt_io,url,http://https-wvvw-roblox.com/login?returnUrl=1505481875,#phishing,https://x.com/phishunt_io/status/2098094531363115025
2026-09-10 19:22:11,muha2xmad,domain,servermailprotection-1sfinfomembers.s3.eu-west-1.amazonaws.com,#phishing,https://x.com/muha2xmad/status/2098129930017992837
2026-09-10 19:22:11,muha2xmad,url,https://servermailprotection-1sfinfomembers.s3.eu-west-1.amazonaws.com/log.html#ssa@microsoft.com,#phishing,https://x.com/muha2xmad/status/2098129930017992837
2026-09-10 19:22:11,muha2xmad,domain,dev-connetpoint.pantheonsite.io,#phishing,https://x.com/muha2xmad/status/2098129930017992837
2026-09-10 19:22:11,muha2xmad,url,https://dev-connetpoint.pantheonsite.io/sparkiopanel/mo/pan/index.php,#phishing,https://x.com/muha2xmad/status/2098129930017992837
2026-09-10 21:03:14,0xb1lal,ip,223.26.62.95,#malware #opendir,https://x.com/0xb1lal/status/2098155360829702413
2026-09-10 22:14:58,masaomi346,domain,ruceive-sasioncaridpoint.com,#malware #phishing,https://x.com/masaomi346/status/2098173414553133414
2026-09-10 22:14:58,masaomi346,url,https://ruceive-sasioncaridpoint.com,#malware #phishing,https://x.com/masaomi346/status/2098173414553133414
2026-09-10 22:14:58,masaomi346,domain,ruceive-sasioncaridpointapp.com,#malware #phishing,https://x.com/masaomi346/status/2098173414553133414
2026-09-10 22:14:58,masaomi346,url,https://ruceive-sasioncaridpointapp.com,#malware #phishing,https://x.com/masaomi346/status/2098173414553133414
2026-09-10 22:14:58,masaomi346,sha256,2f53cced4eb1de3502d13fdbfabc6d301949816da2fd4244e8ef294187871433,#malware #phishing,https://x.com/masaomi346/status/2098173414553133414
2026-09-10 22:19:00,masaomi346,domain,ruceivea-rakntanpointapp.com,#malware #phishing,https://x.com/masaomi346/status/2098174426982621233
2026-09-10 22:19:00,masaomi346,url,https://ruceivea-rakntanpointapp.com,#malware #phishing,https://x.com/masaomi346/status/2098174426982621233
2026-09-10 22:19:00,masaomi346,domain,ruceivez-rakntanpointapp.com,#malware #phishing,https://x.com/masaomi346/status/2098174426982621233
2026-09-10 22:19:00,masaomi346,url,https://ruceivez-rakntanpointapp.com,#malware #phishing,https://x.com/masaomi346/status/2098174426982621233
2026-09-10 22:19:00,masaomi346,domain,ruceivee-rakntanpointapp.com,#malware #phishing,https://x.com/masaomi346/status/2098174426982621233
2026-09-10 22:19:00,masaomi346,url,https://ruceivee-rakntanpointapp.com,#malware #phishing,https://x.com/masaomi346/status/2098174426982621233
2026-09-10 22:19:00,masaomi346,domain,ruceiveo-rakntanpointapp.com,#malware #phishing,https://x.com/masaomi346/status/2098174426982621233
2026-09-10 22:19:00,masaomi346,url,https://ruceiveo-rakntanpointapp.com,#malware #phishing,https://x.com/masaomi346/status/2098174426982621233
2026-09-10 22:19:00,masaomi346,sha256,f0b29cda2dedf44f398c03eeb3c5eddbeac44ee79686a904a4cb4fbf207137ef,#malware #phishing,https://x.com/masaomi346/status/2098174426982621233
2026-09-10 22:59:35,Coolcarlos17,domain,site-ma-ga-zine-luiza.com,#phishing #scam,https://x.com/Coolcarlos17/status/2098184640271987061
2026-09-10 22:59:35,Coolcarlos17,url,https://site-ma-ga-zine-luiza.com/produto/escada-articulada-de-aluminio-12-degraus-350-metros-de-altura,#phishing #scam,https://x.com/Coolcarlos17/status/2098184640271987061
2026-09-11 00:10:11,TKemmerling,domain,beliobeam.com,#phishing,https://x.com/TKemmerling/status/2098202406366728444
2026-09-11 00:10:11,TKemmerling,url,http://beliobeam.com,#phishing,https://x.com/TKemmerling/status/2098202406366728444
2026-09-11 00:39:38,masaomi346,domain,secretlive-jp.com,#malware #phishing,https://x.com/masaomi346/status/2098209820293927261
2026-09-11 00:39:38,masaomi346,url,https://secretlive-jp.com,#malware #phishing,https://x.com/masaomi346/status/2098209820293927261
2026-09-11 00:39:38,masaomi346,domain,secretlivei-jp.com,#malware #phishing,https://x.com/masaomi346/status/2098209820293927261
2026-09-11 00:39:38,masaomi346,url,https://secretlivei-jp.com,#malware #phishing,https://x.com/masaomi346/status/2098209820293927261
2026-09-11 00:39:38,masaomi346,domain,secretliveo-jp.com,#malware #phishing,https://x.com/masaomi346/status/2098209820293927261
2026-09-11 00:39:38,masaomi346,url,https://secretliveo-jp.com,#malware #phishing,https://x.com/masaomi346/status/2098209820293927261
2026-09-11 00:39:38,masaomi346,sha256,73991ef1817030b16209ad160065d5283dff38963b7aee2aaeeddb15eff84bca,#malware #phishing,https://x.com/masaomi346/status/2098209820293927261
2026-09-11 00:47:26,TKemmerling,domain,yancha123.com,#phishing,https://x.com/TKemmerling/status/2098211782901022813
2026-09-11 00:47:26,TKemmerling,url,http://yancha123.com,#phishing,https://x.com/TKemmerling/status/2098211782901022813
2026-09-11 01:22:29,TKemmerling,domain,financialmarkets.info,#phishing,https://x.com/TKemmerling/status/2098220605200052577
2026-09-11 01:22:29,TKemmerling,url,http://financialmarkets.info,#phishing,https://x.com/TKemmerling/status/2098220605200052577
2026-09-11 02:39:20,eqv_sec,domain,jihfrs.burswel.sbs,#phishing,https://x.com/eqv_sec/status/2098239943688507528
2026-09-11 02:39:20,eqv_sec,url,http://jihfrs.burswel.sbs,#phishing,https://x.com/eqv_sec/status/2098239943688507528
2026-09-11 02:39:20,eqv_sec,domain,tyuik.zelldqo.sbs,#phishing,https://x.com/eqv_sec/status/2098239943688507528
2026-09-11 02:39:20,eqv_sec,url,http://tyuik.zelldqo.sbs,#phishing,https://x.com/eqv_sec/status/2098239943688507528
2026-09-11 02:39:20,eqv_sec,ip,45.131.15.21,#phishing,https://x.com/eqv_sec/status/2098239943688507528
2026-09-11 02:39:20,eqv_sec,ip,154.6.234.129,#phishing,https://x.com/eqv_sec/status/2098239943688507528
2026-09-11 02:39:20,eqv_sec,ip,223.29.138.236,#phishing,https://x.com/eqv_sec/status/2098239943688507528
2026-09-11 06:28:59,suyog41,domain,e1.cdnresolver.com,#stealer,https://x.com/suyog41/status/2098297735602483511
2026-09-11 06:28:59,suyog41,url,http://e1.cdnresolver.com,#stealer,https://x.com/suyog41/status/2098297735602483511
2026-09-11 06:28:59,suyog41,domain,a2.cdnresolver.com,#stealer,https://x.com/suyog41/status/2098297735602483511
2026-09-11 06:28:59,suyog41,url,http://a2.cdnresolver.com,#stealer,https://x.com/suyog41/status/2098297735602483511
2026-09-11 06:28:59,suyog41,md5,584d1803b29cb192764b462d13098a2d,#stealer,https://x.com/suyog41/status/2098297735602483511
2026-09-11 06:28:59,suyog41,md5,3390b960af5dd1933289b916af3ecce9,#stealer,https://x.com/suyog41/status/2084651748468326817
2026-09-11 07:01:43,phishunt_io,domain,usps.avaturefed.net,#phishing,https://x.com/phishunt_io/status/2098305973492285889
2026-09-11 07:01:43,phishunt_io,url,http://usps.avaturefed.net/FieldHREvent/,#phishing,https://x.com/phishunt_io/status/2098305973492285889
2026-09-11 07:01:43,phishunt_io,ip,18.214.131.173,#phishing,https://x.com/phishunt_io/status/2098305973492285889
2026-09-11 08:30:41,PhishStats,domain,nl.finanzen.net,#phishing,https://x.com/PhishStats/status/2098328362989043987
2026-09-11 08:30:41,PhishStats,url,https://nl.finanzen.net,#phishing,https://x.com/PhishStats/status/2098328362989043987
2026-09-11 08:30:41,PhishStats,ip,213.239.243.107,#phishing,https://x.com/PhishStats/status/2098328362989043987
2026-09-11 09:20:01,masaomi346,domain,cyazggwbt.icu,#phishing,https://x.com/masaomi346/status/2098340777000857990
2026-09-11 09:20:01,masaomi346,url,https://cyazggwbt.icu/JeremyTemple/,#phishing,https://x.com/masaomi346/status/2098340777000857990
2026-09-11 12:08:47,siri_urz,md5,341ff2ea71c58b09b0634b6a8e66bbf7,#ransomware,https://x.com/siri_urz/status/2098383250246820350
2026-09-11 13:01:31,klawlikula,domain,jlfnqhz.com,#phishing,https://x.com/klawlikula/status/2098396522652024885
2026-09-11 13:01:31,klawlikula,url,https://jlfnqhz.com,#phishing,https://x.com/klawlikula/status/2098396522652024885
2026-09-11 13:01:31,klawlikula,url,http://85.122.121.192,#phishing,https://x.com/klawlikula/status/2098396522652024885
2026-09-11 13:01:31,klawlikula,ip,85.122.121.192,#phishing,https://x.com/klawlikula/status/2098396522652024885
2026-09-11 21:09:16,masaomi346,domain,rucebive-rakntanoapp.com,#malware #phishing,https://x.com/masaomi346/status/2098519265020424487
2026-09-11 21:09:16,masaomi346,url,https://rucebive-rakntanoapp.com,#malware #phishing,https://x.com/masaomi346/status/2098519265020424487
2026-09-11 21:09:16,masaomi346,domain,ruceiive-rakntanoapp.com,#malware #phishing,https://x.com/masaomi346/status/2098519265020424487
2026-09-11 21:09:16,masaomi346,url,https://ruceiive-rakntanoapp.com,#malware #phishing,https://x.com/masaomi346/status/2098519265020424487
2026-09-11 21:09:16,masaomi346,domain,rucepive-rakntanoapp.com,#malware #phishing,https://x.com/masaomi346/status/2098519265020424487
2026-09-11 21:09:16,masaomi346,url,https://rucepive-rakntanoapp.com,#malware #phishing,https://x.com/masaomi346/status/2098519265020424487
2026-09-11 21:09:16,masaomi346,domain,rucehive-rakntanoapp.com,#malware #phishing,https://x.com/masaomi346/status/2098519265020424487
2026-09-11 21:09:16,masaomi346,url,https://rucehive-rakntanoapp.com,#malware #phishing,https://x.com/masaomi346/status/2098519265020424487
2026-09-11 21:09:16,masaomi346,domain,rucefive-rakntanoapp.com,#malware #phishing,https://x.com/masaomi346/status/2098519265020424487
2026-09-11 21:09:16,masaomi346,url,https://rucefive-rakntanoapp.com,#malware #phishing,https://x.com/masaomi346/status/2098519265020424487
2026-09-11 21:09:16,masaomi346,sha256,30434bc6ef3f97b986efefbd821df87e7c376a8c6a8cf68001cf6b5aa771df36,#malware #phishing,https://x.com/masaomi346/status/2098519265020424487
2026-09-11 22:08:17,500mk500,url,http://144.172.100.105:4444,#Magecart,https://x.com/500mk500/status/2098534120259203301
2026-09-11 22:08:17,500mk500,url,http://144.172.100.105:8080,#Magecart,https://x.com/500mk500/status/2098534120259203301
2026-09-11 22:08:17,500mk500,url,http://144.172.100.105:8081,#Magecart,https://x.com/500mk500/status/2098534120259203301
2026-09-11 22:08:17,500mk500,url,http://46.226.162.32:8888,#Magecart,https://x.com/500mk500/status/2098534120259203301
2026-09-11 22:08:17,500mk500,ip,144.172.100.105,#Magecart,https://x.com/500mk500/status/2098534120259203301
2026-09-11 22:08:17,500mk500,ip,46.226.162.32,#Magecart,https://x.com/500mk500/status/2098534120259203301
2026-09-12 00:31:30,TKemmerling,domain,rd.helioszyra.com,#phishing,https://x.com/TKemmerling/status/2098570162341552218
2026-09-12 00:31:30,TKemmerling,url,http://rd.helioszyra.com,#phishing,https://x.com/TKemmerling/status/2098570162341552218
2026-09-12 01:33:58,TKemmerling,domain,sb.zeyoluxe.com,#phishing,https://x.com/TKemmerling/status/2098585882139975756
2026-09-12 01:33:58,TKemmerling,url,http://sb.zeyoluxe.com,#phishing,https://x.com/TKemmerling/status/2098585882139975756
2026-09-12 02:20:45,scanmalware,domain,awsforensicl3ns-west1apprunner-dprd03feve9j.edgeone.dev,#malware #phishing,https://x.com/scanmalware/status/2098597652807954937
2026-09-12 02:20:45,scanmalware,url,http://awsforensicl3ns-west1apprunner-dprd03feve9j.edgeone.dev,#malware #phishing,https://x.com/scanmalware/status/2098597652807954937
2026-09-12 03:20:33,masaomi346,domain,qdxinr-point.com,#malware #phishing,https://x.com/masaomi346/status/2098612702243631218
2026-09-12 03:20:33,masaomi346,url,https://qdxinr-point.com,#malware #phishing,https://x.com/masaomi346/status/2098612702243631218
2026-09-12 03:20:33,masaomi346,domain,huibao-point.com,#malware #phishing,https://x.com/masaomi346/status/2098612702243631218
2026-09-12 03:20:33,masaomi346,url,https://huibao-point.com,#malware #phishing,https://x.com/masaomi346/status/2098612702243631218
2026-09-12 03:20:33,masaomi346,domain,daqian-point.com,#malware #phishing,https://x.com/masaomi346/status/2098612702243631218
2026-09-12 03:20:33,masaomi346,url,https://daqian-point.com,#malware #phishing,https://x.com/masaomi346/status/2098612702243631218
2026-09-12 03:20:33,masaomi346,sha256,7439874e2fae07bd22d3c09ec8c04840c170a500edb4efc4921e16c272141a09,#malware #phishing,https://x.com/masaomi346/status/2098612702243631218
2026-09-12 03:50:32,masaomi346,domain,pontihearthhedgehogn-rakunde.com,#malware #phishing,https://x.com/masaomi346/status/2098620248337621489
2026-09-12 03:50:32,masaomi346,url,https://pontihearthhedgehogn-rakunde.com,#malware #phishing,https://x.com/masaomi346/status/2098620248337621489
2026-09-12 03:50:32,masaomi346,domain,pontiheadphhawthorn-rakunde.com,#malware #phishing,https://x.com/masaomi346/status/2098620248337621489
2026-09-12 03:50:32,masaomi346,url,https://pontiheadphhawthorn-rakunde.com,#malware #phishing,https://x.com/masaomi346/status/2098620248337621489
2026-09-12 03:50:32,masaomi346,domain,pontihdunedinconjuncture-rakunde.com,#malware #phishing,https://x.com/masaomi346/status/2098620248337621489
2026-09-12 03:50:32,masaomi346,url,https://pontihdunedinconjuncture-rakunde.com,#malware #phishing,https://x.com/masaomi346/status/2098620248337621489
2026-09-12 03:50:32,masaomi346,sha256,051b71ea0a645a96ff2a331ad61ac77db04113aada6d995b82a40f3a63ad4e36,#malware #phishing,https://x.com/masaomi346/status/2098620248337621489
2026-09-12 05:12:59,scanmalware,domain,sp12ct-prandor-biz-fravik-lazsel.pages.dev,#malware #ransomware,https://x.com/scanmalware/status/2098640999845081474
2026-09-12 05:12:59,scanmalware,url,http://sp12ct-prandor-biz-fravik-lazsel.pages.dev,#malware #ransomware,https://x.com/scanmalware/status/2098640999845081474
2026-09-12 07:01:45,phishunt_io,domain,facebookbonus.emmanueldegreatltd.com,#phishing,https://x.com/phishunt_io/status/2098668370279166066
2026-09-12 07:01:45,phishunt_io,url,http://facebookbonus.emmanueldegreatltd.com,#phishing,https://x.com/phishunt_io/status/2098668370279166066
2026-09-12 07:01:45,phishunt_io,ip,147.124.219.81,#phishing,https://x.com/phishunt_io/status/2098668370279166066
2026-09-12 08:32:05,PhishStats,domain,canjearapuntos.click,#phishing,https://x.com/PhishStats/status/2098691103532703821
2026-09-12 08:32:05,PhishStats,url,https://canjearapuntos.click/pa/,#phishing,https://x.com/PhishStats/status/2098691103532703821
2026-09-12 08:32:05,PhishStats,ip,43.172.77.148,#phishing,https://x.com/PhishStats/status/2098691103532703821
2026-09-12 12:37:42,Ghostyak,ip,118.194.249.91,#DPRK #Kimsuky,https://x.com/Ghostyak/status/2098752915116855627
2026-09-12 13:21:41,scanmalware,domain,mavzura-mpt-felvuni-p6d9ka41.pages.dev,#ransomware,https://x.com/scanmalware/status/2098763984077758870
2026-09-12 13:21:41,scanmalware,url,http://mavzura-mpt-felvuni-p6d9ka41.pages.dev,#ransomware,https://x.com/scanmalware/status/2098763984077758870
2026-09-12 15:50:01,masaomi346,domain,datinglive-jp.com,#malware #phishing,https://x.com/masaomi346/status/2098801311575933428
2026-09-12 15:50:01,masaomi346,url,https://datinglive-jp.com,#malware #phishing,https://x.com/masaomi346/status/2098801311575933428
2026-09-12 15:50:01,masaomi346,domain,app.datinglive-jp.com,#malware #phishing,https://x.com/masaomi346/status/2098801311575933428
2026-09-12 15:50:01,masaomi346,url,https://app.datinglive-jp.com,#malware #phishing,https://x.com/masaomi346/status/2098801311575933428
2026-09-12 15:50:01,masaomi346,sha256,f137cb54d7a25f31d09c681810a5625142d56438ba2c958a7f24bc38e0ae2d2b,#malware #phishing,https://x.com/masaomi346/status/2098801311575933428
2026-09-12 16:02:43,masaomi346,domain,secret-loves.com,#malware #phishing,https://x.com/masaomi346/status/2098804510319943754
2026-09-12 16:02:43,masaomi346,url,https://secret-loves.com,#malware #phishing,https://x.com/masaomi346/status/2098804510319943754
2026-09-12 16:02:43,masaomi346,sha256,99e38a83c5cc8bd5aa6bcb60f5ab58936835873f6f0df3aa00e2598530d499f1,#malware #phishing,https://x.com/masaomi346/status/2098804510319943754
2026-09-12 16:07:03,Fact_Finder03,ip,5.175.221.206,#C2 #stealer,https://x.com/Fact_Finder03/status/2098805600356540695
2026-09-12 16:38:00,Fact_Finder03,ip,178.128.173.9,#C2 #stealer,https://x.com/Fact_Finder03/status/2098813387081982333
2026-09-12 17:16:00,Fact_Finder03,ip,43.157.198.190,#C2 #RAT,https://x.com/Fact_Finder03/status/2098822950073913513
2026-09-12 19:37:04,OpcodeIntel,sha256,3dccdb228de18152502489a7d1a093982ead8a103546191c6fcfc01cd40e62a6,#malware,https://x.com/OpcodeIntel/status/2098858453817291225
2026-09-12 20:34:08,PhishStats,ip,64.89.160.238,#phishing,https://x.com/PhishStats/status/2098872812307939629
2026-09-12 20:34:08,PhishStats,ip,86.104.125.81,#phishing,https://x.com/PhishStats/status/2098872812307939629
2026-09-13 01:48:35,HackProtectLabs,domain,trustwallet-help.online,#phishing,https://x.com/HackProtectLabs/status/2098951945910206500
2026-09-13 01:48:35,HackProtectLabs,url,http://trustwallet-help.online,#phishing,https://x.com/HackProtectLabs/status/2098951945910206500
2026-09-13 02:10:58,scanmalware,domain,rainbow-kataifi-98620f.netlify.app,#malware,https://x.com/scanmalware/status/2098957579091161199
2026-09-13 02:10:58,scanmalware,url,http://rainbow-kataifi-98620f.netlify.app,#malware,https://x.com/scanmalware/status/2098957579091161199
2026-09-13 02:40:22,masaomi346,domain,roszo.com,#infostealer #malvertising #malware,https://x.com/masaomi346/status/2098964978820886571
2026-09-13 02:40:22,masaomi346,url,http://roszo.com,#infostealer #malvertising #malware,https://x.com/masaomi346/status/2098964978820886571
2026-09-13 04:30:00,Fact_Finder03,ip,95.181.213.21,#C2,https://x.com/Fact_Finder03/status/2098992570898448711
2026-09-13 05:22:06,curious_drac0,url,http://152.32.138.81,#DPRK #Kimsuky,https://x.com/curious_drac0/status/2099005679096700987
2026-09-13 05:22:06,curious_drac0,domain,qaxtbrl.ntinvoicepload.dynu.net,#DPRK #Kimsuky,https://x.com/curious_drac0/status/2099005679096700987
2026-09-13 05:22:06,curious_drac0,url,http://qaxtbrl.ntinvoicepload.dynu.net,#DPRK #Kimsuky,https://x.com/curious_drac0/status/2099005679096700987
2026-09-13 05:22:06,curious_drac0,domain,ydijgw.ntinvoicepload.dynu.net,#DPRK #Kimsuky,https://x.com/curious_drac0/status/2099005679096700987
2026-09-13 05:22:06,curious_drac0,url,http://ydijgw.ntinvoicepload.dynu.net,#DPRK #Kimsuky,https://x.com/curious_drac0/status/2099005679096700987
2026-09-13 05:22:06,curious_drac0,domain,qhswrb.ntinvoicepload.dynu.net,#DPRK #Kimsuky,https://x.com/curious_drac0/status/2099005679096700987
2026-09-13 05:22:06,curious_drac0,url,http://qhswrb.ntinvoicepload.dynu.net,#DPRK #Kimsuky,https://x.com/curious_drac0/status/2099005679096700987
2026-09-13 05:22:06,curious_drac0,domain,xieolrrb.ntinvoicepload.dynu.net,#DPRK #Kimsuky,https://x.com/curious_drac0/status/2099005679096700987
2026-09-13 05:22:06,curious_drac0,url,http://xieolrrb.ntinvoicepload.dynu.net,#DPRK #Kimsuky,https://x.com/curious_drac0/status/2099005679096700987
2026-09-13 05:22:06,curious_drac0,domain,xlgaee.ntinvoicepload.dynu.net,#DPRK #Kimsuky,https://x.com/curious_drac0/status/2099005679096700987
2026-09-13 05:22:06,curious_drac0,url,http://xlgaee.ntinvoicepload.dynu.net,#DPRK #Kimsuky,https://x.com/curious_drac0/status/2099005679096700987
2026-09-13 05:22:06,curious_drac0,domain,tmqulsyl.ntinvoicepload.dynu.net,#DPRK #Kimsuky,https://x.com/curious_drac0/status/2099005679096700987
2026-09-13 05:22:06,curious_drac0,url,http://tmqulsyl.ntinvoicepload.dynu.net,#DPRK #Kimsuky,https://x.com/curious_drac0/status/2099005679096700987
2026-09-13 05:22:06,curious_drac0,ip,152.32.138.81,#DPRK #Kimsuky,https://x.com/curious_drac0/status/2099005679096700987
2026-09-13 07:01:30,phishunt_io,domain,wellsfargoverify.net,#phishing,https://x.com/phishunt_io/status/2099030695209222250
2026-09-13 07:01:30,phishunt_io,url,http://wellsfargoverify.net,#phishing,https://x.com/phishunt_io/status/2099030695209222250
2026-09-13 12:01:25,phishunt_io,domain,kucoins-signin.com,#phishing,https://x.com/phishunt_io/status/2099106173769166955
2026-09-13 12:01:25,phishunt_io,url,http://kucoins-signin.com,#phishing,https://x.com/phishunt_io/status/2099106173769166955
2026-09-13 13:37:27,muha2xmad,domain,vinocab.com,#phishing,https://x.com/muha2xmad/status/2099130338035347548
2026-09-13 13:37:27,muha2xmad,url,http://vinocab.com,#phishing,https://x.com/muha2xmad/status/2099130338035347548
2026-09-13 13:37:27,muha2xmad,domain,swiftblooms.com,#phishing,https://x.com/muha2xmad/status/2099130338035347548
2026-09-13 13:37:27,muha2xmad,url,http://swiftblooms.com,#phishing,https://x.com/muha2xmad/status/2099130338035347548
2026-09-13 15:42:38,skocherhan,domain,intecs.in,#phishing,https://x.com/skocherhan/status/2099161841670795653
2026-09-13 15:42:38,skocherhan,url,http://intecs.in/jpweb,#phishing,https://x.com/skocherhan/status/2099161841670795653
2026-09-13 15:44:08,skocherhan,domain,ufcgymmexico.com,#phishing,https://x.com/skocherhan/status/2099162218214404405
2026-09-13 15:44:08,skocherhan,url,http://ufcgymmexico.com/galaxy/val.php,#phishing,https://x.com/skocherhan/status/2099162218214404405
2026-09-13 16:04:56,PhishStats,ip,64.202.189.173,#phishing,https://x.com/PhishStats/status/2099167455029363053
2026-09-13 17:02:16,phishunt_io,domain,troubleshoots-google.com,#phishing,https://x.com/phishunt_io/status/2099181884294996126
2026-09-13 17:02:16,phishunt_io,url,http://troubleshoots-google.com,#phishing,https://x.com/phishunt_io/status/2099181884294996126
2026-09-13 17:02:16,phishunt_io,ip,64.89.161.140,#phishing,https://x.com/phishunt_io/status/2099181884294996126
2026-09-13 23:29:21,TKemmerling,domain,mmsiriusss.s3.us-east-1.amazonaws.com,#phishing,https://x.com/TKemmerling/status/2099279297169199444
2026-09-13 23:29:21,TKemmerling,url,http://mmsiriusss.s3.us-east-1.amazonaws.com,#phishing,https://x.com/TKemmerling/status/2099279297169199444
2026-09-14 02:02:14,masaomi346,domain,secret-lovei.com,#malware #phishing,https://x.com/masaomi346/status/2099317771578527919
2026-09-14 02:02:14,masaomi346,url,https://secret-lovei.com,#malware #phishing,https://x.com/masaomi346/status/2099317771578527919
2026-09-14 02:02:14,masaomi346,sha256,f4767d76b7837f1458952655369e039119be72e85dc44c3821a9b18ed3e6a16a,#malware #phishing,https://x.com/masaomi346/status/2099317771578527919
2026-09-14 02:29:27,skocherhan,domain,gasystemautomacao.com.br,#phishing,https://x.com/skocherhan/status/2099324619756900824
2026-09-14 02:29:27,skocherhan,url,http://gasystemautomacao.com.br/ay/,#phishing,https://x.com/skocherhan/status/2099324619756900824
2026-09-14 04:33:25,PhishStats,domain,allegro.pry84327h45.help,#phishing,https://x.com/PhishStats/status/2099355818416034203
2026-09-14 04:33:25,PhishStats,url,http://allegro.pry84327h45.help,#phishing,https://x.com/PhishStats/status/2099355818416034203
2026-09-14 05:20:03,scanmalware,domain,sp12ct-zomdel-biz-pranik-lorsik.pages.dev,#malware,https://x.com/scanmalware/status/2099367550257594605
2026-09-14 05:20:03,scanmalware,url,http://sp12ct-zomdel-biz-pranik-lorsik.pages.dev,#malware,https://x.com/scanmalware/status/2099367550257594605
2026-09-14 05:33:24,scanmalware,domain,americandreamlost.com,#ransomware,https://x.com/scanmalware/status/2099370913334460735
2026-09-14 05:33:24,scanmalware,url,http://americandreamlost.com,#ransomware,https://x.com/scanmalware/status/2099370913334460735
2026-09-14 06:10:00,TKemmerling,domain,sb.anaridelight.com,#phishing,https://x.com/TKemmerling/status/2099380123787300926
2026-09-14 06:10:00,TKemmerling,url,http://sb.anaridelight.com,#phishing,https://x.com/TKemmerling/status/2099380123787300926
2026-09-14 06:46:32,TKemmerling,domain,se.norahadraivnig.com,#phishing,https://x.com/TKemmerling/status/2099389316804104356
2026-09-14 06:46:32,TKemmerling,url,http://se.norahadraivnig.com,#phishing,https://x.com/TKemmerling/status/2099389316804104356
2026-09-14 07:01:53,phishunt_io,domain,whatsapp.wooflers.com,#phishing,https://x.com/phishunt_io/status/2099393177480265807
2026-09-14 07:01:53,phishunt_io,url,http://whatsapp.wooflers.com/livewire-742499fa,#phishing,https://x.com/phishunt_io/status/2099393177480265807
2026-09-14 07:01:53,phishunt_io,ip,68.178.238.223,#phishing,https://x.com/phishunt_io/status/2099393177480265807
2026-09-14 07:18:45,TKemmerling,domain,sa.oskatrace.com,#phishing,https://x.com/TKemmerling/status/2099397423605174420
2026-09-14 07:18:45,TKemmerling,url,http://sa.oskatrace.com,#phishing,https://x.com/TKemmerling/status/2099397423605174420
2026-09-14 07:51:04,TKemmerling,domain,vb.wholenura.com,#phishing,https://x.com/TKemmerling/status/2099405555328803327
2026-09-14 07:51:04,TKemmerling,url,http://vb.wholenura.com,#phishing,https://x.com/TKemmerling/status/2099405555328803327
2026-09-14 09:57:15,masaomi346,domain,vnatf.gmy59.com,#phishing,https://x.com/masaomi346/status/2099437310966464811
2026-09-14 09:57:15,masaomi346,url,https://vnatf.gmy59.com,#phishing,https://x.com/masaomi346/status/2099437310966464811
2026-09-14 11:46:31,Coolcarlos17,url,http://havan.oficial.com,#phishing #scam,https://x.com/Coolcarlos17/status/2099464808286314894
2026-09-14 11:49:21,Coolcarlos17,domain,havan.oficial.com,#phishing #scam,https://x.com/Coolcarlos17/status/2099465521070481592
2026-09-14 11:49:21,Coolcarlos17,url,https://havan.oficial.com,#phishing #scam,https://x.com/Coolcarlos17/status/2099465521070481592
2026-09-14 11:53:41,Coolcarlos17,domain,site-ma-ga-zine-luiza.com,#phishing #scam,https://x.com/Coolcarlos17/status/2099466611950289004
2026-09-14 11:53:41,Coolcarlos17,url,https://site-ma-ga-zine-luiza.com,#phishing #scam,https://x.com/Coolcarlos17/status/2099466611950289004
2026-09-14 12:01:51,phishunt_io,domain,appeal-case.about-help.com,#phishing,https://x.com/phishunt_io/status/2099468669424148699
2026-09-14 12:01:51,phishunt_io,url,http://facebook.com%2f@appeal-case.about-help.com/app=xs,#phishing,https://x.com/phishunt_io/status/2099468669424148699
2026-09-14 12:07:00,masaomi346,domain,claude-tools.com,#malvertising #malware,https://x.com/masaomi346/status/2099469965799883143
2026-09-14 12:07:00,masaomi346,url,https://claude-tools.com,#malvertising #malware,https://x.com/masaomi346/status/2099469965799883143
2026-09-14 12:07:00,masaomi346,sha256,7c32720376f976885d825711f3c03397074d755ae78900ca5c70c9121271175a,#malvertising #malware,https://x.com/masaomi346/status/2099469965799883143
2026-09-14 12:20:45,masaomi346,domain,codex-desk.com,#infostealer #malvertising #malware,https://x.com/masaomi346/status/2099473425958109631
2026-09-14 12:20:45,masaomi346,url,https://codex-desk.com,#infostealer #malvertising #malware,https://x.com/masaomi346/status/2099473425958109631
2026-09-14 13:15:10,JAMESWT_WT,domain,uhu7535b.s3.amazonaws.com,#phishing,https://x.com/JAMESWT_WT/status/2099487117369860426
2026-09-14 13:15:10,JAMESWT_WT,url,https://uhu7535b.s3.amazonaws.com/5.html,#phishing,https://x.com/JAMESWT_WT/status/2099487117369860426
2026-09-14 13:15:10,JAMESWT_WT,domain,iampe-agenziaentrate-gov.store,#phishing,https://x.com/JAMESWT_WT/status/2099487117369860426
2026-09-14 13:15:10,JAMESWT_WT,url,https://www.iampe-agenziaentrate-gov.store/1kRJ4NKmB-DihWRL-hqTNvK-aaX5SN4/index.html,#phishing,https://x.com/JAMESWT_WT/status/2099487117369860426
2026-09-14 13:52:30,Coolcarlos17,domain,flerast.com,#phishing #scam,https://x.com/Coolcarlos17/status/2099496514523426905
2026-09-14 13:52:30,Coolcarlos17,url,http://flerast.com,#phishing #scam,https://x.com/Coolcarlos17/status/2099496514523426905
2026-09-14 14:13:52,Coolcarlos17,domain,tudaria.com,#phishing #scam,https://x.com/Coolcarlos17/status/2099501893080735932
2026-09-14 14:13:52,Coolcarlos17,url,https://www.tudaria.com,#phishing #scam,https://x.com/Coolcarlos17/status/2099501893080735932
2026-09-14 15:35:29,copy_and_paster,url,http://github.com/chromeweb78,#Kimsuky,https://x.com/copy_and_paster/status/2099522430205399510
2026-09-14 15:35:29,copy_and_paster,domain,argeninese.dothome.co.kr,#Kimsuky,https://x.com/copy_and_paster/status/2099522430205399510
2026-09-14 15:35:29,copy_and_paster,url,http://argeninese.dothome.co.kr,#Kimsuky,https://x.com/copy_and_paster/status/2099522430205399510
2026-09-14 15:35:29,copy_and_paster,domain,bbcnews04.dothome.co.kr,#Kimsuky,https://x.com/copy_and_paster/status/2099522430205399510
2026-09-14 15:35:29,copy_and_paster,url,http://bbcnews04.dothome.co.kr,#Kimsuky,https://x.com/copy_and_paster/status/2099522430205399510
2026-09-14 15:35:29,copy_and_paster,domain,wanver.dothome.co.kr,#Kimsuky,https://x.com/copy_and_paster/status/2099522430205399510
2026-09-14 15:35:29,copy_and_paster,url,http://wanver.dothome.co.kr,#Kimsuky,https://x.com/copy_and_paster/status/2099522430205399510
2026-09-14 15:35:29,copy_and_paster,domain,minecrafter.mygamesonline.org,#Kimsuky,https://x.com/copy_and_paster/status/2099522430205399510
2026-09-14 15:35:29,copy_and_paster,url,http://minecrafter.mygamesonline.org,#Kimsuky,https://x.com/copy_and_paster/status/2099522430205399510
2026-09-14 17:13:32,TKemmerling,domain,goodsecomfinder.com,#phishing,https://x.com/TKemmerling/status/2099547104331116714
2026-09-14 17:13:32,TKemmerling,url,http://goodsecomfinder.com,#phishing,https://x.com/TKemmerling/status/2099547104331116714
2026-09-14 17:49:06,TKemmerling,domain,truenorthworks.fun,#phishing,https://x.com/TKemmerling/status/2099556055915389222
2026-09-14 17:49:06,TKemmerling,url,http://truenorthworks.fun,#phishing,https://x.com/TKemmerling/status/2099556055915389222
2026-09-14 18:21:35,TKemmerling,domain,financeoakmont.com,#phishing,https://x.com/TKemmerling/status/2099564229846335802
2026-09-14 18:21:35,TKemmerling,url,http://financeoakmont.com,#phishing,https://x.com/TKemmerling/status/2099564229846335802
2026-09-14 22:02:59,etugenio,url,http://23.159.248.93,#malware,https://x.com/etugenio/status/2099619949513728108
2026-09-14 22:02:59,etugenio,ip,23.159.248.93,#malware,https://x.com/etugenio/status/2099619949513728108
2026-09-14 22:36:36,PhishStats,domain,myid-telstra.flutterflow.app,#phishing,https://x.com/PhishStats/status/2099628407797526808
2026-09-14 22:36:36,PhishStats,url,https://myid-telstra.flutterflow.app,#phishing,https://x.com/PhishStats/status/2099628407797526808
2026-09-15 00:07:31,masaomi346,domain,aaroensol-smbice.com,#malware #phishing,https://x.com/masaomi346/status/2099651288984436985
2026-09-15 00:07:31,masaomi346,url,https://aaroensol-smbice.com,#malware #phishing,https://x.com/masaomi346/status/2099651288984436985
2026-09-15 00:07:31,masaomi346,domain,doctoaezrw-smbice.com,#malware #phishing,https://x.com/masaomi346/status/2099651288984436985
2026-09-15 00:07:31,masaomi346,url,https://doctoaezrw-smbice.com,#malware #phishing,https://x.com/masaomi346/status/2099651288984436985
2026-09-15 00:07:31,masaomi346,domain,knittedjack-smbice.com,#malware #phishing,https://x.com/masaomi346/status/2099651288984436985
2026-09-15 00:07:31,masaomi346,url,https://knittedjack-smbice.com,#malware #phishing,https://x.com/masaomi346/status/2099651288984436985
2026-09-15 00:07:31,masaomi346,domain,mandasirika-smbice.com,#malware #phishing,https://x.com/masaomi346/status/2099651288984436985
2026-09-15 00:07:31,masaomi346,url,https://mandasirika-smbice.com,#malware #phishing,https://x.com/masaomi346/status/2099651288984436985
2026-09-15 00:07:31,masaomi346,domain,pfflzcifes-smbice.com,#malware #phishing,https://x.com/masaomi346/status/2099651288984436985
2026-09-15 00:07:31,masaomi346,url,https://pfflzcifes-smbice.com,#malware #phishing,https://x.com/masaomi346/status/2099651288984436985
2026-09-15 00:07:31,masaomi346,sha256,f7254bf08da4819f93a767423f9b3e9c5c7c2942f931fc74a606691935877a7e,#malware #phishing,https://x.com/masaomi346/status/2099651288984436985
2026-09-15 00:20:20,masaomi346,domain,daqianzib-rakunde.com,#malware #phishing,https://x.com/masaomi346/status/2099654512340574351
2026-09-15 00:20:20,masaomi346,url,https://daqianzib-rakunde.com,#malware #phishing,https://x.com/masaomi346/status/2099654512340574351
2026-09-15 00:20:20,masaomi346,domain,ditankaofa-rakunde.com,#malware #phishing,https://x.com/masaomi346/status/2099654512340574351
2026-09-15 00:20:20,masaomi346,url,https://ditankaofa-rakunde.com,#malware #phishing,https://x.com/masaomi346/status/2099654512340574351
2026-09-15 00:20:20,masaomi346,domain,haieryunsh-rakunde.com,#malware #phishing,https://x.com/masaomi346/status/2099654512340574351
2026-09-15 00:20:20,masaomi346,url,https://haieryunsh-rakunde.com,#malware #phishing,https://x.com/masaomi346/status/2099654512340574351
2026-09-15 00:20:20,masaomi346,domain,huibaoshen-rakunde.com,#malware #phishing,https://x.com/masaomi346/status/2099654512340574351
2026-09-15 00:20:20,masaomi346,url,https://huibaoshen-rakunde.com,#malware #phishing,https://x.com/masaomi346/status/2099654512340574351
2026-09-15 00:20:20,masaomi346,domain,jiongryturte-rakunde.com,#malware #phishing,https://x.com/masaomi346/status/2099654512340574351
2026-09-15 00:20:20,masaomi346,url,https://jiongryturte-rakunde.com,#malware #phishing,https://x.com/masaomi346/status/2099654512340574351
2026-09-15 00:20:20,masaomi346,sha256,bab5482560944fa4b6424642c73282b0efe2a20618303e8d6bf9d4ff03adecd9,#malware #phishing,https://x.com/masaomi346/status/2099654512340574351
2026-09-15 02:18:26,TKemmerling,domain,se.nsbpay.com,#phishing,https://x.com/TKemmerling/status/2099684235183620432
2026-09-15 02:18:26,TKemmerling,url,http://se.nsbpay.com,#phishing,https://x.com/TKemmerling/status/2099684235183620432
2026-09-15 02:40:55,TKemmerling,domain,rc.veyosilk.com,#phishing,https://x.com/TKemmerling/status/2099689891751997836
2026-09-15 02:40:55,TKemmerling,url,http://rc.veyosilk.com,#phishing,https://x.com/TKemmerling/status/2099689891751997836
2026-09-15 03:04:05,TKemmerling,domain,altiora.fun,#phishing,https://x.com/TKemmerling/status/2099695723189277034
2026-09-15 03:04:05,TKemmerling,url,http://altiora.fun,#phishing,https://x.com/TKemmerling/status/2099695723189277034
2026-09-15 03:15:24,masaomi346,domain,ancientcpus-jprakutansui-copoint.com,#malware #phishing,https://x.com/masaomi346/status/2099698569217499444
2026-09-15 03:15:24,masaomi346,url,https://ancientcpus-jprakutansui-copoint.com,#malware #phishing,https://x.com/masaomi346/status/2099698569217499444
2026-09-15 03:15:24,masaomi346,domain,averygruckus-jprakutansui-copoint.com,#malware #phishing,https://x.com/masaomi346/status/2099698569217499444
2026-09-15 03:15:24,masaomi346,url,https://averygruckus-jprakutansui-copoint.com,#malware #phishing,https://x.com/masaomi346/status/2099698569217499444
2026-09-15 03:15:24,masaomi346,domain,bulwasandburg-jprakutansui-copoint.com,#malware #phishing,https://x.com/masaomi346/status/2099698569217499444
2026-09-15 03:15:24,masaomi346,url,https://bulwasandburg-jprakutansui-copoint.com,#malware #phishing,https://x.com/masaomi346/status/2099698569217499444
2026-09-15 03:15:24,masaomi346,sha256,26ba499b037efa5825dd749f9784ac93e8f2d99db96a959c06aabc94bc744cae,#malware #phishing,https://x.com/masaomi346/status/2099698569217499444
2026-09-15 03:27:08,TKemmerling,domain,se.norahadraivnig.com,#phishing,https://x.com/TKemmerling/status/2099701525740441731
2026-09-15 03:27:08,TKemmerling,url,http://se.norahadraivnig.com,#phishing,https://x.com/TKemmerling/status/2099701525740441731
2026-09-15 03:48:52,TKemmerling,domain,sb.zeyoluxe.com,#phishing,https://x.com/TKemmerling/status/2099706995234460007
2026-09-15 03:48:52,TKemmerling,url,http://sb.zeyoluxe.com,#phishing,https://x.com/TKemmerling/status/2099706995234460007
2026-09-15 04:11:49,TKemmerling,domain,rd.helioszyra.com,#phishing,https://x.com/TKemmerling/status/2099712770208100805
2026-09-15 04:11:49,TKemmerling,url,http://rd.helioszyra.com,#phishing,https://x.com/TKemmerling/status/2099712770208100805
2026-09-15 04:22:08,patialavii,domain,durnakphotography.com,#phishing,https://x.com/patialavii/status/2099715364376707241
2026-09-15 04:22:08,patialavii,url,https://durnakphotography.com/poshevite/,#phishing,https://x.com/patialavii/status/2099715364376707241
2026-09-15 04:34:41,TKemmerling,domain,se.kivokeyline.com,#phishing,https://x.com/TKemmerling/status/2099718524008841653
2026-09-15 04:34:41,TKemmerling,url,http://se.kivokeyline.com,#phishing,https://x.com/TKemmerling/status/2099718524008841653
2026-09-15 04:43:07,patialavii,domain,ony.srb.temporary.site,#phishing,https://x.com/patialavii/status/2099720644355338404
2026-09-15 04:43:07,patialavii,url,https://ony.srb.temporary.site/en/,#phishing,https://x.com/patialavii/status/2099720644355338404
2026-09-15 04:43:07,patialavii,domain,strafordhomes.screenconnect.com,#phishing,https://x.com/patialavii/status/2099720644355338404
2026-09-15 04:43:07,patialavii,url,https://strafordhomes.screenconnect.com/Bin/ScreenConnect.ClientSetup.exe,#phishing,https://x.com/patialavii/status/2099720644355338404
2026-09-15 04:54:06,phatomcandle,ip,101.35.219.220,#APT #C2 #Kimsuky #malware,https://x.com/phatomcandle/status/2099723407780880404
2026-09-15 04:57:30,TKemmerling,domain,te.cyraecraft.com,#phishing,https://x.com/TKemmerling/status/2099724264740139013
2026-09-15 04:57:30,TKemmerling,url,http://te.cyraecraft.com,#phishing,https://x.com/TKemmerling/status/2099724264740139013
2026-09-15 05:01:41,tdatwja,md5,a8480e8bad9af229dc9e34358772f4a0,,https://x.com/tdatwja/status/2099725318479315286
2026-09-15 05:03:27,patialavii,domain,primstabn.info,#phishing,https://x.com/patialavii/status/2099725764040265845
2026-09-15 05:03:27,patialavii,url,https://primstabn.info,#phishing,https://x.com/patialavii/status/2099725764040265845
2026-09-15 05:03:27,patialavii,url,https://gofile.io/d/BoeEyV,#phishing,https://x.com/patialavii/status/2099725764040265845
2026-09-15 05:07:34,tdatwja,domain,v02.zip,,https://x.com/tdatwja/status/2099726797437026701
2026-09-15 05:07:34,tdatwja,url,http://v02.zip,,https://x.com/tdatwja/status/2099726797437026701
2026-09-15 05:07:34,tdatwja,md5,6ed3fa391a14acd768de91f921eb0d95,,https://x.com/tdatwja/status/2099726797437026701
2026-09-15 05:07:34,tdatwja,sha256,a42a573ec173f10e0ccae940d8ebaa739ddf443bd751a66aa4b92b0e26c7152f,,https://x.com/tdatwja/status/2099726797437026701
2026-09-15 05:08:14,patialavii,domain,op.lepiceriedestoits.com,#phishing,https://x.com/patialavii/status/2099726967054709102
2026-09-15 05:08:14,patialavii,url,https://op.lepiceriedestoits.com/kirby/,#phishing,https://x.com/patialavii/status/2099726967054709102
2026-09-15 05:08:14,patialavii,url,https://op.lepiceriedestoits.com/kirby/download.php,#phishing,https://x.com/patialavii/status/2099726967054709102
2026-09-15 05:16:43,patialavii,domain,yonataxi.at,#phishing,https://x.com/patialavii/status/2099729103108940129
2026-09-15 05:16:43,patialavii,url,https://yonataxi.at/ftx/,#phishing,https://x.com/patialavii/status/2099729103108940129
2026-09-15 05:16:43,patialavii,domain,pub-e1d9577cada440b39dc4a1e0fa09e7bc.r2.dev,#phishing,https://x.com/patialavii/status/2099729103108940129
2026-09-15 05:16:43,patialavii,url,https://pub-e1d9577cada440b39dc4a1e0fa09e7bc.r2.dev/InvoceApril2026-Pyment.msi,#phishing,https://x.com/patialavii/status/2099729103108940129
2026-09-15 05:20:06,TKemmerling,domain,sb.celocozy.com,#phishing,https://x.com/TKemmerling/status/2099729953059394035
2026-09-15 05:20:06,TKemmerling,url,http://sb.celocozy.com,#phishing,https://x.com/TKemmerling/status/2099729953059394035
2026-09-15 05:20:40,tdatwja,md5,8b9f58d8ed798d4e75f1efa8934ac892,,https://x.com/tdatwja/status/2099730097188299034
2026-09-15 05:20:40,tdatwja,sha256,c0a8a134dfbc3445598f8dcb5af0b52f4b691a5d13484b5384fb61d4d30545a4,,https://x.com/tdatwja/status/2099730097188299034
2026-09-15 05:42:28,TKemmerling,domain,re.pineayra.com,#phishing,https://x.com/TKemmerling/status/2099735581433712688
2026-09-15 05:42:28,TKemmerling,url,http://re.pineayra.com,#phishing,https://x.com/TKemmerling/status/2099735581433712688
2026-09-15 05:43:05,tdatwja,domain,mjdou.vip,,https://x.com/tdatwja/status/2099735738174878019
2026-09-15 05:43:05,tdatwja,url,http://mjdou.vip,,https://x.com/tdatwja/status/2099735738174878019
2026-09-15 05:43:05,tdatwja,domain,devin-us.com,,https://x.com/tdatwja/status/2099735738174878019
2026-09-15 05:43:05,tdatwja,url,http://devin-us.com,,https://x.com/tdatwja/status/2099735738174878019
2026-09-15 06:04:31,TKemmerling,domain,vb.wholenura.com,#phishing,https://x.com/TKemmerling/status/2099741129294156135
2026-09-15 06:04:31,TKemmerling,url,http://vb.wholenura.com,#phishing,https://x.com/TKemmerling/status/2099741129294156135
2026-09-15 06:20:11,bomccss,domain,結婚式のご招待.zip,,https://x.com/bomccss/status/2099745072027947391
2026-09-15 06:20:11,bomccss,url,http://結婚式のご招待.zip,,https://x.com/bomccss/status/2099745072027947391
2026-09-15 06:26:27,TKemmerling,domain,sa.oskatrace.com,#phishing,https://x.com/TKemmerling/status/2099746648268358064
2026-09-15 06:26:27,TKemmerling,url,http://sa.oskatrace.com,#phishing,https://x.com/TKemmerling/status/2099746648268358064
2026-09-15 06:27:06,Fact_Finder03,ip,5.39.202.95,#C2 #stealer,https://x.com/Fact_Finder03/status/2099746813087732109
2026-09-15 06:45:29,bomccss,domain,dnswwt.club,,https://x.com/bomccss/status/2099751438268457277
2026-09-15 06:45:29,bomccss,url,https://dnswwt.club/JP.html,,https://x.com/bomccss/status/2099751438268457277
2026-09-15 06:49:04,TKemmerling,domain,tb.rilobreeze.com,#phishing,https://x.com/TKemmerling/status/2099752341952213436
2026-09-15 06:49:04,TKemmerling,url,http://tb.rilobreeze.com,#phishing,https://x.com/TKemmerling/status/2099752341952213436
2026-09-15 07:01:12,phishunt_io,domain,netflix.patelrudra.in,#phishing,https://x.com/phishunt_io/status/2099755395338150244
2026-09-15 07:01:12,phishunt_io,url,http://netflix.patelrudra.in,#phishing,https://x.com/phishunt_io/status/2099755395338150244
2026-09-15 07:01:12,phishunt_io,ip,66.33.60.66,#phishing,https://x.com/phishunt_io/status/2099755395338150244
2026-09-15 07:11:34,TKemmerling,domain,aestheticearthgems.info,#phishing,https://x.com/TKemmerling/status/2099758002635264412
2026-09-15 07:11:34,TKemmerling,url,http://aestheticearthgems.info,#phishing,https://x.com/TKemmerling/status/2099758002635264412
2026-09-15 07:14:50,bomccss,url,https://mjdou.vip,,https://x.com/bomccss/status/2099758827386319001
2026-09-15 07:14:50,bomccss,url,http://149.104.24.197,,https://x.com/bomccss/status/2099758827386319001
2026-09-15 07:14:50,bomccss,ip,149.104.24.197,,https://x.com/bomccss/status/2099758827386319001
2026-09-15 07:32:41,scanmalware,domain,sign-in-to-xfinity-090.weebly.com,#ransomware,https://x.com/scanmalware/status/2099763316855869441
2026-09-15 07:32:41,scanmalware,url,http://www.sign-in-to-xfinity-090.weebly.com,#ransomware,https://x.com/scanmalware/status/2099763316855869441
2026-09-15 07:33:00,Fact_Finder03,ip,31.76.30.87,#C2,https://x.com/Fact_Finder03/status/2099763397227061291
2026-09-15 07:33:00,Fact_Finder03,ip,64.111.93.4,#C2,https://x.com/Fact_Finder03/status/2099763397227061291
2026-09-15 07:34:08,TKemmerling,domain,re.myloisle.com,#phishing,https://x.com/TKemmerling/status/2099763685430595588
2026-09-15 07:34:08,TKemmerling,url,http://re.myloisle.com,#phishing,https://x.com/TKemmerling/status/2099763685430595588
2026-09-15 07:42:00,Fact_Finder03,ip,45.76.83.205,#C2 #stealer,https://x.com/Fact_Finder03/status/2099765661870563390
2026-09-15 07:46:18,suyog41,md5,d5deec0ee2aa398f296b79e6da0a5d80,,https://x.com/suyog41/status/2099766743338033361
2026-09-15 07:55:00,Fact_Finder03,ip,95.85.236.244,#C2 #stealer,https://x.com/Fact_Finder03/status/2099768933322821986
2026-09-15 07:57:11,TKemmerling,domain,sb.anaridelight.com,#phishing,https://x.com/TKemmerling/status/2099769485217665182
2026-09-15 07:57:11,TKemmerling,url,http://sb.anaridelight.com,#phishing,https://x.com/TKemmerling/status/2099769485217665182
2026-09-15 08:07:08,suyog41,md5,5c268f58239d8c46e2cf7e0415201367,,https://x.com/suyog41/status/2099771989279801732
2026-09-15 08:31:00,Fact_Finder03,ip,111.229.198.6,#C2 #stealer,https://x.com/Fact_Finder03/status/2099777993174368256
2026-09-15 09:14:12,masaomi346,domain,shultectise.xa5ttg.info,#phishing,https://x.com/masaomi346/status/2099788866572218789
2026-09-15 09:14:12,masaomi346,url,https://shultectise.xa5ttg.info/aztipuif/indx/,#phishing,https://x.com/masaomi346/status/2099788866572218789
2026-09-15 12:01:23,phishunt_io,domain,apple-icloud.azurewebsites.net,#phishing,https://x.com/phishunt_io/status/2099830939576565986
2026-09-15 12:01:23,phishunt_io,url,http://apple-icloud.azurewebsites.net,#phishing,https://x.com/phishunt_io/status/2099830939576565986
2026-09-15 12:01:23,phishunt_io,ip,52.173.36.83,#phishing,https://x.com/phishunt_io/status/2099830939576565986
2026-09-15 13:11:03,patialavii,domain,rinitiative.org,#phishing,https://x.com/patialavii/status/2099848471855731053
2026-09-15 13:11:03,patialavii,url,https://rinitiative.org/ftx,#phishing,https://x.com/patialavii/status/2099848471855731053
2026-09-15 13:11:03,patialavii,domain,kohenalexander.screenconnect.com,#phishing,https://x.com/patialavii/status/2099848471855731053
2026-09-15 13:11:03,patialavii,url,https://kohenalexander.screenconnect.com/Bin/ScreenConnect.ClientSetup.msi,#phishing,https://x.com/patialavii/status/2099848471855731053
2026-09-15 13:22:44,skocherhan,md5,e0189e82b8308b1241c6985480182524,,https://x.com/skocherhan/status/2099851412645593438
2026-09-15 13:34:45,patialavii,domain,alphamedglobal.com,#phishing,https://x.com/patialavii/status/2099854434243322044
2026-09-15 13:34:45,patialavii,url,http://alphamedglobal.com/home.php,#phishing,https://x.com/patialavii/status/2099854434243322044
2026-09-15 13:34:45,patialavii,domain,beyondfitness.com.br,#phishing,https://x.com/patialavii/status/2099854434243322044
2026-09-15 13:34:45,patialavii,url,https://beyondfitness.com.br/wp-includes/zlc/zoom-installer-silent.vbs,#phishing,https://x.com/patialavii/status/2099854434243322044
2026-09-15 14:59:18,masaomi346,domain,daqianzib-smbice.com,#malware #phishing,https://x.com/masaomi346/status/2099875712463474797
2026-09-15 14:59:18,masaomi346,url,https://daqianzib-smbice.com,#malware #phishing,https://x.com/masaomi346/status/2099875712463474797
2026-09-15 14:59:18,masaomi346,domain,qdxinruiya-smbice.com,#malware #phishing,https://x.com/masaomi346/status/2099875712463474797
2026-09-15 14:59:18,masaomi346,url,https://qdxinruiya-smbice.com,#malware #phishing,https://x.com/masaomi346/status/2099875712463474797
2026-09-15 14:59:18,masaomi346,domain,huibaoshe-smbice.com,#malware #phishing,https://x.com/masaomi346/status/2099875712463474797
2026-09-15 14:59:18,masaomi346,url,https://huibaoshe-smbice.com,#malware #phishing,https://x.com/masaomi346/status/2099875712463474797
2026-09-15 14:59:18,masaomi346,sha256,e59b29b39af6df7b596350fcff3ab6c92c4a41a3c8d7e4780cbf6b90b6ea8025,#malware #phishing,https://x.com/masaomi346/status/2099875712463474797
2026-09-15 15:02:20,RansoMonitor,domain,pnzr4delgur5dlhtqcy7qqm6m7dkivxwh742enezpks5kswfpx7qrsid.onion,#ransomware,https://x.com/RansoMonitor/status/2099876474757193907
2026-09-15 15:02:20,RansoMonitor,url,http://pnzr4delgur5dlhtqcy7qqm6m7dkivxwh742enezpks5kswfpx7qrsid.onion,#ransomware,https://x.com/RansoMonitor/status/2099876474757193907
2026-09-15 15:03:46,masaomi346,domain,ditankaofan-jprakutansui.com,#malware #phishing,https://x.com/masaomi346/status/2099876837388398902
2026-09-15 15:03:46,masaomi346,url,https://ditankaofan-jprakutansui.com,#malware #phishing,https://x.com/masaomi346/status/2099876837388398902
2026-09-15 15:03:46,masaomi346,domain,vitrincebin-jprakutansui.com,#malware #phishing,https://x.com/masaomi346/status/2099876837388398902
2026-09-15 15:03:46,masaomi346,url,https://vitrincebin-jprakutansui.com,#malware #phishing,https://x.com/masaomi346/status/2099876837388398902
2026-09-15 15:03:46,masaomi346,domain,zhangyexin-jprakutansui.com,#malware #phishing,https://x.com/masaomi346/status/2099876837388398902
2026-09-15 15:03:46,masaomi346,url,https://zhangyexin-jprakutansui.com,#malware #phishing,https://x.com/masaomi346/status/2099876837388398902
2026-09-15 15:03:46,masaomi346,domain,shenzhenm-jprakutansui.com,#malware #phishing,https://x.com/masaomi346/status/2099876837388398902
2026-09-15 15:03:46,masaomi346,url,https://shenzhenm-jprakutansui.com,#malware #phishing,https://x.com/masaomi346/status/2099876837388398902
2026-09-15 15:03:46,masaomi346,sha256,22c1108ff216f1d5694883c20bcd7f447c23fa2f9466d3b43b5e56d1701d0c1b,#malware #phishing,https://x.com/masaomi346/status/2099876837388398902
2026-09-15 16:09:58,patialavii,domain,roya-dev.com,#phishing,https://x.com/patialavii/status/2099893496614441292
2026-09-15 16:09:58,patialavii,url,https://roya-dev.com/mreger/,#phishing,https://x.com/patialavii/status/2099893496614441292
2026-09-15 16:23:21,patialavii,domain,innosoft.ro,#phishing,https://x.com/patialavii/status/2099896865596846238
2026-09-15 16:23:21,patialavii,url,https://innosoft.ro/ftx,#phishing,https://x.com/patialavii/status/2099896865596846238
2026-09-15 16:23:21,patialavii,domain,multistore-lb.com,#phishing,https://x.com/patialavii/status/2099896865596846238
2026-09-15 16:23:21,patialavii,url,https://multistore-lb.com/docsign/,#phishing,https://x.com/patialavii/status/2099896865596846238
2026-09-15 17:01:20,phishunt_io,domain,zfkmasinac.com,#phishing,https://x.com/phishunt_io/status/2099906423551320276
2026-09-15 17:01:20,phishunt_io,url,http://zfkmasinac.com/pe/alibaba/,#phishing,https://x.com/phishunt_io/status/2099906423551320276
2026-09-15 17:01:20,phishunt_io,ip,208.91.199.49,#phishing,https://x.com/phishunt_io/status/2099906423551320276
2026-09-15 21:25:49,skocherhan,md5,64323fe47e3d4b3fab63fcc5e95ff596,,https://x.com/skocherhan/status/2099972983427076156
2026-09-15 21:49:23,skocherhan,domain,zledu-sx.oss-cn-beijing.aliyuncs.com,,https://x.com/skocherhan/status/2099978912121938297
2026-09-15 21:49:23,skocherhan,url,http://zledu-sx.oss-cn-beijing.aliyuncs.com,,https://x.com/skocherhan/status/2099978912121938297
2026-09-15 22:42:27,skocherhan,md5,5d91609062fd39d477103958146fda3e,,https://x.com/skocherhan/status/2099992268547453222
2026-09-15 22:54:21,skocherhan,domain,ssmail.ink,,https://x.com/skocherhan/status/2099995263737712810
2026-09-15 22:54:21,skocherhan,url,http://ssmail.ink,,https://x.com/skocherhan/status/2099995263737712810
2026-09-15 22:54:21,skocherhan,domain,downin.club,,https://x.com/skocherhan/status/2099995263737712810
2026-09-15 22:54:21,skocherhan,url,http://downin.club,,https://x.com/skocherhan/status/2099995263737712810
2026-09-16 00:53:34,scanmalware,domain,geltonayraviskas.lt,#phishing,https://x.com/scanmalware/status/2100025266265292957
2026-09-16 00:53:34,scanmalware,url,http://geltonayraviskas.lt,#phishing,https://x.com/scanmalware/status/2100025266265292957
2026-09-16 01:41:53,skocherhan,domain,kingroyal10066.com,,https://x.com/skocherhan/status/2100037424524959810
2026-09-16 01:41:53,skocherhan,url,http://kingroyal10066.com,,https://x.com/skocherhan/status/2100037424524959810
2026-09-16 02:35:57,Coolcarlos17,domain,casabahia.online,#phishing #scam,https://x.com/Coolcarlos17/status/2100051031526613146
2026-09-16 02:35:57,Coolcarlos17,url,https://casabahia.online,#phishing #scam,https://x.com/Coolcarlos17/status/2100051031526613146
2026-09-16 04:23:43,TKemmerling,domain,altiora.fun,#phishing,https://x.com/TKemmerling/status/2100078149619024090
2026-09-16 04:23:43,TKemmerling,url,http://altiora.fun,#phishing,https://x.com/TKemmerling/status/2100078149619024090
2026-09-16 04:57:19,TKemmerling,domain,re.myloisle.com,#phishing,https://x.com/TKemmerling/status/2100086606363500861
2026-09-16 04:57:19,TKemmerling,url,http://re.myloisle.com,#phishing,https://x.com/TKemmerling/status/2100086606363500861
2026-09-16 06:16:32,masaomi346,domain,aniv.czklwfl.cn,#phishing,https://x.com/masaomi346/status/2100106544671330725
2026-09-16 06:16:32,masaomi346,url,https://aniv.czklwfl.cn/t10ijauryj,#phishing,https://x.com/masaomi346/status/2100106544671330725
2026-09-16 06:24:48,suyog41,md5,42630ea995230f738f2993b92b20c546,,https://x.com/suyog41/status/2100108622495707481
2026-09-16 06:56:46,suyog41,md5,f9c590f708b3d6f77940eadef0e92b1c,,https://x.com/suyog41/status/2100116667195941150
2026-09-16 07:34:00,Fact_Finder03,ip,205.209.125.247,#C2,https://x.com/Fact_Finder03/status/2100126036650607067
2026-09-16 08:03:00,Fact_Finder03,ip,198.46.188.133,#C2,https://x.com/Fact_Finder03/status/2100133335007928789
2026-09-16 08:03:21,TKemmerling,domain,sb.mivoefocus.com,#phishing,https://x.com/TKemmerling/status/2100133422568296653
2026-09-16 08:03:21,TKemmerling,url,http://sb.mivoefocus.com,#phishing,https://x.com/TKemmerling/status/2100133422568296653
2026-09-16 08:22:20,tdatwja,domain,v02.zip,,https://x.com/tdatwja/status/2100138202166415386
2026-09-16 08:22:20,tdatwja,url,http://v02.zip,,https://x.com/tdatwja/status/2100138202166415386
2026-09-16 08:22:20,tdatwja,md5,6ed3fa391a14acd768de91f921eb0d95,,https://x.com/tdatwja/status/2100138202166415386
2026-09-16 08:22:20,tdatwja,sha256,a42a573ec173f10e0ccae940d8ebaa739ddf443bd751a66aa4b92b0e26c7152f,,https://x.com/tdatwja/status/2100138202166415386
2026-09-16 08:25:47,TKemmerling,domain,rd.helioszyra.com,#phishing,https://x.com/TKemmerling/status/2100139071356240296
2026-09-16 08:25:47,TKemmerling,url,http://rd.helioszyra.com,#phishing,https://x.com/TKemmerling/status/2100139071356240296
2026-09-16 08:33:00,Fact_Finder03,ip,209.99.186.221,#C2,https://x.com/Fact_Finder03/status/2100140884293755304
2026-09-16 08:43:19,AaronCTI,domain,ahrefs.report,,https://x.com/AaronCTI/status/2100143481482022925
2026-09-16 08:43:19,AaronCTI,url,http://ahrefs.report,,https://x.com/AaronCTI/status/2100143481482022925
2026-09-16 08:43:19,AaronCTI,domain,algoseek-report.com,,https://x.com/AaronCTI/status/2100143481482022925
2026-09-16 08:43:19,AaronCTI,url,http://algoseek-report.com,,https://x.com/AaronCTI/status/2100143481482022925
2026-09-16 08:43:19,AaronCTI,domain,assuredpartners.report,,https://x.com/AaronCTI/status/2100143481482022925
2026-09-16 08:43:19,AaronCTI,url,http://assuredpartners.report,,https://x.com/AaronCTI/status/2100143481482022925
2026-09-16 08:43:19,AaronCTI,domain,atimaterials.report,,https://x.com/AaronCTI/status/2100143481482022925
2026-09-16 08:43:19,AaronCTI,url,http://atimaterials.report,,https://x.com/AaronCTI/status/2100143481482022925
2026-09-16 08:43:19,AaronCTI,domain,autodata.report,,https://x.com/AaronCTI/status/2100143481482022925
2026-09-16 08:43:19,AaronCTI,url,http://autodata.report,,https://x.com/AaronCTI/status/2100143481482022925
2026-09-16 08:43:19,AaronCTI,domain,bigbrandtire.report,,https://x.com/AaronCTI/status/2100143481482022925
2026-09-16 08:43:19,AaronCTI,url,http://bigbrandtire.report,,https://x.com/AaronCTI/status/2100143481482022925
2026-09-16 08:43:19,AaronCTI,domain,bmo-report.com,,https://x.com/AaronCTI/status/2100143481482022925
2026-09-16 08:43:19,AaronCTI,url,http://bmo-report.com,,https://x.com/AaronCTI/status/2100143481482022925
2026-09-16 08:43:19,AaronCTI,domain,bungiehelp.report,,https://x.com/AaronCTI/status/2100143481482022925
2026-09-16 08:43:19,AaronCTI,url,http://bungiehelp.report,,https://x.com/AaronCTI/status/2100143481482022925
2026-09-16 08:43:19,AaronCTI,domain,canalplus-abuse.report,,https://x.com/AaronCTI/status/2100143481482022925
2026-09-16 08:43:19,AaronCTI,url,http://canalplus-abuse.report,,https://x.com/AaronCTI/status/2100143481482022925
2026-09-16 08:43:19,AaronCTI,domain,car-vertical-report.com,,https://x.com/AaronCTI/status/2100143481482022925
2026-09-16 08:43:19,AaronCTI,url,http://car-vertical-report.com,,https://x.com/AaronCTI/status/2100143481482022925
2026-09-16 08:43:19,AaronCTI,domain,carfaxreport.report,,https://x.com/AaronCTI/status/2100143481482022925
2026-09-16 08:43:19,AaronCTI,url,http://carfaxreport.report,,https://x.com/AaronCTI/status/2100143481482022925
2026-09-16 08:43:19,AaronCTI,domain,cheap-carfax-report.com,,https://x.com/AaronCTI/status/2100143481482022925
2026-09-16 08:43:19,AaronCTI,url,http://cheap-carfax-report.com,,https://x.com/AaronCTI/status/2100143481482022925
2026-09-16 08:43:19,AaronCTI,domain,clubchampion.report,,https://x.com/AaronCTI/status/2100143481482022925
2026-09-16 08:43:19,AaronCTI,url,http://clubchampion.report,,https://x.com/AaronCTI/status/2100143481482022925
2026-09-16 08:43:19,AaronCTI,domain,discounttire-retail.report,,https://x.com/AaronCTI/status/2100143481482022925
2026-09-16 08:43:19,AaronCTI,url,http://discounttire-retail.report,,https://x.com/AaronCTI/status/2100143481482022925
2026-09-16 08:43:19,AaronCTI,domain,emirates-report.com,,https://x.com/AaronCTI/status/2100143481482022925
2026-09-16 08:43:19,AaronCTI,url,http://emirates-report.com,,https://x.com/AaronCTI/status/2100143481482022925
2026-09-16 08:43:19,AaronCTI,domain,eon-report.com,,https://x.com/AaronCTI/status/2100143481482022925
2026-09-16 08:43:19,AaronCTI,url,http://eon-report.com,,https://x.com/AaronCTI/status/2100143481482022925
2026-09-16 08:43:19,AaronCTI,domain,everstake.report,,https://x.com/AaronCTI/status/2100143481482022925
2026-09-16 08:43:19,AaronCTI,url,http://everstake.report,,https://x.com/AaronCTI/status/2100143481482022925
2026-09-16 08:43:19,AaronCTI,domain,expeditors.report,,https://x.com/AaronCTI/status/2100143481482022925
2026-09-16 08:43:19,AaronCTI,url,http://expeditors.report,,https://x.com/AaronCTI/status/2100143481482022925
2026-09-16 08:43:19,AaronCTI,domain,fastweb.report,,https://x.com/AaronCTI/status/2100143481482022925
2026-09-16 08:43:19,AaronCTI,url,http://fastweb.report,,https://x.com/AaronCTI/status/2100143481482022925
2026-09-16 08:43:19,AaronCTI,domain,hcahealthcare.report,,https://x.com/AaronCTI/status/2100143481482022925
2026-09-16 08:43:19,AaronCTI,url,http://hcahealthcare.report,,https://x.com/AaronCTI/status/2100143481482022925
2026-09-16 08:43:19,AaronCTI,domain,ikks.report,,https://x.com/AaronCTI/status/2100143481482022925
2026-09-16 08:43:19,AaronCTI,url,http://ikks.report,,https://x.com/AaronCTI/status/2100143481482022925
2026-09-16 08:43:19,AaronCTI,domain,intel-report.com,,https://x.com/AaronCTI/status/2100143481482022925
2026-09-16 08:43:19,AaronCTI,url,http://intel-report.com,,https://x.com/AaronCTI/status/2100143481482022925
2026-09-16 08:43:19,AaronCTI,domain,ledgerwallet.report,,https://x.com/AaronCTI/status/2100143481482022925
2026-09-16 08:43:19,AaronCTI,url,http://ledgerwallet.report,,https://x.com/AaronCTI/status/2100143481482022925
2026-09-16 08:43:19,AaronCTI,domain,lexus-cs-report.com,,https://x.com/AaronCTI/status/2100143481482022925
2026-09-16 08:43:19,AaronCTI,url,http://lexus-cs-report.com,,https://x.com/AaronCTI/status/2100143481482022925
2026-09-16 08:43:19,AaronCTI,domain,lyrahealth.report,,https://x.com/AaronCTI/status/2100143481482022925
2026-09-16 08:43:19,AaronCTI,url,http://lyrahealth.report,,https://x.com/AaronCTI/status/2100143481482022925
2026-09-16 08:43:19,AaronCTI,domain,mckesson-report.com,,https://x.com/AaronCTI/status/2100143481482022925
2026-09-16 08:43:19,AaronCTI,url,http://mckesson-report.com,,https://x.com/AaronCTI/status/2100143481482022925
2026-09-16 08:43:19,AaronCTI,domain,report-mckesson.com,,https://x.com/AaronCTI/status/2100143481482022925
2026-09-16 08:43:19,AaronCTI,url,http://report-mckesson.com,,https://x.com/AaronCTI/status/2100143481482022925
2026-09-16 08:43:19,AaronCTI,domain,nuveen-social-value-report.com,,https://x.com/AaronCTI/status/2100143481482022925
2026-09-16 08:43:19,AaronCTI,url,http://nuveen-social-value-report.com,,https://x.com/AaronCTI/status/2100143481482022925
2026-09-16 08:43:19,AaronCTI,domain,offerup.report,,https://x.com/AaronCTI/status/2100143481482022925
2026-09-16 08:43:19,AaronCTI,url,http://offerup.report,,https://x.com/AaronCTI/status/2100143481482022925
2026-09-16 08:43:19,AaronCTI,domain,paysera.report,,https://x.com/AaronCTI/status/2100143481482022925
2026-09-16 08:43:19,AaronCTI,url,http://paysera.report,,https://x.com/AaronCTI/status/2100143481482022925
2026-09-16 08:43:19,AaronCTI,domain,reliaquest.report,,https://x.com/AaronCTI/status/2100143481482022925
2026-09-16 08:43:19,AaronCTI,url,http://reliaquest.report,,https://x.com/AaronCTI/status/2100143481482022925
2026-09-16 08:43:19,AaronCTI,domain,report-binance.com,,https://x.com/AaronCTI/status/2100143481482022925
2026-09-16 08:43:19,AaronCTI,url,http://report-binance.com,,https://x.com/AaronCTI/status/2100143481482022925
2026-09-16 08:43:19,AaronCTI,domain,report-chase.com,,https://x.com/AaronCTI/status/2100143481482022925
2026-09-16 08:43:19,AaronCTI,url,http://report-chase.com,,https://x.com/AaronCTI/status/2100143481482022925
2026-09-16 08:43:19,AaronCTI,domain,report-doordash.com,,https://x.com/AaronCTI/status/2100143481482022925
2026-09-16 08:43:19,AaronCTI,url,http://report-doordash.com,,https://x.com/AaronCTI/status/2100143481482022925
2026-09-16 08:43:19,AaronCTI,domain,report-hyatt.com,,https://x.com/AaronCTI/status/2100143481482022925
2026-09-16 08:43:19,AaronCTI,url,http://report-hyatt.com,,https://x.com/AaronCTI/status/2100143481482022925
2026-09-16 08:43:19,AaronCTI,domain,report-icloud.com,,https://x.com/AaronCTI/status/2100143481482022925
2026-09-16 08:43:19,AaronCTI,url,http://report-icloud.com,,https://x.com/AaronCTI/status/2100143481482022925
2026-09-16 08:43:19,AaronCTI,domain,report-kraken.com,,https://x.com/AaronCTI/status/2100143481482022925
2026-09-16 08:43:19,AaronCTI,url,http://report-kraken.com,,https://x.com/AaronCTI/status/2100143481482022925
2026-09-16 08:43:19,AaronCTI,domain,report-marriott.com,,https://x.com/AaronCTI/status/2100143481482022925
2026-09-16 08:43:19,AaronCTI,url,http://report-marriott.com,,https://x.com/AaronCTI/status/2100143481482022925
2026-09-16 08:43:19,AaronCTI,domain,report-roblox.com,,https://x.com/AaronCTI/status/2100143481482022925
2026-09-16 08:43:19,AaronCTI,url,http://report-roblox.com,,https://x.com/AaronCTI/status/2100143481482022925
2026-09-16 08:43:19,AaronCTI,domain,report-unum.com,,https://x.com/AaronCTI/status/2100143481482022925
2026-09-16 08:43:19,AaronCTI,url,http://report-unum.com,,https://x.com/AaronCTI/status/2100143481482022925
2026-09-16 08:43:19,AaronCTI,domain,report-westernunion.com,,https://x.com/AaronCTI/status/2100143481482022925
2026-09-16 08:43:19,AaronCTI,url,http://report-westernunion.com,,https://x.com/AaronCTI/status/2100143481482022925
2026-09-16 08:43:19,AaronCTI,domain,report-whatsapp.com,,https://x.com/AaronCTI/status/2100143481482022925
2026-09-16 08:43:19,AaronCTI,url,http://report-whatsapp.com,,https://x.com/AaronCTI/status/2100143481482022925
2026-09-16 08:43:19,AaronCTI,domain,whatsapp-report.com,,https://x.com/AaronCTI/status/2100143481482022925
2026-09-16 08:43:19,AaronCTI,url,http://whatsapp-report.com,,https://x.com/AaronCTI/status/2100143481482022925
2026-09-16 08:43:19,AaronCTI,domain,rexel.report,,https://x.com/AaronCTI/status/2100143481482022925
2026-09-16 08:43:19,AaronCTI,url,http://rexel.report,,https://x.com/AaronCTI/status/2100143481482022925
2026-09-16 08:43:19,AaronCTI,domain,robinhood.report,,https://x.com/AaronCTI/status/2100143481482022925
2026-09-16 08:43:19,AaronCTI,url,http://robinhood.report,,https://x.com/AaronCTI/status/2100143481482022925
2026-09-16 08:43:19,AaronCTI,domain,sumsub.report,,https://x.com/AaronCTI/status/2100143481482022925
2026-09-16 08:43:19,AaronCTI,url,http://sumsub.report,,https://x.com/AaronCTI/status/2100143481482022925
2026-09-16 08:43:19,AaronCTI,domain,talkerresearch.report,,https://x.com/AaronCTI/status/2100143481482022925
2026-09-16 08:43:19,AaronCTI,url,http://talkerresearch.report,,https://x.com/AaronCTI/status/2100143481482022925
2026-09-16 08:43:19,AaronCTI,domain,thales.report,,https://x.com/AaronCTI/status/2100143481482022925
2026-09-16 08:43:19,AaronCTI,url,http://thales.report,,https://x.com/AaronCTI/status/2100143481482022925
2026-09-16 08:43:19,AaronCTI,domain,ticimax.report,,https://x.com/AaronCTI/status/2100143481482022925
2026-09-16 08:43:19,AaronCTI,url,http://ticimax.report,,https://x.com/AaronCTI/status/2100143481482022925
2026-09-16 08:43:19,AaronCTI,domain,trezorsuite.report,,https://x.com/AaronCTI/status/2100143481482022925
2026-09-16 08:43:19,AaronCTI,url,http://trezorsuite.report,,https://x.com/AaronCTI/status/2100143481482022925
2026-09-16 08:43:19,AaronCTI,domain,turnitin-report.com,,https://x.com/AaronCTI/status/2100143481482022925
2026-09-16 08:43:19,AaronCTI,url,http://turnitin-report.com,,https://x.com/AaronCTI/status/2100143481482022925
2026-09-16 08:43:19,AaronCTI,domain,valocity.report,,https://x.com/AaronCTI/status/2100143481482022925
2026-09-16 08:43:19,AaronCTI,url,http://valocity.report,,https://x.com/AaronCTI/status/2100143481482022925
2026-09-16 08:43:19,AaronCTI,domain,veidekke.report,,https://x.com/AaronCTI/status/2100143481482022925
2026-09-16 08:43:19,AaronCTI,url,http://veidekke.report,,https://x.com/AaronCTI/status/2100143481482022925
2026-09-16 08:43:19,AaronCTI,domain,verifone-report.com,,https://x.com/AaronCTI/status/2100143481482022925
2026-09-16 08:43:19,AaronCTI,url,http://verifone-report.com,,https://x.com/AaronCTI/status/2100143481482022925
2026-09-16 08:43:19,AaronCTI,domain,vistra.report,,https://x.com/AaronCTI/status/2100143481482022925
2026-09-16 08:43:19,AaronCTI,url,http://vistra.report,,https://x.com/AaronCTI/status/2100143481482022925
2026-09-16 08:43:19,AaronCTI,domain,workday.report,,https://x.com/AaronCTI/status/2100143481482022925
2026-09-16 08:43:19,AaronCTI,url,http://workday.report,,https://x.com/AaronCTI/status/2100143481482022925
2026-09-16 08:43:19,AaronCTI,domain,xing.report,,https://x.com/AaronCTI/status/2100143481482022925
2026-09-16 08:43:19,AaronCTI,url,http://xing.report,,https://x.com/AaronCTI/status/2100143481482022925
2026-09-16 08:43:19,AaronCTI,domain,airramp.report,,https://x.com/AaronCTI/status/2100143481482022925
2026-09-16 08:43:19,AaronCTI,url,http://airramp.report,,https://x.com/AaronCTI/status/2100143481482022925
2026-09-16 08:43:19,AaronCTI,domain,bae.report,,https://x.com/AaronCTI/status/2100143481482022925
2026-09-16 08:43:19,AaronCTI,url,http://bae.report,,https://x.com/AaronCTI/status/2100143481482022925
2026-09-16 08:43:19,AaronCTI,domain,bessemer.report,,https://x.com/AaronCTI/status/2100143481482022925
2026-09-16 08:43:19,AaronCTI,url,http://bessemer.report,,https://x.com/AaronCTI/status/2100143481482022925
2026-09-16 08:43:19,AaronCTI,domain,caixa.report,,https://x.com/AaronCTI/status/2100143481482022925
2026-09-16 08:43:19,AaronCTI,url,http://caixa.report,,https://x.com/AaronCTI/status/2100143481482022925
2026-09-16 08:43:19,AaronCTI,domain,cantor.report,,https://x.com/AaronCTI/status/2100143481482022925
2026-09-16 08:43:19,AaronCTI,url,http://cantor.report,,https://x.com/AaronCTI/status/2100143481482022925
2026-09-16 08:43:19,AaronCTI,domain,fathom.report,,https://x.com/AaronCTI/status/2100143481482022925
2026-09-16 08:43:19,AaronCTI,url,http://fathom.report,,https://x.com/AaronCTI/status/2100143481482022925
2026-09-16 08:43:19,AaronCTI,domain,lightspeed.report,,https://x.com/AaronCTI/status/2100143481482022925
2026-09-16 08:43:19,AaronCTI,url,http://lightspeed.report,,https://x.com/AaronCTI/status/2100143481482022925
2026-09-16 08:43:19,AaronCTI,domain,monday.report,,https://x.com/AaronCTI/status/2100143481482022925
2026-09-16 08:43:19,AaronCTI,url,http://monday.report,,https://x.com/AaronCTI/status/2100143481482022925
2026-09-16 08:43:19,AaronCTI,domain,nationwide-report.com,,https://x.com/AaronCTI/status/2100143481482022925
2026-09-16 08:43:19,AaronCTI,url,http://nationwide-report.com,,https://x.com/AaronCTI/status/2100143481482022925
2026-09-16 08:43:19,AaronCTI,domain,nationwideaccident-report.com,,https://x.com/AaronCTI/status/2100143481482022925
2026-09-16 08:43:19,AaronCTI,url,http://nationwideaccident-report.com,,https://x.com/AaronCTI/status/2100143481482022925
2026-09-16 08:43:19,AaronCTI,domain,orange.report,,https://x.com/AaronCTI/status/2100143481482022925
2026-09-16 08:43:19,AaronCTI,url,http://orange.report,,https://x.com/AaronCTI/status/2100143481482022925
2026-09-16 08:43:19,AaronCTI,domain,report-athena.com,,https://x.com/AaronCTI/status/2100143481482022925
2026-09-16 08:43:19,AaronCTI,url,http://report-athena.com,,https://x.com/AaronCTI/status/2100143481482022925
2026-09-16 08:43:19,AaronCTI,domain,report-block.com,,https://x.com/AaronCTI/status/2100143481482022925
2026-09-16 08:43:19,AaronCTI,url,http://report-block.com,,https://x.com/AaronCTI/status/2100143481482022925
2026-09-16 08:43:19,AaronCTI,domain,report-elo.com,,https://x.com/AaronCTI/status/2100143481482022925
2026-09-16 08:43:19,AaronCTI,url,http://report-elo.com,,https://x.com/AaronCTI/status/2100143481482022925
2026-09-16 08:43:19,AaronCTI,domain,report-obsidian.com,,https://x.com/AaronCTI/status/2100143481482022925
2026-09-16 08:43:19,AaronCTI,url,http://report-obsidian.com,,https://x.com/AaronCTI/status/2100143481482022925
2026-09-16 08:43:19,AaronCTI,domain,report-orbit.com,,https://x.com/AaronCTI/status/2100143481482022925
2026-09-16 08:43:19,AaronCTI,url,http://report-orbit.com,,https://x.com/AaronCTI/status/2100143481482022925
2026-09-16 08:43:19,AaronCTI,domain,snap-report.com,,https://x.com/AaronCTI/status/2100143481482022925
2026-09-16 08:43:19,AaronCTI,url,http://snap-report.com,,https://x.com/AaronCTI/status/2100143481482022925
2026-09-16 08:43:19,AaronCTI,domain,snapp-report.com,,https://x.com/AaronCTI/status/2100143481482022925
2026-09-16 08:43:19,AaronCTI,url,http://snapp-report.com,,https://x.com/AaronCTI/status/2100143481482022925
2026-09-16 08:56:12,tdatwja,domain,123.pdf1.zip,,https://x.com/tdatwja/status/2100146724035875034
2026-09-16 08:56:12,tdatwja,url,http://123.PDF1.zip,,https://x.com/tdatwja/status/2100146724035875034
2026-09-16 09:11:07,RansoMonitor,domain,pnzr4delgur5dlhtqcy7qqm6m7dkivxwh742enezpks5kswfpx7qrsid.onion,#ransomware,https://x.com/RansoMonitor/status/2100150479913435565
2026-09-16 09:11:07,RansoMonitor,url,http://pnzr4delgur5dlhtqcy7qqm6m7dkivxwh742enezpks5kswfpx7qrsid.onion,#ransomware,https://x.com/RansoMonitor/status/2100150479913435565
2026-09-16 09:31:00,Fact_Finder03,ip,158.247.255.167,#C2,https://x.com/Fact_Finder03/status/2100155480643407880
2026-09-16 10:00:00,phatomcandle,domain,requires1.dynuddns.net,#APT #C2 #Kimsuky #malware,https://x.com/phatomcandle/status/2100162778560425992
2026-09-16 10:00:00,phatomcandle,url,http://requires1.dynuddns.net,#APT #C2 #Kimsuky #malware,https://x.com/phatomcandle/status/2100162778560425992
2026-09-16 10:00:00,phatomcandle,url,http://101.36.114.215,#APT #C2 #Kimsuky #malware,https://x.com/phatomcandle/status/2100162778560425992
2026-09-16 10:00:00,phatomcandle,ip,101.36.114.215,#APT #C2 #Kimsuky #malware,https://x.com/phatomcandle/status/2100162778560425992
2026-09-16 10:33:33,PhishStats,url,https://www.geltonayraviskas.lt,#phishing,https://x.com/PhishStats/status/2100171223057469919
2026-09-16 10:33:33,PhishStats,ip,79.98.28.8,#phishing,https://x.com/PhishStats/status/2100171223057469919
2026-09-16 11:29:01,nextronresearch,domain,api.npoint.io,,https://x.com/nextronresearch/status/2100185180220629166
2026-09-16 11:29:01,nextronresearch,url,http://api.npoint.io/24c25d5f5fcbb0992a4f,,https://x.com/nextronresearch/status/2100185180220629166
2026-09-16 11:29:01,nextronresearch,url,http://api.npoint.io/33e8d008c334b060adad,,https://x.com/nextronresearch/status/2100185180220629166
2026-09-16 11:29:01,nextronresearch,url,http://api.npoint.io/641d37178a880b1e8b8f,,https://x.com/nextronresearch/status/2100185180220629166
2026-09-16 11:29:01,nextronresearch,url,http://api.npoint.io/ddae72efbb6714fae922,,https://x.com/nextronresearch/status/2100185180220629166
2026-09-16 11:29:01,nextronresearch,url,http://api.npoint.io/37c0a0c68bf7a94ed731,,https://x.com/nextronresearch/status/2100185180220629166
2026-09-16 11:31:24,c9lab_soc,domain,joyalukkas-karama.store,#phishing #scam,https://x.com/c9lab_soc/status/2100185782145438193
2026-09-16 11:31:24,c9lab_soc,url,http://www.joyalukkas-karama.store,#phishing #scam,https://x.com/c9lab_soc/status/2100185782145438193
2026-09-16 14:17:34,James_inthe_box,domain,interactions-according-reports-syndication.trycloudflare.com,#Dcrat,https://x.com/James_inthe_box/status/2100227600216179161
2026-09-16 14:17:34,James_inthe_box,url,https://interactions-according-reports-syndication.trycloudflare.com,#Dcrat,https://x.com/James_inthe_box/status/2100227600216179161
2026-09-16 14:17:34,James_inthe_box,domain,periods-genetic-stones-government.trycloudflare.com,#Dcrat,https://x.com/James_inthe_box/status/2100227600216179161
2026-09-16 14:17:34,James_inthe_box,url,https://periods-genetic-stones-government.trycloudflare.com,#Dcrat,https://x.com/James_inthe_box/status/2100227600216179161
2026-09-16 14:34:48,0xb1lal,ip,45.88.186.96,#C2 #malware,https://x.com/0xb1lal/status/2100231934370525262
2026-09-16 15:44:40,TKemmerling,domain,ra.myvegaly.com,#phishing,https://x.com/TKemmerling/status/2100249518495404458
2026-09-16 15:44:40,TKemmerling,url,http://ra.myvegaly.com,#phishing,https://x.com/TKemmerling/status/2100249518495404458
2026-09-16 16:06:46,TKemmerling,domain,re.pineayra.com,#phishing,https://x.com/TKemmerling/status/2100255077827240151
2026-09-16 16:06:46,TKemmerling,url,http://re.pineayra.com,#phishing,https://x.com/TKemmerling/status/2100255077827240151
2026-09-16 16:07:16,Coolcarlos17,domain,lojas-havan.com,#phishing #scam,https://x.com/Coolcarlos17/status/2100255204469870993
2026-09-16 16:07:16,Coolcarlos17,url,https://lojas-havan.com/produto/32812,#phishing #scam,https://x.com/Coolcarlos17/status/2100255204469870993
2026-09-16 16:29:50,TKemmerling,domain,se.norahadraivnig.com,#phishing,https://x.com/TKemmerling/status/2100260885294166070
2026-09-16 16:29:50,TKemmerling,url,http://se.norahadraivnig.com,#phishing,https://x.com/TKemmerling/status/2100260885294166070
2026-09-16 16:52:32,TKemmerling,domain,hbphotographystudios.nl,#phishing,https://x.com/TKemmerling/status/2100266595948109938
2026-09-16 16:52:32,TKemmerling,url,http://hbphotographystudios.nl,#phishing,https://x.com/TKemmerling/status/2100266595948109938
2026-09-16 17:14:33,PhishStats,domain,webtycoons.co.in,#phishing,https://x.com/PhishStats/status/2100272137856545128
2026-09-16 17:14:33,PhishStats,url,https://webtycoons.co.in/next/aruba071126/web/authen.php,#phishing,https://x.com/PhishStats/status/2100272137856545128
2026-09-16 17:14:33,PhishStats,ip,111.118.212.38,#phishing,https://x.com/PhishStats/status/2100272137856545128
2026-09-16 17:15:46,TKemmerling,domain,ntiksangatindah.info,#phishing,https://x.com/TKemmerling/status/2100272443466322063
2026-09-16 17:15:46,TKemmerling,url,http://www.ntiksangatindah.info,#phishing,https://x.com/TKemmerling/status/2100272443466322063
2026-09-16 17:32:35,PhishStats,domain,kolaybet.guncelgirisadresleri.icu,#phishing,https://x.com/PhishStats/status/2100276674268971026
2026-09-16 17:32:35,PhishStats,url,https://kolaybet.guncelgirisadresleri.icu,#phishing,https://x.com/PhishStats/status/2100276674268971026
2026-09-16 17:38:16,TKemmerling,domain,dailyhealthylines.com,#phishing,https://x.com/TKemmerling/status/2100278106577899780
2026-09-16 17:38:16,TKemmerling,url,http://dailyhealthylines.com,#phishing,https://x.com/TKemmerling/status/2100278106577899780
2026-09-16 19:39:42,500mk500,domain,wpresourcerelay.info,,https://x.com/500mk500/status/2100308666347884973
2026-09-16 19:39:42,500mk500,url,http://wpresourcerelay.info,,https://x.com/500mk500/status/2100308666347884973
2026-09-16 19:39:42,500mk500,domain,wprelay.pages.dev,,https://x.com/500mk500/status/2100308666347884973
2026-09-16 19:39:42,500mk500,url,http://wprelay.pages.dev,,https://x.com/500mk500/status/2100308666347884973
2026-09-16 19:39:42,500mk500,domain,wp-js.com,,https://x.com/500mk500/status/2100308666347884973
2026-09-16 19:39:42,500mk500,url,http://wp-js.com,,https://x.com/500mk500/status/2100308666347884973
2026-09-16 19:39:42,500mk500,domain,cdn.wp-js.com,,https://x.com/500mk500/status/2100308666347884973
2026-09-16 19:39:42,500mk500,url,http://cdn.wp-js.com,,https://x.com/500mk500/status/2100308666347884973
2026-09-16 19:39:42,500mk500,domain,files.wp-js.com,,https://x.com/500mk500/status/2100308666347884973
2026-09-16 19:39:42,500mk500,url,http://files.wp-js.com,,https://x.com/500mk500/status/2100308666347884973
2026-09-16 19:39:42,500mk500,domain,js.wp-js.com,,https://x.com/500mk500/status/2100308666347884973
2026-09-16 19:39:42,500mk500,url,http://js.wp-js.com,,https://x.com/500mk500/status/2100308666347884973
2026-09-16 19:39:42,500mk500,domain,static.wp-js.com,,https://x.com/500mk500/status/2100308666347884973
2026-09-16 19:39:42,500mk500,url,http://static.wp-js.com,,https://x.com/500mk500/status/2100308666347884973
2026-09-16 19:39:42,500mk500,domain,stats.wp-js.com,,https://x.com/500mk500/status/2100308666347884973
2026-09-16 19:39:42,500mk500,url,http://stats.wp-js.com,,https://x.com/500mk500/status/2100308666347884973
2026-09-16 19:54:02,skocherhan,domain,highertola.duckdns.org,,https://x.com/skocherhan/status/2100312272778244396
2026-09-16 19:54:02,skocherhan,url,http://highertola.duckdns.org,,https://x.com/skocherhan/status/2100312272778244396
2026-09-16 19:54:02,skocherhan,domain,ibuchimo.duckdns.org,,https://x.com/skocherhan/status/2100312272778244396
2026-09-16 19:54:02,skocherhan,url,http://ibuchimo.duckdns.org,,https://x.com/skocherhan/status/2100312272778244396
2026-09-16 19:54:02,skocherhan,domain,mazedtrem.duckdns.org,,https://x.com/skocherhan/status/2100312272778244396
2026-09-16 19:54:02,skocherhan,url,http://mazedtrem.duckdns.org,,https://x.com/skocherhan/status/2100312272778244396
2026-09-16 19:54:02,skocherhan,domain,backshots6.duckdns.org,,https://x.com/skocherhan/status/2100312272778244396
2026-09-16 19:54:02,skocherhan,url,http://backshots6.duckdns.org,,https://x.com/skocherhan/status/2100312272778244396
2026-09-16 19:54:02,skocherhan,domain,axelond.duckdns.org,,https://x.com/skocherhan/status/2100312272778244396
2026-09-16 19:54:02,skocherhan,url,http://axelond.duckdns.org,,https://x.com/skocherhan/status/2100312272778244396
2026-09-16 19:54:02,skocherhan,domain,campinginontarioteamvontaxi.xyz,,https://x.com/skocherhan/status/2100312272778244396
2026-09-16 19:54:02,skocherhan,url,http://campinginontarioteamvontaxi.xyz,,https://x.com/skocherhan/status/2100312272778244396
2026-09-16 19:54:02,skocherhan,domain,polanddec.duckdns.org,,https://x.com/skocherhan/status/2100312272778244396
2026-09-16 19:54:02,skocherhan,url,http://polanddec.duckdns.org,,https://x.com/skocherhan/status/2100312272778244396
2026-09-16 19:54:02,skocherhan,domain,isensys.duckdns.org,,https://x.com/skocherhan/status/2100312272778244396
2026-09-16 19:54:02,skocherhan,url,http://isensys.duckdns.org,,https://x.com/skocherhan/status/2100312272778244396
2026-09-16 19:54:02,skocherhan,url,http://154.21.14.84:30351,,https://x.com/skocherhan/status/2100312272778244396
2026-09-16 19:54:02,skocherhan,ip,154.21.14.84,,https://x.com/skocherhan/status/2100312272778244396
2026-09-16 19:54:02,skocherhan,md5,e6be3944242de6dd32336e727b7071c6,,https://x.com/skocherhan/status/2100312272778244396
2026-09-16 19:54:02,skocherhan,md5,0f68319dd77944493d7bfb437c218eac,,https://x.com/skocherhan/status/2100312272778244396
2026-09-16 19:54:02,skocherhan,md5,c0331899ad6a3b139c1dbf870850158f,,https://x.com/skocherhan/status/2100312272778244396
2026-09-16 19:54:02,skocherhan,md5,0db3b6d8296e4d19ca3be14a12792e5e,,https://x.com/skocherhan/status/2100312272778244396
2026-09-16 19:54:02,skocherhan,md5,f5692b5db3e91225938861695f89acd7,,https://x.com/skocherhan/status/2100312272778244396
2026-09-16 19:54:02,skocherhan,md5,fce5a84ad616e353e1048617a4fbe809,,https://x.com/skocherhan/status/2100312272778244396
2026-09-16 21:50:47,skocherhan,md5,ba331092a9bb6d8f60b9c26441a17b28,,https://x.com/skocherhan/status/2100341655211491551
2026-09-16 22:55:01,Coolcarlos17,domain,havanoficiall.com,#phishing #scam,https://x.com/Coolcarlos17/status/2100357819002143211
2026-09-16 22:55:01,Coolcarlos17,url,https://havanoficiall.com/produto/escada-multifuncional-de-aluminio-4x4-com-16-degraus-dobravel,#phishing #scam,https://x.com/Coolcarlos17/status/2100357819002143211
2026-09-16 23:00:24,Coolcarlos17,domain,magablack.com,#phishing #scam,https://x.com/Coolcarlos17/status/2100359174811009362
2026-09-16 23:00:24,Coolcarlos17,url,http://magablack.com,#phishing #scam,https://x.com/Coolcarlos17/status/2100359174811009362
2026-09-17 01:37:12,cyberwar_15,domain,babarahoney.wuaze.com,#C2 #Kimsuky,https://x.com/cyberwar_15/status/2100398634634535226
2026-09-17 01:37:12,cyberwar_15,url,http://babarahoney.wuaze.com,#C2 #Kimsuky,https://x.com/cyberwar_15/status/2100398634634535226
2026-09-17 01:37:12,cyberwar_15,domain,bwer5t6kl.getenjoyment.net,#C2 #Kimsuky,https://x.com/cyberwar_15/status/2100398634634535226
2026-09-17 01:37:12,cyberwar_15,url,http://bwer5t6kl.getenjoyment.net,#C2 #Kimsuky,https://x.com/cyberwar_15/status/2100398634634535226
2026-09-17 01:37:12,cyberwar_15,domain,cfr556yujk.onlinewebshop.net,#C2 #Kimsuky,https://x.com/cyberwar_15/status/2100398634634535226
2026-09-17 01:37:12,cyberwar_15,url,http://cfr556yujk.onlinewebshop.net,#C2 #Kimsuky,https://x.com/cyberwar_15/status/2100398634634535226
2026-09-17 01:37:12,cyberwar_15,domain,cmieqf7yjs.sportsontheweb.net,#C2 #Kimsuky,https://x.com/cyberwar_15/status/2100398634634535226
2026-09-17 01:37:12,cyberwar_15,url,http://cmieqf7yjs.sportsontheweb.net,#C2 #Kimsuky,https://x.com/cyberwar_15/status/2100398634634535226
2026-09-17 01:37:12,cyberwar_15,domain,crimaxies.lovestoblog.com,#C2 #Kimsuky,https://x.com/cyberwar_15/status/2100398634634535226
2026-09-17 01:37:12,cyberwar_15,url,http://crimaxies.lovestoblog.com,#C2 #Kimsuky,https://x.com/cyberwar_15/status/2100398634634535226
2026-09-17 01:37:12,cyberwar_15,domain,doput5rg.myartsonline.com,#C2 #Kimsuky,https://x.com/cyberwar_15/status/2100398634634535226
2026-09-17 01:37:12,cyberwar_15,url,http://doput5rg.myartsonline.com,#C2 #Kimsuky,https://x.com/cyberwar_15/status/2100398634634535226
2026-09-17 01:37:12,cyberwar_15,domain,edcv89ik.onlinewebshop.net,#C2 #Kimsuky,https://x.com/cyberwar_15/status/2100398634634535226
2026-09-17 01:37:12,cyberwar_15,url,http://edcv89ik.onlinewebshop.net,#C2 #Kimsuky,https://x.com/cyberwar_15/status/2100398634634535226
2026-09-17 01:37:12,cyberwar_15,domain,ej7ieb9bn.myartsonline.com,#C2 #Kimsuky,https://x.com/cyberwar_15/status/2100398634634535226
2026-09-17 01:37:12,cyberwar_15,url,http://ej7ieb9bn.myartsonline.com,#C2 #Kimsuky,https://x.com/cyberwar_15/status/2100398634634535226
2026-09-17 03:41:33,patialavii,domain,dhofareng.com,#phishing,https://x.com/patialavii/status/2100429928479248761
2026-09-17 03:41:33,patialavii,url,https://dhofareng.com/docusign/,#phishing,https://x.com/patialavii/status/2100429928479248761
2026-09-17 04:00:55,patialavii,domain,zzoom.pages.dev,#phishing,https://x.com/patialavii/status/2100434802075959474
2026-09-17 04:00:55,patialavii,url,https://zzoom.pages.dev,#phishing,https://x.com/patialavii/status/2100434802075959474
2026-09-17 04:00:55,patialavii,url,https://docsend.com/v/g44y3/uszoom3invite,#phishing,https://x.com/patialavii/status/2100434802075959474
2026-09-17 04:05:38,patialavii,domain,zoomeventlive.com,#phishing,https://x.com/patialavii/status/2100435988225077274
2026-09-17 04:05:38,patialavii,url,https://zoomeventlive.com,#phishing,https://x.com/patialavii/status/2100435988225077274
2026-09-17 04:05:38,patialavii,sha256,f09550f82262273556f0bf861a598163877d7a5277a05b068db76fc1c13dab56,#phishing,https://x.com/patialavii/status/2100435988225077274
2026-09-17 04:12:24,patialavii,url,https://invitezoommeeting.xyz/win23/,#phishing,https://x.com/patialavii/status/2100437690672197938
2026-09-17 04:12:24,patialavii,sha256,2337d39046d01dc5dbf49f681197c2f52db87bc5557c12acb0b7cee88bc93452,#phishing,https://x.com/patialavii/status/2100437690672197938
2026-09-17 04:20:39,patialavii,domain,z00minvite1.pages.dev,#phishing,https://x.com/patialavii/status/2100439769448894838
2026-09-17 04:20:39,patialavii,url,https://z00minvite1.pages.dev,#phishing,https://x.com/patialavii/status/2100439769448894838
2026-09-17 04:25:08,patialavii,domain,heavenrock.pk,#phishing,https://x.com/patialavii/status/2100440893987934687
2026-09-17 04:25:08,patialavii,url,https://heavenrock.pk/file/Installer.html,#phishing,https://x.com/patialavii/status/2100440893987934687
2026-09-17 04:25:08,patialavii,domain,coxcommunication.screenconnect.com,#phishing,https://x.com/patialavii/status/2100440893987934687
2026-09-17 04:25:08,patialavii,url,https://coxcommunication.screenconnect.com/Bin/ScreenConnect.ClientSetup.exe,#phishing,https://x.com/patialavii/status/2100440893987934687
2026-09-17 04:30:31,patialavii,domain,kh3a.de,#phishing,https://x.com/patialavii/status/2100442249993871737
2026-09-17 04:30:31,patialavii,url,https://kh3a.de/internationalmicro/,#phishing,https://x.com/patialavii/status/2100442249993871737
2026-09-17 04:30:31,patialavii,domain,s-31niukey.s3.us-east-2.amazonaws.com,#phishing,https://x.com/patialavii/status/2100442249993871737
2026-09-17 04:30:31,patialavii,url,https://s-31niukey.s3.us-east-2.amazonaws.com/Mineminenow.msi,#phishing,https://x.com/patialavii/status/2100442249993871737
2026-09-17 04:40:29,masaomi346,domain,miaohuaqb.com,#phishing,https://x.com/masaomi346/status/2100444760070918527
2026-09-17 04:40:29,masaomi346,url,https://miaohuaqb.com/KxODtSjH/,#phishing,https://x.com/masaomi346/status/2100444760070918527
2026-09-17 07:01:24,phishunt_io,domain,robloxc.com.es,#phishing,https://x.com/phishunt_io/status/2100480221031944309
2026-09-17 07:01:24,phishunt_io,url,http://robloxc.com.es/login?returlUrl=1445876836,#phishing,https://x.com/phishunt_io/status/2100480221031944309
2026-09-17 07:06:38,Coolcarlos17,domain,blockmanialoja.com,#phishing #scam,https://x.com/Coolcarlos17/status/2100481536797671764
2026-09-17 07:06:38,Coolcarlos17,url,https://blockmanialoja.com,#phishing #scam,https://x.com/Coolcarlos17/status/2100481536797671764
2026-09-17 07:06:38,Coolcarlos17,domain,blockmania.com.br,#phishing #scam,https://x.com/Coolcarlos17/status/2100481536797671764
2026-09-17 07:06:38,Coolcarlos17,url,http://blockmania.com.br,#phishing #scam,https://x.com/Coolcarlos17/status/2100481536797671764
2026-09-17 09:11:30,scanmalware,domain,5958heh59585958.theloopblog.com,#phishing,https://x.com/scanmalware/status/2100512961362022412
2026-09-17 09:11:30,scanmalware,url,http://5958heh59585958.theloopblog.com,#phishing,https://x.com/scanmalware/status/2100512961362022412
2026-09-17 09:16:22,Fact_Finder03,ip,89.167.72.221,#C2 #RAT,https://x.com/Fact_Finder03/status/2100514186682077470
2026-09-17 10:01:29,Fact_Finder03,ip,154.86.19.127,#C2 #RAT,https://x.com/Fact_Finder03/status/2100525541250170889
2026-09-17 10:01:29,Fact_Finder03,ip,154.86.19.3,#C2 #RAT,https://x.com/Fact_Finder03/status/2100525541250170889
2026-09-17 10:01:29,Fact_Finder03,ip,154.86.19.41,#C2 #RAT,https://x.com/Fact_Finder03/status/2100525541250170889
2026-09-17 10:09:00,Fact_Finder03,ip,160.119.71.8,#C2,https://x.com/Fact_Finder03/status/2100527431493030024
2026-09-17 10:54:20,Fact_Finder03,domain,5oyninql4mekvjepei7yc3jnakfxi5bt5yky53cgqqrfwvfj4yvlpdad.onion,#ransomware,https://x.com/Fact_Finder03/status/2100538841061056628
2026-09-17 10:54:20,Fact_Finder03,url,http://5oyninql4mekvjepei7yc3jnakfxi5bt5yky53cgqqrfwvfj4yvlpdad.onion,#ransomware,https://x.com/Fact_Finder03/status/2100538841061056628
2026-09-17 10:54:20,Fact_Finder03,ip,87.106.6.79,#ransomware,https://x.com/Fact_Finder03/status/2100538841061056628
2026-09-17 12:00:03,Fact_Finder03,ip,167.71.213.136,#C2,https://x.com/Fact_Finder03/status/2100555381235753383
2026-09-17 12:07:00,Fact_Finder03,ip,51.79.128.217,#C2 #RAT,https://x.com/Fact_Finder03/status/2100557127362167161
2026-09-17 12:07:00,Fact_Finder03,ip,31.57.38.94,#C2 #RAT,https://x.com/Fact_Finder03/status/2100557127362167161
2026-09-17 12:36:52,masaomi346,domain,oricvn.zmbc3c.info,#phishing,https://x.com/masaomi346/status/2100564644368904392
2026-09-17 12:36:52,masaomi346,url,https://oricvn.zmbc3c.info/iricyygen/,#phishing,https://x.com/masaomi346/status/2100564644368904392
2026-09-17 13:00:03,scanmalware,domain,trust-wallet-bnb.vercel.app,#malware,https://x.com/scanmalware/status/2100570478305788283
2026-09-17 13:00:03,scanmalware,url,http://www.trust-wallet-bnb.vercel.app,#malware,https://x.com/scanmalware/status/2100570478305788283
2026-09-17 16:25:02,copy_and_paster,url,http://github.com/checkey04,#Kimsuky,https://x.com/copy_and_paster/status/2100622065279946777
2026-09-17 16:25:02,copy_and_paster,url,http://github.com/decryptionkey1,#Kimsuky,https://x.com/copy_and_paster/status/2100622065279946777
2026-09-17 16:25:02,copy_and_paster,url,http://github.com/hazama-khan,#Kimsuky,https://x.com/copy_and_paster/status/2100622065279946777
2026-09-17 16:25:02,copy_and_paster,domain,pythoncomunity.wasmer.app,#Kimsuky,https://x.com/copy_and_paster/status/2100622065279946777
2026-09-17 16:25:02,copy_and_paster,url,http://pythoncomunity.wasmer.app,#Kimsuky,https://x.com/copy_and_paster/status/2100622065279946777
2026-09-17 16:25:02,copy_and_paster,domain,pythons.mywebcommunity.org,#Kimsuky,https://x.com/copy_and_paster/status/2100622065279946777
2026-09-17 16:25:02,copy_and_paster,url,http://pythons.mywebcommunity.org,#Kimsuky,https://x.com/copy_and_paster/status/2100622065279946777
2026-09-17 16:25:02,copy_and_paster,url,http://github.com/yaosiyaosi26,#Kimsuky,https://x.com/copy_and_paster/status/2100622065279946777
2026-09-17 16:25:02,copy_and_paster,url,http://github.com/xufengwangsui,#Kimsuky,https://x.com/copy_and_paster/status/2100622065279946777
2026-09-17 16:25:02,copy_and_paster,url,http://github.com/ReyanshEra,#Kimsuky,https://x.com/copy_and_paster/status/2100622065279946777
2026-09-17 16:41:41,PhishStats,domain,teamliftss.com,#phishing,https://x.com/PhishStats/status/2100626254932197545
2026-09-17 16:41:41,PhishStats,url,https://teamliftss.com/zz/index.html,#phishing,https://x.com/PhishStats/status/2100626254932197545
2026-09-17 16:41:41,PhishStats,ip,108.167.183.47,#phishing,https://x.com/PhishStats/status/2100626254932197545
2026-09-17 16:56:25,Coolcarlos17,domain,casasbah.com,#phishing #scam,https://x.com/Coolcarlos17/status/2100629960838787569
2026-09-17 16:56:25,Coolcarlos17,url,https://casasbah.com/produto.php?slug=mag-849-escada-articulada-16-degraus-aluminio-botafogo-altura,#phishing #scam,https://x.com/Coolcarlos17/status/2100629960838787569
2026-09-17 17:01:23,phishunt_io,domain,intermezzoconsultoria.com.br,#phishing,https://x.com/phishunt_io/status/2100631213018902562
2026-09-17 17:01:23,phishunt_io,url,http://intermezzoconsultoria.com.br/docs042/onedrive-verify-obf.html,#phishing,https://x.com/phishunt_io/status/2100631213018902562
2026-09-17 17:01:23,phishunt_io,ip,18.229.174.63,#phishing,https://x.com/phishunt_io/status/2100631213018902562
2026-09-17 17:22:49,Coolcarlos17,domain,magaz-ine-lu-iza.com,#phishing #scam,https://x.com/Coolcarlos17/status/2100636607401336964
2026-09-17 17:22:49,Coolcarlos17,url,http://magaz-ine-lu-iza.com,#phishing #scam,https://x.com/Coolcarlos17/status/2100636607401336964
2026-09-17 17:35:50,Coolcarlos17,domain,userieza.com,#phishing #scam,https://x.com/Coolcarlos17/status/2100639881357643882
2026-09-17 17:35:50,Coolcarlos17,url,https://userieza.com/products/escada-telescopica,#phishing #scam,https://x.com/Coolcarlos17/status/2100639881357643882
2026-09-17 19:03:31,_AkatsukiLegion,url,http://188.63.231.182,#CobaltStrike #DPRK #Kimsuky,https://x.com/_AkatsukiLegion/status/2100661947779752408
2026-09-17 19:03:31,_AkatsukiLegion,ip,188.63.231.182,#CobaltStrike #DPRK #Kimsuky,https://x.com/_AkatsukiLegion/status/2100661947779752408
2026-09-17 19:28:44,0xb1lal,ip,38.110.228.33,#CobaltStrike #malware,https://x.com/0xb1lal/status/2100668294051377401
2026-09-17 19:28:44,0xb1lal,ip,216.126.236.22,#CobaltStrike #malware,https://x.com/0xb1lal/status/2100668294051377401
2026-09-17 19:28:44,0xb1lal,ip,8.138.137.232,#CobaltStrike #malware,https://x.com/0xb1lal/status/2100668294051377401
2026-09-17 20:09:40,skocherhan,domain,yscf988.club,#ValleyRAT,https://x.com/skocherhan/status/2100678596784189589
2026-09-17 20:09:40,skocherhan,url,http://yscf988.club,#ValleyRAT,https://x.com/skocherhan/status/2100678596784189589
2026-09-17 20:54:00,ex_raritas,domain,soundcloudapp.com,#ClickFix,https://x.com/ex_raritas/status/2100689750462005752
2026-09-17 20:54:00,ex_raritas,url,http://soundcloudapp.com,#ClickFix,https://x.com/ex_raritas/status/2100689750462005752
2026-09-17 22:43:12,scanmalware,domain,berquni-mpt-zavfelo-r4x8ka65.pages.dev,#malware,https://x.com/scanmalware/status/2100717231306834378
2026-09-17 22:43:12,scanmalware,url,http://berquni-mpt-zavfelo-r4x8ka65.pages.dev,#malware,https://x.com/scanmalware/status/2100717231306834378
2026-09-17 22:44:56,skocherhan,domain,report-gilead.com,,https://x.com/skocherhan/status/2100717668487602283
2026-09-17 22:44:56,skocherhan,url,http://report-gilead.com,,https://x.com/skocherhan/status/2100717668487602283
2026-09-17 23:33:32,masaomi346,domain,externalbsnle-smbice.com,#malware #phishing,https://x.com/masaomi346/status/2100729901901054021
2026-09-17 23:33:32,masaomi346,url,https://externalbsnle-smbice.com,#malware #phishing,https://x.com/masaomi346/status/2100729901901054021
2026-09-17 23:33:32,masaomi346,sha256,b41a09bcb49ddff8f4a3ada4deb8f1228066267d0c7bc3c2cbbd54d767494593,#malware #phishing,https://x.com/masaomi346/status/2100729901901054021
2026-09-18 00:35:07,G60930953,url,http://185.235.137.35:9000,#APT,https://x.com/G60930953/status/2100745399275270165
2026-09-18 00:35:07,G60930953,ip,185.235.137.35,#APT,https://x.com/G60930953/status/2100745399275270165
2026-09-18 01:40:04,scanmalware,domain,berquni-mpt-zavfelo-r4x8ka65.pages.dev,#malware,https://x.com/scanmalware/status/2100761742397604156
2026-09-18 01:40:04,scanmalware,url,http://berquni-mpt-zavfelo-r4x8ka65.pages.dev,#malware,https://x.com/scanmalware/status/2100761742397604156
2026-09-18 04:06:35,patialavii,domain,geotehnica.com,#phishing,https://x.com/patialavii/status/2100798614499172440
2026-09-18 04:06:35,patialavii,url,https://www.geotehnica.com/docusignreader/,#phishing,https://x.com/patialavii/status/2100798614499172440
2026-09-18 04:12:50,patialavii,domain,miicrosofteamm.com,#phishing,https://x.com/patialavii/status/2100800190135611543
2026-09-18 04:12:50,patialavii,url,https://miicrosofteamm.com/teams/Windows/,#phishing,https://x.com/patialavii/status/2100800190135611543
2026-09-18 04:12:50,patialavii,sha256,4f4490bbc90e248043af8db5c3874b6ab52440edf507c5939dac3e07e8e63cd9,#phishing,https://x.com/patialavii/status/2100800190135611543
2026-09-18 04:28:27,patialavii,domain,siastrategy.com,#phishing,https://x.com/patialavii/status/2100804118973743531
2026-09-18 04:28:27,patialavii,url,https://siastrategy.com/docusign-updating/Windows/,#phishing,https://x.com/patialavii/status/2100804118973743531
2026-09-18 04:35:46,PhishStats,url,https://mez.ink/bell_mts,#phishing,https://x.com/PhishStats/status/2100805959991874031
2026-09-18 05:29:41,masaomi346,domain,accoun.iwsgsas.cn,#phishing,https://x.com/masaomi346/status/2100819526569140456
2026-09-18 05:29:41,masaomi346,url,https://accoun.iwsgsas.cn/09ayzojtgr,#phishing,https://x.com/masaomi346/status/2100819526569140456
2026-09-18 06:40:37,Metemcyber,domain,sanjinshdfuli.igb56k.info,#phishing,https://x.com/Metemcyber/status/2100837381024923997
2026-09-18 06:40:37,Metemcyber,url,https://sanjinshdfuli.igb56k.info/tptvakto/,#phishing,https://x.com/Metemcyber/status/2100837381024923997
2026-09-18 06:40:37,Metemcyber,url,http://43.165.130.182,#phishing,https://x.com/Metemcyber/status/2100837381024923997
2026-09-18 06:40:37,Metemcyber,ip,43.165.130.182,#phishing,https://x.com/Metemcyber/status/2100837381024923997
2026-09-18 06:49:11,Metemcyber,domain,miparohuze.cfd,#phishing,https://x.com/Metemcyber/status/2100839533696987616
2026-09-18 06:49:11,Metemcyber,url,https://miparohuze.cfd/global/#/index,#phishing,https://x.com/Metemcyber/status/2100839533696987616
2026-09-18 06:57:13,Metemcyber,domain,rrbzy.jntqty.com,#phishing,https://x.com/Metemcyber/status/2100841558165901601
2026-09-18 06:57:13,Metemcyber,url,https://rrbzy.jntqty.com,#phishing,https://x.com/Metemcyber/status/2100841558165901601
2026-09-18 06:57:13,Metemcyber,url,http://47.245.4.14,#phishing,https://x.com/Metemcyber/status/2100841558165901601
2026-09-18 06:57:13,Metemcyber,ip,47.245.4.14,#phishing,https://x.com/Metemcyber/status/2100841558165901601
2026-09-18 07:02:22,phishunt_io,domain,iberdrolatrade.com,#phishing,https://x.com/phishunt_io/status/2100842854155260410
2026-09-18 07:02:22,phishunt_io,url,http://iberdrolatrade.com,#phishing,https://x.com/phishunt_io/status/2100842854155260410
2026-09-18 07:02:22,phishunt_io,ip,158.94.210.119,#phishing,https://x.com/phishunt_io/status/2100842854155260410
2026-09-18 07:33:32,masaomi346,domain,lovelyday-app.com,#malware #phishing,https://x.com/masaomi346/status/2100850697059373410
2026-09-18 07:33:32,masaomi346,url,https://lovelyday-app.com,#malware #phishing,https://x.com/masaomi346/status/2100850697059373410
2026-09-18 07:33:32,masaomi346,domain,download.lovelyday-app.com,#malware #phishing,https://x.com/masaomi346/status/2100850697059373410
2026-09-18 07:33:32,masaomi346,url,https://download.lovelyday-app.com,#malware #phishing,https://x.com/masaomi346/status/2100850697059373410
2026-09-18 07:33:32,masaomi346,sha256,1b15f4c8e63cd94ee067c2de51977cdfb0ae3289daec2014d0a461ac877d62f7,#malware #phishing,https://x.com/masaomi346/status/2100850697059373410
2026-09-18 08:06:04,TKemmerling,domain,nextgenshoppingcardeals.info,#phishing,https://x.com/TKemmerling/status/2100858884516954394
2026-09-18 08:06:04,TKemmerling,url,http://nextgenshoppingcardeals.info,#phishing,https://x.com/TKemmerling/status/2100858884516954394
2026-09-18 08:34:23,skocherhan,domain,phantomc2.cc,,https://x.com/skocherhan/status/2100866009624187355
2026-09-18 08:34:23,skocherhan,url,http://phantomc2.cc,,https://x.com/skocherhan/status/2100866009624187355
2026-09-18 09:10:21,TKemmerling,domain,financeoakmont.com,#phishing,https://x.com/TKemmerling/status/2100875060676624563
2026-09-18 09:10:21,TKemmerling,url,http://financeoakmont.com,#phishing,https://x.com/TKemmerling/status/2100875060676624563
2026-09-18 10:11:42,TKemmerling,domain,ebikein.s3.us-east-1.amazonaws.com,#phishing,https://x.com/TKemmerling/status/2100890501557940623
2026-09-18 10:11:42,TKemmerling,url,http://ebikein.s3.us-east-1.amazonaws.com,#phishing,https://x.com/TKemmerling/status/2100890501557940623
2026-09-18 10:31:50,PhishStats,url,https://siastrategy.com/docusign-updating/Windows/utility.php,#phishing,https://x.com/PhishStats/status/2100895565852684308
2026-09-18 10:31:50,PhishStats,ip,69.175.101.194,#phishing,https://x.com/PhishStats/status/2100895565852684308
2026-09-18 11:11:56,TKemmerling,domain,researchcentral.info,#phishing,https://x.com/TKemmerling/status/2100905659999117394
2026-09-18 11:11:56,TKemmerling,url,http://researchcentral.info,#phishing,https://x.com/TKemmerling/status/2100905659999117394
2026-09-18 12:01:35,phishunt_io,domain,metapay.facebook-secure.shop,#phishing,https://x.com/phishunt_io/status/2100918153022701591
2026-09-18 12:01:35,phishunt_io,url,http://metapay.facebook-secure.shop/order/09066807,#phishing,https://x.com/phishunt_io/status/2100918153022701591
2026-09-18 12:01:35,phishunt_io,ip,62.60.227.68,#phishing,https://x.com/phishunt_io/status/2100918153022701591
2026-09-18 12:11:11,TKemmerling,domain,mmchart.s3.us-east-1.amazonaws.com,#phishing,https://x.com/TKemmerling/status/2100920568250032545
2026-09-18 12:11:11,TKemmerling,url,http://mmchart.s3.us-east-1.amazonaws.com,#phishing,https://x.com/TKemmerling/status/2100920568250032545
2026-09-18 12:18:10,mugu_reporter,domain,robotichosting.com,#phishing,https://x.com/mugu_reporter/status/2100922326090973428
2026-09-18 12:18:10,mugu_reporter,url,http://robotichosting.com,#phishing,https://x.com/mugu_reporter/status/2100922326090973428
2026-09-18 12:18:10,mugu_reporter,ip,198.251.81.14,#phishing,https://x.com/mugu_reporter/status/2100922326090973428
2026-09-18 13:11:55,TKemmerling,domain,re.myloisle.com,#phishing,https://x.com/TKemmerling/status/2100935851857547707
2026-09-18 13:11:55,TKemmerling,url,http://re.myloisle.com,#phishing,https://x.com/TKemmerling/status/2100935851857547707
2026-09-18 14:11:48,TKemmerling,domain,aestheticearthgems.info,#phishing,https://x.com/TKemmerling/status/2100950924219109496
2026-09-18 14:11:48,TKemmerling,url,http://aestheticearthgems.info,#phishing,https://x.com/TKemmerling/status/2100950924219109496
2026-09-18 14:30:09,fbgwls245,domain,nongzecboljwv3yfndkggsybsglfrkffw7bvk2zemuteoxe6etpusnad.onion,#ransomware,https://x.com/fbgwls245/status/2100955539174010934
2026-09-18 14:30:09,fbgwls245,url,http://nongzecboljwv3yfndkggsybsglfrkffw7bvk2zemuteoxe6etpusnad.onion,#ransomware,https://x.com/fbgwls245/status/2100955539174010934
2026-09-18 14:33:00,fbgwls245,domain,spiralstfe7rtbna7zlv6szdwmjvjszf2d64zkf6z5jykrwnw5jbgpyd.onion,#ransomware,https://x.com/fbgwls245/status/2100956257675100394
2026-09-18 14:33:00,fbgwls245,url,http://spiralstfe7rtbna7zlv6szdwmjvjszf2d64zkf6z5jykrwnw5jbgpyd.onion,#ransomware,https://x.com/fbgwls245/status/2100956257675100394
2026-09-18 16:04:29,mugu_reporter,domain,get-verification.to,#ClickFix #malware,https://x.com/mugu_reporter/status/2100979282759606637
2026-09-18 16:04:29,mugu_reporter,url,http://get-verification.to,#ClickFix #malware,https://x.com/mugu_reporter/status/2100979282759606637
2026-09-18 16:30:52,TKemmerling,domain,harborstonegroup.shop,#phishing,https://x.com/TKemmerling/status/2100985919289639319
2026-09-18 16:30:52,TKemmerling,url,http://harborstonegroup.shop,#phishing,https://x.com/TKemmerling/status/2100985919289639319
2026-09-18 17:01:36,phishunt_io,domain,icloudxtzsopoe.click,#phishing,https://x.com/phishunt_io/status/2100993656178008506
2026-09-18 17:01:36,phishunt_io,url,http://icloudxtzsopoe.click/isignesp.php,#phishing,https://x.com/phishunt_io/status/2100993656178008506
2026-09-18 17:01:36,phishunt_io,ip,217.60.103.74,#phishing,https://x.com/phishunt_io/status/2100993656178008506
2026-09-18 18:20:04,Coolcarlos17,domain,loja1-havan.com,#phishing #scam,https://x.com/Coolcarlos17/status/2101013400574632275
2026-09-18 18:20:04,Coolcarlos17,url,https://loja1-havan.com/produto/32812,#phishing #scam,https://x.com/Coolcarlos17/status/2101013400574632275
2026-09-18 18:25:18,Coolcarlos17,domain,magablack.com,#phishing #scam,https://x.com/Coolcarlos17/status/2101014717934309394
2026-09-18 18:25:18,Coolcarlos17,url,https://magablack.com/produto.php?slug=escada-articulada-16-degraus-aluminio-botafogo-altura,#phishing #scam,https://x.com/Coolcarlos17/status/2101014717934309394
2026-09-18 20:46:10,skocherhan,domain,onemainfinancial-report.com,,https://x.com/skocherhan/status/2101050167726129334
2026-09-18 20:46:10,skocherhan,url,http://onemainfinancial-report.com,,https://x.com/skocherhan/status/2101050167726129334
2026-09-18 22:00:04,TKemmerling,domain,pineayra.com,#phishing,https://x.com/TKemmerling/status/2101068767312904606
2026-09-18 22:00:04,TKemmerling,url,http://pineayra.com,#phishing,https://x.com/TKemmerling/status/2101068767312904606
2026-09-18 23:04:31,TKemmerling,domain,myloisle.com,#phishing,https://x.com/TKemmerling/status/2101084984060817446
2026-09-18 23:04:31,TKemmerling,url,http://myloisle.com,#phishing,https://x.com/TKemmerling/status/2101084984060817446
2026-09-19 00:05:54,masaomi346,domain,polisdaaqopx.com,#malware #phishing,https://x.com/masaomi346/status/2101100433997791741
2026-09-19 00:05:54,masaomi346,url,https://polisdaaqopx.com/download/point/,#malware #phishing,https://x.com/masaomi346/status/2101100433997791741
2026-09-19 00:05:54,masaomi346,domain,suwakdsdowa.com,#malware #phishing,https://x.com/masaomi346/status/2101100433997791741
2026-09-19 00:05:54,masaomi346,url,https://suwakdsdowa.com/download/point/,#malware #phishing,https://x.com/masaomi346/status/2101100433997791741
2026-09-19 00:05:54,masaomi346,domain,uywajjsaiqas.com,#malware #phishing,https://x.com/masaomi346/status/2101100433997791741
2026-09-19 00:05:54,masaomi346,url,https://uywajjsaiqas.com/download/point/,#malware #phishing,https://x.com/masaomi346/status/2101100433997791741
2026-09-19 00:05:54,masaomi346,domain,oiuwaksdiw.com,#malware #phishing,https://x.com/masaomi346/status/2101100433997791741
2026-09-19 00:05:54,masaomi346,url,https://oiuwaksdiw.com/download/point/,#malware #phishing,https://x.com/masaomi346/status/2101100433997791741
2026-09-19 00:05:54,masaomi346,domain,poiwaksuwa.com,#malware #phishing,https://x.com/masaomi346/status/2101100433997791741
2026-09-19 00:05:54,masaomi346,url,https://poiwaksuwa.com/download/point/,#malware #phishing,https://x.com/masaomi346/status/2101100433997791741
2026-09-19 00:12:29,PhishEyeCom,domain,revolut.com.93810.app,#phishing,https://x.com/PhishEyeCom/status/2101102089296564512
2026-09-19 00:12:29,PhishEyeCom,url,http://revolut.com.93810.app,#phishing,https://x.com/PhishEyeCom/status/2101102089296564512
2026-09-19 01:05:43,TKemmerling,domain,financeoakmont.com,#phishing,https://x.com/TKemmerling/status/2101115486700544346
2026-09-19 01:05:43,TKemmerling,url,http://financeoakmont.com,#phishing,https://x.com/TKemmerling/status/2101115486700544346
2026-09-19 01:12:34,oroshi0064,domain,beglnr.cfd,#phishing,https://x.com/oroshi0064/status/2101117209171070991
2026-09-19 01:12:34,oroshi0064,url,https://beglnr.cfd/netbk/#/index,#phishing,https://x.com/oroshi0064/status/2101117209171070991
2026-09-19 01:42:12,scanmalware,domain,verifikasi.vercel.app,#malware,https://x.com/scanmalware/status/2101124668610449748
2026-09-19 01:42:12,scanmalware,url,http://verifikasi.vercel.app,#malware,https://x.com/scanmalware/status/2101124668610449748
2026-09-19 02:06:18,TKemmerling,domain,wholenura.com,#phishing,https://x.com/TKemmerling/status/2101130732429324520
2026-09-19 02:06:18,TKemmerling,url,http://wholenura.com,#phishing,https://x.com/TKemmerling/status/2101130732429324520
2026-09-19 02:06:18,TKemmerling,domain,nimblemevia.com,#phishing,https://x.com/TKemmerling/status/2101130732429324520
2026-09-19 02:06:18,TKemmerling,url,http://nimblemevia.com,#phishing,https://x.com/TKemmerling/status/2101130732429324520
2026-09-19 03:07:08,TKemmerling,domain,moneylaunchway.info,#phishing,https://x.com/TKemmerling/status/2101146042649788845
2026-09-19 03:07:08,TKemmerling,url,http://moneylaunchway.info,#phishing,https://x.com/TKemmerling/status/2101146042649788845
2026-09-19 03:07:08,TKemmerling,domain,moneycedarvale.com,#phishing,https://x.com/TKemmerling/status/2101146042649788845
2026-09-19 03:07:08,TKemmerling,url,http://moneycedarvale.com,#phishing,https://x.com/TKemmerling/status/2101146042649788845
2026-09-19 03:36:26,masaomi346,domain,cdfloq.cfd,#phishing,https://x.com/masaomi346/status/2101153416026480729
2026-09-19 03:36:26,masaomi346,url,https://cdfloq.cfd/netbk/#/index,#phishing,https://x.com/masaomi346/status/2101153416026480729
2026-09-19 04:47:37,patialavii,domain,taslimaenterprise.com,#phishing,https://x.com/patialavii/status/2101171329097687227
2026-09-19 04:47:37,patialavii,url,https://www.taslimaenterprise.com/adobe/,#phishing,https://x.com/patialavii/status/2101171329097687227
2026-09-19 04:47:37,patialavii,domain,taslimaenterprise.screenconnect.com,#phishing,https://x.com/patialavii/status/2101171329097687227
2026-09-19 04:47:37,patialavii,url,https://taslimaenterprise.screenconnect.com/Bin/ScreenConnect.ClientSetup.msi,#phishing,https://x.com/patialavii/status/2101171329097687227
2026-09-19 04:56:50,patialavii,domain,zoominviite.pages.dev,#phishing,https://x.com/patialavii/status/2101173647234978061
2026-09-19 04:56:50,patialavii,url,https://zoominviite.pages.dev,#phishing,https://x.com/patialavii/status/2101173647234978061
2026-09-19 05:07:55,patialavii,domain,zoominvite06-efq.pages.dev,#phishing,https://x.com/patialavii/status/2101176437994831934
2026-09-19 05:07:55,patialavii,url,https://zoominvite06-efq.pages.dev,#phishing,https://x.com/patialavii/status/2101176437994831934
2026-09-19 05:07:55,patialavii,domain,pixeldrain.com,#phishing,https://x.com/patialavii/status/2101176437994831934
2026-09-19 05:51:42,skocherhan,domain,usclimatologist.com,#phishing,https://x.com/skocherhan/status/2101187456531845446
2026-09-19 05:51:42,skocherhan,url,http://usclimatologist.com,#phishing,https://x.com/skocherhan/status/2101187456531845446
2026-09-19 06:33:55,PhishStats,domain,hero111.online,#phishing,https://x.com/PhishStats/status/2101198079651094726
2026-09-19 06:33:55,PhishStats,url,https://hero111.online/g/aru6q/web/authen.php,#phishing,https://x.com/PhishStats/status/2101198079651094726
2026-09-19 06:33:55,PhishStats,ip,201.7.16.43,#phishing,https://x.com/PhishStats/status/2101198079651094726
2026-09-19 07:01:39,phishunt_io,domain,www-robloxk.com,#phishing,https://x.com/phishunt_io/status/2101205061028176339
2026-09-19 07:01:39,phishunt_io,url,http://www-robloxk.com/login?returlUrl=1445876836,#phishing,https://x.com/phishunt_io/status/2101205061028176339
2026-09-19 07:02:24,RansoMonitor,domain,endzonezgz3sqzmtqg4acp4z7ao7xc6vunfhezjsnfqrm2ksudsredyd.onion,#ransomware,https://x.com/RansoMonitor/status/2101205250082586733
2026-09-19 07:02:24,RansoMonitor,url,http://endzonezgz3sqzmtqg4acp4z7ao7xc6vunfhezjsnfqrm2ksudsredyd.onion,#ransomware,https://x.com/RansoMonitor/status/2101205250082586733
2026-09-19 07:06:38,TKemmerling,domain,revaotrace.com,#phishing,https://x.com/TKemmerling/status/2101206314093523322
2026-09-19 07:06:38,TKemmerling,url,http://revaotrace.com,#phishing,https://x.com/TKemmerling/status/2101206314093523322
2026-09-19 07:06:38,TKemmerling,domain,oskatrace.com,#phishing,https://x.com/TKemmerling/status/2101206314093523322
2026-09-19 07:06:38,TKemmerling,url,http://oskatrace.com,#phishing,https://x.com/TKemmerling/status/2101206314093523322
2026-09-19 07:11:10,TKemmerling,domain,healthassistcarepro.com,#phishing,https://x.com/TKemmerling/status/2101207456357679495
2026-09-19 07:11:10,TKemmerling,url,http://healthassistcarepro.com,#phishing,https://x.com/TKemmerling/status/2101207456357679495
2026-09-19 07:11:10,TKemmerling,domain,healthprimeflow.com,#phishing,https://x.com/TKemmerling/status/2101207456357679495
2026-09-19 07:11:10,TKemmerling,url,http://healthprimeflow.com,#phishing,https://x.com/TKemmerling/status/2101207456357679495
2026-09-19 07:14:25,TKemmerling,domain,treasurymoneybase.info,#phishing,https://x.com/TKemmerling/status/2101208272380584426
2026-09-19 07:14:25,TKemmerling,url,http://treasurymoneybase.info,#phishing,https://x.com/TKemmerling/status/2101208272380584426
2026-09-19 07:14:25,TKemmerling,domain,equitygrandview.com,#phishing,https://x.com/TKemmerling/status/2101208272380584426
2026-09-19 07:14:25,TKemmerling,url,http://equitygrandview.com,#phishing,https://x.com/TKemmerling/status/2101208272380584426
2026-09-19 08:55:03,raghav127001,url,http://162.35.122.140:5000,#phishing,https://x.com/raghav127001/status/2101233599479758950
2026-09-19 08:55:03,raghav127001,ip,162.35.122.140,#phishing,https://x.com/raghav127001/status/2101233599479758950
2026-09-19 12:01:29,phishunt_io,domain,xfinity-updateform.square.site,#phishing,https://x.com/phishunt_io/status/2101280515982508109
2026-09-19 12:01:29,phishunt_io,url,http://xfinity-updateform.square.site,#phishing,https://x.com/phishunt_io/status/2101280515982508109
2026-09-19 12:01:29,phishunt_io,ip,74.115.51.5,#phishing,https://x.com/phishunt_io/status/2101280515982508109
2026-09-19 13:11:10,byrne_emmy12099,domain,afc-security-report.duckdns.org,#APT,https://x.com/byrne_emmy12099/status/2101298053009543197
2026-09-19 13:11:10,byrne_emmy12099,url,http://afc-security-report.duckdns.org,#APT,https://x.com/byrne_emmy12099/status/2101298053009543197
2026-09-19 14:31:27,skocherhan,md5,15ee29ea4f475fb13fba61e185e4fac5,,https://x.com/skocherhan/status/2101318257311383698
2026-09-19 15:02:25,RansoMonitor,domain,nongzecboljwv3yfndkggsybsglfrkffw7bvk2zemuteoxe6etpusnad.onion,#ransomware,https://x.com/RansoMonitor/status/2101326047140851938
2026-09-19 15:02:25,RansoMonitor,url,http://nongzecboljwv3yfndkggsybsglfrkffw7bvk2zemuteoxe6etpusnad.onion,#ransomware,https://x.com/RansoMonitor/status/2101326047140851938
2026-09-19 15:06:33,skocherhan,domain,yxz-1469461062.cos.ap-singapore.myqcloud.com,,https://x.com/skocherhan/status/2101327088879866288
2026-09-19 15:06:33,skocherhan,url,http://yxz-1469461062.cos.ap-singapore.myqcloud.com,,https://x.com/skocherhan/status/2101327088879866288
2026-09-19 15:27:18,skocherhan,domain,chocolate65.beer,#C2 #ClickFix,https://x.com/skocherhan/status/2101332313053315436
2026-09-19 15:27:18,skocherhan,url,http://chocolate65.beer,#C2 #ClickFix,https://x.com/skocherhan/status/2101332313053315436
2026-09-19 16:20:42,skocherhan,domain,basednewsarticle.com,#ClickFix,https://x.com/skocherhan/status/2101345751297040464
2026-09-19 16:20:42,skocherhan,url,http://basednewsarticle.com,#ClickFix,https://x.com/skocherhan/status/2101345751297040464
2026-09-19 16:20:42,skocherhan,domain,1902-cf.com,#ClickFix,https://x.com/skocherhan/status/2101345751297040464
2026-09-19 16:20:42,skocherhan,url,http://1902-cf.com,#ClickFix,https://x.com/skocherhan/status/2101345751297040464
2026-09-19 16:55:39,Coolcarlos17,domain,google-havan.com,#phishing #scam,https://x.com/Coolcarlos17/status/2101354543258706094
2026-09-19 16:55:39,Coolcarlos17,url,http://GOOGLE-HAVAN.COM,#phishing #scam,https://x.com/Coolcarlos17/status/2101354543258706094
2026-09-19 17:01:25,phishunt_io,domain,ferdelmann.charles.office-share-microsoft.com,#phishing,https://x.com/phishunt_io/status/2101355995632935294
2026-09-19 17:01:25,phishunt_io,url,http://ferdelmann.charles.office-share-microsoft.com,#phishing,https://x.com/phishunt_io/status/2101355995632935294
2026-09-19 18:41:05,skocherhan,domain,promptkernelrun.com,#CobaltStrike,https://x.com/skocherhan/status/2101381078099357897
2026-09-19 18:41:05,skocherhan,url,http://promptkernelrun.com,#CobaltStrike,https://x.com/skocherhan/status/2101381078099357897
2026-09-19 20:39:55,skocherhan,md5,dc813075da61d2a26872c8bf932062b3,,https://x.com/skocherhan/status/2101410983684047185
2026-09-19 22:50:41,skocherhan,domain,0xbuyer.com,,https://x.com/skocherhan/status/2101443894105792574
2026-09-19 22:50:41,skocherhan,url,http://0xbuyer.com,,https://x.com/skocherhan/status/2101443894105792574
2026-09-19 22:50:41,skocherhan,domain,3jjbgsf.top,,https://x.com/skocherhan/status/2101443894105792574
2026-09-19 22:50:41,skocherhan,url,http://3jjbgsf.top,,https://x.com/skocherhan/status/2101443894105792574
2026-09-19 22:50:41,skocherhan,domain,kt6a61dr.cyou,,https://x.com/skocherhan/status/2101443894105792574
2026-09-19 22:50:41,skocherhan,url,http://kt6a61dr.cyou,,https://x.com/skocherhan/status/2101443894105792574
2026-09-19 22:50:41,skocherhan,domain,alonjorji.com,,https://x.com/skocherhan/status/2101443894105792574
2026-09-19 22:50:41,skocherhan,url,http://alonjorji.com,,https://x.com/skocherhan/status/2101443894105792574
2026-09-19 22:50:41,skocherhan,domain,d3a3acb2081aa852.com,,https://x.com/skocherhan/status/2101443894105792574
2026-09-19 22:50:41,skocherhan,url,http://d3a3acb2081aa852.com,,https://x.com/skocherhan/status/2101443894105792574
2026-09-19 22:50:41,skocherhan,domain,garciaselectric.com,,https://x.com/skocherhan/status/2101443894105792574
2026-09-19 22:50:41,skocherhan,url,http://garciaselectric.com,,https://x.com/skocherhan/status/2101443894105792574
2026-09-19 22:50:41,skocherhan,domain,hoirie.co,,https://x.com/skocherhan/status/2101443894105792574
2026-09-19 22:50:41,skocherhan,url,http://hoirie.co,,https://x.com/skocherhan/status/2101443894105792574
2026-09-19 22:50:41,skocherhan,domain,hoirie.com,,https://x.com/skocherhan/status/2101443894105792574
2026-09-19 22:50:41,skocherhan,url,http://hoirie.com,,https://x.com/skocherhan/status/2101443894105792574
2026-09-19 22:50:41,skocherhan,domain,isseiservice.com,,https://x.com/skocherhan/status/2101443894105792574
2026-09-19 22:50:41,skocherhan,url,http://isseiservice.com,,https://x.com/skocherhan/status/2101443894105792574
2026-09-19 22:50:41,skocherhan,domain,l6bettdmp.com,,https://x.com/skocherhan/status/2101443894105792574
2026-09-19 22:50:41,skocherhan,url,http://l6bettdmp.com,,https://x.com/skocherhan/status/2101443894105792574
2026-09-19 22:50:41,skocherhan,domain,m-betlike747.com,,https://x.com/skocherhan/status/2101443894105792574
2026-09-19 22:50:41,skocherhan,url,http://m-betlike747.com,,https://x.com/skocherhan/status/2101443894105792574
2026-09-19 22:50:41,skocherhan,domain,marketmavenco.com,,https://x.com/skocherhan/status/2101443894105792574
2026-09-19 22:50:41,skocherhan,url,http://marketmavenco.com,,https://x.com/skocherhan/status/2101443894105792574
2026-09-19 22:50:41,skocherhan,domain,nightfall.host,,https://x.com/skocherhan/status/2101443894105792574
2026-09-19 22:50:41,skocherhan,url,http://nightfall.host,,https://x.com/skocherhan/status/2101443894105792574
2026-09-19 22:50:41,skocherhan,domain,p8888slot.com,,https://x.com/skocherhan/status/2101443894105792574
2026-09-19 22:50:41,skocherhan,url,http://p8888slot.com,,https://x.com/skocherhan/status/2101443894105792574
2026-09-19 22:50:41,skocherhan,domain,timetaptalk.info,,https://x.com/skocherhan/status/2101443894105792574
2026-09-19 22:50:41,skocherhan,url,http://timetaptalk.info,,https://x.com/skocherhan/status/2101443894105792574
2026-09-19 22:50:41,skocherhan,domain,urplemind.online,,https://x.com/skocherhan/status/2101443894105792574
2026-09-19 22:50:41,skocherhan,url,http://urplemind.online,,https://x.com/skocherhan/status/2101443894105792574
2026-09-19 22:50:41,skocherhan,domain,voidlings.art,,https://x.com/skocherhan/status/2101443894105792574
2026-09-19 22:50:41,skocherhan,url,http://voidlings.art,,https://x.com/skocherhan/status/2101443894105792574
2026-09-19 22:50:41,skocherhan,domain,w6273k.vip,,https://x.com/skocherhan/status/2101443894105792574
2026-09-19 22:50:41,skocherhan,url,http://w6273k.vip,,https://x.com/skocherhan/status/2101443894105792574
2026-09-19 22:50:41,skocherhan,domain,xn--80aafzuww.xn--p1ai,,https://x.com/skocherhan/status/2101443894105792574
2026-09-19 22:50:41,skocherhan,url,http://xn--80aafzuww.xn--p1ai,,https://x.com/skocherhan/status/2101443894105792574
2026-09-20 00:28:47,PhishStats,domain,bik1nc.webwave.dev,#phishing,https://x.com/PhishStats/status/2101468581825286505
2026-09-20 00:28:47,PhishStats,url,https://bik1nc.webwave.dev,#phishing,https://x.com/PhishStats/status/2101468581825286505
2026-09-20 00:28:47,PhishStats,ip,45.56.81.89,#phishing,https://x.com/PhishStats/status/2101468581825286505
2026-09-20 00:45:31,skocherhan,domain,upwebbmaster.com,,https://x.com/skocherhan/status/2101472791585308970
2026-09-20 00:45:31,skocherhan,url,http://www.upwebbmaster.com/GJ785PL/2MNFPWLH/,,https://x.com/skocherhan/status/2101472791585308970
2026-09-20 00:45:31,skocherhan,md5,6776d89b4b33d48cae6eb2b6165deef1,,https://x.com/skocherhan/status/2101472791585308970
2026-09-20 00:47:30,masaomi346,domain,hasoadwaznqps.com,#malware #phishing,https://x.com/masaomi346/status/2101473291596882409
2026-09-20 00:47:30,masaomi346,url,https://hasoadwaznqps.com/nenkin/download/,#malware #phishing,https://x.com/masaomi346/status/2101473291596882409
2026-09-20 00:47:30,masaomi346,domain,polisdaaqopx.com,#malware #phishing,https://x.com/masaomi346/status/2101473291596882409
2026-09-20 00:47:30,masaomi346,url,https://polisdaaqopx.com/nenkin/download/,#malware #phishing,https://x.com/masaomi346/status/2101473291596882409
2026-09-20 00:47:30,masaomi346,domain,suwakdsdowa.com,#malware #phishing,https://x.com/masaomi346/status/2101473291596882409
2026-09-20 00:47:30,masaomi346,url,https://suwakdsdowa.com/nenkin/download/,#malware #phishing,https://x.com/masaomi346/status/2101473291596882409
2026-09-20 00:47:30,masaomi346,domain,tver.gopuwas.com,#malware #phishing,https://x.com/masaomi346/status/2101473291596882409
2026-09-20 00:47:30,masaomi346,url,https://tver.gopuwas.com/nenkin/download/,#malware #phishing,https://x.com/masaomi346/status/2101473291596882409
2026-09-20 00:47:30,masaomi346,sha256,65780c4e5bc7a142a3578dc381aa9241510cd907a1e5bd09832989ab8b973965,#malware #phishing,https://x.com/masaomi346/status/2101473291596882409
2026-09-20 00:59:29,TKemmerling,domain,oskatrace.com,#phishing,https://x.com/TKemmerling/status/2101476304042537188
2026-09-20 00:59:29,TKemmerling,url,http://oskatrace.com,#phishing,https://x.com/TKemmerling/status/2101476304042537188
2026-09-20 01:34:13,TKemmerling,domain,norahadraivnig.com,#phishing,https://x.com/TKemmerling/status/2101485045404111150
2026-09-20 01:34:13,TKemmerling,url,http://norahadraivnig.com,#phishing,https://x.com/TKemmerling/status/2101485045404111150
2026-09-20 02:10:41,TKemmerling,domain,casibom0862.com,#phishing,https://x.com/TKemmerling/status/2101494225556914430
2026-09-20 02:10:41,TKemmerling,url,http://casibom0862.com,#phishing,https://x.com/TKemmerling/status/2101494225556914430
2026-09-20 02:45:29,TKemmerling,domain,healthspringway.com,#phishing,https://x.com/TKemmerling/status/2101502981078499744
2026-09-20 02:45:29,TKemmerling,url,http://healthspringway.com,#phishing,https://x.com/TKemmerling/status/2101502981078499744
2026-09-20 02:45:29,TKemmerling,domain,investcreditlane.com,#phishing,https://x.com/TKemmerling/status/2101502981078499744
2026-09-20 02:45:29,TKemmerling,url,http://investcreditlane.com,#phishing,https://x.com/TKemmerling/status/2101502981078499744
2026-09-20 03:21:02,TKemmerling,domain,havokindle.com,#phishing,https://x.com/TKemmerling/status/2101511928506142807
2026-09-20 03:21:02,TKemmerling,url,http://havokindle.com,#phishing,https://x.com/TKemmerling/status/2101511928506142807
2026-09-20 03:56:12,TKemmerling,domain,financespringboard.info,#phishing,https://x.com/TKemmerling/status/2101520777405489270
2026-09-20 03:56:12,TKemmerling,url,http://financespringboard.info,#phishing,https://x.com/TKemmerling/status/2101520777405489270
2026-09-20 03:56:12,TKemmerling,domain,financeoakmont.com,#phishing,https://x.com/TKemmerling/status/2101520777405489270
2026-09-20 03:56:12,TKemmerling,url,http://financeoakmont.com,#phishing,https://x.com/TKemmerling/status/2101520777405489270
2026-09-20 04:32:51,TKemmerling,domain,viraoasis.com,#phishing,https://x.com/TKemmerling/status/2101530000243741109
2026-09-20 04:32:51,TKemmerling,url,http://viraoasis.com,#phishing,https://x.com/TKemmerling/status/2101530000243741109
2026-09-20 04:42:02,scanmalware,domain,security-server-landing-page--spencer-hunt1.replit.app,#phishing,https://x.com/scanmalware/status/2101532313389568437
2026-09-20 04:42:02,scanmalware,url,http://security-server-landing-page--spencer-hunt1.replit.app,#phishing,https://x.com/scanmalware/status/2101532313389568437
2026-09-20 04:46:00,masaomi346,domain,cnplacen-jprakutanziu.com,#malware #phishing,https://x.com/masaomi346/status/2101533309193085311
2026-09-20 04:46:00,masaomi346,url,https://cnplacen-jprakutanziu.com,#malware #phishing,https://x.com/masaomi346/status/2101533309193085311
2026-09-20 04:46:00,masaomi346,domain,jkvapesto-jprakutanziu.com,#malware #phishing,https://x.com/masaomi346/status/2101533309193085311
2026-09-20 04:46:00,masaomi346,url,https://jkvapesto-jprakutanziu.com,#malware #phishing,https://x.com/masaomi346/status/2101533309193085311
2026-09-20 04:46:00,masaomi346,domain,wuhuanlo-jprakutanziu.com,#malware #phishing,https://x.com/masaomi346/status/2101533309193085311
2026-09-20 04:46:00,masaomi346,url,https://wuhuanlo-jprakutanziu.com,#malware #phishing,https://x.com/masaomi346/status/2101533309193085311
2026-09-20 04:46:00,masaomi346,domain,loushiha-jprakutanziu.com,#malware #phishing,https://x.com/masaomi346/status/2101533309193085311
2026-09-20 04:46:00,masaomi346,url,https://loushiha-jprakutanziu.com,#malware #phishing,https://x.com/masaomi346/status/2101533309193085311
2026-09-20 04:46:00,masaomi346,sha256,c9b993006f1e6b69ac3f658f21c556c3fb544e391a002f0b8d72887f35e508df,#malware #phishing,https://x.com/masaomi346/status/2101533309193085311
2026-09-20 04:48:43,TKemmerling,domain,troll8.com,#phishing,https://x.com/TKemmerling/status/2101533992235446533
2026-09-20 04:48:43,TKemmerling,url,http://troll8.com,#phishing,https://x.com/TKemmerling/status/2101533992235446533
2026-09-20 10:40:51,EthanAleja5m3,domain,dsjex.net,#cryptoscam #scam,https://x.com/EthanAleja5m3/status/2101622610345726400
2026-09-20 10:40:51,EthanAleja5m3,url,http://dsjex.net,#cryptoscam #scam,https://x.com/EthanAleja5m3/status/2101622610345726400
2026-09-20 10:41:17,EthanAleja5m3,domain,m.comex3.online,#cryptoscam #scam,https://x.com/EthanAleja5m3/status/2101622719540273523
2026-09-20 10:41:17,EthanAleja5m3,url,http://m.comex3.online,#cryptoscam #scam,https://x.com/EthanAleja5m3/status/2101622719540273523
2026-09-20 10:44:33,EthanAleja5m3,domain,phtmviso.com,#scam,https://x.com/EthanAleja5m3/status/2101623540873130189
2026-09-20 10:44:33,EthanAleja5m3,url,http://phtmviso.com,#scam,https://x.com/EthanAleja5m3/status/2101623540873130189
2026-09-20 15:32:34,skocherhan,domain,steamupdate.ydns.eu,,https://x.com/skocherhan/status/2101696026377613675
2026-09-20 15:32:34,skocherhan,url,http://steamupdate.ydns.eu,,https://x.com/skocherhan/status/2101696026377613675
2026-09-20 15:38:34,muha2xmad,domain,v6-nq.global.ssl.fastly.net,#phishing,https://x.com/muha2xmad/status/2101697535022666155
2026-09-20 15:38:34,muha2xmad,url,https://v6-nq.global.ssl.fastly.net/pep1/30/veri.html?e=temo@microsoft.com,#phishing,https://x.com/muha2xmad/status/2101697535022666155
2026-09-20 15:38:34,muha2xmad,url,https://api.telegram.org/bot8804559396:AAEbtnnqlSgaq8km0iPeDuAjakWpRVUSVws/sendMessage,#phishing,https://x.com/muha2xmad/status/2101697535022666155
2026-09-20 20:31:59,PhishStats,domain,appleidmapa.com,#phishing,https://x.com/PhishStats/status/2101771375069323569
2026-09-20 20:31:59,PhishStats,url,https://appleidmapa.com/isignesp.php,#phishing,https://x.com/PhishStats/status/2101771375069323569
2026-09-20 20:31:59,PhishStats,ip,217.60.103.74,#phishing,https://x.com/PhishStats/status/2101771375069323569
2026-09-20 21:31:19,oroshi0064,domain,martiala-ertaxjpzu.com,#malware #phishing,https://x.com/oroshi0064/status/2101786305671868627
2026-09-20 21:31:19,oroshi0064,url,https://martiala-ertaxjpzu.com,#malware #phishing,https://x.com/oroshi0064/status/2101786305671868627
2026-09-20 21:31:19,oroshi0064,domain,futurerock-ertaxjpzu.com,#malware #phishing,https://x.com/oroshi0064/status/2101786305671868627
2026-09-20 21:31:19,oroshi0064,url,https://futurerock-ertaxjpzu.com,#malware #phishing,https://x.com/oroshi0064/status/2101786305671868627
2026-09-20 21:31:19,oroshi0064,domain,babipoom-ertaxjpzu.com,#malware #phishing,https://x.com/oroshi0064/status/2101786305671868627
2026-09-20 21:31:19,oroshi0064,url,https://babipoom-ertaxjpzu.com,#malware #phishing,https://x.com/oroshi0064/status/2101786305671868627
2026-09-20 23:15:04,masaomi346,domain,barabax.com,#malware #phishing,https://x.com/masaomi346/status/2101812417550594191
2026-09-20 23:15:04,masaomi346,url,https://barabax.com,#malware #phishing,https://x.com/masaomi346/status/2101812417550594191
2026-09-20 23:15:04,masaomi346,domain,carsonhow-ertaxjpzu.com,#malware #phishing,https://x.com/masaomi346/status/2101812417550594191
2026-09-20 23:15:04,masaomi346,url,https://carsonhow-ertaxjpzu.com,#malware #phishing,https://x.com/masaomi346/status/2101812417550594191
2026-09-20 23:15:04,masaomi346,domain,etax.mampnagf.co.uk,#malware #phishing,https://x.com/masaomi346/status/2101812417550594191
2026-09-20 23:15:04,masaomi346,url,https://etax.mampnagf.co.uk,#malware #phishing,https://x.com/masaomi346/status/2101812417550594191
2026-09-20 23:15:04,masaomi346,domain,fengniaop-ertaxjpzu.com,#malware #phishing,https://x.com/masaomi346/status/2101812417550594191
2026-09-20 23:15:04,masaomi346,url,https://fengniaop-ertaxjpzu.com,#malware #phishing,https://x.com/masaomi346/status/2101812417550594191
2026-09-20 23:15:04,masaomi346,sha256,f406a815d1b5aaf7bcc4d15a9d2e422401eac6d054b35bd6e145bf14ce6f10f9,#malware #phishing,https://x.com/masaomi346/status/2101812417550594191
2026-09-20 23:35:02,masaomi346,domain,se.kuashouban.com,#malware #phishing,https://x.com/masaomi346/status/2101817441022271734
2026-09-20 23:35:02,masaomi346,url,https://se.kuashouban.com,#malware #phishing,https://x.com/masaomi346/status/2101817441022271734
2026-09-20 23:35:02,masaomi346,sha256,8c08e15adf3e789b2a936e38aaf8e70cf4443b535a00f3aaf716606a53b4a400,#malware #phishing,https://x.com/masaomi346/status/2101817441022271734
2026-09-21 00:01:52,Recoverwithbrad,domain,m.comex3.online,#cryptoscam #scam,https://x.com/Recoverwithbrad/status/2101824191972413478
2026-09-21 00:01:52,Recoverwithbrad,url,http://m.comex3.online,#cryptoscam #scam,https://x.com/Recoverwithbrad/status/2101824191972413478
2026-09-21 00:51:31,scanmalware,domain,sp30ct-zavun-biz-kemir-qolax.pages.dev,#ransomware,https://x.com/scanmalware/status/2101836688615952514
2026-09-21 00:51:31,scanmalware,url,http://sp30ct-zavun-biz-kemir-qolax.pages.dev,#ransomware,https://x.com/scanmalware/status/2101836688615952514
2026-09-21 02:12:02,scanmalware,domain,hyundaiservisiankara.com,#malware,https://x.com/scanmalware/status/2101856950040318312
2026-09-21 03:10:02,scanmalware,domain,sp11ct-fardok-biz8-molvik-keslor.pages.dev,#phishing,https://x.com/scanmalware/status/2101871548072149217
2026-09-21 03:10:02,scanmalware,url,http://sp11ct-fardok-biz8-molvik-keslor.pages.dev,#phishing,https://x.com/scanmalware/status/2101871548072149217
2026-09-21 04:18:55,TKemmerling,domain,myloisle.com,#phishing,https://x.com/TKemmerling/status/2101888881201422390
2026-09-21 04:18:55,TKemmerling,url,http://myloisle.com,#phishing,https://x.com/TKemmerling/status/2101888881201422390
2026-09-21 04:34:25,masaomi346,domain,daxueshengwz.com,#phishing,https://x.com/masaomi346/status/2101892782503969087
2026-09-21 04:34:25,masaomi346,url,https://daxueshengwz.com/0a0i4gfm#/login,#phishing,https://x.com/masaomi346/status/2101892782503969087
2026-09-21 04:52:19,TKemmerling,domain,troll8.com,#phishing,https://x.com/TKemmerling/status/2101897286318174525
2026-09-21 04:52:19,TKemmerling,url,http://troll8.com,#phishing,https://x.com/TKemmerling/status/2101897286318174525
2026-09-21 05:14:29,byrne_emmy12099,url,https://www.dropbox.com/scl/fi/eiy657ap3ncis7liuklvj/.html?rlkey=3epkpzh4t1y8zapwf87xfcn1x&st=hxqht8jp,#APT,https://x.com/byrne_emmy12099/status/2101902866890023350
2026-09-21 05:14:29,byrne_emmy12099,domain,files.surveillance-online.com,#APT,https://x.com/byrne_emmy12099/status/2101902866890023350
2026-09-21 05:14:29,byrne_emmy12099,url,https://files.surveillance-online.com,#APT,https://x.com/byrne_emmy12099/status/2101902866890023350
2026-09-21 06:36:09,JangPr0,md5,766897bacfe342b2641fc4a6ddb4b087,#APT #Kimsuky,https://x.com/JangPr0/status/2101923416521728224
2026-09-21 06:36:09,JangPr0,md5,2685cc73b0582c6104787c9f570cebdf,#APT #Kimsuky,https://x.com/JangPr0/status/2101923416521728224
2026-09-21 06:36:09,JangPr0,md5,3d5fcdf012e281cf0d2611f731b97631,#APT #Kimsuky,https://x.com/JangPr0/status/2101923416521728224
2026-09-21 07:01:25,phishunt_io,domain,htttps-www-roblox.co,#phishing,https://x.com/phishunt_io/status/2101929776264991057
2026-09-21 07:01:25,phishunt_io,url,http://htttps-www-roblox.co/login?returnUrl=1789978322,#phishing,https://x.com/phishunt_io/status/2101929776264991057
2026-09-21 07:01:25,phishunt_io,ip,169.58.26.182,#phishing,https://x.com/phishunt_io/status/2101929776264991057
2026-09-21 07:16:56,suyog41,md5,ee9d66099e941003d97c97ed0b88d03d,,https://x.com/suyog41/status/2101933680587333792
2026-09-21 07:21:02,scanmalware,domain,urlshort-linkmu9uwm4tctbb.banksystem.workers.dev,#phishing,https://x.com/scanmalware/status/2101934713350856728
2026-09-21 07:21:02,scanmalware,url,http://urlshort-linkmu9uwm4tctbb.banksystem.workers.dev,#phishing,https://x.com/scanmalware/status/2101934713350856728
2026-09-21 07:30:28,Fact_Finder03,ip,37.60.232.250,#C2,https://x.com/Fact_Finder03/status/2101937086865744077
2026-09-21 07:53:00,Fact_Finder03,ip,82.26.91.80,#C2,https://x.com/Fact_Finder03/status/2101942757237342692
2026-09-21 08:25:59,TKemmerling,domain,norahadraivnig.com,#phishing,https://x.com/TKemmerling/status/2101951060667720085
2026-09-21 08:25:59,TKemmerling,url,http://norahadraivnig.com,#phishing,https://x.com/TKemmerling/status/2101951060667720085
2026-09-21 08:40:02,scanmalware,domain,sp12ct-zavmor-biz-pransik-holdek.pages.dev,#ransomware,https://x.com/scanmalware/status/2101954596742574332
2026-09-21 08:40:02,scanmalware,url,http://sp12ct-zavmor-biz-pransik-holdek.pages.dev,#ransomware,https://x.com/scanmalware/status/2101954596742574332
2026-09-21 08:59:35,suyog41,md5,97b7b06fc46806775d2ba0f97985269b,,https://x.com/suyog41/status/2101959514333327375
2026-09-21 09:02:00,Fact_Finder03,ip,191.223.218.5,#C2,https://x.com/Fact_Finder03/status/2101960122172080224
2026-09-21 09:53:27,Fact_Finder03,ip,31.56.176.4,#C2 #stealer,https://x.com/Fact_Finder03/status/2101973069174906883
2026-09-21 10:09:45,PhishStats,domain,vodafoneelevation.de,#phishing,https://x.com/PhishStats/status/2101977171338100881
2026-09-21 10:09:45,PhishStats,url,https://vodafoneelevation.de/info/,#phishing,https://x.com/PhishStats/status/2101977171338100881
2026-09-21 10:09:45,PhishStats,ip,216.150.1.1,#phishing,https://x.com/PhishStats/status/2101977171338100881
2026-09-21 10:38:04,OpcodeIntel,domain,n0n.to,#ransomware,https://x.com/OpcodeIntel/status/2101984300367491384
2026-09-21 10:38:04,OpcodeIntel,url,http://n0n.to,#ransomware,https://x.com/OpcodeIntel/status/2101984300367491384
2026-09-21 11:05:35,Fact_Finder03,ip,177.3.208.49,#C2 #RAT,https://x.com/Fact_Finder03/status/2101991222978244884
2026-09-21 11:05:35,Fact_Finder03,sha256,44f6869527d65e5bb502db7c1963992b13e62d6333b5c9c82e00dd0450111502,#C2 #RAT,https://x.com/Fact_Finder03/status/2101991222978244884
2026-09-21 11:05:35,Fact_Finder03,sha256,8bc6f3a7ac674b55a92b586af5d36bab22e7598ee01f838f1b1279d28025c1e0,#C2 #RAT,https://x.com/Fact_Finder03/status/2101991222978244884
2026-09-21 11:55:55,byrne_emmy12099,domain,uoyleep.yzz.me,#APT,https://x.com/byrne_emmy12099/status/2102003889109389442
2026-09-21 11:55:55,byrne_emmy12099,url,https://uoyleep.yzz.me,#APT,https://x.com/byrne_emmy12099/status/2102003889109389442
2026-09-21 12:01:03,masaomi346,domain,amylouisesky.com,#malware #phishing,https://x.com/masaomi346/status/2102005183362531677
2026-09-21 12:01:03,masaomi346,url,https://amylouisesky.com,#malware #phishing,https://x.com/masaomi346/status/2102005183362531677
2026-09-21 12:01:03,masaomi346,domain,baichuanx-jprakutanziu.com,#malware #phishing,https://x.com/masaomi346/status/2102005183362531677
2026-09-21 12:01:03,masaomi346,url,https://baichuanx-jprakutanziu.com,#malware #phishing,https://x.com/masaomi346/status/2102005183362531677
2026-09-21 12:01:03,masaomi346,domain,cgcdutyfree.com,#malware #phishing,https://x.com/masaomi346/status/2102005183362531677
2026-09-21 12:01:03,masaomi346,url,https://cgcdutyfree.com,#malware #phishing,https://x.com/masaomi346/status/2102005183362531677
2026-09-21 12:01:03,masaomi346,domain,dashinginc.com,#malware #phishing,https://x.com/masaomi346/status/2102005183362531677
2026-09-21 12:01:03,masaomi346,url,https://dashinginc.com,#malware #phishing,https://x.com/masaomi346/status/2102005183362531677
2026-09-21 12:01:03,masaomi346,domain,hangyushengan.com,#malware #phishing,https://x.com/masaomi346/status/2102005183362531677
2026-09-21 12:01:03,masaomi346,url,https://hangyushengan.com,#malware #phishing,https://x.com/masaomi346/status/2102005183362531677
2026-09-21 12:01:03,masaomi346,domain,henanzuoluo.com,#malware #phishing,https://x.com/masaomi346/status/2102005183362531677
2026-09-21 12:01:03,masaomi346,url,https://henanzuoluo.com,#malware #phishing,https://x.com/masaomi346/status/2102005183362531677
2026-09-21 12:01:03,masaomi346,sha256,de06a1b7f4f4e44f346b8349daea8cd3dd82a310b5e524cdc912f0945f12a0bd,#malware #phishing,https://x.com/masaomi346/status/2102005183362531677
2026-09-21 12:09:49,byrne_emmy12099,domain,files.offshore.cx,#APT,https://x.com/byrne_emmy12099/status/2102007387205079109
2026-09-21 12:09:49,byrne_emmy12099,url,https://files.offshore.cx/api/file/28d15eb2-e9da-490b-8255-7df3ec683419,#APT,https://x.com/byrne_emmy12099/status/2102007387205079109
2026-09-21 12:09:49,byrne_emmy12099,sha256,268bd28bf7fd0bb7911797c4ca7cfadf65b5422f7e329aa28a79990d0e44f8d7,#APT,https://x.com/byrne_emmy12099/status/2102007387205079109
2026-09-21 12:31:57,masaomi346,domain,gonfuirkgroao.life,#ClickFix #malware,https://x.com/masaomi346/status/2102012957467259164
2026-09-21 12:31:57,masaomi346,url,http://gonfuirkgroao.life,#ClickFix #malware,https://x.com/masaomi346/status/2102012957467259164
2026-09-21 13:13:17,OpcodeIntel,domain,net121.site,#malware,https://x.com/OpcodeIntel/status/2102023361522266197
2026-09-21 13:13:17,OpcodeIntel,url,http://net121.site,#malware,https://x.com/OpcodeIntel/status/2102023361522266197
2026-09-21 14:08:13,muha2xmad,url,https://storage.googleapis.com/narpotelsgh332bsp/765100084431/3003125112/tee6/index.html#temp@microsoft.com,#phishing,https://x.com/muha2xmad/status/2102037183922131211
2026-09-21 14:08:13,muha2xmad,domain,mail.ananworks.com,#phishing,https://x.com/muha2xmad/status/2102037183922131211
2026-09-21 14:08:13,muha2xmad,url,https://mail.ananworks.com/wp-content/plugins/elementor/includes/tee6/time.php,#phishing,https://x.com/muha2xmad/status/2102037183922131211
2026-09-21 15:09:44,TKemmerling,domain,financeoakmont.com,#phishing,https://x.com/TKemmerling/status/2102052664167354776
2026-09-21 15:09:44,TKemmerling,url,http://financeoakmont.com,#phishing,https://x.com/TKemmerling/status/2102052664167354776
2026-09-21 15:27:06,copy_and_paster,url,http://github.com/peaceworld267,#Kimsuky,https://x.com/copy_and_paster/status/2102057036876026178
2026-09-21 15:27:06,copy_and_paster,url,http://github.com/zhejiong-prog,#Kimsuky,https://x.com/copy_and_paster/status/2102057036876026178
2026-09-21 15:27:06,copy_and_paster,url,http://github.com/momonero26,#Kimsuky,https://x.com/copy_and_paster/status/2102057036876026178
2026-09-21 15:27:06,copy_and_paster,url,http://github.com/payuser2026,#Kimsuky,https://x.com/copy_and_paster/status/2102057036876026178
2026-09-21 15:27:06,copy_and_paster,url,http://github.com/downportal48,#Kimsuky,https://x.com/copy_and_paster/status/2102057036876026178
2026-09-21 15:27:06,copy_and_paster,url,http://github.com/twilerstar,#Kimsuky,https://x.com/copy_and_paster/status/2102057036876026178
2026-09-21 15:42:08,TKemmerling,domain,bluesummithq.blog,#phishing,https://x.com/TKemmerling/status/2102060819051921819
2026-09-21 15:42:08,TKemmerling,url,http://bluesummithq.blog,#phishing,https://x.com/TKemmerling/status/2102060819051921819
2026-09-21 16:14:49,TKemmerling,domain,mapletrailmedia.store,#phishing,https://x.com/TKemmerling/status/2102069045092892893
2026-09-21 16:14:49,TKemmerling,url,http://mapletrailmedia.store,#phishing,https://x.com/TKemmerling/status/2102069045092892893
2026-09-21 17:20:29,TKemmerling,domain,stylishhomegallery.com,#phishing,https://x.com/TKemmerling/status/2102085568679346446
2026-09-21 17:20:29,TKemmerling,url,http://stylishhomegallery.com,#phishing,https://x.com/TKemmerling/status/2102085568679346446
2026-09-21 18:27:59,PhishStats,domain,wuweizhe.com,#phishing,https://x.com/PhishStats/status/2102102557665395092
2026-09-21 18:27:59,PhishStats,url,https://wuweizhe.com,#phishing,https://x.com/PhishStats/status/2102102557665395092
2026-09-21 18:27:59,PhishStats,ip,172.247.42.180,#phishing,https://x.com/PhishStats/status/2102102557665395092
2026-09-21 18:35:53,Coolcarlos17,domain,showdepromos.com,#phishing #scam,https://x.com/Coolcarlos17/status/2102104547061571989
2026-09-21 18:35:53,Coolcarlos17,url,http://showdepromos.com,#phishing #scam,https://x.com/Coolcarlos17/status/2102104547061571989
2026-09-21 21:08:53,skocherhan,md5,a3ff6b84ae056f68fc65aa243a029832,,https://x.com/skocherhan/status/2102143047286866055
2026-09-21 22:05:42,oroshi0064,domain,thoibaodailoan.com,#malware #phishing,https://x.com/oroshi0064/status/2102157345824653415
2026-09-21 22:05:42,oroshi0064,url,https://thoibaodailoan.com,#malware #phishing,https://x.com/oroshi0064/status/2102157345824653415
2026-09-21 22:51:13,muha2xmad,domain,juio628-scxy383-i0n.thenakedplane.su,#phishing,https://x.com/muha2xmad/status/2102168804075667510
2026-09-21 22:51:13,muha2xmad,url,https://juio628-scxy383-i0n.thenakedplane.su/?bhy=temp@microsoft.com&cnf=9eRq3rBywflqld6lXQLv8mgaOwaiVMysGDGhlBvPhZo=,#phishing,https://x.com/muha2xmad/status/2102168804075667510
2026-09-21 23:03:00,muha2xmad,url,https://f005.backblazeb2.com/b2api/v1/b2_download_file_by_id?fileId=4_z1151b4adec62550f9af1041a_f1164e569093f2f54_d20260903_m111846_c005_v0501047_t0041_u01788434326579#temp@microsoft.com,#phishing,https://x.com/muha2xmad/status/2102171769423511583
2026-09-22 00:02:22,masaomi346,domain,jiuyuetongf-saisanpolnts.com,#malware #phishing,https://x.com/masaomi346/status/2102186709471711565
2026-09-22 00:02:22,masaomi346,url,https://jiuyuetongf-saisanpolnts.com,#malware #phishing,https://x.com/masaomi346/status/2102186709471711565
2026-09-22 00:02:22,masaomi346,domain,kezhanpaimi-saisanpolnts.com,#malware #phishing,https://x.com/masaomi346/status/2102186709471711565
2026-09-22 00:02:22,masaomi346,url,https://kezhanpaimi-saisanpolnts.com,#malware #phishing,https://x.com/masaomi346/status/2102186709471711565
2026-09-22 00:02:22,masaomi346,sha256,52bbeaea1c9cb79bcf19273c2b69b67545ed2accacd01123e44b5d90a49797fe,#malware #phishing,https://x.com/masaomi346/status/2102186709471711565
2026-09-22 03:29:51,masaomi346,domain,bc1963.com,#phishing,https://x.com/masaomi346/status/2102238922764120396
2026-09-22 03:29:51,masaomi346,url,https://bc1963.com,#phishing,https://x.com/masaomi346/status/2102238922764120396
2026-09-22 04:02:35,patialavii,domain,keepgreentb.com,#phishing,https://x.com/patialavii/status/2102247161299914762
2026-09-22 04:02:35,patialavii,url,https://keepgreentb.com/doc/,#phishing,https://x.com/patialavii/status/2102247161299914762
2026-09-22 04:02:35,patialavii,url,https://keepgreentb.com/doc/ScreenConnect.ClientSetup.exe,#phishing,https://x.com/patialavii/status/2102247161299914762
2026-09-22 04:08:09,patialavii,domain,taslimaenterprise.com,#phishing,https://x.com/patialavii/status/2102248563006902701
2026-09-22 04:08:09,patialavii,url,https://taslimaenterprise.com/adobe/,#phishing,https://x.com/patialavii/status/2102248563006902701
2026-09-22 04:08:09,patialavii,domain,taslimaenterprise.screenconnect.com,#phishing,https://x.com/patialavii/status/2102248563006902701
2026-09-22 04:08:09,patialavii,url,https://taslimaenterprise.screenconnect.com/Bin/ScreenConnect.ClientSetup.msi,#phishing,https://x.com/patialavii/status/2102248563006902701
2026-09-22 05:14:45,patialavii,domain,zoom.frash.org,#phishing,https://x.com/patialavii/status/2102265321738649958
2026-09-22 05:14:45,patialavii,url,http://zoom.frash.org,#phishing,https://x.com/patialavii/status/2102265321738649958
2026-09-22 05:14:45,patialavii,domain,scr33nc0nn3ctz00m.com,#phishing,https://x.com/patialavii/status/2102265321738649958
2026-09-22 05:14:45,patialavii,url,http://scr33nc0nn3ctz00m.com:8041,#phishing,https://x.com/patialavii/status/2102265321738649958
2026-09-22 06:33:22,Fact_Finder03,ip,108.160.133.24,#C2 #RAT,https://x.com/Fact_Finder03/status/2102285107273097488
2026-09-22 07:01:15,phishunt_io,domain,eu-assets.contentstack.com,#phishing,https://x.com/phishunt_io/status/2102292124804800654
2026-09-22 07:01:15,phishunt_io,url,http://eu-assets.contentstack.com/v3/assets/blt006917f377bafe00/blt00551acf2896d62b/6aadb627e407560bc3b47223/wet,#phishing,https://x.com/phishunt_io/status/2102292124804800654
2026-09-22 07:40:06,PhishStats,domain,allegro.12300h945b4vnj.best,#phishing,https://x.com/PhishStats/status/2102301901396046013
2026-09-22 07:40:06,PhishStats,url,http://allegro.12300h945b4vnj.best,#phishing,https://x.com/PhishStats/status/2102301901396046013
2026-09-22 07:50:54,TKemmerling,domain,shop.buyexclusivecart.com,#phishing,https://x.com/TKemmerling/status/2102304616792891659
2026-09-22 07:50:54,TKemmerling,url,http://shop.buyexclusivecart.com,#phishing,https://x.com/TKemmerling/status/2102304616792891659
2026-09-22 07:50:54,TKemmerling,domain,hometransformideas.com,#phishing,https://x.com/TKemmerling/status/2102304616792891659
2026-09-22 07:50:54,TKemmerling,url,http://hometransformideas.com,#phishing,https://x.com/TKemmerling/status/2102304616792891659
2026-09-22 08:34:07,TKemmerling,domain,prosperitymarketwatch.info,#phishing,https://x.com/TKemmerling/status/2102315495743803418
2026-09-22 08:34:07,TKemmerling,url,http://prosperitymarketwatch.info,#phishing,https://x.com/TKemmerling/status/2102315495743803418
2026-09-22 08:34:07,TKemmerling,domain,financeoakmont.com,#phishing,https://x.com/TKemmerling/status/2102315495743803418
2026-09-22 08:34:07,TKemmerling,url,http://financeoakmont.com,#phishing,https://x.com/TKemmerling/status/2102315495743803418
2026-09-22 09:07:07,TKemmerling,domain,altiora.fun,#phishing,https://x.com/TKemmerling/status/2102323797684867470
2026-09-22 09:07:07,TKemmerling,url,http://altiora.fun,#phishing,https://x.com/TKemmerling/status/2102323797684867470
2026-09-22 09:39:26,TKemmerling,domain,buyernestle.info,#phishing,https://x.com/TKemmerling/status/2102331930213822897
2026-09-22 09:39:26,TKemmerling,url,http://buyernestle.info,#phishing,https://x.com/TKemmerling/status/2102331930213822897
2026-09-22 09:39:26,TKemmerling,domain,stylishhomegallery.com,#phishing,https://x.com/TKemmerling/status/2102331930213822897
2026-09-22 09:39:26,TKemmerling,url,http://stylishhomegallery.com,#phishing,https://x.com/TKemmerling/status/2102331930213822897
2026-09-22 10:12:17,TKemmerling,domain,securedeliverfast.com,#phishing,https://x.com/TKemmerling/status/2102340198692737252
2026-09-22 10:12:17,TKemmerling,url,http://securedeliverfast.com,#phishing,https://x.com/TKemmerling/status/2102340198692737252
2026-09-22 10:40:35,Fact_Finder03,ip,159.195.79.60,#C2,https://x.com/Fact_Finder03/status/2102347319987581174
2026-09-22 10:44:21,TKemmerling,domain,moabrivers.com,#phishing,https://x.com/TKemmerling/status/2102348266428125206
2026-09-22 10:44:21,TKemmerling,url,http://moabrivers.com,#phishing,https://x.com/TKemmerling/status/2102348266428125206
2026-09-22 10:44:21,TKemmerling,domain,greenerpasturetrading.info,#phishing,https://x.com/TKemmerling/status/2102348266428125206
2026-09-22 10:44:21,TKemmerling,url,http://greenerpasturetrading.info,#phishing,https://x.com/TKemmerling/status/2102348266428125206
2026-09-22 10:56:23,sdcyberresearch,url,http://45.150.33.128,#ClickFix,https://x.com/sdcyberresearch/status/2102351297936519495
2026-09-22 11:18:00,Fact_Finder03,ip,185.53.179.200,#C2,https://x.com/Fact_Finder03/status/2102356735516180527
2026-09-22 11:50:26,TKemmerling,domain,mortgageclearbrook.info,#phishing,https://x.com/TKemmerling/status/2102364899058057621
2026-09-22 11:50:26,TKemmerling,url,http://mortgageclearbrook.info,#phishing,https://x.com/TKemmerling/status/2102364899058057621
2026-09-22 11:50:26,TKemmerling,domain,harborstonegroup.shop,#phishing,https://x.com/TKemmerling/status/2102364899058057621
2026-09-22 11:50:26,TKemmerling,url,http://harborstonegroup.shop,#phishing,https://x.com/TKemmerling/status/2102364899058057621
2026-09-22 12:10:06,Coolcarlos17,domain,google-havan.com,#phishing #scam,https://x.com/Coolcarlos17/status/2102369847128530980
2026-09-22 12:10:06,Coolcarlos17,url,http://GOOGLE-HAVAN.COM,#phishing #scam,https://x.com/Coolcarlos17/status/2102369847128530980
2026-09-22 12:22:59,TKemmerling,domain,portfoliomoneyline.com,#phishing,https://x.com/TKemmerling/status/2102373091750093175
2026-09-22 12:22:59,TKemmerling,url,http://portfoliomoneyline.com,#phishing,https://x.com/TKemmerling/status/2102373091750093175
2026-09-22 12:22:59,TKemmerling,domain,truenorthworks.fun,#phishing,https://x.com/TKemmerling/status/2102373091750093175
2026-09-22 12:22:59,TKemmerling,url,http://truenorthworks.fun,#phishing,https://x.com/TKemmerling/status/2102373091750093175
2026-09-22 12:25:03,Coolcarlos17,domain,ludaluvemserfeliz.com,#phishing #scam,https://x.com/Coolcarlos17/status/2102373609872470199
2026-09-22 12:25:03,Coolcarlos17,url,https://ludaluvemserfeliz.com/produto.php?slug=escada-multifuncional-de-alum-nio-4x4-com-16-degraus,#phishing #scam,https://x.com/Coolcarlos17/status/2102373609872470199
2026-09-22 12:55:24,TKemmerling,domain,equitybrookstone.info,#phishing,https://x.com/TKemmerling/status/2102381247129633273
2026-09-22 12:55:24,TKemmerling,url,http://equitybrookstone.info,#phishing,https://x.com/TKemmerling/status/2102381247129633273
2026-09-22 13:04:50,suyog41,md5,7bb31c069c828109c99495bd91a36a69,,https://x.com/suyog41/status/2102383622598922267
2026-09-22 13:27:58,TKemmerling,domain,grabtrendingoffer.com,#phishing,https://x.com/TKemmerling/status/2102389442342498634
2026-09-22 13:27:58,TKemmerling,url,http://grabtrendingoffer.com,#phishing,https://x.com/TKemmerling/status/2102389442342498634
2026-09-22 13:27:58,TKemmerling,domain,yournestmakeover.com,#phishing,https://x.com/TKemmerling/status/2102389442342498634
2026-09-22 13:27:58,TKemmerling,url,http://yournestmakeover.com,#phishing,https://x.com/TKemmerling/status/2102389442342498634
2026-09-22 13:27:58,TKemmerling,domain,follwtrk.com,#phishing,https://x.com/TKemmerling/status/2102389442342498634
2026-09-22 13:27:58,TKemmerling,url,http://follwtrk.com,#phishing,https://x.com/TKemmerling/status/2102389442342498634
2026-09-22 14:19:56,akaclandestine,ip,87.106.5.5,#scam,https://x.com/akaclandestine/status/2102402521587122232
2026-09-22 15:33:21,Slvlombardo,domain,first-global.in,#phishing,https://x.com/Slvlombardo/status/2102420998528131546
2026-09-22 15:33:21,Slvlombardo,url,https://first-global.in/lkcmccd/f00g2ffr/d000s2/n0g2ff/,#phishing,https://x.com/Slvlombardo/status/2102420998528131546
2026-09-22 15:48:40,RakeshKrish12,ip,176.97.114.92,#malware #ransomware,https://x.com/RakeshKrish12/status/2102424852850458662
2026-09-22 17:26:59,muha2xmad,domain,get-verification.to,#ClickFix,https://x.com/muha2xmad/status/2102449595443761589
2026-09-22 17:26:59,muha2xmad,url,https://get-verification.to,#ClickFix,https://x.com/muha2xmad/status/2102449595443761589
2026-09-22 17:26:59,muha2xmad,domain,imacos.cc,#ClickFix,https://x.com/muha2xmad/status/2102449595443761589
2026-09-22 17:26:59,muha2xmad,url,https://imacos.cc/captcha/faa4bf0505d1a824,#ClickFix,https://x.com/muha2xmad/status/2102449595443761589
2026-09-22 17:26:59,muha2xmad,ip,94.103.1.233,#ClickFix,https://x.com/muha2xmad/status/2102449595443761589
2026-09-22 19:03:30,Coolcarlos17,domain,site-google-havan.com,#phishing #scam,https://x.com/Coolcarlos17/status/2102473881315643843
2026-09-22 19:03:30,Coolcarlos17,url,https://site-google-havan.com/produto/32812,#phishing #scam,https://x.com/Coolcarlos17/status/2102473881315643843
2026-09-22 19:27:18,500mk500,url,http://209.99.191.44,,https://x.com/500mk500/status/2102479874485366794
2026-09-22 19:27:18,500mk500,url,http://159.100.20.154:5000,,https://x.com/500mk500/status/2102479874485366794
2026-09-22 19:27:18,500mk500,url,http://185.208.158.40:5000,,https://x.com/500mk500/status/2102479874485366794
2026-09-22 19:27:18,500mk500,url,http://185.233.166.109:5000,,https://x.com/500mk500/status/2102479874485366794
2026-09-22 19:27:18,500mk500,url,http://198.13.158.114:5000,,https://x.com/500mk500/status/2102479874485366794
2026-09-22 19:27:18,500mk500,url,http://209.99.184.230:5000,,https://x.com/500mk500/status/2102479874485366794
2026-09-22 19:27:18,500mk500,url,http://209.99.191.44:5000,,https://x.com/500mk500/status/2102479874485366794
2026-09-22 19:27:18,500mk500,url,http://38.146.25.248:5000,,https://x.com/500mk500/status/2102479874485366794
2026-09-22 19:27:18,500mk500,url,http://64.94.85.209:5000,,https://x.com/500mk500/status/2102479874485366794
2026-09-22 19:27:18,500mk500,url,http://84.201.20.103:5000,,https://x.com/500mk500/status/2102479874485366794
2026-09-22 19:27:18,500mk500,url,http://86.54.42.14:5000,,https://x.com/500mk500/status/2102479874485366794
2026-09-22 19:27:18,500mk500,ip,209.99.191.44,,https://x.com/500mk500/status/2102479874485366794
2026-09-22 19:27:18,500mk500,ip,159.100.20.154,,https://x.com/500mk500/status/2102479874485366794
2026-09-22 19:27:18,500mk500,ip,185.208.158.40,,https://x.com/500mk500/status/2102479874485366794
2026-09-22 19:27:18,500mk500,ip,185.233.166.109,,https://x.com/500mk500/status/2102479874485366794
2026-09-22 19:27:18,500mk500,ip,198.13.158.114,,https://x.com/500mk500/status/2102479874485366794
2026-09-22 19:27:18,500mk500,ip,209.99.184.230,,https://x.com/500mk500/status/2102479874485366794
2026-09-22 19:27:18,500mk500,ip,38.146.25.248,,https://x.com/500mk500/status/2102479874485366794
2026-09-22 19:27:18,500mk500,ip,64.94.85.209,,https://x.com/500mk500/status/2102479874485366794
2026-09-22 19:27:18,500mk500,ip,84.201.20.103,,https://x.com/500mk500/status/2102479874485366794
2026-09-22 19:27:18,500mk500,ip,86.54.42.14,,https://x.com/500mk500/status/2102479874485366794
2026-09-22 19:27:18,_AkatsukiLegion,domain,auth-msftpage.com,,https://x.com/_AkatsukiLegion/status/2102182327572963650
2026-09-22 19:27:18,_AkatsukiLegion,url,http://auth-msftpage.com,,https://x.com/_AkatsukiLegion/status/2102182327572963650
2026-09-22 20:08:06,PhishStats,ip,165.140.71.100,#phishing,https://x.com/PhishStats/status/2102490142271291743
2026-09-22 22:27:33,TKemmerling,domain,yaledoorlocks.com,#phishing,https://x.com/TKemmerling/status/2102525235111305420
2026-09-22 22:27:33,TKemmerling,url,http://yaledoorlocks.com,#phishing,https://x.com/TKemmerling/status/2102525235111305420
2026-09-22 22:47:26,skocherhan,domain,instagram-verify.dynv6.net,,https://x.com/skocherhan/status/2102530237657407779
2026-09-22 22:47:26,skocherhan,url,http://instagram-verify.dynv6.net,,https://x.com/skocherhan/status/2102530237657407779
2026-09-22 22:56:50,TKemmerling,domain,yw8.net,#phishing,https://x.com/TKemmerling/status/2102532603140301269
2026-09-22 22:56:50,TKemmerling,url,http://yw8.net,#phishing,https://x.com/TKemmerling/status/2102532603140301269
2026-09-22 22:56:50,TKemmerling,domain,seafoodcenterofmaine.com,#phishing,https://x.com/TKemmerling/status/2102532603140301269
2026-09-22 22:56:50,TKemmerling,url,http://seafoodcenterofmaine.com,#phishing,https://x.com/TKemmerling/status/2102532603140301269
2026-09-23 01:53:54,TKemmerling,domain,buy.newarriveproduct.com,#phishing,https://x.com/TKemmerling/status/2102577164235542548
2026-09-23 01:53:54,TKemmerling,url,http://buy.newarriveproduct.com,#phishing,https://x.com/TKemmerling/status/2102577164235542548
2026-09-23 01:53:54,TKemmerling,domain,healthumi.info,#phishing,https://x.com/TKemmerling/status/2102577164235542548
2026-09-23 01:53:54,TKemmerling,url,http://healthumi.info,#phishing,https://x.com/TKemmerling/status/2102577164235542548
2026-09-23 03:15:04,TKemmerling,domain,alphashoppingdock.org,#phishing,https://x.com/TKemmerling/status/2102597590156251390
2026-09-23 03:15:04,TKemmerling,url,http://alphashoppingdock.org,#phishing,https://x.com/TKemmerling/status/2102597590156251390
2026-09-23 03:15:04,TKemmerling,domain,stylishhomegallery.com,#phishing,https://x.com/TKemmerling/status/2102597590156251390
2026-09-23 03:15:04,TKemmerling,url,http://stylishhomegallery.com,#phishing,https://x.com/TKemmerling/status/2102597590156251390
2026-09-23 04:18:25,copy_and_paster,url,http://github.com/minercraft392,#Kimsuky,https://x.com/copy_and_paster/status/2102613534228300007
2026-09-23 04:18:25,copy_and_paster,url,http://github.com/storagerdownload30,#Kimsuky,https://x.com/copy_and_paster/status/2102613534228300007
2026-09-23 04:18:25,copy_and_paster,domain,mf3goke.getenjoyment.net,#Kimsuky,https://x.com/copy_and_paster/status/2102613534228300007
2026-09-23 04:18:25,copy_and_paster,url,http://mf3goke.getenjoyment.net,#Kimsuky,https://x.com/copy_and_paster/status/2102613534228300007
2026-09-23 04:18:25,copy_and_paster,domain,xv57j3d.scienceontheweb.net,#Kimsuky,https://x.com/copy_and_paster/status/2102613534228300007
2026-09-23 04:18:25,copy_and_paster,url,http://xv57j3d.scienceontheweb.net,#Kimsuky,https://x.com/copy_and_paster/status/2102613534228300007
2026-09-23 04:18:25,copy_and_paster,domain,d18i529.onlinewebshop.net,#Kimsuky,https://x.com/copy_and_paster/status/2102613534228300007
2026-09-23 04:18:25,copy_and_paster,url,http://d18i529.onlinewebshop.net,#Kimsuky,https://x.com/copy_and_paster/status/2102613534228300007
2026-09-23 04:57:16,TKemmerling,domain,deals.homeitemsonline.com,#phishing,https://x.com/TKemmerling/status/2102623311029227568
2026-09-23 04:57:16,TKemmerling,url,http://deals.homeitemsonline.com,#phishing,https://x.com/TKemmerling/status/2102623311029227568
2026-09-23 04:57:16,TKemmerling,domain,shopsmartlog.com,#phishing,https://x.com/TKemmerling/status/2102623311029227568
2026-09-23 04:57:16,TKemmerling,url,http://shopsmartlog.com,#phishing,https://x.com/TKemmerling/status/2102623311029227568
2026-09-23 04:57:16,TKemmerling,domain,capitaltrackspro.com,#phishing,https://x.com/TKemmerling/status/2102623311029227568
2026-09-23 04:57:16,TKemmerling,url,http://capitaltrackspro.com,#phishing,https://x.com/TKemmerling/status/2102623311029227568
2026-09-23 05:32:47,Fact_Finder03,ip,195.20.239.207,#C2,https://x.com/Fact_Finder03/status/2102632249669886135
2026-09-23 06:30:00,Fact_Finder03,ip,120.25.213.232,#C2,https://x.com/Fact_Finder03/status/2102646645523681364
2026-09-23 06:30:00,Fact_Finder03,sha256,9cdc86c5bd8ab47cf2c868aa3a77c596a895a804e9790e3c82d30687889c6a8f,#C2,https://x.com/Fact_Finder03/status/2102646645523681364
2026-09-23 06:42:00,Fact_Finder03,ip,154.12.28.225,#C2 #RAT,https://x.com/Fact_Finder03/status/2102649665330258028
2026-09-23 06:42:00,Fact_Finder03,sha256,d577776d67c8b607a6ea522cf26f5937be4c8f67d08036442d5edd3ed0da4a9c,#C2 #RAT,https://x.com/Fact_Finder03/status/2102649665330258028
2026-09-23 06:52:04,etugenio,domain,linuxsupportsystem.com,#C2 #malware,https://x.com/etugenio/status/2102652200162095329
2026-09-23 06:52:04,etugenio,url,http://linuxsupportsystem.com,#C2 #malware,https://x.com/etugenio/status/2102652200162095329
2026-09-23 06:52:04,etugenio,domain,c2.linuxsupportsystem.com,#C2 #malware,https://x.com/etugenio/status/2102652200162095329
2026-09-23 06:52:04,etugenio,url,http://c2.linuxsupportsystem.com,#C2 #malware,https://x.com/etugenio/status/2102652200162095329
2026-09-23 06:52:04,etugenio,domain,svc.linuxsupportsystem.com,#C2 #malware,https://x.com/etugenio/status/2102652200162095329
2026-09-23 06:52:04,etugenio,url,http://svc.linuxsupportsystem.com,#C2 #malware,https://x.com/etugenio/status/2102652200162095329
2026-09-23 06:52:04,etugenio,url,http://185.233.39.78,#C2 #malware,https://x.com/etugenio/status/2102652200162095329
2026-09-23 06:52:04,etugenio,ip,185.233.39.78,#C2 #malware,https://x.com/etugenio/status/2102652200162095329
2026-09-23 07:21:00,Fact_Finder03,sha256,cdb4ee2aea69cc6a83331bbe96dc2caa9a299d21329efb0336fc02a82e1839a8,,https://x.com/Fact_Finder03/status/2102659479959654618
2026-09-23 08:30:46,scanmalware,domain,ynvcxcv.vercel.app,#phishing,https://x.com/scanmalware/status/2102677036544205143
2026-09-23 08:30:46,scanmalware,url,http://ynvcxcv.vercel.app,#phishing,https://x.com/scanmalware/status/2102677036544205143
2026-09-23 09:20:03,scanmalware,domain,coinbaseverify.vercel.app,#malware,https://x.com/scanmalware/status/2102689441202532606
2026-09-23 09:20:03,scanmalware,url,http://coinbaseverify.vercel.app,#malware,https://x.com/scanmalware/status/2102689441202532606
2026-09-23 10:42:14,PhishStats,domain,allegrolokalnie.oferta65487.click,#phishing,https://x.com/PhishStats/status/2102710121201811526
2026-09-23 10:42:14,PhishStats,url,http://allegrolokalnie.oferta65487.click/oferta/brak-nazwy,#phishing,https://x.com/PhishStats/status/2102710121201811526
2026-09-23 15:13:42,JakubUrbanec,sha256,87352b982d24c08a8ed97258f4af4e3b4497ef5d161dfbbf4f67aadc5fa1ba56,#malware,https://x.com/JakubUrbanec/status/2102778438843252809
2026-09-23 16:54:04,PhishStats,domain,am-prime-sonnerie.com,#phishing,https://x.com/PhishStats/status/2102803700037124237
2026-09-23 16:54:04,PhishStats,url,https://am-prime-sonnerie.com/blog/blog.php,#phishing,https://x.com/PhishStats/status/2102803700037124237
2026-09-23 16:54:04,PhishStats,ip,45.74.61.8,#phishing,https://x.com/PhishStats/status/2102803700037124237
2026-09-23 21:10:03,scanmalware,domain,lervuni-mpt-qazvoro-c3d6me71.pages.dev,#ransomware,https://x.com/scanmalware/status/2102868117361709520
2026-09-23 21:10:03,scanmalware,url,http://lervuni-mpt-qazvoro-c3d6me71.pages.dev,#ransomware,https://x.com/scanmalware/status/2102868117361709520
2026-09-23 22:16:38,oroshi0064,domain,theswagbusu-jp-etaxrefund.com,#malware #phishing,https://x.com/oroshi0064/status/2102884874311074019
2026-09-23 22:16:38,oroshi0064,url,https://theswagbusu-jp-etaxrefund.com,#malware #phishing,https://x.com/oroshi0064/status/2102884874311074019
2026-09-23 22:16:38,oroshi0064,domain,therawcusclu-jp-etaxrefund.com,#malware #phishing,https://x.com/oroshi0064/status/2102884874311074019
2026-09-23 22:16:38,oroshi0064,url,https://therawcusclu-jp-etaxrefund.com,#malware #phishing,https://x.com/oroshi0064/status/2102884874311074019
2026-09-23 22:16:38,oroshi0064,domain,inwardatti-jp-etaxrefund.com,#malware #phishing,https://x.com/oroshi0064/status/2102884874311074019
2026-09-23 22:16:38,oroshi0064,url,https://inwardatti-jp-etaxrefund.com,#malware #phishing,https://x.com/oroshi0064/status/2102884874311074019
2026-09-24 00:15:31,muha2xmad,domain,supermercadoabundancia.com.mx,#phishing,https://x.com/muha2xmad/status/2102914790934864049
2026-09-24 00:15:31,muha2xmad,url,https://supermercadoabundancia.com.mx/cdd/index.html#hr@microsoft.com,#phishing,https://x.com/muha2xmad/status/2102914790934864049
2026-09-24 00:15:31,muha2xmad,url,http://96.127.174.30,#phishing,https://x.com/muha2xmad/status/2102914790934864049
2026-09-24 00:15:31,muha2xmad,ip,96.127.174.30,#phishing,https://x.com/muha2xmad/status/2102914790934864049
2026-09-24 03:00:35,TKemmerling,domain,healthrevampsupport.com,#phishing,https://x.com/TKemmerling/status/2102956333763092961
2026-09-24 03:00:35,TKemmerling,url,http://healthrevampsupport.com,#phishing,https://x.com/TKemmerling/status/2102956333763092961
2026-09-24 03:00:35,TKemmerling,domain,peakhealthbalance.com,#phishing,https://x.com/TKemmerling/status/2102956333763092961
2026-09-24 03:00:35,TKemmerling,url,http://peakhealthbalance.com,#phishing,https://x.com/TKemmerling/status/2102956333763092961
2026-09-24 04:18:10,patialavii,domain,horusian.com,#phishing,https://x.com/patialavii/status/2102975857350651923
2026-09-24 04:18:10,patialavii,url,https://horusian.com/dsb/page.html,#phishing,https://x.com/patialavii/status/2102975857350651923
2026-09-24 04:25:22,patialavii,domain,hotelvaldecans.com.br,#phishing,https://x.com/patialavii/status/2102977670736904216
2026-09-24 04:25:22,patialavii,url,https://hotelvaldecans.com.br/docsign/page.html,#phishing,https://x.com/patialavii/status/2102977670736904216
2026-09-24 04:33:37,PhishStats,domain,therawcusclu-jp-etaxrefund.com,#phishing,https://x.com/PhishStats/status/2102979745294221792
2026-09-24 04:33:37,PhishStats,url,https://therawcusclu-jp-etaxrefund.com,#phishing,https://x.com/PhishStats/status/2102979745294221792
2026-09-24 06:14:01,suyog41,md5,86737266db2e71cfcccf7ba183b75bd4,,https://x.com/suyog41/status/2103005010766557573
2026-09-24 06:37:46,TKemmerling,domain,creditmarketreview.info,#phishing,https://x.com/TKemmerling/status/2103010989478384075
2026-09-24 06:37:46,TKemmerling,url,http://creditmarketreview.info,#phishing,https://x.com/TKemmerling/status/2103010989478384075
2026-09-24 06:37:46,TKemmerling,domain,browseecomdaily.com,#phishing,https://x.com/TKemmerling/status/2103010989478384075
2026-09-24 06:37:46,TKemmerling,url,http://browseecomdaily.com,#phishing,https://x.com/TKemmerling/status/2103010989478384075
2026-09-24 06:38:03,masaomi346,domain,oiuwaksdiw.com,#phishing,https://x.com/masaomi346/status/2103011060597031287
2026-09-24 06:38:03,masaomi346,url,https://oiuwaksdiw.com/cash/downloadopwad,#phishing,https://x.com/masaomi346/status/2103011060597031287
2026-09-24 06:42:34,Fact_Finder03,ip,216.245.184.91,#C2,https://x.com/Fact_Finder03/status/2103012198276825120
2026-09-24 06:49:50,masaomi346,domain,poiwaldsas.com,#malware #phishing,https://x.com/masaomi346/status/2103014027630895339
2026-09-24 06:49:50,masaomi346,url,https://poiwaldsas.com/nenkin/download,#malware #phishing,https://x.com/masaomi346/status/2103014027630895339
2026-09-24 06:49:50,masaomi346,domain,puwaiosd.com,#malware #phishing,https://x.com/masaomi346/status/2103014027630895339
2026-09-24 06:49:50,masaomi346,url,https://puwaiosd.com/nenkin/download,#malware #phishing,https://x.com/masaomi346/status/2103014027630895339
2026-09-24 06:49:50,masaomi346,url,https://poiwaldsas.com/ana,#malware #phishing,https://x.com/masaomi346/status/2103014027630895339
2026-09-24 06:49:50,masaomi346,url,https://puwaiosd.com/ana,#malware #phishing,https://x.com/masaomi346/status/2103014027630895339
2026-09-24 06:49:50,masaomi346,sha256,635ceb7e46453dcecee94d8eb48c4dbfd090e0819197f1d4087fe0aaa439918a,#malware #phishing,https://x.com/masaomi346/status/2103014027630895339
2026-09-24 06:49:50,masaomi346,sha256,1b8218c839dfb071f7308fb2ab4157d726d9a81f3da9cb6d9b72d7db81686fec,#malware #phishing,https://x.com/masaomi346/status/2103014027630895339
2026-09-24 07:01:15,phishunt_io,domain,wellsfargogethelp.com,#phishing,https://x.com/phishunt_io/status/2103016897193111846
2026-09-24 07:01:15,phishunt_io,url,http://wellsfargogethelp.com,#phishing,https://x.com/phishunt_io/status/2103016897193111846
2026-09-24 07:01:15,phishunt_io,ip,159.100.9.61,#phishing,https://x.com/phishunt_io/status/2103016897193111846
2026-09-24 07:01:45,suyog41,domain,files.surveillance-online.com,,https://x.com/suyog41/status/2103017026436362279
2026-09-24 07:01:45,suyog41,url,http://files.surveillance-online.com/files/9e26792b-84a3-44c1-886a-d92c9f46e1ff,,https://x.com/suyog41/status/2103017026436362279
2026-09-24 07:01:45,malwrhunterteam,url,https://files.surveillance-online.com,,https://x.com/malwrhunterteam/status/2102396142264963146
2026-09-24 07:01:45,malwrhunterteam,domain,file.cmanager.lol,,https://x.com/malwrhunterteam/status/2102396142264963146
2026-09-24 07:01:45,malwrhunterteam,url,https://file.cmanager.lol,,https://x.com/malwrhunterteam/status/2102396142264963146
2026-09-24 07:14:00,Fact_Finder03,ip,39.104.201.242,#C2,https://x.com/Fact_Finder03/status/2103020106372592005
2026-09-24 07:44:36,byrne_emmy12099,url,https://www.dropbox.com/scl/fi/kpj24ilqwva3kmknn8hps/KB_-_.pdf,#APT,https://x.com/byrne_emmy12099/status/2103027808826265959
2026-09-24 07:56:00,Fact_Finder03,ip,209.99.186.221,#C2,https://x.com/Fact_Finder03/status/2103030675842781376
2026-09-24 09:34:14,smica83,domain,fever-recommendations-martha-durable.trycloudflare.com,#WsgiDAV #opendir,https://x.com/smica83/status/2103055397221212419
2026-09-24 09:34:14,smica83,url,https://fever-recommendations-martha-durable.trycloudflare.com,#WsgiDAV #opendir,https://x.com/smica83/status/2103055397221212419
2026-09-24 10:08:39,OpcodeIntel,ip,37.77.150.95,#ransomware,https://x.com/OpcodeIntel/status/2103064059360968788
2026-09-24 10:08:39,OpcodeIntel,ip,176.120.22.24,#ransomware,https://x.com/OpcodeIntel/status/2103064059360968788
2026-09-24 12:01:17,phishunt_io,domain,bradescosegurosop.com.br,#phishing,https://x.com/phishunt_io/status/2103092404643299743
2026-09-24 12:01:17,phishunt_io,url,http://bradescosegurosop.com.br,#phishing,https://x.com/phishunt_io/status/2103092404643299743
2026-09-24 12:01:17,phishunt_io,ip,56.126.60.120,#phishing,https://x.com/phishunt_io/status/2103092404643299743
2026-09-24 12:02:00,scanmalware,domain,paymentsecurelink.vercel.app,#phishing,https://x.com/scanmalware/status/2103092585992536153
2026-09-24 12:02:00,scanmalware,url,http://paymentsecurelink.vercel.app,#phishing,https://x.com/scanmalware/status/2103092585992536153
2026-09-24 12:12:59,TheM3gatr0n,domain,proalamir.dz,#ClearFake #ClickFix,https://x.com/TheM3gatr0n/status/2103095348113924175
2026-09-24 12:12:59,TheM3gatr0n,url,http://proalamir.dz,#ClearFake #ClickFix,https://x.com/TheM3gatr0n/status/2103095348113924175
2026-09-24 12:12:59,TheM3gatr0n,domain,eng-electrum.org,#ClearFake #ClickFix,https://x.com/TheM3gatr0n/status/2103095348113924175
2026-09-24 12:12:59,TheM3gatr0n,url,http://eng-electrum.org,#ClearFake #ClickFix,https://x.com/TheM3gatr0n/status/2103095348113924175
2026-09-24 12:12:59,TheM3gatr0n,domain,transmitpopfiletoday.monster,#ClearFake #ClickFix,https://x.com/TheM3gatr0n/status/2103095348113924175
2026-09-24 12:12:59,TheM3gatr0n,url,http://transmitpopfiletoday.monster,#ClearFake #ClickFix,https://x.com/TheM3gatr0n/status/2103095348113924175
2026-09-24 12:12:59,TheM3gatr0n,domain,transferpopdownloadnow.monster,#ClearFake #ClickFix,https://x.com/TheM3gatr0n/status/2103095348113924175
2026-09-24 12:12:59,TheM3gatr0n,url,http://transferpopdownloadnow.monster,#ClearFake #ClickFix,https://x.com/TheM3gatr0n/status/2103095348113924175
2026-09-24 12:12:59,TheM3gatr0n,domain,static.telegram-info.top,#ClearFake #ClickFix,https://x.com/TheM3gatr0n/status/2103095348113924175
2026-09-24 12:12:59,TheM3gatr0n,url,http://static.telegram-info.top,#ClearFake #ClickFix,https://x.com/TheM3gatr0n/status/2103095348113924175
2026-09-24 12:12:59,TheM3gatr0n,domain,kawaiimechasoul.cfd,#ClearFake #ClickFix,https://x.com/TheM3gatr0n/status/2103095348113924175
2026-09-24 12:12:59,TheM3gatr0n,url,http://kawaiimechasoul.cfd,#ClearFake #ClickFix,https://x.com/TheM3gatr0n/status/2103095348113924175
2026-09-24 12:12:59,TheM3gatr0n,domain,toontitanlegends.cfd,#ClearFake #ClickFix,https://x.com/TheM3gatr0n/status/2103095348113924175
2026-09-24 12:12:59,TheM3gatr0n,url,http://toontitanlegends.cfd,#ClearFake #ClickFix,https://x.com/TheM3gatr0n/status/2103095348113924175
2026-09-24 12:12:59,TheM3gatr0n,sha256,f72a7ee555e80235a967fae2979a0b543db0b0e2bbe72d56e4eb886a8549aceb,#ClearFake #ClickFix,https://x.com/TheM3gatr0n/status/2103095348113924175
2026-09-24 12:12:59,TheM3gatr0n,sha256,8f48a5001d8baa3913359891d53870341d5a2eb345c7e19464ade2164b471fa2,#ClearFake #ClickFix,https://x.com/TheM3gatr0n/status/2103095348113924175
2026-09-24 12:23:24,masaomi346,domain,iuiut.nwfdk.com,#phishing,https://x.com/masaomi346/status/2103097972611502415
2026-09-24 12:23:24,masaomi346,url,https://iuiut.nwfdk.com,#phishing,https://x.com/masaomi346/status/2103097972611502415
2026-09-24 13:22:37,malwrhunterteam,domain,data-service.online,,https://x.com/malwrhunterteam/status/2103112873308455162
2026-09-24 13:22:37,malwrhunterteam,url,http://data-service.online,,https://x.com/malwrhunterteam/status/2103112873308455162
2026-09-24 13:30:56,sicehice,url,http://222.127.60.98:47898/Mozi.m,,https://x.com/sicehice/status/2103114964890271781
2026-09-24 13:30:56,sicehice,ip,222.127.60.98,,https://x.com/sicehice/status/2103114964890271781
2026-09-24 13:51:29,skocherhan,domain,bigbigvol.qd.je,,https://x.com/skocherhan/status/2103120137691750822
2026-09-24 13:51:29,skocherhan,url,http://bigbigvol.qd.je,,https://x.com/skocherhan/status/2103120137691750822
2026-09-24 14:00:48,scanmalware,domain,it-security-rho.vercel.app,#ransomware,https://x.com/scanmalware/status/2103122480445407544
2026-09-24 14:00:48,scanmalware,url,http://it-security-rho.vercel.app,#ransomware,https://x.com/scanmalware/status/2103122480445407544
2026-09-24 14:10:42,fbgwls245,domain,o6rtgcjdjqyimjxexpejddhdfbehsjn4fcsazfkgwydeb27gqhtdntyd.onion,#ransomware,https://x.com/fbgwls245/status/2103124973749678389
2026-09-24 14:10:42,fbgwls245,url,http://o6rtgcjdjqyimjxexpejddhdfbehsjn4fcsazfkgwydeb27gqhtdntyd.onion,#ransomware,https://x.com/fbgwls245/status/2103124973749678389
2026-09-24 15:54:07,TKemmerling,domain,products.trafobaule.com,#phishing,https://x.com/TKemmerling/status/2103151000941146116
2026-09-24 15:54:07,TKemmerling,url,http://products.trafobaule.com,#phishing,https://x.com/TKemmerling/status/2103151000941146116
2026-09-24 16:07:54,James_inthe_box,domain,interactions-according-reports-syndication.trycloudflare.com,#AsyncRAT #opendir,https://x.com/James_inthe_box/status/2103154466770010137
2026-09-24 16:07:54,James_inthe_box,url,https://interactions-according-reports-syndication.trycloudflare.com,#AsyncRAT #opendir,https://x.com/James_inthe_box/status/2103154466770010137
2026-09-24 16:07:54,James_inthe_box,domain,periods-genetic-stones-government.trycloudflare.com,#AsyncRAT #opendir,https://x.com/James_inthe_box/status/2103154466770010137
2026-09-24 16:07:54,James_inthe_box,url,https://periods-genetic-stones-government.trycloudflare.com,#AsyncRAT #opendir,https://x.com/James_inthe_box/status/2103154466770010137
2026-09-24 17:06:14,PhishStats,domain,dongwana.com,#phishing,https://x.com/PhishStats/status/2103169146108445044
2026-09-24 17:06:14,PhishStats,url,https://www.dongwana.com/amex_tgmail202609/turnstile-check,#phishing,https://x.com/PhishStats/status/2103169146108445044
2026-09-24 17:55:11,TKemmerling,domain,wellnesscarenutri.com,#phishing,https://x.com/TKemmerling/status/2103181467308458058
2026-09-24 17:55:11,TKemmerling,url,http://wellnesscarenutri.com,#phishing,https://x.com/TKemmerling/status/2103181467308458058
2026-09-24 17:55:11,TKemmerling,domain,preventhealthsupport.com,#phishing,https://x.com/TKemmerling/status/2103181467308458058
2026-09-24 17:55:11,TKemmerling,url,http://preventhealthsupport.com,#phishing,https://x.com/TKemmerling/status/2103181467308458058
2026-09-24 17:57:34,malwrhunterteam,url,http://103.180.163.204,,https://x.com/malwrhunterteam/status/2103182067240485358
2026-09-24 17:57:34,malwrhunterteam,ip,103.180.163.204,,https://x.com/malwrhunterteam/status/2103182067240485358
2026-09-24 18:24:58,TKemmerling,domain,financerelaypoint.com,#phishing,https://x.com/TKemmerling/status/2103188962412204277
2026-09-24 18:24:58,TKemmerling,url,http://financerelaypoint.com,#phishing,https://x.com/TKemmerling/status/2103188962412204277
2026-09-24 18:24:58,TKemmerling,domain,altiora.fun,#phishing,https://x.com/TKemmerling/status/2103188962412204277
2026-09-24 18:24:58,TKemmerling,url,http://altiora.fun,#phishing,https://x.com/TKemmerling/status/2103188962412204277
2026-09-24 18:56:40,malwrhunterteam,domain,goodnfortunes.com,,https://x.com/malwrhunterteam/status/2103196939827433973
2026-09-24 18:56:40,malwrhunterteam,url,http://goodnfortunes.com,,https://x.com/malwrhunterteam/status/2103196939827433973
2026-09-24 18:59:36,TKemmerling,domain,help.financesolutiontips.com,#phishing,https://x.com/TKemmerling/status/2103197676594774195
2026-09-24 18:59:36,TKemmerling,url,http://help.financesolutiontips.com,#phishing,https://x.com/TKemmerling/status/2103197676594774195
2026-09-24 18:59:36,TKemmerling,domain,activehealthzone.com,#phishing,https://x.com/TKemmerling/status/2103197676594774195
2026-09-24 18:59:36,TKemmerling,url,http://activehealthzone.com,#phishing,https://x.com/TKemmerling/status/2103197676594774195
2026-09-24 21:33:26,TKemmerling,domain,buy.newarriveproduct.com,#phishing,https://x.com/TKemmerling/status/2103236390129664378
2026-09-24 21:33:26,TKemmerling,url,http://buy.newarriveproduct.com,#phishing,https://x.com/TKemmerling/status/2103236390129664378
2026-09-24 21:33:26,TKemmerling,domain,nestbuildhaven.com,#phishing,https://x.com/TKemmerling/status/2103236390129664378
2026-09-24 21:33:26,TKemmerling,url,http://nestbuildhaven.com,#phishing,https://x.com/TKemmerling/status/2103236390129664378
2026-09-24 22:00:27,masaomi346,domain,areldmonsho-jp-etzax.com,#malware #phishing,https://x.com/masaomi346/status/2103243191336284301
2026-09-24 22:00:27,masaomi346,url,https://areldmonsho-jp-etzax.com,#malware #phishing,https://x.com/masaomi346/status/2103243191336284301
2026-09-24 22:00:27,masaomi346,domain,reusabletaka-jp-etzax.com,#malware #phishing,https://x.com/masaomi346/status/2103243191336284301
2026-09-24 22:00:27,masaomi346,url,https://reusabletaka-jp-etzax.com,#malware #phishing,https://x.com/masaomi346/status/2103243191336284301
2026-09-24 22:00:27,masaomi346,domain,baoanhenan-jp-etzax.com,#malware #phishing,https://x.com/masaomi346/status/2103243191336284301
2026-09-24 22:00:27,masaomi346,url,https://baoanhenan-jp-etzax.com,#malware #phishing,https://x.com/masaomi346/status/2103243191336284301
2026-09-24 22:00:27,masaomi346,domain,tnttravelblo-jp-etzax.com,#malware #phishing,https://x.com/masaomi346/status/2103243191336284301
2026-09-24 22:00:27,masaomi346,url,https://tnttravelblo-jp-etzax.com,#malware #phishing,https://x.com/masaomi346/status/2103243191336284301
2026-09-24 22:00:27,masaomi346,sha256,fc1817240b995172722eca5727016ab5773d3f90c2a481e6a2e9449e3f162572,#malware #phishing,https://x.com/masaomi346/status/2103243191336284301
2026-09-24 22:09:07,TKemmerling,domain,info.nestfocushub.com,#phishing,https://x.com/TKemmerling/status/2103245371321516381
2026-09-24 22:09:07,TKemmerling,url,http://info.nestfocushub.com,#phishing,https://x.com/TKemmerling/status/2103245371321516381
2026-09-24 22:09:07,TKemmerling,domain,wealthfocushub.net,#phishing,https://x.com/TKemmerling/status/2103245371321516381
2026-09-24 22:09:07,TKemmerling,url,http://wealthfocushub.net,#phishing,https://x.com/TKemmerling/status/2103245371321516381
2026-09-24 23:27:05,TKemmerling,domain,youcanwinfriendswithsalad.com,#phishing,https://x.com/TKemmerling/status/2103264992468562261
2026-09-24 23:27:05,TKemmerling,url,http://youcanwinfriendswithsalad.com,#phishing,https://x.com/TKemmerling/status/2103264992468562261
2026-09-24 23:27:05,TKemmerling,domain,olympmarskiniailietuva.info,#phishing,https://x.com/TKemmerling/status/2103264992468562261
2026-09-24 23:27:05,TKemmerling,url,http://olympmarskiniailietuva.info,#phishing,https://x.com/TKemmerling/status/2103264992468562261
2026-09-24 23:40:04,muha2xmad,domain,lemon-1789655480294.staticrun.app,#phishing,https://x.com/muha2xmad/status/2103268261223596411
2026-09-24 23:40:04,muha2xmad,url,https://lemon-1789655480294.staticrun.app/index.htm#temp@microsoft.com,#phishing,https://x.com/muha2xmad/status/2103268261223596411
2026-09-24 23:40:04,muha2xmad,domain,jinong.shop,#phishing,https://x.com/muha2xmad/status/2103268261223596411
2026-09-24 23:40:04,muha2xmad,url,https://jinong.shop/iykk2/iykk2.php,#phishing,https://x.com/muha2xmad/status/2103268261223596411
2026-09-25 01:04:05,TKemmerling,domain,loancraftmarket.com,#phishing,https://x.com/TKemmerling/status/2103289402521010315
2026-09-25 01:04:05,TKemmerling,url,http://loancraftmarket.com,#phishing,https://x.com/TKemmerling/status/2103289402521010315
2026-09-25 01:04:05,TKemmerling,domain,westpointworks.space,#phishing,https://x.com/TKemmerling/status/2103289402521010315
2026-09-25 01:04:05,TKemmerling,url,http://westpointworks.space,#phishing,https://x.com/TKemmerling/status/2103289402521010315
2026-09-25 01:38:26,TKemmerling,domain,financeoakmont.com,#phishing,https://x.com/TKemmerling/status/2103298046390100303
2026-09-25 01:38:26,TKemmerling,url,http://financeoakmont.com,#phishing,https://x.com/TKemmerling/status/2103298046390100303
2026-09-25 01:38:26,TKemmerling,domain,moneycedarvale.com,#phishing,https://x.com/TKemmerling/status/2103298046390100303
2026-09-25 01:38:26,TKemmerling,url,http://moneycedarvale.com,#phishing,https://x.com/TKemmerling/status/2103298046390100303
2026-09-25 02:20:23,TKemmerling,domain,everyonesamentor.com,#phishing,https://x.com/TKemmerling/status/2103308605110071628
2026-09-25 02:20:23,TKemmerling,url,http://everyonesamentor.com,#phishing,https://x.com/TKemmerling/status/2103308605110071628
2026-09-25 02:20:23,TKemmerling,domain,vermontsolidsurface.info,#phishing,https://x.com/TKemmerling/status/2103308605110071628
2026-09-25 02:20:23,TKemmerling,url,http://vermontsolidsurface.info,#phishing,https://x.com/TKemmerling/status/2103308605110071628
2026-09-25 02:50:27,TKemmerling,domain,immersionhousing.com,#phishing,https://x.com/TKemmerling/status/2103316170741018756
2026-09-25 02:50:27,TKemmerling,url,http://immersionhousing.com,#phishing,https://x.com/TKemmerling/status/2103316170741018756
2026-09-25 02:50:27,TKemmerling,domain,missvalledeladrome.info,#phishing,https://x.com/TKemmerling/status/2103316170741018756
2026-09-25 02:50:27,TKemmerling,url,http://missvalledeladrome.info,#phishing,https://x.com/TKemmerling/status/2103316170741018756
2026-09-25 04:36:49,PhishStats,domain,help.financesolutiontips.com,#phishing,https://x.com/PhishStats/status/2103342940030714048
2026-09-25 04:36:49,PhishStats,url,https://help.financesolutiontips.com,#phishing,https://x.com/PhishStats/status/2103342940030714048
2026-09-25 04:36:49,PhishStats,ip,88.223.87.162,#phishing,https://x.com/PhishStats/status/2103342940030714048
2026-09-25 05:14:48,patialavii,domain,mauihost.qpon,#phishing,https://x.com/patialavii/status/2103352499017224656
2026-09-25 05:14:48,patialavii,url,https://mauihost.qpon/AdobeInstaller.html,#phishing,https://x.com/patialavii/status/2103352499017224656
2026-09-25 05:14:48,patialavii,domain,optonline22.screenconnect.com,#phishing,https://x.com/patialavii/status/2103352499017224656
2026-09-25 05:14:48,patialavii,url,https://optonline22.screenconnect.com/Bin/ScreenConnect.ClientSetup.msi,#phishing,https://x.com/patialavii/status/2103352499017224656
2026-09-25 05:20:42,patialavii,domain,pdfinstalls-2.vercel.app,#phishing,https://x.com/patialavii/status/2103353981447938261
2026-09-25 05:20:42,patialavii,url,https://pdfinstalls-2.vercel.app,#phishing,https://x.com/patialavii/status/2103353981447938261
2026-09-25 05:20:42,patialavii,domain,pub-6c532f29d3c34c6a910620ee29dd906a.r2.dev,#phishing,https://x.com/patialavii/status/2103353981447938261
2026-09-25 05:20:42,patialavii,url,https://pub-6c532f29d3c34c6a910620ee29dd906a.r2.dev/install-T7PBrn6YCAWJ9P4p2Licum.exe,#phishing,https://x.com/patialavii/status/2103353981447938261
2026-09-25 05:27:48,Fact_Finder03,ip,87.58.154.153,#C2,https://x.com/Fact_Finder03/status/2103355768234037399
2026-09-25 06:30:00,Fact_Finder03,ip,176.125.242.162,#C2,https://x.com/Fact_Finder03/status/2103371421045117248
2026-09-25 07:00:03,scanmalware,domain,authmail.edgeone.app,#ransomware,https://x.com/scanmalware/status/2103378984067080451
2026-09-25 07:00:03,scanmalware,url,http://authmail.edgeone.app,#ransomware,https://x.com/scanmalware/status/2103378984067080451
2026-09-25 07:21:46,malwrhunterteam,url,http://178.16.53.67:8899/veilt/,,https://x.com/malwrhunterteam/status/2103384450927047026
2026-09-25 07:21:46,malwrhunterteam,ip,178.16.53.67,,https://x.com/malwrhunterteam/status/2103384450927047026
2026-09-25 08:10:42,TLP_R3D,domain,ssosettings.com,,https://x.com/TLP_R3D/status/2103396765684965662
2026-09-25 08:10:42,TLP_R3D,url,http://ssosettings.com,,https://x.com/TLP_R3D/status/2103396765684965662
2026-09-25 08:39:07,smica83,domain,image.becreativefest.com,,https://x.com/smica83/status/2103403916973015132
2026-09-25 08:39:07,smica83,url,http://image.becreativefest.com/images/dgfdgagad,,https://x.com/smica83/status/2103403916973015132
2026-09-25 09:10:58,anyrun_app,domain,rhodesquality.com,#ClickFix,https://x.com/anyrun_app/status/2103411932090831061
2026-09-25 09:10:58,anyrun_app,url,https://rhodesquality.com/about-rhodes/,#ClickFix,https://x.com/anyrun_app/status/2103411932090831061
2026-09-25 09:10:58,anyrun_app,domain,kayoanime.com,#ClickFix,https://x.com/anyrun_app/status/2103411932090831061
2026-09-25 09:10:58,anyrun_app,url,https://kayoanime.com,#ClickFix,https://x.com/anyrun_app/status/2103411932090831061
2026-09-25 09:39:21,malwrhunterteam,domain,surround-tough-method-zinc.trycloudflare.com,,https://x.com/malwrhunterteam/status/2103419074231583044
2026-09-25 09:39:21,malwrhunterteam,url,http://surround-tough-method-zinc.trycloudflare.com,,https://x.com/malwrhunterteam/status/2103419074231583044
2026-09-25 10:20:57,smica83,url,https://ik.imagekit.io/xpml3eydq/kkdaikm.txt,,https://x.com/smica83/status/2103429542509424706
2026-09-25 10:20:57,smica83,ip,51.255.9.163,,https://x.com/smica83/status/2103429542509424706
2026-09-25 10:21:22,malwrhunterteam,domain,corecloudwave.online,,https://x.com/malwrhunterteam/status/2103429649749680556
2026-09-25 10:21:22,malwrhunterteam,url,http://corecloudwave.online:7843/documents_more_authority_services/,,https://x.com/malwrhunterteam/status/2103429649749680556
2026-09-25 10:49:08,malwrhunterteam,url,http://94.26.83.69/panel,,https://x.com/malwrhunterteam/status/2103436636386435436
2026-09-25 11:10:55,malwrhunterteam,domain,treboarkez.lol,,https://x.com/malwrhunterteam/status/2103442116022329539
2026-09-25 11:10:55,malwrhunterteam,url,http://treboarkez.lol,,https://x.com/malwrhunterteam/status/2103442116022329539
2026-09-25 11:15:27,OpcodeIntel,url,http://111.90.147.209,#ransomware,https://x.com/OpcodeIntel/status/2103443256835268676
2026-09-25 11:15:27,OpcodeIntel,domain,sarcomagroup.com,#ransomware,https://x.com/OpcodeIntel/status/2103443256835268676
2026-09-25 11:15:27,OpcodeIntel,url,http://sarcomagroup.com,#ransomware,https://x.com/OpcodeIntel/status/2103443256835268676
2026-09-25 11:15:27,OpcodeIntel,ip,111.90.147.209,#ransomware,https://x.com/OpcodeIntel/status/2103443256835268676
2026-09-25 12:05:27,malwrhunterteam,domain,gclsi-powers.org,,https://x.com/malwrhunterteam/status/2103455839835299980
2026-09-25 12:05:27,malwrhunterteam,url,http://gclsi-powers.org,,https://x.com/malwrhunterteam/status/2103455839835299980
2026-09-25 12:36:20,Q8CyberTi,domain,thenewsn-news.com,,https://x.com/Q8CyberTi/status/2103463614283649166
2026-09-25 12:36:20,Q8CyberTi,url,http://thenewsn-news.com/nlp/qdu,,https://x.com/Q8CyberTi/status/2103463614283649166
2026-09-25 12:48:57,TheM3gatr0n,domain,sso-justeattakeaway.com,,https://x.com/TheM3gatr0n/status/2103466787660820871
2026-09-25 12:48:57,TheM3gatr0n,url,http://sso-justeattakeaway.com,,https://x.com/TheM3gatr0n/status/2103466787660820871
2026-09-25 12:48:57,TheM3gatr0n,domain,internal-justeattakeaway.com,,https://x.com/TheM3gatr0n/status/2103466787660820871
2026-09-25 12:48:57,TheM3gatr0n,url,http://internal-justeattakeaway.com,,https://x.com/TheM3gatr0n/status/2103466787660820871
2026-09-25 12:48:57,TheM3gatr0n,domain,fffenterprisesinternal.com,,https://x.com/TheM3gatr0n/status/2103466787660820871
2026-09-25 12:48:57,TheM3gatr0n,url,http://fffenterprisesinternal.com,,https://x.com/TheM3gatr0n/status/2103466787660820871
2026-09-25 13:12:23,Fact_Finder03,ip,37.77.150.214,#C2,https://x.com/Fact_Finder03/status/2103472684869071261
2026-09-25 14:00:00,teamcymru_S2,ip,39.100.76.154,,https://x.com/teamcymru_S2/status/2103484670486659111
2026-09-25 14:00:00,teamcymru_S2,ip,47.108.208.69,,https://x.com/teamcymru_S2/status/2103484670486659111
2026-09-25 14:00:00,teamcymru_S2,ip,49.77.137.146,,https://x.com/teamcymru_S2/status/2103484670486659111
2026-09-25 14:00:00,teamcymru_S2,ip,109.172.94.188,,https://x.com/teamcymru_S2/status/2103484670486659111
2026-09-25 14:00:00,teamcymru_S2,ip,138.124.25.244,,https://x.com/teamcymru_S2/status/2103484670486659111
2026-09-25 14:00:00,teamcymru_S2,ip,147.45.76.131,,https://x.com/teamcymru_S2/status/2103484670486659111
2026-09-25 14:00:00,teamcymru_S2,ip,103.143.81.147,,https://x.com/teamcymru_S2/status/2103484670486659111
2026-09-25 14:00:00,teamcymru_S2,ip,103.143.81.167,,https://x.com/teamcymru_S2/status/2103484670486659111
2026-09-25 14:00:00,teamcymru_S2,ip,149.104.29.121,,https://x.com/teamcymru_S2/status/2103484670486659111
2026-09-25 14:12:56,sicehice,ip,89.185.82.24,,https://x.com/sicehice/status/2103487922481578337
2026-09-25 14:31:15,SpiderLabs,domain,beacon-surge-sync.workers.dev,#phishing,https://x.com/SpiderLabs/status/2103492532810232027
2026-09-25 14:31:15,SpiderLabs,url,http://beacon-surge-sync.workers.dev,#phishing,https://x.com/SpiderLabs/status/2103492532810232027
2026-09-25 14:31:15,SpiderLabs,domain,beton-beton.eu,#phishing,https://x.com/SpiderLabs/status/2103492532810232027
2026-09-25 14:31:15,SpiderLabs,url,http://beton-beton.eu,#phishing,https://x.com/SpiderLabs/status/2103492532810232027
2026-09-25 14:31:15,SpiderLabs,domain,bike-msca.eu,#phishing,https://x.com/SpiderLabs/status/2103492532810232027
2026-09-25 14:31:15,SpiderLabs,url,http://bike-msca.eu,#phishing,https://x.com/SpiderLabs/status/2103492532810232027
2026-09-25 14:31:15,SpiderLabs,domain,bodi-project.eu,#phishing,https://x.com/SpiderLabs/status/2103492532810232027
2026-09-25 14:31:15,SpiderLabs,url,http://bodi-project.eu,#phishing,https://x.com/SpiderLabs/status/2103492532810232027
2026-09-25 14:31:15,SpiderLabs,domain,bruoth-family.eu,#phishing,https://x.com/SpiderLabs/status/2103492532810232027
2026-09-25 14:31:15,SpiderLabs,url,http://bruoth-family.eu,#phishing,https://x.com/SpiderLabs/status/2103492532810232027
2026-09-25 14:31:15,SpiderLabs,domain,cardamomo.eu,#phishing,https://x.com/SpiderLabs/status/2103492532810232027
2026-09-25 14:31:15,SpiderLabs,url,http://cardamomo.eu,#phishing,https://x.com/SpiderLabs/status/2103492532810232027
2026-09-25 14:31:15,SpiderLabs,domain,coppietersrecherche.eu,#phishing,https://x.com/SpiderLabs/status/2103492532810232027
2026-09-25 14:31:15,SpiderLabs,url,http://coppietersrecherche.eu,#phishing,https://x.com/SpiderLabs/status/2103492532810232027
2026-09-25 14:31:15,SpiderLabs,domain,diabetesnet.eu,#phishing,https://x.com/SpiderLabs/status/2103492532810232027
2026-09-25 14:31:15,SpiderLabs,url,http://diabetesnet.eu,#phishing,https://x.com/SpiderLabs/status/2103492532810232027
2026-09-25 14:31:15,SpiderLabs,domain,dymowski.eu,#phishing,https://x.com/SpiderLabs/status/2103492532810232027
2026-09-25 14:31:15,SpiderLabs,url,http://dymowski.eu,#phishing,https://x.com/SpiderLabs/status/2103492532810232027
2026-09-25 14:31:15,SpiderLabs,domain,euniverza.eu,#phishing,https://x.com/SpiderLabs/status/2103492532810232027
2026-09-25 14:31:15,SpiderLabs,url,http://euniverza.eu,#phishing,https://x.com/SpiderLabs/status/2103492532810232027
2026-09-25 14:31:15,SpiderLabs,domain,hutspotmaken.eu,#phishing,https://x.com/SpiderLabs/status/2103492532810232027
2026-09-25 14:31:15,SpiderLabs,url,http://hutspotmaken.eu,#phishing,https://x.com/SpiderLabs/status/2103492532810232027
2026-09-25 14:31:15,SpiderLabs,domain,illuminatedminds.eu,#phishing,https://x.com/SpiderLabs/status/2103492532810232027
2026-09-25 14:31:15,SpiderLabs,url,http://illuminatedminds.eu,#phishing,https://x.com/SpiderLabs/status/2103492532810232027
2026-09-25 14:31:15,SpiderLabs,domain,jetcapital.eu,#phishing,https://x.com/SpiderLabs/status/2103492532810232027
2026-09-25 14:31:15,SpiderLabs,url,http://jetcapital.eu,#phishing,https://x.com/SpiderLabs/status/2103492532810232027
2026-09-25 14:31:15,SpiderLabs,domain,languagesforwork.eu,#phishing,https://x.com/SpiderLabs/status/2103492532810232027
2026-09-25 14:31:15,SpiderLabs,url,http://languagesforwork.eu,#phishing,https://x.com/SpiderLabs/status/2103492532810232027
2026-09-25 14:31:15,SpiderLabs,domain,lesbolides.eu,#phishing,https://x.com/SpiderLabs/status/2103492532810232027
2026-09-25 14:31:15,SpiderLabs,url,http://lesbolides.eu,#phishing,https://x.com/SpiderLabs/status/2103492532810232027
2026-09-25 14:31:15,SpiderLabs,domain,mdiament.eu,#phishing,https://x.com/SpiderLabs/status/2103492532810232027
2026-09-25 14:31:15,SpiderLabs,url,http://mdiament.eu,#phishing,https://x.com/SpiderLabs/status/2103492532810232027
2026-09-25 14:31:15,SpiderLabs,domain,nbi-training.eu,#phishing,https://x.com/SpiderLabs/status/2103492532810232027
2026-09-25 14:31:15,SpiderLabs,url,http://nbi-training.eu,#phishing,https://x.com/SpiderLabs/status/2103492532810232027
2026-09-25 14:31:15,SpiderLabs,domain,nellarmonia.eu,#phishing,https://x.com/SpiderLabs/status/2103492532810232027
2026-09-25 14:31:15,SpiderLabs,url,http://nellarmonia.eu,#phishing,https://x.com/SpiderLabs/status/2103492532810232027
2026-09-25 14:31:15,SpiderLabs,domain,originalpizza.eu,#phishing,https://x.com/SpiderLabs/status/2103492532810232027
2026-09-25 14:31:15,SpiderLabs,url,http://originalpizza.eu,#phishing,https://x.com/SpiderLabs/status/2103492532810232027
2026-09-25 14:31:15,SpiderLabs,domain,polskaprezydencjacsr.eu,#phishing,https://x.com/SpiderLabs/status/2103492532810232027
2026-09-25 14:31:15,SpiderLabs,url,http://polskaprezydencjacsr.eu,#phishing,https://x.com/SpiderLabs/status/2103492532810232027
2026-09-25 14:31:15,SpiderLabs,domain,robologic.eu,#phishing,https://x.com/SpiderLabs/status/2103492532810232027
2026-09-25 14:31:15,SpiderLabs,url,http://robologic.eu,#phishing,https://x.com/SpiderLabs/status/2103492532810232027
2026-09-25 14:31:15,SpiderLabs,domain,safetystock.eu,#phishing,https://x.com/SpiderLabs/status/2103492532810232027
2026-09-25 14:31:15,SpiderLabs,url,http://safetystock.eu,#phishing,https://x.com/SpiderLabs/status/2103492532810232027
2026-09-25 14:31:15,SpiderLabs,domain,electroloys.com,#phishing,https://x.com/SpiderLabs/status/2103492532810232027
2026-09-25 14:31:15,SpiderLabs,url,http://electroloys.com,#phishing,https://x.com/SpiderLabs/status/2103492532810232027
2026-09-25 14:31:15,SpiderLabs,domain,hacsg.com,#phishing,https://x.com/SpiderLabs/status/2103492532810232027
2026-09-25 14:31:15,SpiderLabs,url,http://hacsg.com,#phishing,https://x.com/SpiderLabs/status/2103492532810232027
2026-09-25 14:31:15,SpiderLabs,url,http://sites.google.com/view/hgfdsqazxcvhjoswwqq/home,#phishing,https://x.com/SpiderLabs/status/2103492532810232027
2026-09-25 14:31:15,SpiderLabs,url,http://sites.google.com/view/adobe-docus/home,#phishing,https://x.com/SpiderLabs/status/2103492532810232027
2026-09-25 14:31:15,SpiderLabs,url,http://sites.google.com/view/miticabo/home,#phishing,https://x.com/SpiderLabs/status/2103492532810232027
2026-09-25 14:31:15,SpiderLabs,url,http://sites.google.com/view/ctfvygbuhgyftvbgyfpoiuytrftgyh/home,#phishing,https://x.com/SpiderLabs/status/2103492532810232027
2026-09-25 14:31:15,SpiderLabs,url,http://sites.google.com/view/kjvcfdswqazxcfvghjoplkjmnbvcf/home,#phishing,https://x.com/SpiderLabs/status/2103492532810232027
2026-09-25 14:31:15,SpiderLabs,url,http://sites.google.com/view/securespdf/home,#phishing,https://x.com/SpiderLabs/status/2103492532810232027
2026-09-25 14:31:15,SpiderLabs,url,http://sites.google.com/view/onwajuly/home,#phishing,https://x.com/SpiderLabs/status/2103492532810232027
2026-09-25 14:31:15,SpiderLabs,domain,dv0psh-purv3w-azfn-b2c0-msauth3-m365svc-s3ntln-4zrfn3x-cntnrx.workers.dev,#phishing,https://x.com/SpiderLabs/status/2103492532810232027
2026-09-25 14:31:15,SpiderLabs,url,http://dv0psh-purv3w-azfn-b2c0-msauth3-m365svc-s3ntln-4zrfn3x-cntnrx.workers.dev,#phishing,https://x.com/SpiderLabs/status/2103492532810232027
2026-09-25 14:31:15,SpiderLabs,domain,ssosvc-m365s-kvl-dv0pshb-s3ntln-c0mply-4zrmonx-apimgwx-evnthb.workers.dev,#phishing,https://x.com/SpiderLabs/status/2103492532810232027
2026-09-25 14:31:15,SpiderLabs,url,http://ssosvc-m365s-kvl-dv0pshb-s3ntln-c0mply-4zrmonx-apimgwx-evnthb.workers.dev,#phishing,https://x.com/SpiderLabs/status/2103492532810232027
2026-09-25 14:31:15,SpiderLabs,domain,wndws-pip3ln-sql3-waf3-purv3-gdprsx-dfn-azfn-appsvc-0ffapx.workers.dev,#phishing,https://x.com/SpiderLabs/status/2103492532810232027
2026-09-25 14:31:15,SpiderLabs,url,http://wndws-pip3ln-sql3-waf3-purv3-gdprsx-dfn-azfn-appsvc-0ffapx.workers.dev,#phishing,https://x.com/SpiderLabs/status/2103492532810232027
2026-09-25 14:31:15,SpiderLabs,domain,purv3w3-t3ms4pp-certs-intun3-sbussvx-4zredg-siemsv-pip3ln-0ffc3.workers.dev,#phishing,https://x.com/SpiderLabs/status/2103492532810232027
2026-09-25 14:31:15,SpiderLabs,url,http://purv3w3-t3ms4pp-certs-intun3-sbussvx-4zredg-siemsv-pip3ln-0ffc3.workers.dev,#phishing,https://x.com/SpiderLabs/status/2103492532810232027
2026-09-25 15:06:20,ShadowOpCode,domain,g-globalapp.com,#malvertising #scam,https://x.com/ShadowOpCode/status/2103501363007074656
2026-09-25 15:06:20,ShadowOpCode,url,https://g-globalapp.com,#malvertising #scam,https://x.com/ShadowOpCode/status/2103501363007074656
2026-09-25 16:45:18,TheM3gatr0n,domain,passkey-settings.com,,https://x.com/TheM3gatr0n/status/2103526269455671473
2026-09-25 16:45:18,TheM3gatr0n,url,http://passkey-settings.com,,https://x.com/TheM3gatr0n/status/2103526269455671473
2026-09-25 16:45:18,TheM3gatr0n,domain,accounts-auth.com,,https://x.com/TheM3gatr0n/status/2103526269455671473
2026-09-25 16:45:18,TheM3gatr0n,url,http://accounts-auth.com,,https://x.com/TheM3gatr0n/status/2103526269455671473
2026-09-25 16:48:00,PhishStats,domain,checkoutv2.inflowpay.com,#phishing,https://x.com/PhishStats/status/2103526948169494944
2026-09-25 16:48:00,PhishStats,url,https://checkoutv2.inflowpay.com/pay/sess_FsNHlEobXBntqBJRgAwXP,#phishing,https://x.com/PhishStats/status/2103526948169494944
2026-09-25 16:48:00,PhishStats,ip,216.24.57.18,#phishing,https://x.com/PhishStats/status/2103526948169494944
2026-09-25 17:21:30,TheM3gatr0n,domain,account-passkey.com,,https://x.com/TheM3gatr0n/status/2103535378162720830
2026-09-25 17:21:30,TheM3gatr0n,url,http://account-passkey.com,,https://x.com/TheM3gatr0n/status/2103535378162720830
2026-09-25 17:32:31,OpcodeIntel,domain,llamafile.info,#malware,https://x.com/OpcodeIntel/status/2103538148743782818
2026-09-25 17:32:31,OpcodeIntel,url,http://llamafile.info,#malware,https://x.com/OpcodeIntel/status/2103538148743782818
2026-09-25 17:32:31,OpcodeIntel,md5,d71efe357fcf18e057e377c675f8f773,#malware,https://x.com/OpcodeIntel/status/2103538148743782818
2026-09-25 17:32:31,OpcodeIntel,md5,05f9e93c26d193a5a227f4741a041d36,#malware,https://x.com/OpcodeIntel/status/2103538148743782818
2026-09-25 18:00:46,skocherhan,md5,ac52c45a93d452c8864a408e01ca74b3,,https://x.com/skocherhan/status/2103545259221557418
2026-09-25 18:14:06,malwrhunterteam,domain,mparivahan-gov.org,,https://x.com/malwrhunterteam/status/2103548616866722123
2026-09-25 18:14:06,malwrhunterteam,url,https://mparivahan-gov.org/3/,,https://x.com/malwrhunterteam/status/2103548616866722123
2026-09-25 20:14:52,0xb1lal,ip,189.49.3.54,#opendir,https://x.com/0xb1lal/status/2103579006142501350
2026-09-25 23:30:00,oroshi0064,domain,marblefallslake-etzax.com,#malware,https://x.com/oroshi0064/status/2103628112886116814
2026-09-25 23:30:00,oroshi0064,url,https://marblefallslake-etzax.com,#malware,https://x.com/oroshi0064/status/2103628112886116814
2026-09-25 23:30:00,oroshi0064,domain,alhotel-pau-etzax.com,#malware,https://x.com/oroshi0064/status/2103628112886116814
2026-09-25 23:30:00,oroshi0064,url,https://alhotel-pau-etzax.com,#malware,https://x.com/oroshi0064/status/2103628112886116814
2026-09-25 23:30:00,oroshi0064,domain,kingashotel-etzax.com,#malware,https://x.com/oroshi0064/status/2103628112886116814
2026-09-25 23:30:00,oroshi0064,url,https://kingashotel-etzax.com,#malware,https://x.com/oroshi0064/status/2103628112886116814
2026-09-25 23:30:00,oroshi0064,domain,sanpedrodejuj-etzax.com,#malware,https://x.com/oroshi0064/status/2103628112886116814
2026-09-25 23:30:00,oroshi0064,url,https://sanpedrodejuj-etzax.com,#malware,https://x.com/oroshi0064/status/2103628112886116814
2026-09-25 23:30:00,oroshi0064,domain,fastestwebbrows-etzax.com,#malware,https://x.com/oroshi0064/status/2103628112886116814
2026-09-25 23:30:00,oroshi0064,url,https://fastestwebbrows-etzax.com,#malware,https://x.com/oroshi0064/status/2103628112886116814
2026-09-25 23:30:00,oroshi0064,domain,southcoastshop-etzax.com,#malware,https://x.com/oroshi0064/status/2103628112886116814
2026-09-25 23:30:00,oroshi0064,url,https://southcoastshop-etzax.com,#malware,https://x.com/oroshi0064/status/2103628112886116814
2026-09-25 23:32:17,oroshi0064,domain,lozatechai-jprakutanziu.com,#malware #phishing,https://x.com/oroshi0064/status/2103628687077994552
2026-09-25 23:32:17,oroshi0064,url,https://lozatechai-jprakutanziu.com,#malware #phishing,https://x.com/oroshi0064/status/2103628687077994552
2026-09-25 23:32:17,oroshi0064,domain,crispyinfo-jprakutanziu.com,#malware #phishing,https://x.com/oroshi0064/status/2103628687077994552
2026-09-25 23:32:17,oroshi0064,url,https://crispyinfo-jprakutanziu.com,#malware #phishing,https://x.com/oroshi0064/status/2103628687077994552
2026-09-25 23:32:17,oroshi0064,domain,bhrconline-jprakutanziu.com,#malware #phishing,https://x.com/oroshi0064/status/2103628687077994552
2026-09-25 23:32:17,oroshi0064,url,https://bhrconline-jprakutanziu.com,#malware #phishing,https://x.com/oroshi0064/status/2103628687077994552
2026-09-25 23:32:17,oroshi0064,domain,visionvert-jprakutanziu.com,#malware #phishing,https://x.com/oroshi0064/status/2103628687077994552
2026-09-25 23:32:17,oroshi0064,url,https://visionvert-jprakutanziu.com,#malware #phishing,https://x.com/oroshi0064/status/2103628687077994552
2026-09-25 23:32:17,oroshi0064,domain,alaspapel-jprakutanziu.com,#malware #phishing,https://x.com/oroshi0064/status/2103628687077994552
2026-09-25 23:32:17,oroshi0064,url,https://alaspapel-jprakutanziu.com,#malware #phishing,https://x.com/oroshi0064/status/2103628687077994552
2026-09-26 00:01:49,masaomi346,domain,bhrconline-jprakutanziu.com,#malware #phishing,https://x.com/masaomi346/status/2103636119594434608
2026-09-26 00:01:49,masaomi346,url,https://bhrconline-jprakutanziu.com,#malware #phishing,https://x.com/masaomi346/status/2103636119594434608
2026-09-26 00:01:49,masaomi346,domain,crispyinfo-jprakutanziu.com,#malware #phishing,https://x.com/masaomi346/status/2103636119594434608
2026-09-26 00:01:49,masaomi346,url,https://crispyinfo-jprakutanziu.com,#malware #phishing,https://x.com/masaomi346/status/2103636119594434608
2026-09-26 00:01:49,masaomi346,domain,lozatechai-jprakutanziu.com,#malware #phishing,https://x.com/masaomi346/status/2103636119594434608
2026-09-26 00:01:49,masaomi346,url,https://lozatechai-jprakutanziu.com,#malware #phishing,https://x.com/masaomi346/status/2103636119594434608
2026-09-26 00:01:49,masaomi346,domain,visionvert-jprakutanziu.com,#malware #phishing,https://x.com/masaomi346/status/2103636119594434608
2026-09-26 00:01:49,masaomi346,url,https://visionvert-jprakutanziu.com,#malware #phishing,https://x.com/masaomi346/status/2103636119594434608
2026-09-26 00:01:49,masaomi346,sha256,d642948da8c6b7d29f34f582d03aa171a437061b96e8050a33438caae1fc1464,#malware #phishing,https://x.com/masaomi346/status/2103636119594434608
2026-09-26 00:02:35,PhishStats,domain,alaspapel-jprakutanziu.com,#phishing,https://x.com/PhishStats/status/2103636315237433600
2026-09-26 00:02:35,PhishStats,url,https://alaspapel-jprakutanziu.com,#phishing,https://x.com/PhishStats/status/2103636315237433600
2026-09-26 00:08:32,masaomi346,domain,alhotel-pau-etzax.com,#malware #phishing,https://x.com/masaomi346/status/2103637809479536718
2026-09-26 00:08:32,masaomi346,url,https://alhotel-pau-etzax.com,#malware #phishing,https://x.com/masaomi346/status/2103637809479536718
2026-09-26 00:08:32,masaomi346,domain,fastestwebbrows-etzax.com,#malware #phishing,https://x.com/masaomi346/status/2103637809479536718
2026-09-26 00:08:32,masaomi346,url,https://fastestwebbrows-etzax.com,#malware #phishing,https://x.com/masaomi346/status/2103637809479536718
2026-09-26 00:08:32,masaomi346,domain,kingashotel-etzax.com,#malware #phishing,https://x.com/masaomi346/status/2103637809479536718
2026-09-26 00:08:32,masaomi346,url,https://kingashotel-etzax.com,#malware #phishing,https://x.com/masaomi346/status/2103637809479536718
2026-09-26 00:08:32,masaomi346,domain,marblefallslake-etzax.com,#malware #phishing,https://x.com/masaomi346/status/2103637809479536718
2026-09-26 00:08:32,masaomi346,url,https://marblefallslake-etzax.com,#malware #phishing,https://x.com/masaomi346/status/2103637809479536718
2026-09-26 00:08:32,masaomi346,domain,sanpedrodejuj-etzax.com,#malware #phishing,https://x.com/masaomi346/status/2103637809479536718
2026-09-26 00:08:32,masaomi346,url,https://sanpedrodejuj-etzax.com,#malware #phishing,https://x.com/masaomi346/status/2103637809479536718
2026-09-26 00:08:32,masaomi346,sha256,0cf1ef85fde5e62584145e2006983db5ef5136d1a1814fb02396309d7844eb37,#malware #phishing,https://x.com/masaomi346/status/2103637809479536718
2026-09-26 07:48:37,masaomi346,domain,uwaiskdas.com,#phishing,https://x.com/masaomi346/status/2103753595737014458
2026-09-26 07:48:37,masaomi346,url,https://uwaiskdas.com/cash/downloadopwad,#phishing,https://x.com/masaomi346/status/2103753595737014458
2026-09-26 07:57:15,masaomi346,domain,benditongoto.com,#malware #phishing,https://x.com/masaomi346/status/2103755766486487048
2026-09-26 07:57:15,masaomi346,url,https://benditongoto.com,#malware #phishing,https://x.com/masaomi346/status/2103755766486487048
2026-09-26 07:57:15,masaomi346,sha256,6ee229a62f9d05af87c82b51f0db38ec8153abfc1415e2c685018b34b6fa5392,#malware #phishing,https://x.com/masaomi346/status/2103755766486487048
2026-09-26 08:43:43,smica83,url,http://91.210.146.50,,https://x.com/smica83/status/2103767459090088116
2026-09-26 08:43:43,smica83,ip,91.210.146.50,,https://x.com/smica83/status/2103767459090088116
2026-09-26 09:14:42,Wilmichels,domain,canabit.ca,#cryptoscam #scam,https://x.com/Wilmichels/status/2103775259568599393
2026-09-26 09:14:42,Wilmichels,url,http://Canabit.ca,#cryptoscam #scam,https://x.com/Wilmichels/status/2103775259568599393
2026-09-26 09:14:42,Wilmichels,domain,canabit.ai,#cryptoscam #scam,https://x.com/Wilmichels/status/2103775259568599393
2026-09-26 09:14:42,Wilmichels,url,http://Canabit.ai,#cryptoscam #scam,https://x.com/Wilmichels/status/2103775259568599393
2026-09-26 13:43:21,malwrhunterteam,url,http://20.102.117.176:8080/login,,https://x.com/malwrhunterteam/status/2103842866573484177
2026-09-26 13:43:21,malwrhunterteam,ip,20.102.117.176,,https://x.com/malwrhunterteam/status/2103842866573484177
2026-09-26 13:44:56,Fact_Finder03,ip,103.101.178.218,#C2,https://x.com/Fact_Finder03/status/2103843266793976066
2026-09-26 13:51:55,scanmalware,domain,netflix-71f05.firebaseapp.com,#phishing #ransomware,https://x.com/scanmalware/status/2103845020595839074
2026-09-26 13:51:55,scanmalware,url,http://netflix-71f05.firebaseapp.com,#phishing #ransomware,https://x.com/scanmalware/status/2103845020595839074
2026-09-26 14:20:57,byrne_emmy12099,domain,youwillneverstopus.top,#APT,https://x.com/byrne_emmy12099/status/2103852329636372760
2026-09-26 14:20:57,byrne_emmy12099,url,http://youwillneverstopus.top/mart/res/bb.php,#APT,https://x.com/byrne_emmy12099/status/2103852329636372760
2026-09-26 18:37:16,skocherhan,domain,tenayant.jp.net,,https://x.com/skocherhan/status/2103916833359491329
2026-09-26 18:37:16,skocherhan,url,http://tenayant.jp.net,,https://x.com/skocherhan/status/2103916833359491329
2026-09-26 19:47:37,500mk500,domain,lurkershield.com,#Magecart,https://x.com/500mk500/status/2103934538254557327
2026-09-26 19:47:37,500mk500,url,http://lurkershield.com,#Magecart,https://x.com/500mk500/status/2103934538254557327
2026-09-26 19:47:37,500mk500,domain,safepayguard.com,#Magecart,https://x.com/500mk500/status/2103934538254557327
2026-09-26 19:47:37,500mk500,url,http://safepayguard.com,#Magecart,https://x.com/500mk500/status/2103934538254557327
2026-09-26 19:47:37,500mk500,domain,webcache-cache.com,#Magecart,https://x.com/500mk500/status/2103934538254557327
2026-09-26 19:47:37,500mk500,url,http://webcache-cache.com,#Magecart,https://x.com/500mk500/status/2103934538254557327
2026-09-26 19:47:37,500mk500,domain,webcachecache.com,#Magecart,https://x.com/500mk500/status/2103934538254557327
2026-09-26 19:47:37,500mk500,url,http://webcachecache.com,#Magecart,https://x.com/500mk500/status/2103934538254557327
2026-09-26 19:47:37,500mk500,domain,feedback-bundle.com,#Magecart,https://x.com/500mk500/status/2103934538254557327
2026-09-26 19:47:37,500mk500,url,http://feedback-bundle.com,#Magecart,https://x.com/500mk500/status/2103934538254557327
2026-09-26 19:47:37,500mk500,domain,assets-bundle.com,#Magecart,https://x.com/500mk500/status/2103934538254557327
2026-09-26 19:47:37,500mk500,url,http://assets-bundle.com,#Magecart,https://x.com/500mk500/status/2103934538254557327
2026-09-26 19:47:37,500mk500,domain,feedbackbundle.com,#Magecart,https://x.com/500mk500/status/2103934538254557327
2026-09-26 19:47:37,500mk500,url,http://feedbackbundle.com,#Magecart,https://x.com/500mk500/status/2103934538254557327
2026-09-26 19:47:37,500mk500,domain,static-secure.com,#Magecart,https://x.com/500mk500/status/2103934538254557327
2026-09-26 19:47:37,500mk500,url,http://static-secure.com,#Magecart,https://x.com/500mk500/status/2103934538254557327
2026-09-26 19:47:37,500mk500,domain,analytics-secure.com,#Magecart,https://x.com/500mk500/status/2103934538254557327
2026-09-26 19:47:37,500mk500,url,http://analytics-secure.com,#Magecart,https://x.com/500mk500/status/2103934538254557327
2026-09-26 19:47:37,500mk500,domain,doubleclickpro.com,#Magecart,https://x.com/500mk500/status/2103934538254557327
2026-09-26 19:47:37,500mk500,url,http://doubleclickpro.com,#Magecart,https://x.com/500mk500/status/2103934538254557327
2026-09-26 19:47:37,500mk500,domain,jquery-bootstrap.com,#Magecart,https://x.com/500mk500/status/2103934538254557327
2026-09-26 19:47:37,500mk500,url,http://jquery-bootstrap.com,#Magecart,https://x.com/500mk500/status/2103934538254557327
2026-09-26 19:47:37,500mk500,domain,captchatimestamp.com,#Magecart,https://x.com/500mk500/status/2103934538254557327
2026-09-26 19:47:37,500mk500,url,http://captchatimestamp.com,#Magecart,https://x.com/500mk500/status/2103934538254557327
2026-09-26 19:47:37,500mk500,domain,feedback-hotjar.com,#Magecart,https://x.com/500mk500/status/2103934538254557327
2026-09-26 19:47:37,500mk500,url,http://feedback-hotjar.com,#Magecart,https://x.com/500mk500/status/2103934538254557327
2026-09-26 19:47:37,reporturi,domain,specterguardian.com,#Magecart,https://x.com/reporturi/status/2103392201384329646
2026-09-26 19:47:37,reporturi,url,http://specterguardian.com,#Magecart,https://x.com/reporturi/status/2103392201384329646
2026-09-26 19:47:37,reporturi,domain,solutionjquery.com,#Magecart,https://x.com/reporturi/status/2103392201384329646
2026-09-26 19:47:37,reporturi,url,http://solutionjquery.com,#Magecart,https://x.com/reporturi/status/2103392201384329646
2026-09-26 19:47:37,reporturi,domain,assetsbundle.com,#Magecart,https://x.com/reporturi/status/2103392201384329646
2026-09-26 19:47:37,reporturi,url,http://assetsbundle.com,#Magecart,https://x.com/reporturi/status/2103392201384329646
2026-09-26 19:47:37,reporturi,domain,gtmtimestamp.com,#Magecart,https://x.com/reporturi/status/2103392201384329646
2026-09-26 19:47:37,reporturi,url,http://gtmtimestamp.com,#Magecart,https://x.com/reporturi/status/2103392201384329646
2026-09-26 19:47:37,reporturi,domain,doubleclickcache.com,#Magecart,https://x.com/reporturi/status/2103392201384329646
2026-09-26 19:47:37,reporturi,url,http://doubleclickcache.com,#Magecart,https://x.com/reporturi/status/2103392201384329646
2026-09-26 19:47:37,reporturi,domain,websitewebcache.com,#Magecart,https://x.com/reporturi/status/2103392201384329646
2026-09-26 19:47:37,reporturi,url,http://websitewebcache.com,#Magecart,https://x.com/reporturi/status/2103392201384329646
2026-09-26 19:47:37,reporturi,domain,explorerbrowser.com,#Magecart,https://x.com/reporturi/status/2103392201384329646
2026-09-26 19:47:37,reporturi,url,http://explorerbrowser.com,#Magecart,https://x.com/reporturi/status/2103392201384329646
2026-09-26 19:47:37,reporturi,domain,review-cdn.com,#Magecart,https://x.com/reporturi/status/2103392201384329646
2026-09-26 19:47:37,reporturi,url,http://review-cdn.com,#Magecart,https://x.com/reporturi/status/2103392201384329646
2026-09-26 19:47:37,reporturi,domain,safeprocessmaster.com,#Magecart,https://x.com/reporturi/status/2103392201384329646
2026-09-26 19:47:37,reporturi,url,http://safeprocessmaster.com,#Magecart,https://x.com/reporturi/status/2103392201384329646
2026-09-26 19:48:43,skocherhan,domain,anunds.com,,https://x.com/skocherhan/status/2103934814671745035
2026-09-26 19:48:43,skocherhan,url,http://anunds.com,,https://x.com/skocherhan/status/2103934814671745035
2026-09-26 19:54:58,midnight_comms,domain,jadxgui.com,,https://x.com/midnight_comms/status/2103936387083022546
2026-09-26 19:54:58,midnight_comms,url,http://jadxgui.com,,https://x.com/midnight_comms/status/2103936387083022546
2026-09-26 20:05:54,smica83,domain,leadingspacetechnology.top,,https://x.com/smica83/status/2103939137330204900
2026-09-26 20:05:54,smica83,url,http://leadingspacetechnology.top/mart/res/bb.php,,https://x.com/smica83/status/2103939137330204900
2026-09-26 20:05:54,smica83,url,http://leadingspacetechnology.top/mart/res/get-command.php,,https://x.com/smica83/status/2103939137330204900
2026-09-26 20:52:46,skocherhan,domain,osky.dev,,https://x.com/skocherhan/status/2103950933088506181
2026-09-26 20:52:46,skocherhan,url,http://osky.dev,,https://x.com/skocherhan/status/2103950933088506181
2026-09-26 20:52:46,skocherhan,domain,hannaileid.com,,https://x.com/skocherhan/status/2103950933088506181
2026-09-26 20:52:46,skocherhan,url,http://hannaileid.com,,https://x.com/skocherhan/status/2103950933088506181
2026-09-26 20:52:46,skocherhan,domain,ontradictiousn.info,,https://x.com/skocherhan/status/2103950933088506181
2026-09-26 20:52:46,skocherhan,url,http://ontradictiousn.info,,https://x.com/skocherhan/status/2103950933088506181
2026-09-26 20:52:46,skocherhan,domain,logicora.mom,,https://x.com/skocherhan/status/2103950933088506181
2026-09-26 20:52:46,skocherhan,url,http://logicora.mom,,https://x.com/skocherhan/status/2103950933088506181
2026-09-26 20:52:46,skocherhan,domain,smartvex.rest,,https://x.com/skocherhan/status/2103950933088506181
2026-09-26 20:52:46,skocherhan,url,http://smartvex.rest,,https://x.com/skocherhan/status/2103950933088506181
2026-09-26 20:52:46,skocherhan,domain,whm.whm.whm.whm.whm.www.whm.mta-sts.prohouz.com,,https://x.com/skocherhan/status/2103950933088506181
2026-09-26 20:52:46,skocherhan,url,http://whm.whm.whm.whm.whm.www.whm.mta-sts.prohouz.com,,https://x.com/skocherhan/status/2103950933088506181
2026-09-26 20:52:46,skocherhan,domain,fanotablid.net,,https://x.com/skocherhan/status/2103950933088506181
2026-09-26 20:52:46,skocherhan,url,http://fanotablid.net,,https://x.com/skocherhan/status/2103950933088506181
2026-09-26 20:52:46,skocherhan,domain,modickresl.info,,https://x.com/skocherhan/status/2103950933088506181
2026-09-26 20:52:46,skocherhan,url,http://modickresl.info,,https://x.com/skocherhan/status/2103950933088506181
2026-09-26 20:52:46,skocherhan,domain,moithioutu.com,,https://x.com/skocherhan/status/2103950933088506181
2026-09-26 20:52:46,skocherhan,url,http://moithioutu.com,,https://x.com/skocherhan/status/2103950933088506181
2026-09-26 20:52:46,skocherhan,domain,whm.mta-sts.raytecs.com,,https://x.com/skocherhan/status/2103950933088506181
2026-09-26 20:52:46,skocherhan,url,http://whm.mta-sts.raytecs.com,,https://x.com/skocherhan/status/2103950933088506181
2026-09-26 20:52:46,skocherhan,domain,lumsheeray.com,,https://x.com/skocherhan/status/2103950933088506181
2026-09-26 20:52:46,skocherhan,url,http://lumsheeray.com,,https://x.com/skocherhan/status/2103950933088506181
2026-09-26 20:52:46,skocherhan,domain,moolkalis.net,,https://x.com/skocherhan/status/2103950933088506181
2026-09-26 20:52:46,skocherhan,url,http://moolkalis.net,,https://x.com/skocherhan/status/2103950933088506181
2026-09-26 20:52:46,skocherhan,domain,olalietide.com,,https://x.com/skocherhan/status/2103950933088506181
2026-09-26 20:52:46,skocherhan,url,http://olalietide.com,,https://x.com/skocherhan/status/2103950933088506181
2026-09-26 20:52:46,skocherhan,domain,horvix.info,,https://x.com/skocherhan/status/2103950933088506181
2026-09-26 20:52:46,skocherhan,url,http://horvix.info,,https://x.com/skocherhan/status/2103950933088506181
2026-09-26 20:52:46,skocherhan,domain,xinsebache.my,,https://x.com/skocherhan/status/2103950933088506181
2026-09-26 20:52:46,skocherhan,url,http://xinsebache.my,,https://x.com/skocherhan/status/2103950933088506181
2026-09-26 20:52:46,skocherhan,domain,pugistlist.com,,https://x.com/skocherhan/status/2103950933088506181
2026-09-26 20:52:46,skocherhan,url,http://pugistlist.com,,https://x.com/skocherhan/status/2103950933088506181
2026-09-26 20:52:46,skocherhan,domain,reitiethot.com,,https://x.com/skocherhan/status/2103950933088506181
2026-09-26 20:52:46,skocherhan,url,http://reitiethot.com,,https://x.com/skocherhan/status/2103950933088506181
2026-09-26 20:52:46,skocherhan,domain,pr-3274-feature-pt-185857-ip-212-32-229-174.preview.lawmatics.com,,https://x.com/skocherhan/status/2103950933088506181
2026-09-26 20:52:46,skocherhan,url,http://pr-3274-feature-pt-185857-ip-212-32-229-174.preview.lawmatics.com,,https://x.com/skocherhan/status/2103950933088506181
2026-09-26 20:52:46,skocherhan,domain,optoo.me,,https://x.com/skocherhan/status/2103950933088506181
2026-09-26 20:52:46,skocherhan,url,http://optoo.me,,https://x.com/skocherhan/status/2103950933088506181
2026-09-26 20:52:46,skocherhan,domain,upascreaph.com,,https://x.com/skocherhan/status/2103950933088506181
2026-09-26 20:52:46,skocherhan,url,http://upascreaph.com,,https://x.com/skocherhan/status/2103950933088506181
2026-09-26 20:52:46,skocherhan,domain,lewismud.com,,https://x.com/skocherhan/status/2103950933088506181
2026-09-26 20:52:46,skocherhan,url,http://lewismud.com,,https://x.com/skocherhan/status/2103950933088506181
2026-09-26 20:52:46,skocherhan,domain,lumouschs.com,,https://x.com/skocherhan/status/2103950933088506181
2026-09-26 20:52:46,skocherhan,url,http://lumouschs.com,,https://x.com/skocherhan/status/2103950933088506181
2026-09-26 20:52:46,skocherhan,domain,yverodumbo.com,,https://x.com/skocherhan/status/2103950933088506181
2026-09-26 20:52:46,skocherhan,url,http://yverodumbo.com,,https://x.com/skocherhan/status/2103950933088506181
2026-09-26 20:52:46,skocherhan,domain,independentmortgageadvisor.uk,,https://x.com/skocherhan/status/2103950933088506181
2026-09-26 20:52:46,skocherhan,url,http://independentmortgageadvisor.uk,,https://x.com/skocherhan/status/2103950933088506181
2026-09-26 20:52:46,skocherhan,domain,whm.whm.whm.whm.whm.whm.whm.mta-sts.prohouz.com,,https://x.com/skocherhan/status/2103950933088506181
2026-09-26 20:52:46,skocherhan,url,http://whm.whm.whm.whm.whm.whm.whm.mta-sts.prohouz.com,,https://x.com/skocherhan/status/2103950933088506181
2026-09-26 20:52:46,skocherhan,domain,dirmimarc.org,,https://x.com/skocherhan/status/2103950933088506181
2026-09-26 20:52:46,skocherhan,url,http://dirmimarc.org,,https://x.com/skocherhan/status/2103950933088506181
2026-09-26 20:52:46,skocherhan,domain,lelinhore.net,,https://x.com/skocherhan/status/2103950933088506181
2026-09-26 20:52:46,skocherhan,url,http://lelinhore.net,,https://x.com/skocherhan/status/2103950933088506181
2026-09-26 20:52:46,skocherhan,domain,holochtorf.com,,https://x.com/skocherhan/status/2103950933088506181
2026-09-26 20:52:46,skocherhan,url,http://holochtorf.com,,https://x.com/skocherhan/status/2103950933088506181
2026-09-26 20:52:46,skocherhan,domain,nadalicach.com,,https://x.com/skocherhan/status/2103950933088506181
2026-09-26 20:52:46,skocherhan,url,http://nadalicach.com,,https://x.com/skocherhan/status/2103950933088506181
2026-09-26 20:52:46,skocherhan,domain,neatuncett.com,,https://x.com/skocherhan/status/2103950933088506181
2026-09-26 20:52:46,skocherhan,url,http://neatuncett.com,,https://x.com/skocherhan/status/2103950933088506181
2026-09-26 20:52:46,skocherhan,domain,hitorerrid.com,,https://x.com/skocherhan/status/2103950933088506181
2026-09-26 20:52:46,skocherhan,url,http://hitorerrid.com,,https://x.com/skocherhan/status/2103950933088506181
2026-09-26 20:52:46,skocherhan,domain,hotenerpe.net,,https://x.com/skocherhan/status/2103950933088506181
2026-09-26 20:52:46,skocherhan,url,http://hotenerpe.net,,https://x.com/skocherhan/status/2103950933088506181
2026-09-26 20:52:46,skocherhan,domain,inssighog.net,,https://x.com/skocherhan/status/2103950933088506181
2026-09-26 20:52:46,skocherhan,url,http://inssighog.net,,https://x.com/skocherhan/status/2103950933088506181
2026-09-26 20:52:46,skocherhan,domain,userk.website,,https://x.com/skocherhan/status/2103950933088506181
2026-09-26 20:52:46,skocherhan,url,http://userk.website,,https://x.com/skocherhan/status/2103950933088506181
2026-09-26 20:52:46,skocherhan,domain,z.smartbrandsinternational.net,,https://x.com/skocherhan/status/2103950933088506181
2026-09-26 20:52:46,skocherhan,url,http://z.smartbrandsinternational.net,,https://x.com/skocherhan/status/2103950933088506181
2026-09-26 20:52:46,skocherhan,domain,dararestao.com,,https://x.com/skocherhan/status/2103950933088506181
2026-09-26 20:52:46,skocherhan,url,http://dararestao.com,,https://x.com/skocherhan/status/2103950933088506181
2026-09-26 20:52:46,skocherhan,domain,wintialrae.com,,https://x.com/skocherhan/status/2103950933088506181
2026-09-26 20:52:46,skocherhan,url,http://wintialrae.com,,https://x.com/skocherhan/status/2103950933088506181
2026-09-26 20:52:46,skocherhan,domain,silvergateway.my,,https://x.com/skocherhan/status/2103950933088506181
2026-09-26 20:52:46,skocherhan,url,http://silvergateway.my,,https://x.com/skocherhan/status/2103950933088506181
2026-09-26 20:52:46,skocherhan,domain,gusso.info,,https://x.com/skocherhan/status/2103950933088506181
2026-09-26 20:52:46,skocherhan,url,http://gusso.info,,https://x.com/skocherhan/status/2103950933088506181
2026-09-26 20:52:46,skocherhan,domain,jeedefort.net,,https://x.com/skocherhan/status/2103950933088506181
2026-09-26 20:52:46,skocherhan,url,http://jeedefort.net,,https://x.com/skocherhan/status/2103950933088506181
2026-09-26 20:52:46,skocherhan,domain,gricatpert.com,,https://x.com/skocherhan/status/2103950933088506181
2026-09-26 20:52:46,skocherhan,url,http://gricatpert.com,,https://x.com/skocherhan/status/2103950933088506181
2026-09-26 20:52:46,skocherhan,domain,gleisso.org,,https://x.com/skocherhan/status/2103950933088506181
2026-09-26 20:52:46,skocherhan,url,http://gleisso.org,,https://x.com/skocherhan/status/2103950933088506181
2026-09-26 20:52:46,skocherhan,domain,applelunar.website,,https://x.com/skocherhan/status/2103950933088506181
2026-09-26 20:52:46,skocherhan,url,http://applelunar.website,,https://x.com/skocherhan/status/2103950933088506181
2026-09-26 20:52:46,skocherhan,domain,bulensop.my,,https://x.com/skocherhan/status/2103950933088506181
2026-09-26 20:52:46,skocherhan,url,http://bulensop.my,,https://x.com/skocherhan/status/2103950933088506181
2026-09-26 20:52:46,skocherhan,domain,cloudhoo.my,,https://x.com/skocherhan/status/2103950933088506181
2026-09-26 20:52:46,skocherhan,url,http://cloudhoo.my,,https://x.com/skocherhan/status/2103950933088506181
2026-09-26 20:52:46,skocherhan,domain,tritpuned.com,,https://x.com/skocherhan/status/2103950933088506181
2026-09-26 20:52:46,skocherhan,url,http://tritpuned.com,,https://x.com/skocherhan/status/2103950933088506181
2026-09-26 20:52:46,skocherhan,domain,unistsiolt.com,,https://x.com/skocherhan/status/2103950933088506181
2026-09-26 20:52:46,skocherhan,url,http://unistsiolt.com,,https://x.com/skocherhan/status/2103950933088506181
2026-09-26 20:52:46,skocherhan,domain,unfactraus.com,,https://x.com/skocherhan/status/2103950933088506181
2026-09-26 20:52:46,skocherhan,url,http://unfactraus.com,,https://x.com/skocherhan/status/2103950933088506181
2026-09-26 20:52:46,skocherhan,domain,unsminaemy.com,,https://x.com/skocherhan/status/2103950933088506181
2026-09-26 20:52:46,skocherhan,url,http://unsminaemy.com,,https://x.com/skocherhan/status/2103950933088506181
2026-09-26 20:52:46,skocherhan,domain,bysh.me,,https://x.com/skocherhan/status/2103950933088506181
2026-09-26 20:52:46,skocherhan,url,http://bysh.me,,https://x.com/skocherhan/status/2103950933088506181
2026-09-26 20:52:46,skocherhan,domain,regice.net,,https://x.com/skocherhan/status/2103950933088506181
2026-09-26 20:52:46,skocherhan,url,http://regice.net,,https://x.com/skocherhan/status/2103950933088506181
2026-09-26 20:52:46,skocherhan,domain,turntablesky.pro,,https://x.com/skocherhan/status/2103950933088506181
2026-09-26 20:52:46,skocherhan,url,http://turntablesky.pro,,https://x.com/skocherhan/status/2103950933088506181
2026-09-26 20:52:46,skocherhan,domain,v2raytun-online.ru,,https://x.com/skocherhan/status/2103950933088506181
2026-09-26 20:52:46,skocherhan,url,http://v2raytun-online.ru,,https://x.com/skocherhan/status/2103950933088506181
2026-09-26 20:52:46,skocherhan,domain,okon.enslatural.org,,https://x.com/skocherhan/status/2103950933088506181
2026-09-26 20:52:46,skocherhan,url,http://okon.enslatural.org,,https://x.com/skocherhan/status/2103950933088506181
2026-09-26 20:52:46,skocherhan,domain,sorghande.net,,https://x.com/skocherhan/status/2103950933088506181
2026-09-26 20:52:46,skocherhan,url,http://sorghande.net,,https://x.com/skocherhan/status/2103950933088506181
2026-09-26 20:52:46,skocherhan,domain,nomictitre.com,,https://x.com/skocherhan/status/2103950933088506181
2026-09-26 20:52:46,skocherhan,url,http://nomictitre.com,,https://x.com/skocherhan/status/2103950933088506181
2026-09-26 20:52:46,skocherhan,domain,ranen.net,,https://x.com/skocherhan/status/2103950933088506181
2026-09-26 20:52:46,skocherhan,url,http://ranen.net,,https://x.com/skocherhan/status/2103950933088506181
2026-09-26 20:52:46,skocherhan,domain,sonag.net,,https://x.com/skocherhan/status/2103950933088506181
2026-09-26 20:52:46,skocherhan,url,http://sonag.net,,https://x.com/skocherhan/status/2103950933088506181
2026-09-26 20:52:46,skocherhan,domain,entinitic.info,,https://x.com/skocherhan/status/2103950933088506181
2026-09-26 20:52:46,skocherhan,url,http://entinitic.info,,https://x.com/skocherhan/status/2103950933088506181
2026-09-26 20:52:46,skocherhan,domain,sofilornas.net,,https://x.com/skocherhan/status/2103950933088506181
2026-09-26 20:52:46,skocherhan,url,http://sofilornas.net,,https://x.com/skocherhan/status/2103950933088506181
2026-09-26 20:52:46,skocherhan,domain,scoreeneol.com,,https://x.com/skocherhan/status/2103950933088506181
2026-09-26 20:52:46,skocherhan,url,http://scoreeneol.com,,https://x.com/skocherhan/status/2103950933088506181
2026-09-26 20:52:46,skocherhan,domain,solavid.net,,https://x.com/skocherhan/status/2103950933088506181
2026-09-26 20:52:46,skocherhan,url,http://solavid.net,,https://x.com/skocherhan/status/2103950933088506181
2026-09-26 20:52:46,skocherhan,domain,champions.gdtc.org,,https://x.com/skocherhan/status/2103950933088506181
2026-09-26 20:52:46,skocherhan,url,http://champions.gdtc.org,,https://x.com/skocherhan/status/2103950933088506181
2026-09-26 20:52:46,skocherhan,domain,assandrew.com,,https://x.com/skocherhan/status/2103950933088506181
2026-09-26 20:52:46,skocherhan,url,http://assandrew.com,,https://x.com/skocherhan/status/2103950933088506181
2026-09-26 20:52:46,skocherhan,domain,scocaboade.com,,https://x.com/skocherhan/status/2103950933088506181
2026-09-26 20:52:46,skocherhan,url,http://scocaboade.com,,https://x.com/skocherhan/status/2103950933088506181
2026-09-26 20:52:46,skocherhan,domain,pudinireo.net,,https://x.com/skocherhan/status/2103950933088506181
2026-09-26 20:52:46,skocherhan,url,http://pudinireo.net,,https://x.com/skocherhan/status/2103950933088506181
2026-09-26 20:52:46,skocherhan,domain,whenalimug.com,,https://x.com/skocherhan/status/2103950933088506181
2026-09-26 20:52:46,skocherhan,url,http://whenalimug.com,,https://x.com/skocherhan/status/2103950933088506181
2026-09-26 20:52:46,skocherhan,domain,siealinank.com,,https://x.com/skocherhan/status/2103950933088506181
2026-09-26 20:52:46,skocherhan,url,http://siealinank.com,,https://x.com/skocherhan/status/2103950933088506181
2026-09-26 20:52:46,skocherhan,domain,apiorouser.com,,https://x.com/skocherhan/status/2103950933088506181
2026-09-26 20:52:46,skocherhan,url,http://apiorouser.com,,https://x.com/skocherhan/status/2103950933088506181
2026-09-26 20:52:46,skocherhan,domain,scesy.net,,https://x.com/skocherhan/status/2103950933088506181
2026-09-26 20:52:46,skocherhan,url,http://scesy.net,,https://x.com/skocherhan/status/2103950933088506181
2026-09-26 20:52:46,skocherhan,domain,somioln.net,,https://x.com/skocherhan/status/2103950933088506181
2026-09-26 20:52:46,skocherhan,url,http://somioln.net,,https://x.com/skocherhan/status/2103950933088506181
2026-09-26 20:52:46,skocherhan,domain,usulk.com,,https://x.com/skocherhan/status/2103950933088506181
2026-09-26 20:52:46,skocherhan,url,http://usulk.com,,https://x.com/skocherhan/status/2103950933088506181
2026-09-26 20:52:46,skocherhan,domain,play.ikpinner.com,,https://x.com/skocherhan/status/2103950933088506181
2026-09-26 20:52:46,skocherhan,url,http://play.ikpinner.com,,https://x.com/skocherhan/status/2103950933088506181
2026-09-26 20:52:46,skocherhan,domain,sierneroru.com,,https://x.com/skocherhan/status/2103950933088506181
2026-09-26 20:52:46,skocherhan,url,http://sierneroru.com,,https://x.com/skocherhan/status/2103950933088506181
2026-09-26 20:52:46,skocherhan,domain,temodlaire.com,,https://x.com/skocherhan/status/2103950933088506181
2026-09-26 20:52:46,skocherhan,url,http://temodlaire.com,,https://x.com/skocherhan/status/2103950933088506181
2026-09-26 20:52:46,skocherhan,domain,temperating.site,,https://x.com/skocherhan/status/2103950933088506181
2026-09-26 20:52:46,skocherhan,url,http://temperating.site,,https://x.com/skocherhan/status/2103950933088506181
2026-09-26 20:52:46,skocherhan,domain,vispuradh.net,,https://x.com/skocherhan/status/2103950933088506181
2026-09-26 20:52:46,skocherhan,url,http://vispuradh.net,,https://x.com/skocherhan/status/2103950933088506181
2026-09-26 20:52:46,skocherhan,domain,scongalper.com,,https://x.com/skocherhan/status/2103950933088506181
2026-09-26 20:52:46,skocherhan,url,http://scongalper.com,,https://x.com/skocherhan/status/2103950933088506181
2026-09-26 20:52:46,skocherhan,domain,vervilbeet.net,,https://x.com/skocherhan/status/2103950933088506181
2026-09-26 20:52:46,skocherhan,url,http://vervilbeet.net,,https://x.com/skocherhan/status/2103950933088506181
2026-09-26 20:52:46,skocherhan,domain,reduadesa.net,,https://x.com/skocherhan/status/2103950933088506181
2026-09-26 20:52:46,skocherhan,url,http://reduadesa.net,,https://x.com/skocherhan/status/2103950933088506181
2026-09-26 20:52:46,skocherhan,domain,sacirderst.com,,https://x.com/skocherhan/status/2103950933088506181
2026-09-26 20:52:46,skocherhan,url,http://sacirderst.com,,https://x.com/skocherhan/status/2103950933088506181
2026-09-26 20:52:46,skocherhan,domain,snutrorize.com,,https://x.com/skocherhan/status/2103950933088506181
2026-09-26 20:52:46,skocherhan,url,http://snutrorize.com,,https://x.com/skocherhan/status/2103950933088506181
2026-09-26 20:52:46,skocherhan,domain,razelosis.net,,https://x.com/skocherhan/status/2103950933088506181
2026-09-26 20:52:46,skocherhan,url,http://razelosis.net,,https://x.com/skocherhan/status/2103950933088506181
2026-09-26 20:52:46,skocherhan,domain,tiliackox.net,,https://x.com/skocherhan/status/2103950933088506181
2026-09-26 20:52:46,skocherhan,url,http://tiliackox.net,,https://x.com/skocherhan/status/2103950933088506181
2026-09-26 20:52:46,skocherhan,domain,thapiourgo.com,,https://x.com/skocherhan/status/2103950933088506181
2026-09-26 20:52:46,skocherhan,url,http://thapiourgo.com,,https://x.com/skocherhan/status/2103950933088506181
2026-09-26 20:52:46,skocherhan,domain,whelurrith.com,,https://x.com/skocherhan/status/2103950933088506181
2026-09-26 20:52:46,skocherhan,url,http://whelurrith.com,,https://x.com/skocherhan/status/2103950933088506181
2026-09-26 20:52:46,skocherhan,domain,rabizenali.com,,https://x.com/skocherhan/status/2103950933088506181
2026-09-26 20:52:46,skocherhan,url,http://rabizenali.com,,https://x.com/skocherhan/status/2103950933088506181
2026-09-26 20:52:46,skocherhan,domain,sverlogina.com,,https://x.com/skocherhan/status/2103950933088506181
2026-09-26 20:52:46,skocherhan,url,http://sverlogina.com,,https://x.com/skocherhan/status/2103950933088506181
2026-09-26 20:52:46,skocherhan,domain,tsanotityr.com,,https://x.com/skocherhan/status/2103950933088506181
2026-09-26 20:52:46,skocherhan,url,http://tsanotityr.com,,https://x.com/skocherhan/status/2103950933088506181
2026-09-26 20:52:46,skocherhan,domain,quisenagid.net,,https://x.com/skocherhan/status/2103950933088506181
2026-09-26 20:52:46,skocherhan,url,http://quisenagid.net,,https://x.com/skocherhan/status/2103950933088506181
2026-09-26 20:52:46,skocherhan,sha256,34c8e120768a6138e102d25f1103fa71d4430aa91fe42d851924a691633402e4,,https://x.com/skocherhan/status/2103950933088506181
2026-09-26 21:56:02,TIE__SUN,domain,mirvok.vu,#phishing,https://x.com/TIE__SUN/status/2103966855576646002
2026-09-26 21:56:02,TIE__SUN,url,https://mirvok.vu/lidia.smith/kdc.ks.govII.html,#phishing,https://x.com/TIE__SUN/status/2103966855576646002
2026-09-26 21:56:02,TIE__SUN,url,http://185.221.216.121,#phishing,https://x.com/TIE__SUN/status/2103966855576646002
2026-09-26 21:56:02,TIE__SUN,ip,185.221.216.121,#phishing,https://x.com/TIE__SUN/status/2103966855576646002
2026-09-26 22:26:03,skocherhan,domain,creyt.cl,#phishing,https://x.com/skocherhan/status/2103974407576207859
2026-09-26 22:26:03,skocherhan,url,http://creyt.cl/centennialcws/onedrive-verify-obf.html,#phishing,https://x.com/skocherhan/status/2103974407576207859
2026-09-26 22:44:48,masaomi346,domain,gfinityespo-jp-etaxrefund.com,#malware #phishing,https://x.com/masaomi346/status/2103979128139747769
2026-09-26 22:44:48,masaomi346,url,https://gfinityespo-jp-etaxrefund.com,#malware #phishing,https://x.com/masaomi346/status/2103979128139747769
2026-09-26 22:44:48,masaomi346,domain,healingmybrai-etaxrefund.com,#malware #phishing,https://x.com/masaomi346/status/2103979128139747769
2026-09-26 22:44:48,masaomi346,url,https://healingmybrai-etaxrefund.com,#malware #phishing,https://x.com/masaomi346/status/2103979128139747769
2026-09-26 22:44:48,masaomi346,domain,nargilecimur-jp-etaxrefund.com,#malware #phishing,https://x.com/masaomi346/status/2103979128139747769
2026-09-26 22:44:48,masaomi346,url,https://nargilecimur-jp-etaxrefund.com,#malware #phishing,https://x.com/masaomi346/status/2103979128139747769
2026-09-26 22:44:48,masaomi346,sha256,15081861289ec7b6f7664169f08198957405b5440fc4abc94adeb8fca8fbff48,#malware #phishing,https://x.com/masaomi346/status/2103979128139747769
2026-09-26 22:48:49,masaomi346,domain,accpactraini-saisanpolnts.com,#malware #phishing,https://x.com/masaomi346/status/2103980138933420366
2026-09-26 22:48:49,masaomi346,url,https://accpactraini-saisanpolnts.com,#malware #phishing,https://x.com/masaomi346/status/2103980138933420366
2026-09-26 22:48:49,masaomi346,domain,theartoftalki-saisanpolnts.com,#malware #phishing,https://x.com/masaomi346/status/2103980138933420366
2026-09-26 22:48:49,masaomi346,url,https://theartoftalki-saisanpolnts.com,#malware #phishing,https://x.com/masaomi346/status/2103980138933420366
2026-09-26 22:48:49,masaomi346,domain,traveltoeuro-saisanpolnts.com,#malware #phishing,https://x.com/masaomi346/status/2103980138933420366
2026-09-26 22:48:49,masaomi346,url,https://traveltoeuro-saisanpolnts.com,#malware #phishing,https://x.com/masaomi346/status/2103980138933420366
2026-09-26 22:48:49,masaomi346,sha256,ff859be77a30726b10d98676963776502b891dd2dd941b7cbc8f415c4cd8a818,#malware #phishing,https://x.com/masaomi346/status/2103980138933420366
2026-09-27 00:31:01,PhishStats,domain,lollu.lol,#phishing,https://x.com/PhishStats/status/2104005858971578705
2026-09-27 00:31:01,PhishStats,url,https://lollu.lol,#phishing,https://x.com/PhishStats/status/2104005858971578705
2026-09-27 00:50:05,scanmalware,domain,microsoft.authorised-support.com,#malware,https://x.com/scanmalware/status/2104010653522334040
2026-09-27 00:50:05,scanmalware,url,http://microsoft.authorised-support.com,#malware,https://x.com/scanmalware/status/2104010653522334040
2026-09-27 02:28:04,joshuaiancooper,domain,canabit.ca,#cryptoscam #scam,https://x.com/joshuaiancooper/status/2104035314755096726
2026-09-27 02:28:04,joshuaiancooper,url,http://Canabit.ca,#cryptoscam #scam,https://x.com/joshuaiancooper/status/2104035314755096726
2026-09-27 02:28:04,joshuaiancooper,domain,canabit.ai,#cryptoscam #scam,https://x.com/joshuaiancooper/status/2104035314755096726
2026-09-27 02:28:04,joshuaiancooper,url,http://Canabit.ai,#cryptoscam #scam,https://x.com/joshuaiancooper/status/2104035314755096726
2026-09-27 04:34:53,geotokenoficial,domain,tubive.com,#phishing,https://x.com/geotokenoficial/status/2104067228828160382
2026-09-27 04:34:53,geotokenoficial,url,https://tubive.com,#phishing,https://x.com/geotokenoficial/status/2104067228828160382
2026-09-27 04:34:53,geotokenoficial,domain,joinmatchube.com,#phishing,https://x.com/geotokenoficial/status/2104067228828160382
2026-09-27 04:34:53,geotokenoficial,url,https://joinmatchube.com,#phishing,https://x.com/geotokenoficial/status/2104067228828160382
2026-09-27 04:34:53,geotokenoficial,domain,matchube.com,#phishing,https://x.com/geotokenoficial/status/2104067228828160382
2026-09-27 04:34:53,geotokenoficial,url,https://matchube.com,#phishing,https://x.com/geotokenoficial/status/2104067228828160382
2026-09-27 04:50:04,scanmalware,domain,file-greview.web.app,#ransomware,https://x.com/scanmalware/status/2104071049167949970
2026-09-27 04:50:04,scanmalware,url,http://file-greview.web.app,#ransomware,https://x.com/scanmalware/status/2104071049167949970
2026-09-27 06:17:46,masaomi346,domain,docomoser.shop,#phishing,https://x.com/masaomi346/status/2104093117473603871
2026-09-27 06:17:46,masaomi346,url,https://docomoser.shop/go/,#phishing,https://x.com/masaomi346/status/2104093117473603871
2026-09-27 07:01:51,phishunt_io,domain,login.2ccloud.com,#phishing,https://x.com/phishunt_io/status/2104104215152837041
2026-09-27 07:01:51,phishunt_io,url,http://login.2ccloud.com/assets/js/MetaMask.html,#phishing,https://x.com/phishunt_io/status/2104104215152837041
2026-09-27 07:01:51,phishunt_io,ip,103.67.182.217,#phishing,https://x.com/phishunt_io/status/2104104215152837041
2026-09-27 16:59:54,skocherhan,domain,sc88qt.com,#AsyncRAT,https://x.com/skocherhan/status/2104254718465790200
2026-09-27 16:59:54,skocherhan,url,http://sc88qt.com,#AsyncRAT,https://x.com/skocherhan/status/2104254718465790200
2026-09-27 16:59:54,skocherhan,md5,568727af2895b87664db81cf09ef4f66,#AsyncRAT,https://x.com/skocherhan/status/2104254718465790200
2026-09-27 17:01:36,skocherhan,md5,78bf1882183a3be3df1ed9186dbe660b,#AsyncRAT,https://x.com/skocherhan/status/2104255144384692734
2026-09-27 17:36:32,redrabytes,url,http://176.65.139.250,#Android #malware #opendir,https://x.com/redrabytes/status/2104263934802849977
2026-09-27 17:36:32,redrabytes,ip,176.65.139.250,#Android #malware #opendir,https://x.com/redrabytes/status/2104263934802849977
2026-09-27 19:39:39,PhishStats,domain,i0tjgjgm.xyz,#phishing,https://x.com/PhishStats/status/2104294921066934411
2026-09-27 19:39:39,PhishStats,url,https://i0tjgjgm.xyz/KnaeByNf/,#phishing,https://x.com/PhishStats/status/2104294921066934411
2026-09-27 19:39:39,PhishStats,ip,43.167.235.101,#phishing,https://x.com/PhishStats/status/2104294921066934411
2026-09-27 19:41:21,TLP_R3D,domain,slaughterandmay.ssosettings.com,,https://x.com/TLP_R3D/status/2104295349120819626
2026-09-27 19:41:21,TLP_R3D,url,http://slaughterandmay.ssosettings.com,,https://x.com/TLP_R3D/status/2104295349120819626
2026-09-27 20:01:59,TLP_R3D,domain,ssosettings.com,,https://x.com/TLP_R3D/status/2104300538376651256
2026-09-27 20:01:59,TLP_R3D,url,http://ssosettings.com,,https://x.com/TLP_R3D/status/2104300538376651256
2026-09-27 23:14:40,masaomi346,domain,edmondhairsalo-jp.com,#malware #phishing,https://x.com/masaomi346/status/2104349031929688510
2026-09-27 23:14:40,masaomi346,url,https://edmondhairsalo-jp.com,#malware #phishing,https://x.com/masaomi346/status/2104349031929688510
2026-09-27 23:14:40,masaomi346,domain,plymouthjraba-jp.com,#malware #phishing,https://x.com/masaomi346/status/2104349031929688510
2026-09-27 23:14:40,masaomi346,url,https://plymouthjraba-jp.com,#malware #phishing,https://x.com/masaomi346/status/2104349031929688510
2026-09-27 23:14:40,masaomi346,domain,urfaisdunyasi-jp.com,#malware #phishing,https://x.com/masaomi346/status/2104349031929688510
2026-09-27 23:14:40,masaomi346,url,https://urfaisdunyasi-jp.com,#malware #phishing,https://x.com/masaomi346/status/2104349031929688510
2026-09-27 23:14:40,masaomi346,sha256,831f04b39cbf8d9f69c285ea93079464a977f2089f35914616ed7fe049c0049e,#malware #phishing,https://x.com/masaomi346/status/2104349031929688510
2026-09-27 23:31:58,masaomi346,domain,app.netshort-tv-jp.com,#malware #phishing,https://x.com/masaomi346/status/2104353384967086369
2026-09-27 23:31:58,masaomi346,url,https://app.netshort-tv-jp.com,#malware #phishing,https://x.com/masaomi346/status/2104353384967086369
2026-09-27 23:31:58,masaomi346,sha256,e06b0fadd0c528ce4387ad2633a32695b943b29a00e0a82ff4dc32abb9670dc4,#malware #phishing,https://x.com/masaomi346/status/2104353384967086369
2026-09-28 00:30:38,copy_and_paster,domain,gtib96.onlinewebshop.net,#Kimsuky,https://x.com/copy_and_paster/status/2104368146878693602
2026-09-28 00:30:38,copy_and_paster,url,http://gtib96.onlinewebshop.net,#Kimsuky,https://x.com/copy_and_paster/status/2104368146878693602
2026-09-28 00:30:38,copy_and_paster,domain,nyqxa4.scienceontheweb.net,#Kimsuky,https://x.com/copy_and_paster/status/2104368146878693602
2026-09-28 00:30:38,copy_and_paster,url,http://nyqxa4.scienceontheweb.net,#Kimsuky,https://x.com/copy_and_paster/status/2104368146878693602
2026-09-28 00:30:38,copy_and_paster,domain,tvzc49.sportsontheweb.net,#Kimsuky,https://x.com/copy_and_paster/status/2104368146878693602
2026-09-28 00:30:38,copy_and_paster,url,http://tvzc49.sportsontheweb.net,#Kimsuky,https://x.com/copy_and_paster/status/2104368146878693602
2026-09-28 03:54:34,masaomi346,domain,tjbiaoben.com,#phishing,https://x.com/masaomi346/status/2104419470542520341
2026-09-28 03:54:34,masaomi346,url,https://tjbiaoben.com/SvMLWCCf/,#phishing,https://x.com/masaomi346/status/2104419470542520341
2026-09-28 04:07:53,500mk500,url,http://104.192.2.46:443,,https://x.com/500mk500/status/2104422822890103051
2026-09-28 04:07:53,500mk500,domain,ferreteriadepot.com,,https://x.com/500mk500/status/2104422822890103051
2026-09-28 04:07:53,500mk500,url,http://ferreteriadepot.com,,https://x.com/500mk500/status/2104422822890103051
2026-09-28 04:07:53,500mk500,domain,soloferreteria.com,,https://x.com/500mk500/status/2104422822890103051
2026-09-28 04:07:53,500mk500,url,http://soloferreteria.com,,https://x.com/500mk500/status/2104422822890103051
2026-09-28 04:07:53,500mk500,ip,104.192.2.46,,https://x.com/500mk500/status/2104422822890103051
2026-09-28 04:07:53,DarkWebInformer,url,http://104.219.237.146,,https://x.com/DarkWebInformer/status/2104305103465587152
2026-09-28 04:07:53,DarkWebInformer,url,http://104.219.238.66,,https://x.com/DarkWebInformer/status/2104305103465587152
2026-09-28 04:07:53,DarkWebInformer,ip,104.219.237.146,,https://x.com/DarkWebInformer/status/2104305103465587152
2026-09-28 04:07:53,DarkWebInformer,ip,104.219.238.66,,https://x.com/DarkWebInformer/status/2104305103465587152
2026-09-28 04:14:20,patialavii,domain,dct-1t9.pages.dev,#phishing,https://x.com/patialavii/status/2104424444861300970
2026-09-28 04:14:20,patialavii,url,https://dct-1t9.pages.dev,#phishing,https://x.com/patialavii/status/2104424444861300970
2026-09-28 04:14:20,patialavii,domain,binmadi.screenconnect.com,#phishing,https://x.com/patialavii/status/2104424444861300970
2026-09-28 04:14:20,patialavii,url,https://binmadi.screenconnect.com/Bin/ScreenConnect.ClientSetup.msi,#phishing,https://x.com/patialavii/status/2104424444861300970
2026-09-28 04:19:47,patialavii,domain,aminacompliance.info,#phishing,https://x.com/patialavii/status/2104425815954108574
2026-09-28 04:19:47,patialavii,url,https://aminacompliance.info,#phishing,https://x.com/patialavii/status/2104425815954108574
2026-09-28 04:19:47,patialavii,domain,leiber.top,#phishing,https://x.com/patialavii/status/2104425815954108574
2026-09-28 04:19:47,patialavii,url,https://leiber.top/Bin/ScreenConnect.ClientSetup.msi,#phishing,https://x.com/patialavii/status/2104425815954108574
2026-09-28 04:33:23,patialavii,domain,vr.znbbmwqp.com,#phishing,https://x.com/patialavii/status/2104429238606786950
2026-09-28 04:33:23,patialavii,url,https://vr.znbbmwqp.com/inv/Adobe_Installer.html,#phishing,https://x.com/patialavii/status/2104429238606786950
2026-09-28 04:33:23,patialavii,domain,calvinsmithlaw.screenconnect.com,#phishing,https://x.com/patialavii/status/2104429238606786950
2026-09-28 04:33:23,patialavii,url,https://calvinsmithlaw.screenconnect.com/Bin/ScreenConnect.ClientSetup.exe,#phishing,https://x.com/patialavii/status/2104429238606786950
2026-09-28 05:21:59,byrne_emmy12099,domain,files.surveillance-online.com,#APT,https://x.com/byrne_emmy12099/status/2104441468777542141
2026-09-28 05:21:59,byrne_emmy12099,url,https://files.surveillance-online.com,#APT,https://x.com/byrne_emmy12099/status/2104441468777542141
2026-09-28 06:04:21,masaomi346,domain,rvmxsg.cfd,#phishing,https://x.com/masaomi346/status/2104452132170768704
2026-09-28 06:04:21,masaomi346,url,https://rvmxsg.cfd/mufg/#/index,#phishing,https://x.com/masaomi346/status/2104452132170768704
2026-09-28 06:22:43,harugasumi,sha256,9524d7051fde6bfcfb8a90c305994e66df20686bd06cdfa9173149db9eb05467,,https://x.com/harugasumi/status/2104456754784510159
2026-09-28 06:48:37,bomccss,domain,florida-yes.com,,https://x.com/bomccss/status/2104463269994082336
2026-09-28 06:48:37,bomccss,url,https://florida-yes.com/download.php?id=ab5e94b3c160f1c1b646b34e7c85d79f,,https://x.com/bomccss/status/2104463269994082336
2026-09-28 07:01:11,phishunt_io,domain,creyt.cl,#phishing,https://x.com/phishunt_io/status/2104466431748239829
2026-09-28 07:01:11,phishunt_io,url,http://creyt.cl/centennialcws/onedrive-verify-obf.html,#phishing,https://x.com/phishunt_io/status/2104466431748239829
2026-09-28 07:01:11,phishunt_io,ip,50.31.166.23,#phishing,https://x.com/phishunt_io/status/2104466431748239829
2026-09-28 07:27:58,masaomi346,domain,jwscaiwu.com,#phishing,https://x.com/masaomi346/status/2104473171688820902
2026-09-28 07:27:58,masaomi346,url,https://jwscaiwu.com/cash/downloadopwad,#phishing,https://x.com/masaomi346/status/2104473171688820902
2026-09-28 08:36:14,smica83,url,https://45.153.34.191/dl,,https://x.com/smica83/status/2104490353269096649
2026-09-28 08:40:16,Metemcyber,domain,20x8rk.info,#phishing,https://x.com/Metemcyber/status/2104491366952886353
2026-09-28 08:40:16,Metemcyber,url,https://20x8rk.info/shisei/menu/ZjaHJvbWUqEQgDEAAYA,#phishing,https://x.com/Metemcyber/status/2104491366952886353
2026-09-28 08:43:41,Metemcyber,domain,accoun.jvenher.cn,#phishing,https://x.com/Metemcyber/status/2104492229998109084
2026-09-28 08:43:41,Metemcyber,url,https://accoun.jvenher.cn/x196bch6nu,#phishing,https://x.com/Metemcyber/status/2104492229998109084
2026-09-28 08:43:41,Metemcyber,url,http://43.133.198.196,#phishing,https://x.com/Metemcyber/status/2104492229998109084
2026-09-28 08:43:41,Metemcyber,ip,43.133.198.196,#phishing,https://x.com/Metemcyber/status/2104492229998109084
2026-09-28 08:45:50,malwrhunterteam,url,http://109.238.87.111/login,,https://x.com/malwrhunterteam/status/2104492768827732396
2026-09-28 08:56:46,malwrhunterteam,url,http://156.238.123.182:7294,,https://x.com/malwrhunterteam/status/2104495522702589957
2026-09-28 08:56:46,malwrhunterteam,ip,156.238.123.182,,https://x.com/malwrhunterteam/status/2104495522702589957
2026-09-28 08:59:44,Metemcyber,domain,aniv.cjlnzrn.cn,#phishing,https://x.com/Metemcyber/status/2104496266273259755
2026-09-28 08:59:44,Metemcyber,url,https://aniv.cjlnzrn.cn/ap/signin,#phishing,https://x.com/Metemcyber/status/2104496266273259755
2026-09-28 08:59:44,Metemcyber,url,http://43.165.128.22,#phishing,https://x.com/Metemcyber/status/2104496266273259755
2026-09-28 08:59:44,Metemcyber,ip,43.165.128.22,#phishing,https://x.com/Metemcyber/status/2104496266273259755
2026-09-28 10:26:29,smica83,url,https://discord.com/api/webhooks/1553670043521392720/bvXv3s__6_bB7jhYJTkdt36D7qOo27qgiD4K7xhhJ40sjzhbmcjrYH260wqQFOhY2g6V,,https://x.com/smica83/status/2104518100427088021
2026-09-28 10:37:02,smica83,url,https://raw.githubusercontent.com/up-827/update/main/udt.bat,,https://x.com/smica83/status/2104520755157299274
2026-09-28 10:52:29,malwrhunterteam,domain,hallo.jiaoyang677.sbs,,https://x.com/malwrhunterteam/status/2104524643097096547
2026-09-28 10:52:29,malwrhunterteam,url,https://hallo.jiaoyang677.sbs,,https://x.com/malwrhunterteam/status/2104524643097096547
2026-09-28 11:21:34,Fact_Finder03,ip,158.255.208.239,#C2,https://x.com/Fact_Finder03/status/2104531961943626059
2026-09-28 11:26:52,Fact_Finder03,ip,167.99.72.191,#C2,https://x.com/Fact_Finder03/status/2104533296361382275
2026-09-28 11:41:43,malwrhunterteam,domain,xxxmu.top,,https://x.com/malwrhunterteam/status/2104537034107077026
2026-09-28 11:41:43,malwrhunterteam,url,https://xxxmu.top,,https://x.com/malwrhunterteam/status/2104537034107077026
2026-09-28 12:11:49,TheM3gatr0n,domain,report-uhs.com,,https://x.com/TheM3gatr0n/status/2104544608378364313
2026-09-28 12:11:49,TheM3gatr0n,url,http://report-uhs.com,,https://x.com/TheM3gatr0n/status/2104544608378364313
2026-09-28 12:26:42,HackProtectLabs,domain,posta-hr.live,#phishing,https://x.com/HackProtectLabs/status/2104548354307015082
2026-09-28 12:26:42,HackProtectLabs,url,http://posta-hr.live,#phishing,https://x.com/HackProtectLabs/status/2104548354307015082
2026-09-28 12:32:48,PhishStats,domain,ca-ndaxcdn.framer.media,#phishing,https://x.com/PhishStats/status/2104549887732048255
2026-09-28 12:32:48,PhishStats,url,https://ca-ndaxcdn.framer.media,#phishing,https://x.com/PhishStats/status/2104549887732048255
2026-09-28 12:32:48,PhishStats,ip,31.43.160.6,#phishing,https://x.com/PhishStats/status/2104549887732048255
2026-09-28 12:52:00,Fact_Finder03,ip,169.58.33.122,#C2,https://x.com/Fact_Finder03/status/2104554718165127577
2026-09-28 13:02:51,masaomi346,url,https://raw.githubusercontent.com/om5678774/kt4567/main/landing2.txt,#ClickFix #malware,https://x.com/masaomi346/status/2104557449722351921
2026-09-28 13:35:41,Coolcarlos17,domain,lnferragens.com,#phishing #scam,https://x.com/Coolcarlos17/status/2104565712396472820
2026-09-28 13:35:41,Coolcarlos17,url,http://lnferragens.com,#phishing #scam,https://x.com/Coolcarlos17/status/2104565712396472820
2026-09-28 13:56:17,James_inthe_box,domain,delphiaonline.top,#Remcos #opendir,https://x.com/James_inthe_box/status/2104570898124812499
2026-09-28 13:56:17,James_inthe_box,url,https://delphiaonline.top,#Remcos #opendir,https://x.com/James_inthe_box/status/2104570898124812499
2026-09-28 18:50:29,Wilmichels,domain,nildex.com,#cryptoscam #scam,https://x.com/Wilmichels/status/2104644935974539319
2026-09-28 18:50:29,Wilmichels,url,http://Nildex.com,#cryptoscam #scam,https://x.com/Wilmichels/status/2104644935974539319
2026-09-28 19:26:14,smica83,domain,luckyprint52.ru,,https://x.com/smica83/status/2104653930567434431
2026-09-28 19:26:14,smica83,url,https://luckyprint52.ru/abdjlkflasdfjgdfkadflg,,https://x.com/smica83/status/2104653930567434431
2026-09-28 19:26:14,smica83,domain,pso-ngd.ru,,https://x.com/smica83/status/2104653930567434431
2026-09-28 19:26:14,smica83,url,https://pso-ngd.ru:8443,,https://x.com/smica83/status/2104653930567434431
2026-09-28 20:58:33,smica83,domain,jcanskjihdajio.cyou,,https://x.com/smica83/status/2104677165618851900
2026-09-28 20:58:33,smica83,url,https://jcanskjihdajio.cyou:8443,,https://x.com/smica83/status/2104677165618851900
2026-09-28 21:15:32,0xb1lal,ip,104.233.217.108,#opendir,https://x.com/0xb1lal/status/2104681438268252598
2026-09-28 23:14:02,masaomi346,domain,worldprimenew-jp.com,#malware #phishing,https://x.com/masaomi346/status/2104711260235612200
2026-09-28 23:14:02,masaomi346,url,https://worldprimenew-jp.com,#malware #phishing,https://x.com/masaomi346/status/2104711260235612200
2026-09-28 23:14:02,masaomi346,sha256,1f65ad3dd99bbec1818ca9e27ce9d0689efee1dd3fd76def27fc7327eee46b17,#malware #phishing,https://x.com/masaomi346/status/2104711260235612200
2026-09-28 23:20:24,masaomi346,domain,hasoadwaznqps.com,#malware #phishing,https://x.com/masaomi346/status/2104712860890976420
2026-09-28 23:20:24,masaomi346,url,https://hasoadwaznqps.com/transtioncash/,#malware #phishing,https://x.com/masaomi346/status/2104712860890976420
2026-09-28 23:20:24,masaomi346,domain,hhmjjdfwzx.com,#malware #phishing,https://x.com/masaomi346/status/2104712860890976420
2026-09-28 23:20:24,masaomi346,url,https://hhmjjdfwzx.com/transtioncash/,#malware #phishing,https://x.com/masaomi346/status/2104712860890976420
2026-09-28 23:20:24,masaomi346,domain,poiwaldsas.com,#malware #phishing,https://x.com/masaomi346/status/2104712860890976420
2026-09-28 23:20:24,masaomi346,url,https://poiwaldsas.com/transtioncash/,#malware #phishing,https://x.com/masaomi346/status/2104712860890976420
2026-09-28 23:20:24,masaomi346,domain,posidwaksd.com,#malware #phishing,https://x.com/masaomi346/status/2104712860890976420
2026-09-28 23:20:24,masaomi346,url,https://posidwaksd.com/transtioncash/,#malware #phishing,https://x.com/masaomi346/status/2104712860890976420
2026-09-28 23:20:24,masaomi346,sha256,7c7f8c8a4a817d7affa27a6c0ac34ba9ed4e96e748c6894dc7fa2ac5b30b2903,#malware #phishing,https://x.com/masaomi346/status/2104712860890976420
2026-09-29 00:07:13,cyberwar_15,domain,oppsite.dothome.co.kr,#C2 #Kimsuky,https://x.com/cyberwar_15/status/2104724643420754209
2026-09-29 00:07:13,cyberwar_15,url,https://oppsite.dothome.co.kr,#C2 #Kimsuky,https://x.com/cyberwar_15/status/2104724643420754209
2026-09-29 00:34:59,masaomi346,domain,tnfqjy.cfd,#phishing,https://x.com/masaomi346/status/2104731632213311895
2026-09-29 00:34:59,masaomi346,url,https://tnfqjy.cfd/sumitclub/#/index,#phishing,https://x.com/masaomi346/status/2104731632213311895
2026-09-29 01:02:09,scanmalware,domain,tqi21.vercel.app,#malware #ransomware,https://x.com/scanmalware/status/2104738468362432676
2026-09-29 01:02:09,scanmalware,url,http://www.tqi21.vercel.app,#malware #ransomware,https://x.com/scanmalware/status/2104738468362432676
2026-09-29 02:43:23,scanmalware,domain,pub-780cf773478848a69b30738c3423d481.r2.dev,#phishing #ransomware,https://x.com/scanmalware/status/2104763943306576205
2026-09-29 02:43:23,scanmalware,url,http://pub-780cf773478848a69b30738c3423d481.r2.dev,#phishing #ransomware,https://x.com/scanmalware/status/2104763943306576205
2026-09-29 04:27:34,patialavii,domain,dcmentservceportl.sbs,#phishing,https://x.com/patialavii/status/2104790163209797846
2026-09-29 04:27:34,patialavii,url,https://dcmentservceportl.sbs/adobe/adbeinstllar.html,#phishing,https://x.com/patialavii/status/2104790163209797846
2026-09-29 04:27:34,patialavii,domain,etu-sbe.screenconnect.com,#phishing,https://x.com/patialavii/status/2104790163209797846
2026-09-29 04:27:34,patialavii,url,https://etu-sbe.screenconnect.com/Bin/ScreenConnect.ClientSetup.exe,#phishing,https://x.com/patialavii/status/2104790163209797846
2026-09-29 04:36:31,patialavii,domain,get-acrobat-adobe.pages.dev,#phishing,https://x.com/patialavii/status/2104792413810352313
2026-09-29 04:36:31,patialavii,url,https://get-acrobat-adobe.pages.dev,#phishing,https://x.com/patialavii/status/2104792413810352313
2026-09-29 04:45:08,patialavii,domain,docu-sign.click,#phishing,https://x.com/patialavii/status/2104794581653152183
2026-09-29 04:45:08,patialavii,url,http://docu-sign.click,#phishing,https://x.com/patialavii/status/2104794581653152183
2026-09-29 04:48:09,patialavii,domain,outlookinboxmessage.com,#phishing,https://x.com/patialavii/status/2104795343481401554
2026-09-29 04:48:09,patialavii,url,http://outlookinboxmessage.com,#phishing,https://x.com/patialavii/status/2104795343481401554
2026-09-29 05:06:56,patialavii,domain,documentsonlineaccessonedrivelinksreview.top,#phishing,https://x.com/patialavii/status/2104800071388922143
2026-09-29 05:06:56,patialavii,url,http://documentsonlineaccessonedrivelinksreview.top,#phishing,https://x.com/patialavii/status/2104800071388922143
2026-09-29 05:06:56,patialavii,domain,accessonline989876653783documentation.cloud-storage-0935784.workers.dev,#phishing,https://x.com/patialavii/status/2104800071388922143
2026-09-29 05:06:56,patialavii,url,http://accessonline989876653783documentation.cloud-storage-0935784.workers.dev,#phishing,https://x.com/patialavii/status/2104800071388922143
2026-09-29 05:11:49,Fact_Finder03,ip,2.26.154.5,#C2,https://x.com/Fact_Finder03/status/2104801297056800789
2026-09-29 05:12:40,Fact_Finder03,ip,181.224.24.45,#C2,https://x.com/Fact_Finder03/status/2104801511629074851
2026-09-29 05:14:34,patialavii,domain,inviteteamsmeeting.fit,#phishing,https://x.com/patialavii/status/2104801988894732660
2026-09-29 05:14:34,patialavii,url,https://inviteteamsmeeting.fit,#phishing,https://x.com/patialavii/status/2104801988894732660
2026-09-29 05:14:34,patialavii,url,https://inviteteamsmeeting.fit/Teamsetup.msi,#phishing,https://x.com/patialavii/status/2104801988894732660
2026-09-29 05:18:05,patialavii,domain,esign-document.help,,https://x.com/patialavii/status/2104802876413677948
2026-09-29 05:18:05,patialavii,url,http://esign-document.help,,https://x.com/patialavii/status/2104802876413677948
2026-09-29 05:24:10,Metemcyber,domain,dpfuhk.cfd,#phishing,https://x.com/Metemcyber/status/2104804405107380333
2026-09-29 05:24:10,Metemcyber,url,https://dpfuhk.cfd/pocketcard/#/index,#phishing,https://x.com/Metemcyber/status/2104804405107380333
2026-09-29 05:32:23,patialavii,domain,zo0mnneet.top,#phishing,https://x.com/patialavii/status/2104806473905901936
2026-09-29 05:32:23,patialavii,url,http://zo0mnneet.top/inv/,#phishing,https://x.com/patialavii/status/2104806473905901936
2026-09-29 06:29:12,PhishStats,domain,sergiomarshall.com,#phishing,https://x.com/PhishStats/status/2104820773005545489
2026-09-29 06:29:12,PhishStats,url,https://sergiomarshall.com/inc/index.html,#phishing,https://x.com/PhishStats/status/2104820773005545489
2026-09-29 06:29:12,PhishStats,ip,162.244.94.46,#phishing,https://x.com/PhishStats/status/2104820773005545489
2026-09-29 07:01:22,phishunt_io,domain,xfinity-security-update.webflow.io,#phishing,https://x.com/phishunt_io/status/2104828866401288663
2026-09-29 07:01:22,phishunt_io,url,http://xfinity-security-update.webflow.io,#phishing,https://x.com/phishunt_io/status/2104828866401288663
2026-09-29 08:01:01,smica83,url,https://ik.imagekit.io/xpml3eydq/mdjarbA.txt,,https://x.com/smica83/status/2104843880038273319
2026-09-29 08:01:01,smica83,ip,107.172.209.126,,https://x.com/smica83/status/2104843880038273319
2026-09-29 08:02:49,malwrhunterteam,url,http://131.123.43.239:8123,,https://x.com/malwrhunterteam/status/2104844330569695340
2026-09-29 08:27:46,masaomi346,domain,gzmingan.com,#malware #phishing,https://x.com/masaomi346/status/2104850609606394190
2026-09-29 08:27:46,masaomi346,url,https://gzmingan.com/transtioncash/,#malware #phishing,https://x.com/masaomi346/status/2104850609606394190
2026-09-29 08:27:46,masaomi346,domain,jzqixing.com,#malware #phishing,https://x.com/masaomi346/status/2104850609606394190
2026-09-29 08:27:46,masaomi346,url,https://jzqixing.com/transtioncash/,#malware #phishing,https://x.com/masaomi346/status/2104850609606394190
2026-09-29 08:27:46,masaomi346,sha256,4cc2358fb2c3155b5d61a4ea69a4836a0ca4cb9ed014e1c0782e3c6725ae5531,#malware #phishing,https://x.com/masaomi346/status/2104850609606394190
2026-09-29 10:06:07,OpcodeIntel,url,http://jzqixing.com/transtioncash,#malware,https://x.com/OpcodeIntel/status/2104875361725252012
2026-09-29 10:06:07,OpcodeIntel,md5,7f9bac80fbb44bc60e4ec9e85c875d33,#malware,https://x.com/OpcodeIntel/status/2104875361725252012
2026-09-29 10:13:33,smica83,domain,pub-b42d42acf73b4e5887636c7e58ea9500.r2.dev,,https://x.com/smica83/status/2104877232539717752
2026-09-29 10:13:33,smica83,url,https://pub-b42d42acf73b4e5887636c7e58ea9500.r2.dev/payload/8965054312/39baec965fdb/nova_ai51vsqphr0e8_v24407.msi,,https://x.com/smica83/status/2104877232539717752
2026-09-29 10:13:33,smica83,url,https://api.telegram.org/bot8736466448:AAFGUORHLlQmV_3iRkg7Crj7PRlYVAoC-HY/sendMessage,,https://x.com/smica83/status/2104877232539717752
2026-09-29 10:16:41,smica83,domain,controedatoerpestanavidroslat.com,,https://x.com/smica83/status/2104878022037737479
2026-09-29 10:16:41,smica83,url,https://controedatoerpestanavidroslat.com/conte/contador2/5mNuEntity.php,,https://x.com/smica83/status/2104878022037737479
2026-09-29 11:18:58,Fact_Finder03,ip,45.158.199.112,#C2,https://x.com/Fact_Finder03/status/2104893695816573241
2026-09-29 11:29:51,Fact_Finder03,ip,64.188.91.136,#C2,https://x.com/Fact_Finder03/status/2104896435292606832
2026-09-29 12:32:00,Fact_Finder03,ip,167.71.206.185,#C2,https://x.com/Fact_Finder03/status/2104912073469641089
2026-09-29 12:59:43,harugasumi,domain,labinuri.z23.web.core.windows.net,#phishing,https://x.com/harugasumi/status/2104919050166182179
2026-09-29 12:59:43,harugasumi,url,https://labinuri.z23.web.core.windows.net?phone=050-3095-4311,#phishing,https://x.com/harugasumi/status/2104919050166182179
2026-09-29 13:02:51,OpcodeIntel,domain,ciksecrets.net,#malware,https://x.com/OpcodeIntel/status/2104919836463976616
2026-09-29 13:02:51,OpcodeIntel,url,http://ciksecrets.net,#malware,https://x.com/OpcodeIntel/status/2104919836463976616
2026-09-29 13:24:52,suyog41,md5,7c4e5232b9d924a0807743caa3c1bc33,,https://x.com/suyog41/status/2104925378641018892
2026-09-29 14:06:13,smica83,domain,nationalcollaborationinitiative.info,,https://x.com/smica83/status/2104935782431523157
2026-09-29 14:06:13,smica83,url,https://nationalcollaborationinitiative.info/uploads/ISSI/ISSI_Industry_Engagement_Session_Details_5_October_2026.zip,,https://x.com/smica83/status/2104935782431523157
2026-09-29 14:06:13,smica83,ip,5.252.177.210,,https://x.com/smica83/status/2104935782431523157
2026-09-29 14:37:55,Threatlabz,url,http://45.142.182.137:5544,,https://x.com/Threatlabz/status/2104943760643903722
2026-09-29 14:37:55,Threatlabz,sha256,fa4061fb528c90ce6f327cfd89f42a6646f8c3c7f2a4e02230435e5db32e3d80,,https://x.com/Threatlabz/status/2104943760643903722
2026-09-29 14:53:54,TKemmerling,domain,immersionhousing.com,#phishing,https://x.com/TKemmerling/status/2104947785808441624
2026-09-29 14:53:54,TKemmerling,url,http://immersionhousing.com,#phishing,https://x.com/TKemmerling/status/2104947785808441624
2026-09-29 14:53:54,TKemmerling,domain,watermarkatgatewayplace.info,#phishing,https://x.com/TKemmerling/status/2104947785808441624
2026-09-29 14:53:54,TKemmerling,url,http://watermarkatgatewayplace.info,#phishing,https://x.com/TKemmerling/status/2104947785808441624
2026-09-29 14:58:44,TKemmerling,domain,curehealthway.com,#phishing,https://x.com/TKemmerling/status/2104949002118771076
2026-09-29 14:58:44,TKemmerling,url,http://curehealthway.com,#phishing,https://x.com/TKemmerling/status/2104949002118771076
2026-09-29 14:58:44,TKemmerling,domain,myonlinemarkets.com,#phishing,https://x.com/TKemmerling/status/2104949002118771076
2026-09-29 14:58:44,TKemmerling,url,http://myonlinemarkets.com,#phishing,https://x.com/TKemmerling/status/2104949002118771076
2026-09-29 15:07:13,TLP_R3D,domain,insigniafinancial.ssosettings.com,,https://x.com/TLP_R3D/status/2104951134385213505
2026-09-29 15:07:13,TLP_R3D,url,http://insigniafinancial.ssosettings.com,,https://x.com/TLP_R3D/status/2104951134385213505
2026-09-29 15:16:17,TKemmerling,domain,shopmagnetism.info,#phishing,https://x.com/TKemmerling/status/2104953416237887981
2026-09-29 15:16:17,TKemmerling,url,http://shopmagnetism.info,#phishing,https://x.com/TKemmerling/status/2104953416237887981
2026-09-29 15:16:17,TKemmerling,domain,equitygrandview.com,#phishing,https://x.com/TKemmerling/status/2104953416237887981
2026-09-29 15:16:17,TKemmerling,url,http://equitygrandview.com,#phishing,https://x.com/TKemmerling/status/2104953416237887981
2026-09-29 15:18:10,fr0s7_,ip,8.215.17.221,#ValleyRAT,https://x.com/fr0s7_/status/2104953889514824075
2026-09-29 15:18:10,fr0s7_,ip,8.210.231.207,#ValleyRAT,https://x.com/fr0s7_/status/2104953889514824075
2026-09-29 15:28:03,TKemmerling,domain,cinematicjazzorchestra.info,#phishing,https://x.com/TKemmerling/status/2104956379509526729
2026-09-29 15:28:03,TKemmerling,url,http://cinematicjazzorchestra.info,#phishing,https://x.com/TKemmerling/status/2104956379509526729
2026-09-29 15:33:39,TKemmerling,domain,treeservicekingstonil.info,#phishing,https://x.com/TKemmerling/status/2104957788313289212
2026-09-29 15:33:39,TKemmerling,url,http://treeservicekingstonil.info,#phishing,https://x.com/TKemmerling/status/2104957788313289212
2026-09-29 15:46:47,TKemmerling,domain,debtriversideledger.info,#phishing,https://x.com/TKemmerling/status/2104961092757987331
2026-09-29 15:46:47,TKemmerling,url,http://debtriversideledger.info,#phishing,https://x.com/TKemmerling/status/2104961092757987331
2026-09-29 15:46:47,TKemmerling,domain,harborstonegroup.shop,#phishing,https://x.com/TKemmerling/status/2104961092757987331
2026-09-29 15:46:47,TKemmerling,url,http://harborstonegroup.shop,#phishing,https://x.com/TKemmerling/status/2104961092757987331
2026-09-29 16:02:34,RansoMonitor,domain,globalco44t2yl6ltgj74cwthr6b6olggl3srg7engqfhx72f6ni3cyd.onion,#ransomware,https://x.com/RansoMonitor/status/2104965065229369358
2026-09-29 16:02:34,RansoMonitor,url,http://globalco44t2yl6ltgj74cwthr6b6olggl3srg7engqfhx72f6ni3cyd.onion,#ransomware,https://x.com/RansoMonitor/status/2104965065229369358
2026-09-29 16:06:37,TKemmerling,domain,treasurywisechoice.com,#phishing,https://x.com/TKemmerling/status/2104966083006672950
2026-09-29 16:06:37,TKemmerling,url,http://treasurywisechoice.com,#phishing,https://x.com/TKemmerling/status/2104966083006672950
2026-09-29 16:06:37,TKemmerling,domain,financeoakmont.com,#phishing,https://x.com/TKemmerling/status/2104966083006672950
2026-09-29 16:06:37,TKemmerling,url,http://financeoakmont.com,#phishing,https://x.com/TKemmerling/status/2104966083006672950
2026-09-29 17:01:03,RansoMonitor,domain,o6rtgcjdjqyimjxexpejddhdfbehsjn4fcsazfkgwydeb27gqhtdntyd.onion,#ransomware,https://x.com/RansoMonitor/status/2104979782710784491
2026-09-29 17:01:03,RansoMonitor,url,http://o6rtgcjdjqyimjxexpejddhdfbehsjn4fcsazfkgwydeb27gqhtdntyd.onion,#ransomware,https://x.com/RansoMonitor/status/2104979782710784491
2026-09-29 17:46:40,malwrhunterteam,url,http://51.68.34.78:20109/login,,https://x.com/malwrhunterteam/status/2104991264106000850
2026-09-29 17:46:40,malwrhunterteam,ip,51.68.34.78,,https://x.com/malwrhunterteam/status/2104991264106000850
2026-09-29 18:55:59,PhishStats,domain,alexis17capit.cc,#phishing,https://x.com/PhishStats/status/2105008708434514249
2026-09-29 18:55:59,PhishStats,url,https://alexis17capit.cc/CUSERS/,#phishing,https://x.com/PhishStats/status/2105008708434514249
2026-09-29 18:55:59,PhishStats,ip,67.205.150.245,#phishing,https://x.com/PhishStats/status/2105008708434514249
2026-09-29 19:00:02,Hunters_Ledger,url,http://202.71.14.31,#ClickFix,https://x.com/Hunters_Ledger/status/2105009725926424684
2026-09-29 19:00:02,Hunters_Ledger,ip,202.71.14.31,#ClickFix,https://x.com/Hunters_Ledger/status/2105009725926424684
2026-09-29 20:03:57,TIE__SUN,domain,proceso-personal-inf2026ac.hstn.me,#phishing,https://x.com/TIE__SUN/status/2105025810092724389
2026-09-29 20:03:57,TIE__SUN,url,https://proceso-personal-inf2026ac.hstn.me/?i=2,#phishing,https://x.com/TIE__SUN/status/2105025810092724389
2026-09-29 20:03:57,TIE__SUN,ip,185.27.134.57,#phishing,https://x.com/TIE__SUN/status/2105025810092724389
2026-09-29 20:05:43,smica83,url,https://raw.githubusercontent.com/butterscotch6969/serving_url/refs/heads/main/,,https://x.com/smica83/status/2105026256282566948
2026-09-29 20:09:40,malwrhunterteam,url,http://209.250.241.80:8080/cloud/,,https://x.com/malwrhunterteam/status/2105027247702688121
2026-09-29 20:25:10,malwrhunterteam,domain,fa.windows32.men,,https://x.com/malwrhunterteam/status/2105031150032896105
2026-09-29 20:25:10,malwrhunterteam,url,https://fa.windows32.men/webdav/,,https://x.com/malwrhunterteam/status/2105031150032896105
2026-09-29 22:00:56,scanmalware,domain,pub-2deedb30aff5494b826a955e4e27f0d5.r2.dev,#ransomware,https://x.com/scanmalware/status/2105055249861873709
2026-09-29 22:00:56,scanmalware,url,http://pub-2deedb30aff5494b826a955e4e27f0d5.r2.dev,#ransomware,https://x.com/scanmalware/status/2105055249861873709
2026-09-29 22:19:08,masaomi346,domain,uzivebwt.cn,#malware #phishing,https://x.com/masaomi346/status/2105059829924728939
2026-09-29 22:19:08,masaomi346,url,https://uzivebwt.cn,#malware #phishing,https://x.com/masaomi346/status/2105059829924728939
2026-09-29 22:19:08,masaomi346,domain,qbitetmt.cn,#malware #phishing,https://x.com/masaomi346/status/2105059829924728939
2026-09-29 22:19:08,masaomi346,url,https://qbitetmt.cn,#malware #phishing,https://x.com/masaomi346/status/2105059829924728939
2026-09-29 22:19:08,masaomi346,domain,eurhynqq.cn,#malware #phishing,https://x.com/masaomi346/status/2105059829924728939
2026-09-29 22:19:08,masaomi346,url,https://eurhynqq.cn,#malware #phishing,https://x.com/masaomi346/status/2105059829924728939
2026-09-29 22:19:08,masaomi346,domain,jokqumkm.cn,#malware #phishing,https://x.com/masaomi346/status/2105059829924728939
2026-09-29 22:19:08,masaomi346,url,https://jokqumkm.cn,#malware #phishing,https://x.com/masaomi346/status/2105059829924728939
2026-09-29 22:19:08,masaomi346,domain,mfqyqprt.cn,#malware #phishing,https://x.com/masaomi346/status/2105059829924728939
2026-09-29 22:19:08,masaomi346,url,https://mfqyqprt.cn,#malware #phishing,https://x.com/masaomi346/status/2105059829924728939
2026-09-29 22:19:08,masaomi346,domain,daxcwczu.cn,#malware #phishing,https://x.com/masaomi346/status/2105059829924728939
2026-09-29 22:19:08,masaomi346,url,https://daxcwczu.cn,#malware #phishing,https://x.com/masaomi346/status/2105059829924728939
2026-09-29 22:19:08,masaomi346,domain,n1if3c.cn,#malware #phishing,https://x.com/masaomi346/status/2105059829924728939
2026-09-29 22:19:08,masaomi346,url,https://n1if3c.cn,#malware #phishing,https://x.com/masaomi346/status/2105059829924728939
2026-09-29 22:19:08,masaomi346,domain,8l0cpp.cn,#malware #phishing,https://x.com/masaomi346/status/2105059829924728939
2026-09-29 22:19:08,masaomi346,url,https://8l0cpp.cn,#malware #phishing,https://x.com/masaomi346/status/2105059829924728939
2026-09-29 22:19:08,masaomi346,domain,u5v4o3.cn,#malware #phishing,https://x.com/masaomi346/status/2105059829924728939
2026-09-29 22:19:08,masaomi346,url,https://u5v4o3.cn,#malware #phishing,https://x.com/masaomi346/status/2105059829924728939
2026-09-29 22:19:08,masaomi346,sha256,1992f08fcd07061db15e402f22728b9d958c7b3168e1ce396b8c6f6e3acc8368,#malware #phishing,https://x.com/masaomi346/status/2105059829924728939
2026-09-29 22:33:36,masaomi346,domain,feibidawuli-jp.com,#malware #phishing,https://x.com/masaomi346/status/2105063473227170171
2026-09-29 22:33:36,masaomi346,url,https://feibidawuli-jp.com,#malware #phishing,https://x.com/masaomi346/status/2105063473227170171
2026-09-29 22:33:36,masaomi346,domain,haoniuzibe-jp.com,#malware #phishing,https://x.com/masaomi346/status/2105063473227170171
2026-09-29 22:33:36,masaomi346,url,https://haoniuzibe-jp.com,#malware #phishing,https://x.com/masaomi346/status/2105063473227170171
2026-09-29 22:33:36,masaomi346,domain,nbablazersz-jp.com,#malware #phishing,https://x.com/masaomi346/status/2105063473227170171
2026-09-29 22:33:36,masaomi346,url,https://nbablazersz-jp.com,#malware #phishing,https://x.com/masaomi346/status/2105063473227170171
2026-09-29 22:33:36,masaomi346,sha256,8a4d5f17b0615000f640700eb9e434aa67aefa68656976cf2a58619dc5093015,#malware #phishing,https://x.com/masaomi346/status/2105063473227170171
2026-09-29 22:49:03,masaomi346,domain,loin-annzn.mydw88.com,#malware #phishing,https://x.com/masaomi346/status/2105067361443430627
2026-09-29 22:49:03,masaomi346,url,https://loin-annzn.mydw88.com/Shopping-App,#malware #phishing,https://x.com/masaomi346/status/2105067361443430627
2026-09-29 22:49:03,masaomi346,sha256,f1d3d99a9a56e4daaf53ea8cc20a4c0ffbf1697076e08a9b0649663e9502118f,#malware #phishing,https://x.com/masaomi346/status/2105067361443430627
2026-09-30 00:01:07,RansoMonitor,domain,dr5beljvyqljgq5ppro57pgetg4yeslcsexmuhvv3p46wod3odsh3fid.onion,#ransomware,https://x.com/RansoMonitor/status/2105085494073966969
2026-09-30 00:01:07,RansoMonitor,url,http://dr5beljvyqljgq5ppro57pgetg4yeslcsexmuhvv3p46wod3odsh3fid.onion,#ransomware,https://x.com/RansoMonitor/status/2105085494073966969
2026-09-30 00:10:01,Gesturepul_,domain,nildex.com,#cryptoscam #scam,https://x.com/Gesturepul_/status/2105087734251712774
2026-09-30 00:10:01,Gesturepul_,url,http://Nildex.com,#cryptoscam #scam,https://x.com/Gesturepul_/status/2105087734251712774
2026-09-30 02:01:35,scanmalware,domain,pub-313b636324fd4678a4a5d96493f238eb.r2.dev,#phishing,https://x.com/scanmalware/status/2105115811534762095
2026-09-30 02:01:35,scanmalware,url,http://pub-313b636324fd4678a4a5d96493f238eb.r2.dev,#phishing,https://x.com/scanmalware/status/2105115811534762095
2026-09-30 03:53:00,patialavii,domain,ptai.in,#phishing,https://x.com/patialavii/status/2105143852848062756
2026-09-30 03:53:00,patialavii,url,https://ptai.in/dsb/page.html,#phishing,https://x.com/patialavii/status/2105143852848062756
2026-09-30 03:57:00,patialavii,domain,dndair.com,#phishing,https://x.com/patialavii/status/2105144857832607863
2026-09-30 03:57:00,patialavii,url,https://dndair.com/iv/doc.html,#phishing,https://x.com/patialavii/status/2105144857832607863
2026-09-30 03:57:00,patialavii,domain,naomiwellness.screenconnect.com,#phishing,https://x.com/patialavii/status/2105144857832607863
2026-09-30 03:57:00,patialavii,url,https://naomiwellness.screenconnect.com/Bin/ScreenConnect.ClientSetup.exe,#phishing,https://x.com/patialavii/status/2105144857832607863
2026-09-30 04:03:39,patialavii,domain,zoommeeting-7m2.pages.dev,#phishing,https://x.com/patialavii/status/2105146531129221434
2026-09-30 04:03:39,patialavii,url,https://zoommeeting-7m2.pages.dev,#phishing,https://x.com/patialavii/status/2105146531129221434
2026-09-30 04:03:39,patialavii,domain,zoominvite-9ld.pages.dev,#phishing,https://x.com/patialavii/status/2105146531129221434
2026-09-30 04:03:39,patialavii,url,https://zoominvite-9ld.pages.dev,#phishing,https://x.com/patialavii/status/2105146531129221434
2026-09-30 04:09:42,patialavii,domain,pdfsharepoint.top,#phishing,https://x.com/patialavii/status/2105148054286504197
2026-09-30 04:09:42,patialavii,url,http://pdfsharepoint.top,#phishing,https://x.com/patialavii/status/2105148054286504197
2026-09-30 04:09:42,patialavii,domain,docsharepoint.top,#phishing,https://x.com/patialavii/status/2105148054286504197
2026-09-30 04:09:42,patialavii,url,http://docsharepoint.top,#phishing,https://x.com/patialavii/status/2105148054286504197
2026-09-30 04:10:47,scanmalware,domain,pub-cfed504c29ce4abfb436fd9297bceb4e.r2.dev,#ransomware,https://x.com/scanmalware/status/2105148324592386075
2026-09-30 04:10:47,scanmalware,url,http://pub-cfed504c29ce4abfb436fd9297bceb4e.r2.dev,#ransomware,https://x.com/scanmalware/status/2105148324592386075
2026-09-30 05:04:29,solostalking,ip,179.43.175.54,,https://x.com/solostalking/status/2105161841186062543
2026-09-30 05:04:29,solostalking,ip,31.7.61.62,,https://x.com/solostalking/status/2105161841186062543
2026-09-30 05:31:17,TKemmerling,domain,home.productforhome.info,#phishing,https://x.com/TKemmerling/status/2105168586428059933
2026-09-30 05:31:17,TKemmerling,url,http://home.productforhome.info,#phishing,https://x.com/TKemmerling/status/2105168586428059933
2026-09-30 05:31:17,TKemmerling,domain,dealcartdirect.com,#phishing,https://x.com/TKemmerling/status/2105168586428059933
2026-09-30 05:31:17,TKemmerling,url,http://dealcartdirect.com,#phishing,https://x.com/TKemmerling/status/2105168586428059933
2026-09-30 05:31:17,TKemmerling,domain,elitewealthdaily.com,#phishing,https://x.com/TKemmerling/status/2105168586428059933
2026-09-30 05:31:17,TKemmerling,url,http://elitewealthdaily.com,#phishing,https://x.com/TKemmerling/status/2105168586428059933
2026-09-30 05:41:04,TKemmerling,domain,capitalwillowgate.com,#phishing,https://x.com/TKemmerling/status/2105171045133271345
2026-09-30 05:41:04,TKemmerling,url,http://capitalwillowgate.com,#phishing,https://x.com/TKemmerling/status/2105171045133271345
2026-09-30 05:41:04,TKemmerling,domain,pinebridgedigital.shop,#phishing,https://x.com/TKemmerling/status/2105171045133271345
2026-09-30 05:41:04,TKemmerling,url,http://pinebridgedigital.shop,#phishing,https://x.com/TKemmerling/status/2105171045133271345
2026-09-30 05:41:13,Fact_Finder03,ip,193.41.68.190,#C2,https://x.com/Fact_Finder03/status/2105171086359019527
2026-09-30 05:41:13,Fact_Finder03,sha256,7b8a66e7e7800cd9fb36c97d658d7e63878395b15700c0d4fb60a5c6314456c8,#C2,https://x.com/Fact_Finder03/status/2105171086359019527
2026-09-30 05:42:56,CyberUpdates365,domain,7zip.com,#malware,https://x.com/CyberUpdates365/status/2105171518422732827
2026-09-30 05:42:56,CyberUpdates365,url,http://7zip.com,#malware,https://x.com/CyberUpdates365/status/2105171518422732827
2026-09-30 06:11:22,JAMESWT_WT,ip,51.255.9.163,,https://x.com/JAMESWT_WT/status/2105178672420323406
2026-09-30 06:11:22,JAMESWT_WT,ip,107.175.148.115,,https://x.com/JAMESWT_WT/status/2105178672420323406
2026-09-30 06:11:22,JAMESWT_WT,ip,64.224.17.115,,https://x.com/JAMESWT_WT/status/2105178672420323406
2026-09-30 06:11:22,JAMESWT_WT,ip,216.9.224.48,,https://x.com/JAMESWT_WT/status/2105178672420323406
2026-09-30 06:11:22,JAMESWT_WT,md5,1a2eb4add748ffbe552d2bbc9d289bab,,https://x.com/JAMESWT_WT/status/2105178672420323406
2026-09-30 06:11:22,JAMESWT_WT,md5,82fa22bc4ac39d06a41cef104b9255c4,,https://x.com/JAMESWT_WT/status/2105178672420323406
2026-09-30 06:22:16,Metemcyber,domain,lzqhvj.cfd,#phishing,https://x.com/Metemcyber/status/2105181414744605116
2026-09-30 06:22:16,Metemcyber,url,https://lzqhvj.cfd/uccard,#phishing,https://x.com/Metemcyber/status/2105181414744605116
2026-09-30 06:25:35,Fact_Finder03,ip,89.125.214.22,#C2,https://x.com/Fact_Finder03/status/2105182249469763715
2026-09-30 06:25:35,Fact_Finder03,ip,213.32.27.63,#C2,https://x.com/Fact_Finder03/status/2105182249469763715
2026-09-30 06:25:35,Fact_Finder03,ip,150.241.85.39,#C2,https://x.com/Fact_Finder03/status/2105182249469763715
2026-09-30 06:40:38,Metemcyber,domain,mbrgwn.cfd,#phishing,https://x.com/Metemcyber/status/2105186038369120528
2026-09-30 06:40:38,Metemcyber,url,https://mbrgwn.cfd/uccard,#phishing,https://x.com/Metemcyber/status/2105186038369120528
2026-09-30 07:00:58,phishunt_io,domain,facebook.sioll.net,#phishing,https://x.com/phishunt_io/status/2105191155314925728
2026-09-30 07:00:58,phishunt_io,url,http://facebook.sioll.net,#phishing,https://x.com/phishunt_io/status/2105191155314925728
2026-09-30 07:00:58,phishunt_io,ip,137.184.98.116,#phishing,https://x.com/phishunt_io/status/2105191155314925728
2026-09-30 07:05:39,malwrhunterteam,domain,mikoblico.xyz,,https://x.com/malwrhunterteam/status/2105192333234831688
2026-09-30 07:05:39,malwrhunterteam,url,https://mikoblico.xyz/login,,https://x.com/malwrhunterteam/status/2105192333234831688
2026-09-30 07:17:32,Fact_Finder03,ip,216.109.177.105,#C2,https://x.com/Fact_Finder03/status/2105195323526369743
2026-09-30 07:20:04,AddressIntel,domain,old.cricketpavers.com,#phishing,https://x.com/AddressIntel/status/2105195962511556826
2026-09-30 07:20:04,AddressIntel,url,https://old.cricketpavers.com/isrtaex/it/persone-e-famiglie,#phishing,https://x.com/AddressIntel/status/2105195962511556826
2026-09-30 07:42:00,Fact_Finder03,ip,167.254.241.215,#C2,https://x.com/Fact_Finder03/status/2105201479896416424
2026-09-30 07:42:00,Fact_Finder03,sha256,d575fa0c29d6dd4cc063246d0e26d75e795b9751f2a9d1193c4ec01d59a5cd28,#C2,https://x.com/Fact_Finder03/status/2105201479896416424
2026-09-30 07:54:08,smica83,url,http://217.60.76.249:8080/3.jpg,,https://x.com/smica83/status/2105204533378916819
2026-09-30 07:54:08,smica83,ip,217.60.76.249,,https://x.com/smica83/status/2105204533378916819
2026-09-30 08:13:54,smica83,domain,karkarkar.top,,https://x.com/smica83/status/2105209508901347460
2026-09-30 08:13:54,smica83,url,http://karkarkar.top,,https://x.com/smica83/status/2105209508901347460
2026-09-30 08:13:54,smica83,domain,riverglasstop.top,,https://x.com/smica83/status/2105209508901347460
2026-09-30 08:13:54,smica83,url,http://riverglasstop.top,,https://x.com/smica83/status/2105209508901347460
2026-09-30 08:19:00,Fact_Finder03,ip,31.76.111.41,#C2,https://x.com/Fact_Finder03/status/2105210791465202035
2026-09-30 08:30:01,Fact_Finder03,ip,13.143.234.166,,https://x.com/Fact_Finder03/status/2105213563212382311
2026-09-30 08:30:01,Fact_Finder03,sha256,411e119adc7462f016b4fd4236fccf83d93f2141906faea458e231c9a8ce49fd,,https://x.com/Fact_Finder03/status/2105213563212382311
2026-09-30 08:30:01,Fact_Finder03,sha256,8e5188aff471eb7bdfd64db59f544453fe85aca351671c4e01c6fcc6593f23e9,,https://x.com/Fact_Finder03/status/2105213563212382311
2026-09-30 08:30:01,Fact_Finder03,sha256,9ca98eb44775a5bca631a4f7ddc6590542cd8d5a660bdeb3b8fef36446c4fac0,,https://x.com/Fact_Finder03/status/2105213563212382311
2026-09-30 09:49:28,smica83,domain,facai.mwkwnnn.click,,https://x.com/smica83/status/2105233557711093938
2026-09-30 09:49:28,smica83,url,http://facai.mwkwnnn.click,,https://x.com/smica83/status/2105233557711093938
2026-09-30 09:49:28,smica83,url,http://134.122.128.120,,https://x.com/smica83/status/2105233557711093938
2026-09-30 09:49:28,smica83,ip,134.122.128.120,,https://x.com/smica83/status/2105233557711093938
2026-09-30 10:27:09,skocherhan,domain,galaxycoinmix.com,,https://x.com/skocherhan/status/2105243041342923196
2026-09-30 10:27:09,skocherhan,url,http://galaxycoinmix.com,,https://x.com/skocherhan/status/2105243041342923196
2026-09-30 10:32:06,OpcodeIntel,domain,egm34gsyx65wb6jyqds4esvkskl34barx4robuebjhqpc4dfeavg7fyd.onion,#ransomware,https://x.com/OpcodeIntel/status/2105244290138112088
2026-09-30 10:32:06,OpcodeIntel,url,http://egm34gsyx65wb6jyqds4esvkskl34barx4robuebjhqpc4dfeavg7fyd.onion,#ransomware,https://x.com/OpcodeIntel/status/2105244290138112088
2026-09-30 10:32:06,OpcodeIntel,ip,64.227.132.179,#ransomware,https://x.com/OpcodeIntel/status/2105244290138112088
2026-09-30 11:41:27,nextronresearch,domain,bleodw.wisp.uno,,https://x.com/nextronresearch/status/2105261740308992400
2026-09-30 11:41:27,nextronresearch,url,http://bleodw.wisp.uno,,https://x.com/nextronresearch/status/2105261740308992400
2026-09-30 11:41:27,nextronresearch,sha256,1702f7ad2a56ef7fca815a01ce5d0ebb43328043d2dbd5cfb4b3f71d0605310c,,https://x.com/nextronresearch/status/2105261740308992400
2026-09-30 12:01:21,phishunt_io,domain,https-roblox.com,#phishing,https://x.com/phishunt_io/status/2105266748341530927
2026-09-30 12:01:21,phishunt_io,url,http://https-roblox.com/login?returnUrl=1961065750,#phishing,https://x.com/phishunt_io/status/2105266748341530927
2026-09-30 12:06:55,Fact_Finder03,ip,104.192.2.46,,https://x.com/Fact_Finder03/status/2105268148681507272
2026-09-30 12:36:54,PhishStats,domain,optservicenote.myallvalue.com,#phishing,https://x.com/PhishStats/status/2105275694179913752
2026-09-30 12:36:54,PhishStats,url,https://optservicenote.myallvalue.com/link/optsercive,#phishing,https://x.com/PhishStats/status/2105275694179913752
2026-09-30 12:36:54,PhishStats,ip,162.62.82.128,#phishing,https://x.com/PhishStats/status/2105275694179913752
2026-09-30 12:52:28,masaomi346,domain,cgongseq.com,#phishing,https://x.com/masaomi346/status/2105279613614330291
2026-09-30 12:52:28,masaomi346,url,https://cgongseq.com/point/download/,#phishing,https://x.com/masaomi346/status/2105279613614330291
2026-09-30 12:52:28,masaomi346,domain,jwscaiwu.com,#phishing,https://x.com/masaomi346/status/2105279613614330291
2026-09-30 12:52:28,masaomi346,url,https://jwscaiwu.com/point/download/,#phishing,https://x.com/masaomi346/status/2105279613614330291
2026-09-30 12:52:28,masaomi346,domain,lysxcyy.com,#phishing,https://x.com/masaomi346/status/2105279613614330291
2026-09-30 12:52:28,masaomi346,url,https://lysxcyy.com/point/download/,#phishing,https://x.com/masaomi346/status/2105279613614330291
2026-09-30 12:52:28,masaomi346,domain,oiuwaksdiw.com,#phishing,https://x.com/masaomi346/status/2105279613614330291
2026-09-30 12:52:28,masaomi346,url,https://oiuwaksdiw.com/point/download/,#phishing,https://x.com/masaomi346/status/2105279613614330291
2026-09-30 12:52:28,masaomi346,domain,poiwaksuwa.com,#phishing,https://x.com/masaomi346/status/2105279613614330291
2026-09-30 12:52:28,masaomi346,url,https://poiwaksuwa.com/point/download/,#phishing,https://x.com/masaomi346/status/2105279613614330291
2026-09-30 12:56:48,Kb4Threatlabs,domain,send.smnambijabajo.com,,https://x.com/Kb4Threatlabs/status/2105280704661647398
2026-09-30 12:56:48,Kb4Threatlabs,url,http://send.smnambijabajo.com,,https://x.com/Kb4Threatlabs/status/2105280704661647398
2026-09-30 12:56:48,Kb4Threatlabs,domain,cp.preparationguru.com,,https://x.com/Kb4Threatlabs/status/2105280704661647398
2026-09-30 12:56:48,Kb4Threatlabs,url,http://cp.preparationguru.com,,https://x.com/Kb4Threatlabs/status/2105280704661647398
2026-09-30 12:56:48,Kb4Threatlabs,url,http://209.94.57.48,,https://x.com/Kb4Threatlabs/status/2105280704661647398
2026-09-30 12:56:48,Kb4Threatlabs,domain,preparationguru.com,,https://x.com/Kb4Threatlabs/status/2105280704661647398
2026-09-30 12:56:48,Kb4Threatlabs,url,http://preparationguru.com,,https://x.com/Kb4Threatlabs/status/2105280704661647398
2026-09-30 13:01:16,masaomi346,domain,lnsygjswxx.com,#malware #phishing,https://x.com/masaomi346/status/2105281828890492957
2026-09-30 13:01:16,masaomi346,url,https://lnsygjswxx.com,#malware #phishing,https://x.com/masaomi346/status/2105281828890492957
2026-09-30 13:01:16,masaomi346,sha256,d6a014c7f9637f652116dc49ff3696c3ab6b8c6f9e8be03f2d2ed828a431cc5d,#malware #phishing,https://x.com/masaomi346/status/2105281828890492957
2026-09-30 13:11:29,smica83,domain,xv57j3d.scienceontheweb.net,,https://x.com/smica83/status/2105284398446731348
2026-09-30 13:11:29,smica83,url,http://xv57j3d.scienceontheweb.net/setting.php?aaaaaa=DESKTOP-ET51AJO&bbbbbb=Bruno&cccccc=alpha,,https://x.com/smica83/status/2105284398446731348
2026-09-30 13:15:06,TheDFIRReport,url,http://67.207.81.22:443,,https://x.com/TheDFIRReport/status/2105285307780243502
2026-09-30 13:15:06,TheDFIRReport,domain,sunyotech.com,,https://x.com/TheDFIRReport/status/2105285307780243502
2026-09-30 13:15:06,TheDFIRReport,url,http://sunyotech.com,,https://x.com/TheDFIRReport/status/2105285307780243502
2026-09-30 13:15:06,TheDFIRReport,ip,67.207.81.22,,https://x.com/TheDFIRReport/status/2105285307780243502
2026-09-30 13:15:06,TheDFIRReport,sha256,ec9ada555d6dffa2fed08e86e26e29e7c6d15d90e0323cdf44e06e75461a04bf,,https://x.com/TheDFIRReport/status/2105285307780243502
2026-09-30 13:45:30,smica83,url,http://202.61.140.66:7771,,https://x.com/smica83/status/2105292957372801064
2026-09-30 13:45:30,smica83,ip,202.61.140.66,,https://x.com/smica83/status/2105292957372801064
2026-09-30 13:49:59,smica83,domain,hdhdandan.duckdns.org,,https://x.com/smica83/status/2105294087913914589
2026-09-30 13:49:59,smica83,url,http://hdhdandan.duckdns.org,,https://x.com/smica83/status/2105294087913914589
2026-09-30 13:49:59,smica83,url,http://45.149.153.141,,https://x.com/smica83/status/2105294087913914589
2026-09-30 13:49:59,smica83,ip,45.149.153.141,,https://x.com/smica83/status/2105294087913914589
2026-09-30 18:37:11,smica83,domain,ssossossosss.duckdns.org,,https://x.com/smica83/status/2105366365024731532
2026-09-30 18:37:11,smica83,url,http://ssossossosss.duckdns.org,,https://x.com/smica83/status/2105366365024731532
2026-09-30 20:10:31,TKemmerling,domain,missvalledeladrome.info,#phishing,https://x.com/TKemmerling/status/2105389852959392208
2026-09-30 20:10:31,TKemmerling,url,http://missvalledeladrome.info,#phishing,https://x.com/TKemmerling/status/2105389852959392208
2026-09-30 20:16:43,TKemmerling,domain,greenerpasturetrading.info,#phishing,https://x.com/TKemmerling/status/2105391409931186501
2026-09-30 20:16:43,TKemmerling,url,http://greenerpasturetrading.info,#phishing,https://x.com/TKemmerling/status/2105391409931186501
2026-09-30 23:30:14,masaomi346,domain,fxxma.cn,#malware #phishing,https://x.com/masaomi346/status/2105440112989630614
2026-09-30 23:30:14,masaomi346,url,https://fxxma.cn,#malware #phishing,https://x.com/masaomi346/status/2105440112989630614
2026-09-30 23:30:14,masaomi346,domain,ggctb.cn,#malware #phishing,https://x.com/masaomi346/status/2105440112989630614
2026-09-30 23:30:14,masaomi346,url,https://ggctb.cn,#malware #phishing,https://x.com/masaomi346/status/2105440112989630614
2026-09-30 23:30:14,masaomi346,domain,gxgiu.cn,#malware #phishing,https://x.com/masaomi346/status/2105440112989630614
2026-09-30 23:30:14,masaomi346,url,https://gxgiu.cn,#malware #phishing,https://x.com/masaomi346/status/2105440112989630614
2026-09-30 23:30:14,masaomi346,domain,hbyqq.cn,#malware #phishing,https://x.com/masaomi346/status/2105440112989630614
2026-09-30 23:30:14,masaomi346,url,https://hbyqq.cn,#malware #phishing,https://x.com/masaomi346/status/2105440112989630614
2026-09-30 23:30:14,masaomi346,domain,hmcot.cn,#malware #phishing,https://x.com/masaomi346/status/2105440112989630614
2026-09-30 23:30:14,masaomi346,url,https://hmcot.cn,#malware #phishing,https://x.com/masaomi346/status/2105440112989630614
2026-09-30 23:30:14,masaomi346,domain,hwjwz.cn,#malware #phishing,https://x.com/masaomi346/status/2105440112989630614
2026-09-30 23:30:14,masaomi346,url,https://hwjwz.cn,#malware #phishing,https://x.com/masaomi346/status/2105440112989630614
2026-09-30 23:30:14,masaomi346,domain,hwspp.cn,#malware #phishing,https://x.com/masaomi346/status/2105440112989630614
2026-09-30 23:30:14,masaomi346,url,https://hwspp.cn,#malware #phishing,https://x.com/masaomi346/status/2105440112989630614
2026-09-30 23:30:14,masaomi346,domain,ifexa.cn,#malware #phishing,https://x.com/masaomi346/status/2105440112989630614
2026-09-30 23:30:14,masaomi346,url,https://ifexa.cn,#malware #phishing,https://x.com/masaomi346/status/2105440112989630614
2026-09-30 23:30:14,masaomi346,domain,isqbb.cn,#malware #phishing,https://x.com/masaomi346/status/2105440112989630614
2026-09-30 23:30:14,masaomi346,url,https://isqbb.cn,#malware #phishing,https://x.com/masaomi346/status/2105440112989630614
2026-09-30 23:30:14,masaomi346,domain,jinsm.cn,#malware #phishing,https://x.com/masaomi346/status/2105440112989630614
2026-09-30 23:30:14,masaomi346,url,https://jinsm.cn,#malware #phishing,https://x.com/masaomi346/status/2105440112989630614
2026-09-30 23:30:14,masaomi346,sha256,2b2de48e0f4e0f678c9e0a324358238937237e76357b6cd29f52192835bac970,#malware #phishing,https://x.com/masaomi346/status/2105440112989630614
2026-10-01 00:32:46,PhishStats,domain,hazelnut.co.rs,#phishing,https://x.com/PhishStats/status/2105455850022179195
2026-10-01 00:32:46,PhishStats,url,https://www.hazelnut.co.rs,#phishing,https://x.com/PhishStats/status/2105455850022179195
2026-10-01 02:15:13,masaomi346,domain,teruid.com,#phishing,https://x.com/masaomi346/status/2105481630345494930
2026-10-01 02:15:13,masaomi346,url,https://teruid.com/docomo/st/dcard_gold/index.html#/,#phishing,https://x.com/masaomi346/status/2105481630345494930
2026-10-01 02:25:40,TKemmerling,domain,stylishhomegallery.com,#phishing,https://x.com/TKemmerling/status/2105484262049005931
2026-10-01 02:25:40,TKemmerling,url,http://stylishhomegallery.com,#phishing,https://x.com/TKemmerling/status/2105484262049005931
2026-10-01 02:30:27,TKemmerling,domain,iphonelocatorpro.com,#phishing,https://x.com/TKemmerling/status/2105485465063469506
2026-10-01 02:30:27,TKemmerling,url,http://iphonelocatorpro.com,#phishing,https://x.com/TKemmerling/status/2105485465063469506
2026-10-01 02:30:27,TKemmerling,domain,sdonaghylactationservices.info,#phishing,https://x.com/TKemmerling/status/2105485465063469506
2026-10-01 02:30:27,TKemmerling,url,http://sdonaghylactationservices.info,#phishing,https://x.com/TKemmerling/status/2105485465063469506
2026-10-01 03:06:03,patialavii,domain,laboratoires-azbane.com,#phishing,https://x.com/patialavii/status/2105494422804996111
2026-10-01 03:06:03,patialavii,url,https://laboratoires-azbane.com/ftx/,#phishing,https://x.com/patialavii/status/2105494422804996111
2026-10-01 03:06:03,patialavii,domain,valeriediedrich13.screenconnect.com,#phishing,https://x.com/patialavii/status/2105494422804996111
2026-10-01 03:06:03,patialavii,url,https://valeriediedrich13.screenconnect.com/Bin/ScreenConnect.ClientSetup.exe,#phishing,https://x.com/patialavii/status/2105494422804996111
2026-10-01 03:12:36,patialavii,domain,strutsupportsystems.com,#phishing,https://x.com/patialavii/status/2105496072785453421
2026-10-01 03:12:36,patialavii,url,https://strutsupportsystems.com/Adobe_Installer.html,#phishing,https://x.com/patialavii/status/2105496072785453421
2026-10-01 03:12:36,patialavii,domain,logiccorporation.screenconnect.com,#phishing,https://x.com/patialavii/status/2105496072785453421
2026-10-01 03:12:36,patialavii,url,https://logiccorporation.screenconnect.com/Bin/ScreenConnect.ClientSetup.exe,#phishing,https://x.com/patialavii/status/2105496072785453421
2026-10-01 03:18:08,patialavii,domain,thiswoodeno.com,#phishing,https://x.com/patialavii/status/2105497466040926462
2026-10-01 03:18:08,patialavii,url,https://thiswoodeno.com/aa/,#phishing,https://x.com/patialavii/status/2105497466040926462
2026-10-01 03:18:08,patialavii,domain,strafordhomes.screenconnect.com,#phishing,https://x.com/patialavii/status/2105497466040926462
2026-10-01 03:18:08,patialavii,url,https://strafordhomes.screenconnect.com/Bin/ScreenConnect.ClientSetup.exe,#phishing,https://x.com/patialavii/status/2105497466040926462
2026-10-01 03:25:11,patialavii,domain,nilehost.cloud,#phishing,https://x.com/patialavii/status/2105499238566355071
2026-10-01 03:25:11,patialavii,url,https://nilehost.cloud/Adobe_Inz.html,#phishing,https://x.com/patialavii/status/2105499238566355071
2026-10-01 03:25:11,patialavii,domain,gpcom1.screenconnect.com,#phishing,https://x.com/patialavii/status/2105499238566355071
2026-10-01 03:25:11,patialavii,url,https://gpcom1.screenconnect.com/Bin/ScreenConnect.ClientSetup.msi,#phishing,https://x.com/patialavii/status/2105499238566355071
2026-10-01 03:29:37,patialavii,domain,docusignauthentication.xyz,#phishing,https://x.com/patialavii/status/2105500355908009998
2026-10-01 03:29:37,patialavii,url,http://docusignauthentication.xyz,#phishing,https://x.com/patialavii/status/2105500355908009998
2026-10-01 04:09:46,powermeza,domain,shieldmetasetup.com,#cryptoscam #phishing,https://x.com/powermeza/status/2105510460653244682
2026-10-01 04:09:46,powermeza,url,http://shieldmetasetup.com,#cryptoscam #phishing,https://x.com/powermeza/status/2105510460653244682
2026-10-01 07:00:59,phishunt_io,domain,ants.redirecthelp.com,#phishing,https://x.com/phishunt_io/status/2105553544690426039
2026-10-01 07:00:59,phishunt_io,url,http://ants.redirecthelp.com/linkedin.com/52abdba7-2710-4fc3-a0bf-a66546964fbc?psid=85482a12-0597-45fd-b029,#phishing,https://x.com/phishunt_io/status/2105553544690426039
2026-10-01 07:00:59,phishunt_io,ip,3.141.207.60,#phishing,https://x.com/phishunt_io/status/2105553544690426039
2026-10-01 07:41:36,Metemcyber,domain,zggangban.com,#phishing,https://x.com/Metemcyber/status/2105563769825063193
2026-10-01 07:41:36,Metemcyber,url,https://zggangban.com/qxvotdd8#/login,#phishing,https://x.com/Metemcyber/status/2105563769825063193
2026-10-01 07:54:45,Metemcyber,domain,accoun.kgjxupm.cn,#phishing,https://x.com/Metemcyber/status/2105567078883434798
2026-10-01 07:54:45,Metemcyber,url,https://accoun.kgjxupm.cn/d1498rp4v2,#phishing,https://x.com/Metemcyber/status/2105567078883434798
2026-10-01 07:54:45,Metemcyber,url,http://43.128.253.47,#phishing,https://x.com/Metemcyber/status/2105567078883434798
2026-10-01 07:54:45,Metemcyber,ip,43.128.253.47,#phishing,https://x.com/Metemcyber/status/2105567078883434798
2026-10-01 08:00:03,fr0s7_,url,https://212.80.205.63,,https://x.com/fr0s7_/status/2105568410935665032
2026-10-01 08:00:03,fr0s7_,ip,212.80.205.63,,https://x.com/fr0s7_/status/2105568410935665032
2026-10-01 08:00:03,fr0s7_,sha256,b7d8572c7e4fe577a29299e1089f85def9d6cfda192135681f8c111e5b3acd15,,https://x.com/fr0s7_/status/2105568410935665032
2026-10-01 08:00:40,nextronresearch,domain,hardwood-studio-obviously-briefing.trycloudflare.com,,https://x.com/nextronresearch/status/2105568565281563057
2026-10-01 08:00:40,nextronresearch,url,http://hardwood-studio-obviously-briefing.trycloudflare.com,,https://x.com/nextronresearch/status/2105568565281563057
2026-10-01 08:00:40,nextronresearch,domain,manufacturers-arrested-acre-foods.trycloudflare.com,,https://x.com/nextronresearch/status/2105568565281563057
2026-10-01 08:00:40,nextronresearch,url,http://manufacturers-arrested-acre-foods.trycloudflare.com,,https://x.com/nextronresearch/status/2105568565281563057
2026-10-01 08:00:40,nextronresearch,domain,campus-petite-timothy-gulf.trycloudflare.com,,https://x.com/nextronresearch/status/2105568565281563057
2026-10-01 08:00:40,nextronresearch,url,http://campus-petite-timothy-gulf.trycloudflare.com,,https://x.com/nextronresearch/status/2105568565281563057
2026-10-01 08:00:40,nextronresearch,sha256,2a001e4ef9933701b3d93e1a7e1e7ef67d481fac5febc96f951beabe68022322,,https://x.com/nextronresearch/status/2105568565281563057
2026-10-01 08:00:40,nextronresearch,sha256,196f6b820aaf094b8728a11699e4e91cea464623ab0c3acebdde3d1adab59fb6,,https://x.com/nextronresearch/status/2105568565281563057
2026-10-01 08:00:40,nextronresearch,sha256,79121c5d9ddfafd532c30b9c20644b9a45fadadee9163eb2e5678e4efceb4312,,https://x.com/nextronresearch/status/2105568565281563057
2026-10-01 08:00:40,nextronresearch,sha256,4a439412a37048f7c4e18c5a6b6763258e6358aa77693802dccc9d9d506ebc44,,https://x.com/nextronresearch/status/2105568565281563057
2026-10-01 08:17:34,Metemcyber,domain,wxhuan.com,#phishing,https://x.com/Metemcyber/status/2105572818612359564
2026-10-01 08:17:34,Metemcyber,url,https://wxhuan.com/rZBhairl/,#phishing,https://x.com/Metemcyber/status/2105572818612359564
2026-10-01 08:17:34,Metemcyber,url,http://156.226.182.245,#phishing,https://x.com/Metemcyber/status/2105572818612359564
2026-10-01 08:17:34,Metemcyber,ip,156.226.182.245,#phishing,https://x.com/Metemcyber/status/2105572818612359564
2026-10-01 08:34:26,malwrhunterteam,url,http://23.94.145.224/login,,https://x.com/malwrhunterteam/status/2105577064761852336
2026-10-01 08:34:26,malwrhunterteam,ip,23.94.145.224,,https://x.com/malwrhunterteam/status/2105577064761852336
2026-10-01 09:03:04,_AkatsukiLegion,url,http://51.144.45.141,#AsyncRAT #Xworm,https://x.com/_AkatsukiLegion/status/2105584268680507901
2026-10-01 09:03:04,_AkatsukiLegion,ip,51.144.45.141,#AsyncRAT #Xworm,https://x.com/_AkatsukiLegion/status/2105584268680507901
2026-10-01 09:44:25,byrne_emmy12099,url,http://31.59.138.144/aes.js,#APT,https://x.com/byrne_emmy12099/status/2105594677894512955
2026-10-01 09:44:25,byrne_emmy12099,ip,31.59.138.144,#APT,https://x.com/byrne_emmy12099/status/2105594677894512955
2026-10-01 10:19:35,malwrhunterteam,domain,ai-education-msk.com,,https://x.com/malwrhunterteam/status/2105603527959601312
2026-10-01 10:19:35,malwrhunterteam,url,http://ai-education-msk.com,,https://x.com/malwrhunterteam/status/2105603527959601312
2026-10-01 10:22:29,smica83,domain,rajug.eu,#DPRK,https://x.com/smica83/status/2105604256757694867
2026-10-01 10:22:29,smica83,url,http://rajug.eu,#DPRK,https://x.com/smica83/status/2105604256757694867
2026-10-01 10:28:51,smica83,domain,efine-post.com,,https://x.com/smica83/status/2105605859384426760
2026-10-01 10:28:51,smica83,url,https://efine-post.com/d/FIatZY3MAdgna9qKkHu9uQ,,https://x.com/smica83/status/2105605859384426760
2026-10-01 11:20:23,TheM3gatr0n,url,http://script.google.com/macros/s/AKfycbz9TPijgR8aU3W1yM2yimSruhRgk5Yn0pvsVZEDWJ2r4xSO97thYYxihmR5ma9N4Z1Z/exec,,https://x.com/TheM3gatr0n/status/2105618824859161060
2026-10-01 11:20:23,TheM3gatr0n,domain,mmasunandrajat.com,,https://x.com/TheM3gatr0n/status/2105618824859161060
2026-10-01 11:20:23,TheM3gatr0n,url,http://mmasunandrajat.com,,https://x.com/TheM3gatr0n/status/2105618824859161060
2026-10-01 11:20:23,TheM3gatr0n,domain,ibtuxr641i.c4-explosive-workshops.de,,https://x.com/TheM3gatr0n/status/2105618824859161060
2026-10-01 11:20:23,TheM3gatr0n,url,http://ibtuxr641i.c4-explosive-workshops.de/l/dN8uUIAgPm0,,https://x.com/TheM3gatr0n/status/2105618824859161060
2026-10-01 11:20:23,TheM3gatr0n,url,http://login.microsoftonline.com/common/oauth2/deviceauth,,https://x.com/TheM3gatr0n/status/2105618824859161060
2026-10-01 11:46:13,TheM3gatr0n,domain,bug-ucheti.online,#ClickFix,https://x.com/TheM3gatr0n/status/2105625326839906782
2026-10-01 11:46:13,TheM3gatr0n,url,http://bug-ucheti.online,#ClickFix,https://x.com/TheM3gatr0n/status/2105625326839906782
2026-10-01 11:46:13,TheM3gatr0n,domain,bug-uchetov.online,#ClickFix,https://x.com/TheM3gatr0n/status/2105625326839906782
2026-10-01 11:46:13,TheM3gatr0n,url,http://bug-uchetov.online,#ClickFix,https://x.com/TheM3gatr0n/status/2105625326839906782
2026-10-01 11:46:13,TheM3gatr0n,domain,buhgalteri-uchet.online,#ClickFix,https://x.com/TheM3gatr0n/status/2105625326839906782
2026-10-01 11:46:13,TheM3gatr0n,url,http://buhgalteri-uchet.online,#ClickFix,https://x.com/TheM3gatr0n/status/2105625326839906782
2026-10-01 11:46:13,TheM3gatr0n,domain,buhgalterov-uchet.online,#ClickFix,https://x.com/TheM3gatr0n/status/2105625326839906782
2026-10-01 11:46:13,TheM3gatr0n,url,http://buhgalterov-uchet.online,#ClickFix,https://x.com/TheM3gatr0n/status/2105625326839906782
2026-10-01 11:46:13,TheM3gatr0n,domain,buhgalterskiy-uchet.online,#ClickFix,https://x.com/TheM3gatr0n/status/2105625326839906782
2026-10-01 11:46:13,TheM3gatr0n,url,http://buhgalterskiy-uchet.online,#ClickFix,https://x.com/TheM3gatr0n/status/2105625326839906782
2026-10-01 11:46:13,TheM3gatr0n,domain,buhuchetss.online,#ClickFix,https://x.com/TheM3gatr0n/status/2105625326839906782
2026-10-01 11:46:13,TheM3gatr0n,url,http://buhuchetss.online,#ClickFix,https://x.com/TheM3gatr0n/status/2105625326839906782
2026-10-01 11:46:13,TheM3gatr0n,domain,cloudflare.vc,#ClickFix,https://x.com/TheM3gatr0n/status/2105625326839906782
2026-10-01 11:46:13,TheM3gatr0n,url,http://cloudflare.vc,#ClickFix,https://x.com/TheM3gatr0n/status/2105625326839906782
2026-10-01 11:46:13,TheM3gatr0n,domain,computerrepairme.com,#ClickFix,https://x.com/TheM3gatr0n/status/2105625326839906782
2026-10-01 11:46:13,TheM3gatr0n,url,http://computerrepairme.com,#ClickFix,https://x.com/TheM3gatr0n/status/2105625326839906782
2026-10-01 11:46:13,TheM3gatr0n,domain,ebutrat.digital,#ClickFix,https://x.com/TheM3gatr0n/status/2105625326839906782
2026-10-01 11:46:13,TheM3gatr0n,url,http://ebutrat.digital,#ClickFix,https://x.com/TheM3gatr0n/status/2105625326839906782
2026-10-01 11:46:13,TheM3gatr0n,domain,emali.net,#ClickFix,https://x.com/TheM3gatr0n/status/2105625326839906782
2026-10-01 11:46:13,TheM3gatr0n,url,http://emali.net,#ClickFix,https://x.com/TheM3gatr0n/status/2105625326839906782
2026-10-01 11:46:13,TheM3gatr0n,domain,enganem.digital,#ClickFix,https://x.com/TheM3gatr0n/status/2105625326839906782
2026-10-01 11:46:13,TheM3gatr0n,url,http://enganem.digital,#ClickFix,https://x.com/TheM3gatr0n/status/2105625326839906782
2026-10-01 11:46:13,TheM3gatr0n,domain,finance-information.online,#ClickFix,https://x.com/TheM3gatr0n/status/2105625326839906782
2026-10-01 11:46:13,TheM3gatr0n,url,http://finance-information.online,#ClickFix,https://x.com/TheM3gatr0n/status/2105625326839906782
2026-10-01 11:46:13,TheM3gatr0n,domain,finance-informations.online,#ClickFix,https://x.com/TheM3gatr0n/status/2105625326839906782
2026-10-01 11:46:13,TheM3gatr0n,url,http://finance-informations.online,#ClickFix,https://x.com/TheM3gatr0n/status/2105625326839906782
2026-10-01 11:46:13,TheM3gatr0n,domain,finances-information.online,#ClickFix,https://x.com/TheM3gatr0n/status/2105625326839906782
2026-10-01 11:46:13,TheM3gatr0n,url,http://finances-information.online,#ClickFix,https://x.com/TheM3gatr0n/status/2105625326839906782
2026-10-01 11:46:13,TheM3gatr0n,domain,financesco.online,#ClickFix,https://x.com/TheM3gatr0n/status/2105625326839906782
2026-10-01 11:46:13,TheM3gatr0n,url,http://financesco.online,#ClickFix,https://x.com/TheM3gatr0n/status/2105625326839906782
2026-10-01 11:46:13,TheM3gatr0n,domain,flispax.digital,#ClickFix,https://x.com/TheM3gatr0n/status/2105625326839906782
2026-10-01 11:46:13,TheM3gatr0n,url,http://flispax.digital,#ClickFix,https://x.com/TheM3gatr0n/status/2105625326839906782
2026-10-01 11:46:13,TheM3gatr0n,domain,get-entry.to,#ClickFix,https://x.com/TheM3gatr0n/status/2105625326839906782
2026-10-01 11:46:13,TheM3gatr0n,url,http://get-entry.to,#ClickFix,https://x.com/TheM3gatr0n/status/2105625326839906782
2026-10-01 11:46:13,TheM3gatr0n,domain,get-verification.to,#ClickFix,https://x.com/TheM3gatr0n/status/2105625326839906782
2026-10-01 11:46:13,TheM3gatr0n,url,http://get-verification.to,#ClickFix,https://x.com/TheM3gatr0n/status/2105625326839906782
2026-10-01 11:46:13,TheM3gatr0n,domain,ghadita.digital,#ClickFix,https://x.com/TheM3gatr0n/status/2105625326839906782
2026-10-01 11:46:13,TheM3gatr0n,url,http://ghadita.digital,#ClickFix,https://x.com/TheM3gatr0n/status/2105625326839906782
2026-10-01 11:46:13,TheM3gatr0n,domain,grinosp.digital,#ClickFix,https://x.com/TheM3gatr0n/status/2105625326839906782
2026-10-01 11:46:13,TheM3gatr0n,url,http://grinosp.digital,#ClickFix,https://x.com/TheM3gatr0n/status/2105625326839906782
2026-10-01 11:46:13,TheM3gatr0n,domain,iddmd.com,#ClickFix,https://x.com/TheM3gatr0n/status/2105625326839906782
2026-10-01 11:46:13,TheM3gatr0n,url,http://iddmd.com,#ClickFix,https://x.com/TheM3gatr0n/status/2105625326839906782
2026-10-01 11:46:13,TheM3gatr0n,domain,imacos.cc,#ClickFix,https://x.com/TheM3gatr0n/status/2105625326839906782
2026-10-01 11:46:13,TheM3gatr0n,url,http://imacos.cc,#ClickFix,https://x.com/TheM3gatr0n/status/2105625326839906782
2026-10-01 11:46:13,TheM3gatr0n,domain,poyanercold.top,#ClickFix,https://x.com/TheM3gatr0n/status/2105625326839906782
2026-10-01 11:46:13,TheM3gatr0n,url,http://poyanercold.top,#ClickFix,https://x.com/TheM3gatr0n/status/2105625326839906782
2026-10-01 11:46:13,TheM3gatr0n,domain,record-video.online,#ClickFix,https://x.com/TheM3gatr0n/status/2105625326839906782
2026-10-01 11:46:13,TheM3gatr0n,url,http://record-video.online,#ClickFix,https://x.com/TheM3gatr0n/status/2105625326839906782
2026-10-01 11:46:13,TheM3gatr0n,domain,records-video.online,#ClickFix,https://x.com/TheM3gatr0n/status/2105625326839906782
2026-10-01 11:46:13,TheM3gatr0n,url,http://records-video.online,#ClickFix,https://x.com/TheM3gatr0n/status/2105625326839906782
2026-10-01 11:46:13,TheM3gatr0n,domain,unknownbuddy.com,#ClickFix,https://x.com/TheM3gatr0n/status/2105625326839906782
2026-10-01 11:46:13,TheM3gatr0n,url,http://unknownbuddy.com,#ClickFix,https://x.com/TheM3gatr0n/status/2105625326839906782
2026-10-01 11:46:13,TheM3gatr0n,domain,video-click.online,#ClickFix,https://x.com/TheM3gatr0n/status/2105625326839906782
2026-10-01 11:46:13,TheM3gatr0n,url,http://video-click.online,#ClickFix,https://x.com/TheM3gatr0n/status/2105625326839906782
2026-10-01 11:46:13,TheM3gatr0n,domain,video-clicks.online,#ClickFix,https://x.com/TheM3gatr0n/status/2105625326839906782
2026-10-01 11:46:13,TheM3gatr0n,url,http://video-clicks.online,#ClickFix,https://x.com/TheM3gatr0n/status/2105625326839906782
2026-10-01 11:46:13,TheM3gatr0n,domain,video-hostinger.online,#ClickFix,https://x.com/TheM3gatr0n/status/2105625326839906782
2026-10-01 11:46:13,TheM3gatr0n,url,http://video-hostinger.online,#ClickFix,https://x.com/TheM3gatr0n/status/2105625326839906782
2026-10-01 11:46:13,TheM3gatr0n,domain,video-hostingers.online,#ClickFix,https://x.com/TheM3gatr0n/status/2105625326839906782
2026-10-01 11:46:13,TheM3gatr0n,url,http://video-hostingers.online,#ClickFix,https://x.com/TheM3gatr0n/status/2105625326839906782
2026-10-01 11:46:13,TheM3gatr0n,domain,video-hostings.online,#ClickFix,https://x.com/TheM3gatr0n/status/2105625326839906782
2026-10-01 11:46:13,TheM3gatr0n,url,http://video-hostings.online,#ClickFix,https://x.com/TheM3gatr0n/status/2105625326839906782
2026-10-01 11:46:13,TheM3gatr0n,domain,video-wide.online,#ClickFix,https://x.com/TheM3gatr0n/status/2105625326839906782
2026-10-01 11:46:13,TheM3gatr0n,url,http://video-wide.online,#ClickFix,https://x.com/TheM3gatr0n/status/2105625326839906782
2026-10-01 11:46:13,TheM3gatr0n,domain,videoclick.online,#ClickFix,https://x.com/TheM3gatr0n/status/2105625326839906782
2026-10-01 11:46:13,TheM3gatr0n,url,http://videoclick.online,#ClickFix,https://x.com/TheM3gatr0n/status/2105625326839906782
2026-10-01 11:46:13,TheM3gatr0n,domain,xursod.com,#ClickFix,https://x.com/TheM3gatr0n/status/2105625326839906782
2026-10-01 11:46:13,TheM3gatr0n,url,http://xursod.com,#ClickFix,https://x.com/TheM3gatr0n/status/2105625326839906782
2026-10-01 11:46:13,TheM3gatr0n,domain,actskillhub.com,#ClickFix,https://x.com/TheM3gatr0n/status/2105625326839906782
2026-10-01 11:46:13,TheM3gatr0n,url,http://actskillhub.com,#ClickFix,https://x.com/TheM3gatr0n/status/2105625326839906782
2026-10-01 11:46:13,TheM3gatr0n,domain,pohon4donly.art,#ClickFix,https://x.com/TheM3gatr0n/status/2105625326839906782
2026-10-01 11:46:13,TheM3gatr0n,url,http://pohon4donly.art,#ClickFix,https://x.com/TheM3gatr0n/status/2105625326839906782
2026-10-01 11:46:13,TheM3gatr0n,domain,user308.workers.dev,#ClickFix,https://x.com/TheM3gatr0n/status/2105625326839906782
2026-10-01 11:46:13,TheM3gatr0n,url,http://user308.workers.dev,#ClickFix,https://x.com/TheM3gatr0n/status/2105625326839906782
2026-10-01 11:46:13,TheM3gatr0n,domain,old-shadow-803d.user308.workers.dev,#ClickFix,https://x.com/TheM3gatr0n/status/2105625326839906782
2026-10-01 11:46:13,TheM3gatr0n,url,http://old-shadow-803d.user308.workers.dev,#ClickFix,https://x.com/TheM3gatr0n/status/2105625326839906782
2026-10-01 12:01:19,phishunt_io,domain,m.facebook.itlandfz.com,#phishing,https://x.com/phishunt_io/status/2105629126698680327
2026-10-01 12:01:19,phishunt_io,url,http://m.facebook.itlandfz.com,#phishing,https://x.com/phishunt_io/status/2105629126698680327
2026-10-01 12:01:19,phishunt_io,ip,62.171.168.66,#phishing,https://x.com/phishunt_io/status/2105629126698680327
2026-10-01 12:13:19,ShiinaaM,domain,omniflowmatrix8.lol,#ClickFix #infostealer #malware,https://x.com/ShiinaaM/status/2105632149303177247
2026-10-01 12:13:19,ShiinaaM,url,https://omniflowmatrix8.lol/?c=AJm9u2qPdgUAd4oCAElEOQAMAAAAAACg,#ClickFix #infostealer #malware,https://x.com/ShiinaaM/status/2105632149303177247
2026-10-01 12:20:25,masaomi346,domain,wudaksldas.com,#phishing,https://x.com/masaomi346/status/2105633933203578986
2026-10-01 12:20:25,masaomi346,url,https://wudaksldas.com/point/download/,#phishing,https://x.com/masaomi346/status/2105633933203578986
2026-10-01 12:20:25,masaomi346,domain,wauskjdas.com,#phishing,https://x.com/masaomi346/status/2105633933203578986
2026-10-01 12:20:25,masaomi346,url,https://wauskjdas.com/point/download/,#phishing,https://x.com/masaomi346/status/2105633933203578986
2026-10-01 12:20:25,masaomi346,url,https://wudaksldas.com/cash/downloadopwad,#phishing,https://x.com/masaomi346/status/2105633933203578986
2026-10-01 12:20:25,masaomi346,url,https://wauskjdas.com/cash/downloadopwad,#phishing,https://x.com/masaomi346/status/2105633933203578986
2026-10-01 12:46:23,TheM3gatr0n,url,http://94.154.43.201/iran.%s,,https://x.com/TheM3gatr0n/status/2105640470101791099
2026-10-01 12:46:23,TheM3gatr0n,url,http://94.154.43.201:80,,https://x.com/TheM3gatr0n/status/2105640470101791099
2026-10-01 12:46:23,TheM3gatr0n,ip,94.154.43.201,,https://x.com/TheM3gatr0n/status/2105640470101791099
2026-10-01 12:46:23,TheM3gatr0n,sha256,55e1adcf7b552f67f7d15a5982f1617cdc522430b3d9c2b5a45e0829d5620272,,https://x.com/TheM3gatr0n/status/2105640470101791099
2026-10-01 12:46:23,TheM3gatr0n,sha256,e879bd752c4883b158d41ebb242aeca1912515233e861f5350bd2de23556c517,,https://x.com/TheM3gatr0n/status/2105640470101791099
2026-10-01 13:00:07,scanmalware,domain,sp33ct-varelo-biz-faneki-zumaro.pages.dev,#phishing,https://x.com/scanmalware/status/2105643924295414171
2026-10-01 13:00:07,scanmalware,url,http://sp33ct-varelo-biz-faneki-zumaro.pages.dev,#phishing,https://x.com/scanmalware/status/2105643924295414171
2026-10-01 14:15:00,spamrats,domain,indeedinternationals.com,#phishing,https://x.com/spamrats/status/2105662771899863457
2026-10-01 14:15:00,spamrats,url,http://indeedinternationals.com,#phishing,https://x.com/spamrats/status/2105662771899863457
2026-10-01 14:42:09,PhishStats,domain,xfmdnsr.com,#phishing,https://x.com/PhishStats/status/2105669601698759163
2026-10-01 14:42:09,PhishStats,url,http://xfmdnsr.com/index.php,#phishing,https://x.com/PhishStats/status/2105669601698759163
2026-10-01 14:42:09,PhishStats,ip,51.161.21.1,#phishing,https://x.com/PhishStats/status/2105669601698759163
2026-10-01 15:00:00,phatomcandle,domain,requires5.dynu.org,#APT #C2 #Kimsuky #malware,https://x.com/phatomcandle/status/2105674095941554234
2026-10-01 15:00:00,phatomcandle,url,http://requires5.dynu.org,#APT #C2 #Kimsuky #malware,https://x.com/phatomcandle/status/2105674095941554234
2026-10-01 15:00:00,phatomcandle,url,http://152.32.243.238,#APT #C2 #Kimsuky #malware,https://x.com/phatomcandle/status/2105674095941554234
2026-10-01 15:00:00,phatomcandle,ip,152.32.243.238,#APT #C2 #Kimsuky #malware,https://x.com/phatomcandle/status/2105674095941554234
2026-10-01 15:30:30,Coolcarlos17,domain,obracertaatacado.com,#phishing #scam,https://x.com/Coolcarlos17/status/2105681770460893207
2026-10-01 15:30:30,Coolcarlos17,url,http://obracertaatacado.com,#phishing #scam,https://x.com/Coolcarlos17/status/2105681770460893207
2026-10-01 16:55:39,teamcymru_S2,ip,8.210.67.79,,https://x.com/teamcymru_S2/status/2105703199189475676
2026-10-01 16:55:39,teamcymru_S2,ip,35.203.134.133,,https://x.com/teamcymru_S2/status/2105703199189475676
2026-10-01 16:55:39,teamcymru_S2,ip,38.60.125.123,,https://x.com/teamcymru_S2/status/2105703199189475676
2026-10-01 16:55:39,teamcymru_S2,ip,38.181.56.130,,https://x.com/teamcymru_S2/status/2105703199189475676
2026-10-01 16:55:39,teamcymru_S2,ip,43.98.165.114,,https://x.com/teamcymru_S2/status/2105703199189475676
2026-10-01 16:55:39,teamcymru_S2,ip,43.108.57.27,,https://x.com/teamcymru_S2/status/2105703199189475676
2026-10-01 16:55:39,teamcymru_S2,ip,43.136.35.215,,https://x.com/teamcymru_S2/status/2105703199189475676
2026-10-01 16:55:39,teamcymru_S2,ip,43.160.231.87,,https://x.com/teamcymru_S2/status/2105703199189475676
2026-10-01 16:55:39,teamcymru_S2,ip,43.165.167.94,,https://x.com/teamcymru_S2/status/2105703199189475676
2026-10-01 16:55:39,teamcymru_S2,ip,43.255.28.208,,https://x.com/teamcymru_S2/status/2105703199189475676
2026-10-01 16:55:39,teamcymru_S2,ip,45.192.110.60,,https://x.com/teamcymru_S2/status/2105703199189475676
2026-10-01 16:55:39,teamcymru_S2,ip,47.254.120.61,,https://x.com/teamcymru_S2/status/2105703199189475676
2026-10-01 16:55:39,teamcymru_S2,ip,64.90.13.176,,https://x.com/teamcymru_S2/status/2105703199189475676
2026-10-01 16:55:39,teamcymru_S2,ip,89.125.43.163,,https://x.com/teamcymru_S2/status/2105703199189475676
2026-10-01 16:55:39,teamcymru_S2,ip,103.27.79.231,,https://x.com/teamcymru_S2/status/2105703199189475676
2026-10-01 16:55:39,teamcymru_S2,ip,103.30.78.49,,https://x.com/teamcymru_S2/status/2105703199189475676
2026-10-01 16:55:39,teamcymru_S2,ip,103.52.153.142,,https://x.com/teamcymru_S2/status/2105703199189475676
2026-10-01 16:55:39,teamcymru_S2,ip,103.230.240.83,,https://x.com/teamcymru_S2/status/2105703199189475676
2026-10-01 16:55:39,teamcymru_S2,ip,103.242.2.144,,https://x.com/teamcymru_S2/status/2105703199189475676
2026-10-01 16:55:39,teamcymru_S2,ip,103.254.148.169,,https://x.com/teamcymru_S2/status/2105703199189475676
2026-10-01 16:55:39,teamcymru_S2,ip,107.149.129.212,,https://x.com/teamcymru_S2/status/2105703199189475676
2026-10-01 16:55:39,teamcymru_S2,ip,107.175.49.181,,https://x.com/teamcymru_S2/status/2105703199189475676
2026-10-01 16:55:39,teamcymru_S2,ip,112.213.103.111,,https://x.com/teamcymru_S2/status/2105703199189475676
2026-10-01 16:55:39,teamcymru_S2,ip,112.213.108.85,,https://x.com/teamcymru_S2/status/2105703199189475676
2026-10-01 16:55:39,teamcymru_S2,ip,112.213.110.214,,https://x.com/teamcymru_S2/status/2105703199189475676
2026-10-01 16:55:39,teamcymru_S2,ip,118.107.35.196,,https://x.com/teamcymru_S2/status/2105703199189475676
2026-10-01 16:55:39,teamcymru_S2,ip,118.107.35.248,,https://x.com/teamcymru_S2/status/2105703199189475676
2026-10-01 16:55:39,teamcymru_S2,ip,154.18.187.160,,https://x.com/teamcymru_S2/status/2105703199189475676
2026-10-01 16:55:39,teamcymru_S2,ip,154.23.141.210,,https://x.com/teamcymru_S2/status/2105703199189475676
2026-10-01 16:55:39,teamcymru_S2,ip,154.36.167.198,,https://x.com/teamcymru_S2/status/2105703199189475676
2026-10-01 16:55:39,teamcymru_S2,ip,156.238.120.147,,https://x.com/teamcymru_S2/status/2105703199189475676
2026-10-01 16:55:39,teamcymru_S2,ip,157.119.103.204,,https://x.com/teamcymru_S2/status/2105703199189475676
2026-10-01 16:55:39,teamcymru_S2,ip,162.4.136.30,,https://x.com/teamcymru_S2/status/2105703199189475676
2026-10-01 16:55:39,teamcymru_S2,ip,162.251.94.208,,https://x.com/teamcymru_S2/status/2105703199189475676
2026-10-01 16:55:39,teamcymru_S2,ip,167.104.101.115,,https://x.com/teamcymru_S2/status/2105703199189475676
2026-10-01 16:55:39,teamcymru_S2,ip,186.244.231.115,,https://x.com/teamcymru_S2/status/2105703199189475676
2026-10-01 16:55:39,teamcymru_S2,ip,191.40.37.39,,https://x.com/teamcymru_S2/status/2105703199189475676
2026-10-01 16:55:39,teamcymru_S2,ip,192.253.229.191,,https://x.com/teamcymru_S2/status/2105703199189475676
2026-10-01 16:55:39,teamcymru_S2,ip,206.238.20.42,,https://x.com/teamcymru_S2/status/2105703199189475676
2026-10-01 16:55:39,teamcymru_S2,ip,208.87.200.68,,https://x.com/teamcymru_S2/status/2105703199189475676
2026-10-01 16:55:39,teamcymru_S2,ip,209.222.251.117,,https://x.com/teamcymru_S2/status/2105703199189475676
2026-10-01 16:55:39,teamcymru_S2,ip,210.126.235.135,,https://x.com/teamcymru_S2/status/2105703199189475676
2026-10-01 17:02:50,Fact_Finder03,ip,31.77.112.209,#C2,https://x.com/Fact_Finder03/status/2105705007421256071
2026-10-01 17:23:05,0xb1lal,domain,h4x.tv,,https://x.com/0xb1lal/status/2105710102703390781
2026-10-01 17:23:05,0xb1lal,url,http://h4x.tv/back,,https://x.com/0xb1lal/status/2105710102703390781
2026-10-01 17:23:05,0xb1lal,url,http://h4x.tv,,https://x.com/0xb1lal/status/2105710102703390781
2026-10-01 17:23:05,0xb1lal,url,http://h4x.tv:6363,,https://x.com/0xb1lal/status/2105710102703390781
2026-10-01 17:23:05,0xb1lal,ip,46.101.197.32,,https://x.com/0xb1lal/status/2105710102703390781
2026-10-01 17:47:39,marcandrebeaul1,domain,arcadiacoffee.ie,#phishing,https://x.com/marcandrebeaul1/status/2105716285006909652
2026-10-01 17:47:39,marcandrebeaul1,url,http://arcadiacoffee.ie/plan,#phishing,https://x.com/marcandrebeaul1/status/2105716285006909652
2026-10-01 18:01:22,TKemmerling,domain,updates.nmwatchman.com,#phishing,https://x.com/TKemmerling/status/2105719736717963345
2026-10-01 18:01:22,TKemmerling,url,http://updates.nmwatchman.com,#phishing,https://x.com/TKemmerling/status/2105719736717963345
2026-10-01 18:01:22,TKemmerling,domain,paramontdeltosinn.s3.us-east-1.amazonaws.com,#phishing,https://x.com/TKemmerling/status/2105719736717963345
2026-10-01 18:01:22,TKemmerling,url,http://paramontdeltosinn.s3.us-east-1.amazonaws.com,#phishing,https://x.com/TKemmerling/status/2105719736717963345
2026-10-01 20:06:38,TKemmerling,domain,burysslipway.com,#phishing,https://x.com/TKemmerling/status/2105751260632879572
2026-10-01 20:06:38,TKemmerling,url,http://burysslipway.com,#phishing,https://x.com/TKemmerling/status/2105751260632879572
2026-10-01 20:06:38,TKemmerling,domain,cs21613.s3.us-east-1.amazonaws.com,#phishing,https://x.com/TKemmerling/status/2105751260632879572
2026-10-01 20:06:38,TKemmerling,url,http://cs21613.s3.us-east-1.amazonaws.com,#phishing,https://x.com/TKemmerling/status/2105751260632879572
2026-10-01 20:10:14,TKemmerling,domain,health.vitalhealthportal.com,#phishing,https://x.com/TKemmerling/status/2105752168737513828
2026-10-01 20:10:14,TKemmerling,url,http://health.vitalhealthportal.com,#phishing,https://x.com/TKemmerling/status/2105752168737513828
2026-10-01 20:10:14,TKemmerling,domain,wealthstepguide.com,#phishing,https://x.com/TKemmerling/status/2105752168737513828
2026-10-01 20:10:14,TKemmerling,url,http://wealthstepguide.com,#phishing,https://x.com/TKemmerling/status/2105752168737513828
2026-10-01 20:24:00,500mk500,url,http://213.145.86.42:8080,,https://x.com/500mk500/status/2105755632083120279
2026-10-01 20:24:00,500mk500,url,http://79.110.49.138:8080,,https://x.com/500mk500/status/2105755632083120279
2026-10-01 20:24:00,500mk500,ip,79.110.49.138,,https://x.com/500mk500/status/2105755632083120279
2026-10-01 21:04:54,malwrhunterteam,domain,c2.teamzeroday.net,,https://x.com/malwrhunterteam/status/2105765925324763153
2026-10-01 21:04:54,malwrhunterteam,url,http://c2.teamzeroday.net/bin/,,https://x.com/malwrhunterteam/status/2105765925324763153
2026-10-01 21:25:22,malwrhunterteam,domain,download.tender-confirmation.com,,https://x.com/malwrhunterteam/status/2105771076219535499
2026-10-01 21:25:22,malwrhunterteam,url,http://download.tender-confirmation.com:8080/file/,,https://x.com/malwrhunterteam/status/2105771076219535499
2026-10-01 22:04:37,PhishStats,ip,3.120.154.17,#phishing,https://x.com/PhishStats/status/2105780953872527760
2026-10-01 22:40:51,masaomi346,domain,xasltqmhggfw-jp.com,#malware #phishing,https://x.com/masaomi346/status/2105790071987425610
2026-10-01 22:40:51,masaomi346,url,https://xasltqmhggfw-jp.com,#malware #phishing,https://x.com/masaomi346/status/2105790071987425610
2026-10-01 22:40:51,masaomi346,domain,hushedplai-jp.com,#malware #phishing,https://x.com/masaomi346/status/2105790071987425610
2026-10-01 22:40:51,masaomi346,url,https://hushedplai-jp.com,#malware #phishing,https://x.com/masaomi346/status/2105790071987425610
2026-10-01 22:40:51,masaomi346,domain,xiyuegongju-jp.com,#malware #phishing,https://x.com/masaomi346/status/2105790071987425610
2026-10-01 22:40:51,masaomi346,url,https://xiyuegongju-jp.com,#malware #phishing,https://x.com/masaomi346/status/2105790071987425610
2026-10-01 22:40:51,masaomi346,domain,weifenqianbao-jp.com,#malware #phishing,https://x.com/masaomi346/status/2105790071987425610
2026-10-01 22:40:51,masaomi346,url,https://weifenqianbao-jp.com,#malware #phishing,https://x.com/masaomi346/status/2105790071987425610
2026-10-01 22:40:51,masaomi346,domain,jiangchashi-jp.com,#malware #phishing,https://x.com/masaomi346/status/2105790071987425610
2026-10-01 22:40:51,masaomi346,url,https://jiangchashi-jp.com,#malware #phishing,https://x.com/masaomi346/status/2105790071987425610
2026-10-01 22:40:51,masaomi346,domain,yaojinhouse-jp.com,#malware #phishing,https://x.com/masaomi346/status/2105790071987425610
2026-10-01 22:40:51,masaomi346,url,https://yaojinhouse-jp.com,#malware #phishing,https://x.com/masaomi346/status/2105790071987425610
2026-10-01 22:40:51,masaomi346,sha256,c84508ae0813faef6ad59dde56c648f327b162938ff3e7c7526b7ab81ff82ea7,#malware #phishing,https://x.com/masaomi346/status/2105790071987425610
2026-10-01 23:17:27,TKemmerling,domain,investkursonline.com,#phishing,https://x.com/TKemmerling/status/2105799281378766907
2026-10-01 23:17:27,TKemmerling,url,http://investkursonline.com,#phishing,https://x.com/TKemmerling/status/2105799281378766907
2026-10-01 23:17:27,TKemmerling,domain,pridemodularhomesllc.info,#phishing,https://x.com/TKemmerling/status/2105799281378766907
2026-10-01 23:17:27,TKemmerling,url,http://pridemodularhomesllc.info,#phishing,https://x.com/TKemmerling/status/2105799281378766907
2026-10-02 00:30:46,scanmalware,domain,get-fix-here-got.vercel.app,#ransomware,https://x.com/scanmalware/status/2105817733233328320
2026-10-02 00:30:46,scanmalware,url,http://get-fix-here-got.vercel.app,#ransomware,https://x.com/scanmalware/status/2105817733233328320
2026-10-02 02:31:41,aulap_id,domain,docsport.vercel.app,#phishing,https://x.com/aulap_id/status/2105848161856328187
2026-10-02 02:31:41,aulap_id,url,http://docsport.vercel.app,#phishing,https://x.com/aulap_id/status/2105848161856328187
2026-10-02 02:31:41,aulap_id,domain,portlcoedu.com,#phishing,https://x.com/aulap_id/status/2105848161856328187
2026-10-02 02:31:41,aulap_id,url,http://portlcoedu.com,#phishing,https://x.com/aulap_id/status/2105848161856328187
2026-10-02 02:50:03,scanmalware,domain,neww-project-pdffiles.vercel.app,#ransomware,https://x.com/scanmalware/status/2105852786411729375
2026-10-02 02:50:03,scanmalware,url,http://www.neww-project-pdffiles.vercel.app,#ransomware,https://x.com/scanmalware/status/2105852786411729375
2026-10-02 04:06:13,masaomi346,domain,thalassaix.cfd,#phishing,https://x.com/masaomi346/status/2105871953664102552
2026-10-02 04:06:13,masaomi346,url,https://thalassaix.cfd/menkyo/#/index,#phishing,https://x.com/masaomi346/status/2105871953664102552
2026-10-02 04:06:15,patialavii,domain,boxercourier.com,#phishing,https://x.com/patialavii/status/2105871963109703880
2026-10-02 04:06:15,patialavii,url,https://boxercourier.com/en/,#phishing,https://x.com/patialavii/status/2105871963109703880
2026-10-02 04:06:15,patialavii,domain,hl-ltd.screenconnect.com,#phishing,https://x.com/patialavii/status/2105871963109703880
2026-10-02 04:06:15,patialavii,url,https://hl-ltd.screenconnect.com/Bin/ScreenConnect.ClientSetup.exe,#phishing,https://x.com/patialavii/status/2105871963109703880
2026-10-02 04:08:56,patialavii,domain,onixone.com.co,#phishing,https://x.com/patialavii/status/2105872637608255523
2026-10-02 04:08:56,patialavii,url,https://onixone.com.co/UPDATE/download.html,#phishing,https://x.com/patialavii/status/2105872637608255523
2026-10-02 04:08:56,patialavii,url,https://onixone.com.co/UPDATE/ScreenConnect.ClientSetup.exe,#phishing,https://x.com/patialavii/status/2105872637608255523
2026-10-02 04:20:19,patialavii,domain,luxfab.luxe,,https://x.com/patialavii/status/2105875500057165923
2026-10-02 04:20:19,patialavii,url,https://luxfab.luxe/Adobe_Installer.html,,https://x.com/patialavii/status/2105875500057165923
2026-10-02 04:20:19,patialavii,domain,fdp122.nyc3.digitaloceanspaces.com,,https://x.com/patialavii/status/2105875500057165923
2026-10-02 04:20:19,patialavii,url,https://fdp122.nyc3.digitaloceanspaces.com/fileshared/Fileshared.msi,,https://x.com/patialavii/status/2105875500057165923
2026-10-02 04:20:19,patialavii,sha256,e2a34605b9b59bac25a77ee77d0ae62dea9b441a0b2018af8dea570bc40af23f,,https://x.com/patialavii/status/2105875500057165923
2026-10-02 04:25:44,patialavii,domain,cloud.repeatcarrental.com,#phishing,https://x.com/patialavii/status/2105876866750095552
2026-10-02 04:25:44,patialavii,url,https://cloud.repeatcarrental.com/meeting/,#phishing,https://x.com/patialavii/status/2105876866750095552
2026-10-02 05:51:18,masaomi346,domain,hanvior.cfd,#phishing,https://x.com/masaomi346/status/2105898396632711639
2026-10-02 05:51:18,masaomi346,url,https://hanvior.cfd/resonabank,#phishing,https://x.com/masaomi346/status/2105898396632711639
2026-10-02 06:21:05,bomccss,sha256,c309560c0a8af7daf1e9aa170f5e5d3149fee6e5306be673716dc6a4cebdc4c0,#Formbook,https://x.com/bomccss/status/2105905893011542444
2026-10-02 07:16:35,bomccss,sha256,e9e6a9d8a06d7be611be2a8f4a6f53388e01512c76e2d222ce39d737705a28a1,#AgentTesla,https://x.com/bomccss/status/2105919862317175185
2026-10-02 07:44:48,TLP_R3D,domain,settingsportal.com,,https://x.com/TLP_R3D/status/2105926962833498606
2026-10-02 07:44:48,TLP_R3D,url,http://settingsportal.com,,https://x.com/TLP_R3D/status/2105926962833498606
2026-10-02 08:04:43,Fact_Finder03,ip,155.117.20.119,#C2,https://x.com/Fact_Finder03/status/2105931973499986036
2026-10-02 09:04:56,tdatwja,md5,ee0bbb719b48c7b166d5c228290e72c9,#Formbook,https://x.com/tdatwja/status/2105947127755223200
2026-10-02 09:04:56,tdatwja,sha256,0eb380a4609662b66d946d0991e810aa47b80dc3733aee4e59cfba1bd1107ce7,#Formbook,https://x.com/tdatwja/status/2105947127755223200
2026-10-02 10:02:26,_AkatsukiLegion,url,http://50.114.5.38:9996,#phishing,https://x.com/_AkatsukiLegion/status/2105961597311287297
2026-10-02 10:02:26,_AkatsukiLegion,ip,50.114.5.38,#phishing,https://x.com/_AkatsukiLegion/status/2105961597311287297
2026-10-02 10:25:40,suyog41,md5,7486440545d208eea86382204d2a92a8,,https://x.com/suyog41/status/2105967446138179905
2026-10-02 10:27:53,PhishStats,domain,dmuchawa-do-lisci-pl.com,#phishing,https://x.com/PhishStats/status/2105968003712258547
2026-10-02 10:27:53,PhishStats,url,https://dmuchawa-do-lisci-pl.com,#phishing,https://x.com/PhishStats/status/2105968003712258547
2026-10-02 10:27:53,PhishStats,ip,208.187.244.6,#phishing,https://x.com/PhishStats/status/2105968003712258547
2026-10-02 11:54:16,Fact_Finder03,ip,87.121.104.154,,https://x.com/Fact_Finder03/status/2105989740147437891
2026-10-02 11:54:31,webamon_search,sha256,b4c50a84aa052aaa602ff8ffd516ff38b3ffb91d7a6d672b7906a897a7ff6bcc,,https://x.com/webamon_search/status/2105989803715989712
2026-10-02 12:00:36,Fact_Finder03,ip,5.181.156.136,#C2,https://x.com/Fact_Finder03/status/2105991333806829910
2026-10-02 12:19:10,Fact_Finder03,ip,212.80.205.63,#C2,https://x.com/Fact_Finder03/status/2105996008685748361
2026-10-02 12:19:10,Fact_Finder03,ip,80.97.160.90,#C2,https://x.com/Fact_Finder03/status/2105996008685748361
2026-10-02 12:19:10,Fact_Finder03,ip,49.51.50.66,#C2,https://x.com/Fact_Finder03/status/2105996008685748361
2026-10-02 12:48:50,skocherhan,url,http://77.221.143.224,,https://x.com/skocherhan/status/2106003473783525555
2026-10-02 12:48:50,skocherhan,ip,77.221.143.224,,https://x.com/skocherhan/status/2106003473783525555
2026-10-02 13:51:37,teamcymru_S2,domain,1419993777.cyou,,https://x.com/teamcymru_S2/status/2106019274342986023
2026-10-02 13:51:37,teamcymru_S2,url,http://1419993777.cyou,,https://x.com/teamcymru_S2/status/2106019274342986023
2026-10-02 13:51:37,teamcymru_S2,domain,1606837286.cyou,,https://x.com/teamcymru_S2/status/2106019274342986023
2026-10-02 13:51:37,teamcymru_S2,url,http://1606837286.cyou,,https://x.com/teamcymru_S2/status/2106019274342986023
2026-10-02 13:51:37,teamcymru_S2,domain,1874912064.cyou,,https://x.com/teamcymru_S2/status/2106019274342986023
2026-10-02 13:51:37,teamcymru_S2,url,http://1874912064.cyou,,https://x.com/teamcymru_S2/status/2106019274342986023
2026-10-02 13:51:37,teamcymru_S2,domain,2071486361jhute45r.cyou,,https://x.com/teamcymru_S2/status/2106019274342986023
2026-10-02 13:51:37,teamcymru_S2,url,http://2071486361jhute45r.cyou,,https://x.com/teamcymru_S2/status/2106019274342986023
2026-10-02 13:51:37,teamcymru_S2,domain,5043990463kjh.cyou,,https://x.com/teamcymru_S2/status/2106019274342986023
2026-10-02 13:51:37,teamcymru_S2,url,http://5043990463kjh.cyou,,https://x.com/teamcymru_S2/status/2106019274342986023
2026-10-02 13:51:37,teamcymru_S2,domain,5044298614.cyou,,https://x.com/teamcymru_S2/status/2106019274342986023
2026-10-02 13:51:37,teamcymru_S2,url,http://5044298614.cyou,,https://x.com/teamcymru_S2/status/2106019274342986023
2026-10-02 13:51:37,teamcymru_S2,domain,5140390597.cyou,,https://x.com/teamcymru_S2/status/2106019274342986023
2026-10-02 13:51:37,teamcymru_S2,url,http://5140390597.cyou,,https://x.com/teamcymru_S2/status/2106019274342986023
2026-10-02 13:51:37,teamcymru_S2,domain,5247145664.cyou,,https://x.com/teamcymru_S2/status/2106019274342986023
2026-10-02 13:51:37,teamcymru_S2,url,http://5247145664.cyou,,https://x.com/teamcymru_S2/status/2106019274342986023
2026-10-02 13:51:37,teamcymru_S2,domain,2008377162.cfd,,https://x.com/teamcymru_S2/status/2106019274342986023
2026-10-02 13:51:37,teamcymru_S2,url,http://2008377162.cfd,,https://x.com/teamcymru_S2/status/2106019274342986023
2026-10-02 13:51:37,teamcymru_S2,domain,460595718.cfd,,https://x.com/teamcymru_S2/status/2106019274342986023
2026-10-02 13:51:37,teamcymru_S2,url,http://460595718.cfd,,https://x.com/teamcymru_S2/status/2106019274342986023
2026-10-02 13:51:37,teamcymru_S2,domain,5889631857.cfd,,https://x.com/teamcymru_S2/status/2106019274342986023
2026-10-02 13:51:37,teamcymru_S2,url,http://5889631857.cfd,,https://x.com/teamcymru_S2/status/2106019274342986023
2026-10-02 13:51:37,teamcymru_S2,domain,1035362455.sbs,,https://x.com/teamcymru_S2/status/2106019274342986023
2026-10-02 13:51:37,teamcymru_S2,url,http://1035362455.sbs,,https://x.com/teamcymru_S2/status/2106019274342986023
2026-10-02 13:51:37,teamcymru_S2,domain,5767896359.sbs,,https://x.com/teamcymru_S2/status/2106019274342986023
2026-10-02 13:51:37,teamcymru_S2,url,http://5767896359.sbs,,https://x.com/teamcymru_S2/status/2106019274342986023
2026-10-02 13:51:37,teamcymru_S2,domain,adaptableinfrastructure.de,,https://x.com/teamcymru_S2/status/2106019274342986023
2026-10-02 13:51:37,teamcymru_S2,url,http://adaptableinfrastructure.de,,https://x.com/teamcymru_S2/status/2106019274342986023
2026-10-02 13:51:37,teamcymru_S2,domain,architectureinnovationhub.de,,https://x.com/teamcymru_S2/status/2106019274342986023
2026-10-02 13:51:37,teamcymru_S2,url,http://architectureinnovationhub.de,,https://x.com/teamcymru_S2/status/2106019274342986023
2026-10-02 13:51:37,teamcymru_S2,domain,boostingcustomerjoy.de,,https://x.com/teamcymru_S2/status/2106019274342986023
2026-10-02 13:51:37,teamcymru_S2,url,http://boostingcustomerjoy.de,,https://x.com/teamcymru_S2/status/2106019274342986023
2026-10-02 13:51:37,teamcymru_S2,domain,brandstrengththroughconsistency.de,,https://x.com/teamcymru_S2/status/2106019274342986023
2026-10-02 13:51:37,teamcymru_S2,url,http://brandstrengththroughconsistency.de,,https://x.com/teamcymru_S2/status/2106019274342986023
2026-10-02 13:51:37,teamcymru_S2,domain,brewingwithoutagenda.de,,https://x.com/teamcymru_S2/status/2106019274342986023
2026-10-02 13:51:37,teamcymru_S2,url,http://brewingwithoutagenda.de,,https://x.com/teamcymru_S2/status/2106019274342986023
2026-10-02 13:51:37,teamcymru_S2,domain,buildforgrowth.de,,https://x.com/teamcymru_S2/status/2106019274342986023
2026-10-02 13:51:37,teamcymru_S2,url,http://buildforgrowth.de,,https://x.com/teamcymru_S2/status/2106019274342986023
2026-10-02 13:51:37,teamcymru_S2,domain,chartwells-consulting.com,,https://x.com/teamcymru_S2/status/2106019274342986023
2026-10-02 13:51:37,teamcymru_S2,url,http://chartwells-consulting.com,,https://x.com/teamcymru_S2/status/2106019274342986023
2026-10-02 14:30:33,fr0s7_,url,http://107.175.82.242:9000/wilow/,,https://x.com/fr0s7_/status/2106029073407377799
2026-10-02 14:40:44,byrne_emmy12099,url,http://31.59.138.144/aes.js,#APT,https://x.com/byrne_emmy12099/status/2106031636030902298
2026-10-02 14:40:44,byrne_emmy12099,ip,31.59.138.144,#APT,https://x.com/byrne_emmy12099/status/2106031636030902298
2026-10-02 14:59:25,Coolcarlos17,domain,ricoldimateriaisparaconstrucoes.com,#phishing #scam,https://x.com/Coolcarlos17/status/2106036337589522626
2026-10-02 14:59:25,Coolcarlos17,url,https://www.ricoldimateriaisparaconstrucoes.com,#phishing #scam,https://x.com/Coolcarlos17/status/2106036337589522626
2026-10-02 14:59:25,Coolcarlos17,domain,jomaconstrucao.com,#phishing #scam,https://x.com/Coolcarlos17/status/2106036337589522626
2026-10-02 14:59:25,Coolcarlos17,url,http://jomaconstrucao.com,#phishing #scam,https://x.com/Coolcarlos17/status/2106036337589522626
2026-10-02 15:38:18,teamcymru_S2,ip,38.11.173.1,,https://x.com/teamcymru_S2/status/2106046121827037599
2026-10-02 15:38:18,teamcymru_S2,ip,38.11.173.5,,https://x.com/teamcymru_S2/status/2106046121827037599
2026-10-02 15:38:18,teamcymru_S2,ip,38.11.173.10,,https://x.com/teamcymru_S2/status/2106046121827037599
2026-10-02 15:38:18,teamcymru_S2,ip,38.11.173.14,,https://x.com/teamcymru_S2/status/2106046121827037599
2026-10-02 15:38:18,teamcymru_S2,ip,38.11.173.19,,https://x.com/teamcymru_S2/status/2106046121827037599
2026-10-02 15:38:18,teamcymru_S2,ip,38.11.173.23,,https://x.com/teamcymru_S2/status/2106046121827037599
2026-10-02 15:38:18,teamcymru_S2,ip,38.11.173.28,,https://x.com/teamcymru_S2/status/2106046121827037599
2026-10-02 15:38:18,teamcymru_S2,ip,38.11.173.32,,https://x.com/teamcymru_S2/status/2106046121827037599
2026-10-02 15:38:18,teamcymru_S2,ip,38.11.173.37,,https://x.com/teamcymru_S2/status/2106046121827037599
2026-10-02 15:38:18,teamcymru_S2,ip,38.11.173.41,,https://x.com/teamcymru_S2/status/2106046121827037599
2026-10-02 15:38:18,teamcymru_S2,ip,38.11.173.46,,https://x.com/teamcymru_S2/status/2106046121827037599
2026-10-02 15:38:18,teamcymru_S2,ip,38.11.173.50,,https://x.com/teamcymru_S2/status/2106046121827037599
2026-10-02 15:38:18,teamcymru_S2,ip,38.11.173.59,,https://x.com/teamcymru_S2/status/2106046121827037599
2026-10-02 15:38:18,teamcymru_S2,ip,38.11.173.68,,https://x.com/teamcymru_S2/status/2106046121827037599
2026-10-02 15:38:18,teamcymru_S2,ip,38.11.173.77,,https://x.com/teamcymru_S2/status/2106046121827037599
2026-10-02 15:38:18,teamcymru_S2,ip,38.11.173.86,,https://x.com/teamcymru_S2/status/2106046121827037599
2026-10-02 15:38:18,teamcymru_S2,ip,38.11.173.95,,https://x.com/teamcymru_S2/status/2106046121827037599
2026-10-02 15:38:18,teamcymru_S2,ip,38.11.173.104,,https://x.com/teamcymru_S2/status/2106046121827037599
2026-10-02 15:38:18,teamcymru_S2,ip,38.11.173.108,,https://x.com/teamcymru_S2/status/2106046121827037599
2026-10-02 15:38:18,teamcymru_S2,ip,38.11.173.113,,https://x.com/teamcymru_S2/status/2106046121827037599
2026-10-02 15:38:18,teamcymru_S2,ip,38.11.173.117,,https://x.com/teamcymru_S2/status/2106046121827037599
2026-10-02 15:38:18,teamcymru_S2,ip,38.11.173.122,,https://x.com/teamcymru_S2/status/2106046121827037599
2026-10-02 15:38:18,teamcymru_S2,ip,38.11.221.9,,https://x.com/teamcymru_S2/status/2106046121827037599
2026-10-02 15:38:18,teamcymru_S2,ip,38.11.221.18,,https://x.com/teamcymru_S2/status/2106046121827037599
2026-10-02 15:38:18,teamcymru_S2,ip,38.11.221.27,,https://x.com/teamcymru_S2/status/2106046121827037599
2026-10-02 15:38:18,teamcymru_S2,ip,38.11.221.36,,https://x.com/teamcymru_S2/status/2106046121827037599
2026-10-02 15:38:18,teamcymru_S2,ip,38.11.221.45,,https://x.com/teamcymru_S2/status/2106046121827037599
2026-10-02 15:38:18,teamcymru_S2,ip,38.11.221.49,,https://x.com/teamcymru_S2/status/2106046121827037599
2026-10-02 15:38:18,teamcymru_S2,ip,38.11.221.54,,https://x.com/teamcymru_S2/status/2106046121827037599
2026-10-02 15:38:18,teamcymru_S2,ip,38.11.221.58,,https://x.com/teamcymru_S2/status/2106046121827037599
2026-10-02 15:38:18,teamcymru_S2,ip,38.11.221.63,,https://x.com/teamcymru_S2/status/2106046121827037599
2026-10-02 15:38:18,teamcymru_S2,ip,38.11.221.72,,https://x.com/teamcymru_S2/status/2106046121827037599
2026-10-02 15:38:18,teamcymru_S2,ip,38.11.221.76,,https://x.com/teamcymru_S2/status/2106046121827037599
2026-10-02 15:38:18,teamcymru_S2,ip,38.11.221.81,,https://x.com/teamcymru_S2/status/2106046121827037599
2026-10-02 15:38:18,teamcymru_S2,ip,38.11.221.85,,https://x.com/teamcymru_S2/status/2106046121827037599
2026-10-02 15:38:18,teamcymru_S2,ip,38.11.221.90,,https://x.com/teamcymru_S2/status/2106046121827037599
2026-10-02 15:38:18,teamcymru_S2,ip,38.11.221.94,,https://x.com/teamcymru_S2/status/2106046121827037599
2026-10-02 15:38:18,teamcymru_S2,ip,38.11.221.103,,https://x.com/teamcymru_S2/status/2106046121827037599
2026-10-02 15:38:18,teamcymru_S2,ip,38.11.221.112,,https://x.com/teamcymru_S2/status/2106046121827037599
2026-10-02 15:38:18,teamcymru_S2,ip,38.11.221.121,,https://x.com/teamcymru_S2/status/2106046121827037599
2026-10-02 15:38:18,teamcymru_S2,ip,198.46.198.206,,https://x.com/teamcymru_S2/status/2106046121827037599
2026-10-02 15:38:18,teamcymru_S2,ip,173.254.220.78,,https://x.com/teamcymru_S2/status/2106046121827037599
2026-10-02 15:38:18,teamcymru_S2,ip,47.253.69.182,,https://x.com/teamcymru_S2/status/2106046121827037599
2026-10-02 15:38:18,teamcymru_S2,ip,47.82.118.105,,https://x.com/teamcymru_S2/status/2106046121827037599
2026-10-02 15:38:18,teamcymru_S2,ip,103.117.121.13,,https://x.com/teamcymru_S2/status/2106046121827037599
2026-10-02 15:38:18,teamcymru_S2,ip,198.200.59.86,,https://x.com/teamcymru_S2/status/2106046121827037599
2026-10-02 15:38:18,teamcymru_S2,ip,14.103.211.223,,https://x.com/teamcymru_S2/status/2106046121827037599
2026-10-02 15:38:18,teamcymru_S2,ip,103.116.247.42,,https://x.com/teamcymru_S2/status/2106046121827037599
2026-10-02 15:38:18,teamcymru_S2,ip,81.71.120.246,,https://x.com/teamcymru_S2/status/2106046121827037599
2026-10-02 15:38:18,teamcymru_S2,ip,154.12.94.223,,https://x.com/teamcymru_S2/status/2106046121827037599
2026-10-02 15:38:18,teamcymru_S2,ip,149.104.24.91,,https://x.com/teamcymru_S2/status/2106046121827037599
2026-10-02 17:17:43,malwrhunterteam,url,http://213.209.159.55:443/t/906b4f,,https://x.com/malwrhunterteam/status/2106071140896481663
2026-10-02 17:17:43,malwrhunterteam,ip,213.209.159.55,,https://x.com/malwrhunterteam/status/2106071140896481663
2026-10-02 17:55:25,TKemmerling,domain,fusionshoppingworks.info,#phishing,https://x.com/TKemmerling/status/2106080627091251408
2026-10-02 17:55:25,TKemmerling,url,http://fusionshoppingworks.info,#phishing,https://x.com/TKemmerling/status/2106080627091251408
2026-10-02 17:55:25,TKemmerling,domain,equitygrandview.com,#phishing,https://x.com/TKemmerling/status/2106080627091251408
2026-10-02 17:55:25,TKemmerling,url,http://equitygrandview.com,#phishing,https://x.com/TKemmerling/status/2106080627091251408
2026-10-02 18:54:30,TKemmerling,domain,jfkjetblue.com,#phishing,https://x.com/TKemmerling/status/2106095497970954724
2026-10-02 18:54:30,TKemmerling,url,http://jfkjetblue.com,#phishing,https://x.com/TKemmerling/status/2106095497970954724
2026-10-02 18:54:30,TKemmerling,domain,barnstormfarmfermentory.info,#phishing,https://x.com/TKemmerling/status/2106095497970954724
2026-10-02 18:54:30,TKemmerling,url,http://barnstormfarmfermentory.info,#phishing,https://x.com/TKemmerling/status/2106095497970954724
2026-10-02 19:53:30,TKemmerling,domain,homeadvicezone.com,#phishing,https://x.com/TKemmerling/status/2106110345400160486
2026-10-02 19:53:30,TKemmerling,url,http://homeadvicezone.com,#phishing,https://x.com/TKemmerling/status/2106110345400160486
2026-10-02 19:53:30,TKemmerling,domain,ultradealsbuy.com,#phishing,https://x.com/TKemmerling/status/2106110345400160486
2026-10-02 19:53:30,TKemmerling,url,http://ultradealsbuy.com,#phishing,https://x.com/TKemmerling/status/2106110345400160486
2026-10-02 20:55:10,L0Psec,sha256,7392bccd63277bc5dec54f97384bb956a1c138bde6d519bc87ff104c86a3dda7,,https://x.com/L0Psec/status/2106125865696309574
2026-10-02 20:55:36,TKemmerling,domain,healthy.smarthealthhabit.com,#phishing,https://x.com/TKemmerling/status/2106125971430777092
2026-10-02 20:55:36,TKemmerling,url,http://healthy.smarthealthhabit.com,#phishing,https://x.com/TKemmerling/status/2106125971430777092
2026-10-02 20:55:36,TKemmerling,domain,dealcartdirect.com,#phishing,https://x.com/TKemmerling/status/2106125971430777092
2026-10-02 20:55:36,TKemmerling,url,http://dealcartdirect.com,#phishing,https://x.com/TKemmerling/status/2106125971430777092
2026-10-02 21:31:20,smica83,domain,kanuis2.duckdns.org,,https://x.com/smica83/status/2106134963691110599
2026-10-02 21:31:20,smica83,url,http://kanuis2.duckdns.org,,https://x.com/smica83/status/2106134963691110599
2026-10-02 21:48:24,smica83,domain,tttkkkssww.com,,https://x.com/smica83/status/2106139261699338639
2026-10-02 21:48:24,smica83,url,http://tttkkkssww.com,,https://x.com/smica83/status/2106139261699338639
2026-10-02 21:53:40,TKemmerling,domain,library.alexanderscourby.com,#phishing,https://x.com/TKemmerling/status/2106140584738263112
2026-10-02 21:53:40,TKemmerling,url,http://library.alexanderscourby.com,#phishing,https://x.com/TKemmerling/status/2106140584738263112
2026-10-02 21:53:40,TKemmerling,domain,cloudeltostwoin.s3.us-east-1.amazonaws.com,#phishing,https://x.com/TKemmerling/status/2106140584738263112
2026-10-02 21:53:40,TKemmerling,url,http://cloudeltostwoin.s3.us-east-1.amazonaws.com,#phishing,https://x.com/TKemmerling/status/2106140584738263112
2026-10-02 22:54:02,TKemmerling,domain,eye.theeyecenterofcolumbus.com,#phishing,https://x.com/TKemmerling/status/2106155777866276877
2026-10-02 22:54:02,TKemmerling,url,http://eye.theeyecenterofcolumbus.com,#phishing,https://x.com/TKemmerling/status/2106155777866276877
2026-10-02 22:54:02,TKemmerling,domain,mmmychar2.s3.us-east-1.amazonaws.com,#phishing,https://x.com/TKemmerling/status/2106155777866276877
2026-10-02 22:54:02,TKemmerling,url,http://mmmychar2.s3.us-east-1.amazonaws.com,#phishing,https://x.com/TKemmerling/status/2106155777866276877
2026-10-02 23:06:02,masaomi346,domain,ghostlightcoff-jp.com,#malware #phishing,https://x.com/masaomi346/status/2106158796326515043
2026-10-02 23:06:02,masaomi346,url,https://ghostlightcoff-jp.com,#malware #phishing,https://x.com/masaomi346/status/2106158796326515043
2026-10-02 23:06:02,masaomi346,domain,processassocia-jp.com,#malware #phishing,https://x.com/masaomi346/status/2106158796326515043
2026-10-02 23:06:02,masaomi346,url,https://processassocia-jp.com,#malware #phishing,https://x.com/masaomi346/status/2106158796326515043
2026-10-02 23:06:02,masaomi346,domain,narragansett-jp.com,#malware #phishing,https://x.com/masaomi346/status/2106158796326515043
2026-10-02 23:06:02,masaomi346,url,https://narragansett-jp.com,#malware #phishing,https://x.com/masaomi346/status/2106158796326515043
2026-10-02 23:06:02,masaomi346,domain,mediumdifficult-jp.com,#malware #phishing,https://x.com/masaomi346/status/2106158796326515043
2026-10-02 23:06:02,masaomi346,url,https://mediumdifficult-jp.com,#malware #phishing,https://x.com/masaomi346/status/2106158796326515043
2026-10-02 23:06:02,masaomi346,domain,clearalternat-jp.com,#malware #phishing,https://x.com/masaomi346/status/2106158796326515043
2026-10-02 23:06:02,masaomi346,url,https://clearalternat-jp.com,#malware #phishing,https://x.com/masaomi346/status/2106158796326515043
2026-10-02 23:06:02,masaomi346,domain,izakayafujiy-jp.com,#malware #phishing,https://x.com/masaomi346/status/2106158796326515043
2026-10-02 23:06:02,masaomi346,url,https://izakayafujiy-jp.com,#malware #phishing,https://x.com/masaomi346/status/2106158796326515043
2026-10-02 23:06:02,masaomi346,sha256,1ac8f4d8af26e08e2d646cb6e77b50d5a73921f9adf768f486684c70b99049d0,#malware #phishing,https://x.com/masaomi346/status/2106158796326515043
2026-10-02 23:54:35,TKemmerling,domain,healthorazone.com,#phishing,https://x.com/TKemmerling/status/2106171017370705986
2026-10-02 23:54:35,TKemmerling,url,http://healthorazone.com,#phishing,https://x.com/TKemmerling/status/2106171017370705986
2026-10-02 23:54:35,TKemmerling,domain,newfinancetips.io,#phishing,https://x.com/TKemmerling/status/2106171017370705986
2026-10-02 23:54:35,TKemmerling,url,http://newfinancetips.io,#phishing,https://x.com/TKemmerling/status/2106171017370705986
2026-10-03 00:43:08,PhishStats,domain,ww17.cic-sfr-credit-mutuel-espace-client.direct-ing-online.site,#phishing,https://x.com/PhishStats/status/2106183232610091488
2026-10-03 00:43:08,PhishStats,url,https://ww17.cic-sfr-credit-mutuel-espace-client.direct-ing-online.site,#phishing,https://x.com/PhishStats/status/2106183232610091488
2026-10-03 00:43:08,PhishStats,ip,199.191.50.190,#phishing,https://x.com/PhishStats/status/2106183232610091488
2026-10-03 00:54:14,TKemmerling,domain,littledogdesigngoods.com,#phishing,https://x.com/TKemmerling/status/2106186027211911261
2026-10-03 00:54:14,TKemmerling,url,http://littledogdesigngoods.com,#phishing,https://x.com/TKemmerling/status/2106186027211911261
2026-10-03 00:54:14,TKemmerling,domain,costcodeltosin.s3.us-east-1.amazonaws.com,#phishing,https://x.com/TKemmerling/status/2106186027211911261
2026-10-03 00:54:14,TKemmerling,url,http://costcodeltosin.s3.us-east-1.amazonaws.com,#phishing,https://x.com/TKemmerling/status/2106186027211911261
2026-10-03 01:03:45,scanmalware,domain,agas6-szl-rh1a-y71b1-17-09-2026-aa.pages.dev,#phishing,https://x.com/scanmalware/status/2106188420917686612
2026-10-03 01:03:45,scanmalware,url,http://agas6-szl-rh1a-y71b1-17-09-2026-aa.pages.dev,#phishing,https://x.com/scanmalware/status/2106188420917686612
2026-10-03 01:12:01,masaomi346,domain,aosasw.com,#phishing,https://x.com/masaomi346/status/2106190503675085052
2026-10-03 01:12:01,masaomi346,url,https://www.aosasw.com/UP/Webmasters/MyAccounts/iss/,#phishing,https://x.com/masaomi346/status/2106190503675085052
2026-10-03 01:39:45,MsftSecIntel,domain,cocojambo.us.com,,https://x.com/MsftSecIntel/status/2106197481960706155
2026-10-03 01:39:45,MsftSecIntel,url,http://cocojambo.us.com/alfa,,https://x.com/MsftSecIntel/status/2106197481960706155
2026-10-03 01:39:45,MsftSecIntel,domain,capsysnet.vg,,https://x.com/MsftSecIntel/status/2106197481960706155
2026-10-03 01:39:45,MsftSecIntel,url,http://capsysnet.vg,,https://x.com/MsftSecIntel/status/2106197481960706155
2026-10-03 01:39:45,MsftSecIntel,domain,ciliabula.cc,,https://x.com/MsftSecIntel/status/2106197481960706155
2026-10-03 01:39:45,MsftSecIntel,url,http://ciliabula.cc,,https://x.com/MsftSecIntel/status/2106197481960706155
2026-10-03 01:53:17,TKemmerling,domain,collateralvalueassessment.info,#phishing,https://x.com/TKemmerling/status/2106200887240859805
2026-10-03 01:53:17,TKemmerling,url,http://collateralvalueassessment.info,#phishing,https://x.com/TKemmerling/status/2106200887240859805
2026-10-03 01:53:17,TKemmerling,domain,harborstonegroup.shop,#phishing,https://x.com/TKemmerling/status/2106200887240859805
2026-10-03 01:53:17,TKemmerling,url,http://harborstonegroup.shop,#phishing,https://x.com/TKemmerling/status/2106200887240859805
2026-10-03 02:55:24,TKemmerling,domain,trustedhomeimprove.com,#phishing,https://x.com/TKemmerling/status/2106216520250790217
2026-10-03 02:55:24,TKemmerling,url,http://trustedhomeimprove.com,#phishing,https://x.com/TKemmerling/status/2106216520250790217
2026-10-03 03:54:47,TKemmerling,domain,bestdiscountzone.com,#phishing,https://x.com/TKemmerling/status/2106231465059217644
2026-10-03 03:54:47,TKemmerling,url,http://bestdiscountzone.com,#phishing,https://x.com/TKemmerling/status/2106231465059217644
2026-10-03 03:54:47,TKemmerling,domain,grabthedeals.net,#phishing,https://x.com/TKemmerling/status/2106231465059217644
2026-10-03 03:54:47,TKemmerling,url,http://grabthedeals.net,#phishing,https://x.com/TKemmerling/status/2106231465059217644
2026-10-03 04:54:07,TKemmerling,domain,lifewithmyfriend.com,#phishing,https://x.com/TKemmerling/status/2106246397318287518
2026-10-03 04:54:07,TKemmerling,url,http://lifewithmyfriend.com,#phishing,https://x.com/TKemmerling/status/2106246397318287518
2026-10-03 04:54:07,TKemmerling,domain,greenerpasturetrading.info,#phishing,https://x.com/TKemmerling/status/2106246397318287518
2026-10-03 04:54:07,TKemmerling,url,http://greenerpasturetrading.info,#phishing,https://x.com/TKemmerling/status/2106246397318287518
2026-10-03 05:54:19,TKemmerling,domain,news.healthnutrihubs.com,#phishing,https://x.com/TKemmerling/status/2106261545911230666
2026-10-03 05:54:19,TKemmerling,url,http://news.healthnutrihubs.com,#phishing,https://x.com/TKemmerling/status/2106261545911230666
2026-10-03 05:54:19,TKemmerling,domain,healthbalancegrow.net,#phishing,https://x.com/TKemmerling/status/2106261545911230666
2026-10-03 05:54:19,TKemmerling,url,http://healthbalancegrow.net,#phishing,https://x.com/TKemmerling/status/2106261545911230666
2026-10-03 07:01:15,phishunt_io,domain,facebook.hosweb.online,#phishing,https://x.com/phishunt_io/status/2106278390986641848
2026-10-03 07:01:15,phishunt_io,url,http://facebook.hosweb.online,#phishing,https://x.com/phishunt_io/status/2106278390986641848
2026-10-03 07:01:15,phishunt_io,ip,3.107.75.193,#phishing,https://x.com/phishunt_io/status/2106278390986641848
2026-10-03 10:33:42,malwrhunterteam,domain,linksdocumentation001.blob.core.windows.net,,https://x.com/malwrhunterteam/status/2106331856040055264
2026-10-03 10:33:42,malwrhunterteam,url,https://linksdocumentation001.blob.core.windows.net/00111/Scan020825_0608202622001,,https://x.com/malwrhunterteam/status/2106331856040055264
2026-10-03 10:33:42,malwrhunterteam,domain,nettcasters.com,,https://x.com/malwrhunterteam/status/2106331856040055264
2026-10-03 10:33:42,malwrhunterteam,url,https://nettcasters.com/connect/,,https://x.com/malwrhunterteam/status/2106331856040055264
2026-10-03 10:47:58,malwrhunterteam,url,http://147.45.39.43:7771,,https://x.com/malwrhunterteam/status/2106335444946542920
2026-10-03 10:47:58,malwrhunterteam,ip,147.45.39.43,,https://x.com/malwrhunterteam/status/2106335444946542920
2026-10-03 11:10:59,scanmalware,domain,fullpowerproperties.uk,#malware,https://x.com/scanmalware/status/2106341235518534072
2026-10-03 11:10:59,scanmalware,url,http://fullpowerproperties.uk,#malware,https://x.com/scanmalware/status/2106341235518534072
2026-10-03 12:14:38,PhishStats,ip,155.138.162.205,#phishing,https://x.com/PhishStats/status/2106357254077534225
2026-10-03 13:27:35,petrovic082,url,https://github.com/idm643-script/IDM-6.43-Free,#malware,https://x.com/petrovic082/status/2106375612718039407
2026-10-03 13:29:09,smica83,domain,tradingengineers.in,,https://x.com/smica83/status/2106376009654145461
2026-10-03 13:29:09,smica83,url,https://tradingengineers.in/Indgravendes.csv,,https://x.com/smica83/status/2106376009654145461
2026-10-03 13:42:40,momomopas,url,http://5.188.230.120,#opendir,https://x.com/momomopas/status/2106379407455928827
2026-10-03 13:42:40,momomopas,url,http://5.188.230.121,#opendir,https://x.com/momomopas/status/2106379407455928827
2026-10-03 13:42:40,momomopas,url,http://5.188.230.123,#opendir,https://x.com/momomopas/status/2106379407455928827
2026-10-03 13:42:40,momomopas,url,http://5.188.230.130,#opendir,https://x.com/momomopas/status/2106379407455928827
2026-10-03 13:42:40,momomopas,url,http://5.188.230.139,#opendir,https://x.com/momomopas/status/2106379407455928827
2026-10-03 13:42:40,momomopas,url,http://5.188.230.140,#opendir,https://x.com/momomopas/status/2106379407455928827
2026-10-03 13:42:40,momomopas,url,http://5.188.230.141,#opendir,https://x.com/momomopas/status/2106379407455928827
2026-10-03 13:42:40,momomopas,url,http://5.188.230.16,#opendir,https://x.com/momomopas/status/2106379407455928827
2026-10-03 13:42:40,momomopas,url,http://5.188.230.52,#opendir,https://x.com/momomopas/status/2106379407455928827
2026-10-03 13:42:40,momomopas,url,http://5.188.230.88,#opendir,https://x.com/momomopas/status/2106379407455928827
2026-10-03 13:42:40,momomopas,ip,5.188.230.120,#opendir,https://x.com/momomopas/status/2106379407455928827
2026-10-03 13:42:40,momomopas,ip,5.188.230.121,#opendir,https://x.com/momomopas/status/2106379407455928827
2026-10-03 13:42:40,momomopas,ip,5.188.230.123,#opendir,https://x.com/momomopas/status/2106379407455928827
2026-10-03 13:42:40,momomopas,ip,5.188.230.130,#opendir,https://x.com/momomopas/status/2106379407455928827
2026-10-03 13:42:40,momomopas,ip,5.188.230.139,#opendir,https://x.com/momomopas/status/2106379407455928827
2026-10-03 13:42:40,momomopas,ip,5.188.230.140,#opendir,https://x.com/momomopas/status/2106379407455928827
2026-10-03 13:42:40,momomopas,ip,5.188.230.141,#opendir,https://x.com/momomopas/status/2106379407455928827
2026-10-03 13:42:40,momomopas,ip,5.188.230.16,#opendir,https://x.com/momomopas/status/2106379407455928827
2026-10-03 13:42:40,momomopas,ip,5.188.230.52,#opendir,https://x.com/momomopas/status/2106379407455928827
2026-10-03 13:42:40,momomopas,ip,5.188.230.88,#opendir,https://x.com/momomopas/status/2106379407455928827
2026-10-03 15:10:12,scanmalware,domain,update-ssl.netlify.app,#phishing #ransomware,https://x.com/scanmalware/status/2106401436426764356
2026-10-03 15:10:12,scanmalware,url,http://update-ssl.netlify.app,#phishing #ransomware,https://x.com/scanmalware/status/2106401436426764356
2026-10-03 18:32:57,malwrhunterteam,domain,suckmydick.implantsity.pro,,https://x.com/malwrhunterteam/status/2106452459996708873
2026-10-03 18:32:57,malwrhunterteam,url,http://suckmydick.implantsity.pro,,https://x.com/malwrhunterteam/status/2106452459996708873
2026-10-03 18:47:56,malwrhunterteam,url,https://github.com/dotnet-runtime-libs/vcredist-packages/releases,,https://x.com/malwrhunterteam/status/2106456234207375699
2026-10-03 19:25:49,malwrhunterteam,domain,nationaladvertagency.space,,https://x.com/malwrhunterteam/status/2106465765792649719
2026-10-03 19:25:49,malwrhunterteam,url,http://nationaladvertagency.space:8080/share/,,https://x.com/malwrhunterteam/status/2106465765792649719
2026-10-03 19:53:15,malwrhunterteam,url,http://194.113.194.39:10311/portal/login,,https://x.com/malwrhunterteam/status/2106472668824219693
2026-10-03 19:53:15,malwrhunterteam,ip,194.113.194.39,,https://x.com/malwrhunterteam/status/2106472668824219693
2026-10-03 20:11:52,smica83,url,http://188.40.225.137,,https://x.com/smica83/status/2106477353056587841
2026-10-03 20:11:52,smica83,ip,188.40.225.137,,https://x.com/smica83/status/2106477353056587841
2026-10-03 20:11:52,smica83,sha256,8712159d2a29a5744a75c280952194af128b1136e061e2021f184515cb3625b4,,https://x.com/smica83/status/2106477353056587841
2026-10-03 20:15:40,smica83,domain,champions-authorization-operates-ongoing.trycloudflare.com,,https://x.com/smica83/status/2106478312075964532
2026-10-03 20:15:40,smica83,url,http://champions-authorization-operates-ongoing.trycloudflare.com,,https://x.com/smica83/status/2106478312075964532
2026-10-03 20:15:40,smica83,sha256,ff1a30cebc507977f916aa47cd3cfbcb134867361737f0f79f56349475af8c1a,,https://x.com/smica83/status/2106478312075964532
2026-10-03 20:18:21,smica83,sha256,a93d937f22335318e23a564ae42a16d8f6d0fa64305846980af77ef8965463bc,,https://x.com/smica83/status/2106478985328865531
2026-10-03 20:22:10,smica83,sha256,382d3d26bf4988a9a28cf67cc69cec4fd474e38b31179ae5ffc3d4b388667782,,https://x.com/smica83/status/2106479948550819984
2026-10-03 21:30:28,TKemmerling,domain,servers.ihostall.com,#phishing,https://x.com/TKemmerling/status/2106497137005744603
2026-10-03 21:30:28,TKemmerling,url,http://servers.ihostall.com,#phishing,https://x.com/TKemmerling/status/2106497137005744603
2026-10-03 22:37:23,TKemmerling,domain,lepiceriemarket.com,#phishing,https://x.com/TKemmerling/status/2106513976452694514
2026-10-03 22:37:23,TKemmerling,url,http://lepiceriemarket.com,#phishing,https://x.com/TKemmerling/status/2106513976452694514
2026-10-03 22:37:23,TKemmerling,domain,ktcinvesting.com,#phishing,https://x.com/TKemmerling/status/2106513976452694514
2026-10-03 22:37:23,TKemmerling,url,http://ktcinvesting.com,#phishing,https://x.com/TKemmerling/status/2106513976452694514
2026-10-03 23:15:14,masaomi346,domain,southportlane-jp.com,#malware #phishing,https://x.com/masaomi346/status/2106523500064481449
2026-10-03 23:15:14,masaomi346,url,https://southportlane-jp.com,#malware #phishing,https://x.com/masaomi346/status/2106523500064481449
2026-10-03 23:15:14,masaomi346,domain,zhangyexinx-jp.com,#malware #phishing,https://x.com/masaomi346/status/2106523500064481449
2026-10-03 23:15:14,masaomi346,url,https://zhangyexinx-jp.com,#malware #phishing,https://x.com/masaomi346/status/2106523500064481449
2026-10-03 23:15:14,masaomi346,domain,pemfinsideo-jp.com,#malware #phishing,https://x.com/masaomi346/status/2106523500064481449
2026-10-03 23:15:14,masaomi346,url,https://pemfinsideo-jp.com,#malware #phishing,https://x.com/masaomi346/status/2106523500064481449
2026-10-03 23:15:14,masaomi346,domain,turismodem-jp.com,#malware #phishing,https://x.com/masaomi346/status/2106523500064481449
2026-10-03 23:15:14,masaomi346,url,https://turismodem-jp.com,#malware #phishing,https://x.com/masaomi346/status/2106523500064481449
2026-10-03 23:15:14,masaomi346,domain,shenzhenmk-jp.com,#malware #phishing,https://x.com/masaomi346/status/2106523500064481449
2026-10-03 23:15:14,masaomi346,url,https://shenzhenmk-jp.com,#malware #phishing,https://x.com/masaomi346/status/2106523500064481449
2026-10-03 23:15:14,masaomi346,domain,rivalcastmed-jp.com,#malware #phishing,https://x.com/masaomi346/status/2106523500064481449
2026-10-03 23:15:14,masaomi346,url,https://rivalcastmed-jp.com,#malware #phishing,https://x.com/masaomi346/status/2106523500064481449
2026-10-03 23:15:14,masaomi346,sha256,80656cdb810bf40686f6f6da9731addf210d93f8cc417d8b43a3794b57b61010,#malware #phishing,https://x.com/masaomi346/status/2106523500064481449
2026-10-03 23:41:41,TKemmerling,domain,creditashfield.info,#phishing,https://x.com/TKemmerling/status/2106530156462621107
2026-10-03 23:41:41,TKemmerling,url,http://creditashfield.info,#phishing,https://x.com/TKemmerling/status/2106530156462621107
2026-10-03 23:41:41,TKemmerling,domain,stylishhomegallery.com,#phishing,https://x.com/TKemmerling/status/2106530156462621107
2026-10-03 23:41:41,TKemmerling,url,http://stylishhomegallery.com,#phishing,https://x.com/TKemmerling/status/2106530156462621107
