2026-08-27 00:18:11,TKemmerling,domain,riverlagoons.com,#phishing,https://x.com/TKemmerling/status/2092768605498953779
2026-08-27 00:18:11,TKemmerling,url,http://riverlagoons.com,#phishing,https://x.com/TKemmerling/status/2092768605498953779
2026-08-27 00:20:45,TKemmerling,domain,castlamp.com,#phishing,https://x.com/TKemmerling/status/2092769247860789518
2026-08-27 00:20:45,TKemmerling,url,http://castlamp.com,#phishing,https://x.com/TKemmerling/status/2092769247860789518
2026-08-27 00:21:19,TKemmerling,domain,ezcapsforums.com,#phishing,https://x.com/TKemmerling/status/2092769392467841300
2026-08-27 00:21:19,TKemmerling,url,http://ezcapsforums.com,#phishing,https://x.com/TKemmerling/status/2092769392467841300
2026-08-27 00:21:19,TKemmerling,domain,anadolucuhuriyeti.info,#phishing,https://x.com/TKemmerling/status/2092769392467841300
2026-08-27 00:21:19,TKemmerling,url,http://anadolucuhuriyeti.info,#phishing,https://x.com/TKemmerling/status/2092769392467841300
2026-08-27 00:22:10,TKemmerling,domain,figurmanager.com,#phishing,https://x.com/TKemmerling/status/2092769604116549868
2026-08-27 00:22:10,TKemmerling,url,http://figurmanager.com,#phishing,https://x.com/TKemmerling/status/2092769604116549868
2026-08-27 00:22:10,TKemmerling,domain,financialmarkets.info,#phishing,https://x.com/TKemmerling/status/2092769604116549868
2026-08-27 00:22:10,TKemmerling,url,http://financialmarkets.info,#phishing,https://x.com/TKemmerling/status/2092769604116549868
2026-08-27 00:22:44,TKemmerling,domain,fashiondealsstore.info,#phishing,https://x.com/TKemmerling/status/2092769748761346106
2026-08-27 00:22:44,TKemmerling,url,http://fashiondealsstore.info,#phishing,https://x.com/TKemmerling/status/2092769748761346106
2026-08-27 00:22:44,TKemmerling,domain,tim-software.com,#phishing,https://x.com/TKemmerling/status/2092769748761346106
2026-08-27 00:22:44,TKemmerling,url,http://tim-software.com,#phishing,https://x.com/TKemmerling/status/2092769748761346106
2026-08-27 00:23:19,TKemmerling,domain,zebrataxis.com,#phishing,https://x.com/TKemmerling/status/2092769894815371621
2026-08-27 00:23:19,TKemmerling,url,http://zebrataxis.com,#phishing,https://x.com/TKemmerling/status/2092769894815371621
2026-08-27 00:23:19,TKemmerling,domain,itnessequipmentfor.info,#phishing,https://x.com/TKemmerling/status/2092769894815371621
2026-08-27 00:23:19,TKemmerling,url,http://itnessequipmentfor.info,#phishing,https://x.com/TKemmerling/status/2092769894815371621
2026-08-27 01:57:06,patialavii,domain,zone-data-95529d585562.rentalescpade.workers.dev,#phishing,https://x.com/patialavii/status/2092793495065170160
2026-08-27 01:57:06,patialavii,url,https://zone-data-95529d585562.rentalescpade.workers.dev,#phishing,https://x.com/patialavii/status/2092793495065170160
2026-08-27 04:30:03,scanmalware,domain,paypal3.vercel.app,#phishing,https://x.com/scanmalware/status/2092831987052503291
2026-08-27 04:30:03,scanmalware,url,http://paypal3.vercel.app,#phishing,https://x.com/scanmalware/status/2092831987052503291
2026-08-27 05:08:09,masaomi346,domain,rakuten-card.dksclz.com,#phishing,https://x.com/masaomi346/status/2092841574195761536
2026-08-27 05:08:09,masaomi346,url,https://rakuten-card.dksclz.com/oak8kv,#phishing,https://x.com/masaomi346/status/2092841574195761536
2026-08-27 06:28:10,Sloirem,domain,baouie2.club,#malware,https://x.com/Sloirem/status/2092861713196704173
2026-08-27 06:28:10,Sloirem,url,http://baouie2.club,#malware,https://x.com/Sloirem/status/2092861713196704173
2026-08-27 06:28:10,Sloirem,url,http://118.107.44.153,#malware,https://x.com/Sloirem/status/2092861713196704173
2026-08-27 06:28:10,Sloirem,ip,118.107.44.153,#malware,https://x.com/Sloirem/status/2092861713196704173
2026-08-27 06:28:10,Sloirem,sha256,1c53a0ee082f53f584297c44d9d1ee40e5b835cfc4543d409178aad704fd8ce5,#malware,https://x.com/Sloirem/status/2092861713196704173
2026-08-27 06:28:10,Sloirem,sha256,b2ee510d0b5012487dee143b459e4e2fcfb758960d3fe7ec4743552bc91be9e2,#malware,https://x.com/Sloirem/status/2092861713196704173
2026-08-27 07:00:54,phishunt_io,domain,reentrega-seur-envio.cloudaccess.host,#phishing,https://x.com/phishunt_io/status/2092869951803576649
2026-08-27 07:00:54,phishunt_io,url,http://reentrega-seur-envio.cloudaccess.host/seur2/msg.php,#phishing,https://x.com/phishunt_io/status/2092869951803576649
2026-08-27 07:00:54,phishunt_io,ip,199.116.78.57,#phishing,https://x.com/phishunt_io/status/2092869951803576649
2026-08-27 08:52:16,Metemcyber,domain,carlitostowing.com,#phishing,https://x.com/Metemcyber/status/2092897975504920946
2026-08-27 08:52:16,Metemcyber,url,https://carlitostowing.com/lkpuwcdda/,#phishing,https://x.com/Metemcyber/status/2092897975504920946
2026-08-27 08:52:16,Metemcyber,url,http://198.44.46.105,#phishing,https://x.com/Metemcyber/status/2092897975504920946
2026-08-27 08:52:16,Metemcyber,ip,198.44.46.105,#phishing,https://x.com/Metemcyber/status/2092897975504920946
2026-08-27 09:05:03,Metemcyber,domain,uukuz.wanjiangmei.com,#phishing,https://x.com/Metemcyber/status/2092901193148518816
2026-08-27 09:05:03,Metemcyber,url,https://uukuz.wanjiangmei.com,#phishing,https://x.com/Metemcyber/status/2092901193148518816
2026-08-27 09:05:03,Metemcyber,url,http://47.245.40.51,#phishing,https://x.com/Metemcyber/status/2092901193148518816
2026-08-27 09:05:03,Metemcyber,ip,47.245.40.51,#phishing,https://x.com/Metemcyber/status/2092901193148518816
2026-08-27 09:11:17,masaomi346,domain,prizebond.net.pk,#phishing,https://x.com/masaomi346/status/2092902760547315820
2026-08-27 09:11:17,masaomi346,url,https://prizebond.net.pk/realansBiglobe/,#phishing,https://x.com/masaomi346/status/2092902760547315820
2026-08-27 12:01:14,phishunt_io,domain,icloud-i-cl.com,#phishing,https://x.com/phishunt_io/status/2092945532503179671
2026-08-27 12:01:14,phishunt_io,url,http://icloud-i-cl.com,#phishing,https://x.com/phishunt_io/status/2092945532503179671
2026-08-27 13:11:17,scanmalware,domain,potwierdzenie-bezpieczenstwa.vercel.app,#malware,https://x.com/scanmalware/status/2092963159745126554
2026-08-27 13:11:17,scanmalware,url,http://www.potwierdzenie-bezpieczenstwa.vercel.app,#malware,https://x.com/scanmalware/status/2092963159745126554
2026-08-27 15:07:36,chwrld24,domain,cartoonblastfun.cfd,#ClickFix,https://x.com/chwrld24/status/2092992434229924134
2026-08-27 15:07:36,chwrld24,url,https://cartoonblastfun.cfd/KE1A1wIxZsbQo1KIeD,#ClickFix,https://x.com/chwrld24/status/2092992434229924134
2026-08-27 15:07:36,chwrld24,url,http://cartoonblastfun.cfd,#ClickFix,https://x.com/chwrld24/status/2092992434229924134
2026-08-27 16:15:30,BlinkzSec,ip,192.159.99.164,#opendir,https://x.com/BlinkzSec/status/2093009520217805177
2026-08-27 16:15:30,BlinkzSec,sha256,20b717d37f5cbec14aae02f9e0d47f642e72288f26982c2e555fb942748dbc95,#opendir,https://x.com/BlinkzSec/status/2093009520217805177
2026-08-27 17:01:02,phishunt_io,domain,fedexcustom.delivery,#phishing,https://x.com/phishunt_io/status/2093020979458937201
2026-08-27 17:01:02,phishunt_io,url,http://fedexcustom.delivery,#phishing,https://x.com/phishunt_io/status/2093020979458937201
2026-08-27 17:01:02,phishunt_io,ip,63.176.8.218,#phishing,https://x.com/phishunt_io/status/2093020979458937201
2026-08-27 18:00:04,phatomcandle,domain,disclousre.cyou,#APT #malware,https://x.com/phatomcandle/status/2093035835629482214
2026-08-27 18:00:04,phatomcandle,url,http://disclousre.cyou,#APT #malware,https://x.com/phatomcandle/status/2093035835629482214
2026-08-28 00:03:36,masaomi346,domain,richscity.com,#phishing,https://x.com/masaomi346/status/2093127321259745710
2026-08-28 00:03:36,masaomi346,url,https://richscity.com/smtpjp/,#phishing,https://x.com/masaomi346/status/2093127321259745710
2026-08-28 03:47:46,masaomi346,domain,sferyds.ceeww.xyz,#malware #phishing,https://x.com/masaomi346/status/2093183734199751024
2026-08-28 03:47:46,masaomi346,sha256,e23174f2d3d3ed8746c161b983330726067315cb09206c260cd2f3a265e9c09d,#malware #phishing,https://x.com/masaomi346/status/2093183734199751024
2026-08-28 07:01:11,phishunt_io,domain,trezor-walletfn.webflow.io,#phishing,https://x.com/phishunt_io/status/2093232411588853838
2026-08-28 07:01:11,phishunt_io,url,http://trezor-walletfn.webflow.io,#phishing,https://x.com/phishunt_io/status/2093232411588853838
2026-08-28 09:24:21,masaomi346,domain,cli-stack.com,#infostealer #malvertising #malware,https://x.com/masaomi346/status/2093268438403919987
2026-08-28 09:24:21,masaomi346,url,https://cli-stack.com,#infostealer #malvertising #malware,https://x.com/masaomi346/status/2093268438403919987
2026-08-28 09:24:21,masaomi346,domain,stride25.com,#infostealer #malvertising #malware,https://x.com/masaomi346/status/2093268438403919987
2026-08-28 09:24:21,masaomi346,url,http://stride25.com,#infostealer #malvertising #malware,https://x.com/masaomi346/status/2093268438403919987
2026-08-28 11:19:01,skocherhan,md5,43349dd33578dd9dc7388894670e0d07,#MustangPanda,https://x.com/skocherhan/status/2093297295752126742
2026-08-28 12:01:15,phishunt_io,domain,login-yahoo-verify.blogspot.com,#phishing,https://x.com/phishunt_io/status/2093307922864390335
2026-08-28 12:01:15,phishunt_io,url,http://login-yahoo-verify.blogspot.com,#phishing,https://x.com/phishunt_io/status/2093307922864390335
2026-08-28 13:09:02,fbgwls245,domain,i7loab6thvz4lb7jdr3qoeumbvilwhbgnwsctnlfmvsv7g5s3vsiw6yd.onion,#ransomware,https://x.com/fbgwls245/status/2093324983737192462
2026-08-28 13:09:02,fbgwls245,url,http://i7loab6thvz4lb7jdr3qoeumbvilwhbgnwsctnlfmvsv7g5s3vsiw6yd.onion,#ransomware,https://x.com/fbgwls245/status/2093324983737192462
2026-08-28 14:43:53,James_inthe_box,sha256,70bf0a8c0ffe5d1aa51358aba0ae365a1fab15cc356a02c07a36de6427e3ca7f,#ClickFix #stealer,https://x.com/James_inthe_box/status/2093348852602716578
2026-08-28 17:00:55,phishunt_io,domain,support-ledgrcom-start-web.typedream.app,#phishing,https://x.com/phishunt_io/status/2093383338501304363
2026-08-28 17:00:55,phishunt_io,url,http://support-ledgrcom-start-web.typedream.app,#phishing,https://x.com/phishunt_io/status/2093383338501304363
2026-08-28 19:32:10,G60930953,domain,ncloudtechlab.online,#malware,https://x.com/G60930953/status/2093421400425975962
2026-08-28 19:32:10,G60930953,url,http://www.ncloudtechlab.online,#malware,https://x.com/G60930953/status/2093421400425975962
2026-08-29 01:10:40,scanmalware,domain,sardineext.vercel.app,#ransomware,https://x.com/scanmalware/status/2093506586006237200
2026-08-29 01:10:40,scanmalware,url,http://sardineext.vercel.app,#ransomware,https://x.com/scanmalware/status/2093506586006237200
2026-08-29 02:56:48,TKemmerling,domain,schoolgirstrikers.info,#phishing,https://x.com/TKemmerling/status/2093533296760332662
2026-08-29 02:56:48,TKemmerling,url,http://schoolgirstrikers.info,#phishing,https://x.com/TKemmerling/status/2093533296760332662
2026-08-29 02:56:54,TKemmerling,domain,anaridelight.com,#phishing,https://x.com/TKemmerling/status/2093533323624865815
2026-08-29 02:56:54,TKemmerling,url,http://anaridelight.com,#phishing,https://x.com/TKemmerling/status/2093533323624865815
2026-08-29 02:57:01,TKemmerling,domain,hbjbkf.com,#phishing,https://x.com/TKemmerling/status/2093533352112587262
2026-08-29 02:57:01,TKemmerling,url,http://hbjbkf.com,#phishing,https://x.com/TKemmerling/status/2093533352112587262
2026-08-29 02:57:08,TKemmerling,domain,premiumbuyersnetwork.info,#phishing,https://x.com/TKemmerling/status/2093533379195244819
2026-08-29 02:57:08,TKemmerling,url,http://premiumbuyersnetwork.info,#phishing,https://x.com/TKemmerling/status/2093533379195244819
2026-08-29 02:57:08,TKemmerling,domain,horizonpeak.shop,#phishing,https://x.com/TKemmerling/status/2093533379195244819
2026-08-29 02:57:08,TKemmerling,url,http://horizonpeak.shop,#phishing,https://x.com/TKemmerling/status/2093533379195244819
2026-08-29 02:57:14,TKemmerling,domain,figurmanager.com,#phishing,https://x.com/TKemmerling/status/2093533407561359704
2026-08-29 02:57:14,TKemmerling,url,http://figurmanager.com,#phishing,https://x.com/TKemmerling/status/2093533407561359704
2026-08-29 02:57:14,TKemmerling,domain,wheatnwhiskey.info,#phishing,https://x.com/TKemmerling/status/2093533407561359704
2026-08-29 02:57:14,TKemmerling,url,http://wheatnwhiskey.info,#phishing,https://x.com/TKemmerling/status/2093533407561359704
2026-08-29 02:57:42,TKemmerling,domain,emanuelecannata.com,#phishing,https://x.com/TKemmerling/status/2093533523286376628
2026-08-29 02:57:42,TKemmerling,url,http://emanuelecannata.com,#phishing,https://x.com/TKemmerling/status/2093533523286376628
2026-08-29 02:57:49,TKemmerling,domain,yancha123.com,#phishing,https://x.com/TKemmerling/status/2093533550775857212
2026-08-29 02:57:49,TKemmerling,url,http://yancha123.com,#phishing,https://x.com/TKemmerling/status/2093533550775857212
2026-08-29 02:57:56,TKemmerling,domain,itnessequipmentfor.info,#phishing,https://x.com/TKemmerling/status/2093533579670426096
2026-08-29 02:57:56,TKemmerling,url,http://itnessequipmentfor.info,#phishing,https://x.com/TKemmerling/status/2093533579670426096
2026-08-29 02:58:03,TKemmerling,domain,franckdelmarcelle.com,#phishing,https://x.com/TKemmerling/status/2093533612935377208
2026-08-29 02:58:03,TKemmerling,url,http://franckdelmarcelle.com,#phishing,https://x.com/TKemmerling/status/2093533612935377208
2026-08-29 02:58:11,TKemmerling,domain,incrrservices.com,#phishing,https://x.com/TKemmerling/status/2093533644631822768
2026-08-29 02:58:11,TKemmerling,url,http://incrrservices.com,#phishing,https://x.com/TKemmerling/status/2093533644631822768
2026-08-29 02:58:46,TKemmerling,domain,mattogacmassage.com,#phishing,https://x.com/TKemmerling/status/2093533790807470133
2026-08-29 02:58:46,TKemmerling,url,http://mattogacmassage.com,#phishing,https://x.com/TKemmerling/status/2093533790807470133
2026-08-29 02:58:46,TKemmerling,domain,anadolucuhuriyeti.info,#phishing,https://x.com/TKemmerling/status/2093533790807470133
2026-08-29 02:58:46,TKemmerling,url,http://anadolucuhuriyeti.info,#phishing,https://x.com/TKemmerling/status/2093533790807470133
2026-08-29 02:58:53,TKemmerling,domain,harbor-belong.com,#phishing,https://x.com/TKemmerling/status/2093533820649894034
2026-08-29 02:58:53,TKemmerling,url,http://harbor-belong.com,#phishing,https://x.com/TKemmerling/status/2093533820649894034
2026-08-29 03:02:38,TKemmerling,domain,elegantwindowdoor.com,#phishing,https://x.com/TKemmerling/status/2093534763726586313
2026-08-29 03:02:38,TKemmerling,url,http://elegantwindowdoor.com,#phishing,https://x.com/TKemmerling/status/2093534763726586313
2026-08-29 03:02:38,TKemmerling,domain,thebitcoincenter.info,#phishing,https://x.com/TKemmerling/status/2093534763726586313
2026-08-29 03:02:38,TKemmerling,url,http://thebitcoincenter.info,#phishing,https://x.com/TKemmerling/status/2093534763726586313
2026-08-29 03:02:45,TKemmerling,domain,ezcapsforums.com,#phishing,https://x.com/TKemmerling/status/2093534793472655841
2026-08-29 03:02:45,TKemmerling,url,http://ezcapsforums.com,#phishing,https://x.com/TKemmerling/status/2093534793472655841
2026-08-29 03:02:45,TKemmerling,domain,2wp.de,#phishing,https://x.com/TKemmerling/status/2093534793472655841
2026-08-29 03:02:45,TKemmerling,url,http://2wp.de,#phishing,https://x.com/TKemmerling/status/2093534793472655841
2026-08-29 03:02:45,TKemmerling,domain,ironrootsystems.nl,#phishing,https://x.com/TKemmerling/status/2093534793472655841
2026-08-29 03:02:45,TKemmerling,url,http://ironrootsystems.nl,#phishing,https://x.com/TKemmerling/status/2093534793472655841
2026-08-29 03:17:25,masaomi346,domain,renxintong.com,#phishing,https://x.com/masaomi346/status/2093538483247927672
2026-08-29 03:17:25,masaomi346,url,https://renxintong.com/login/smbc-card/index.html/entah/jsp,#phishing,https://x.com/masaomi346/status/2093538483247927672
2026-08-29 05:00:05,AddressIntel,domain,feedsafepro.com,#phishing,https://x.com/AddressIntel/status/2093564319921217804
2026-08-29 05:00:05,AddressIntel,url,https://feedsafepro.com/wp-content/themes/inps/auth/details,#phishing,https://x.com/AddressIntel/status/2093564319921217804
2026-08-29 06:24:20,BlinkzSec,sha256,a2d09f133854842a767f9ca946080d15b8fd75cdb15bef18f1b0f49917419c09,#ClickFix,https://x.com/BlinkzSec/status/2093585522656522306
2026-08-29 07:00:27,abodovic1,url,http://154.94.224.35:54321,#CobaltStrike,https://x.com/abodovic1/status/2093594610937258360
2026-08-29 07:00:27,abodovic1,ip,154.94.224.35,#CobaltStrike,https://x.com/abodovic1/status/2093594610937258360
2026-08-29 07:01:03,phishunt_io,domain,exodus-wallet.global.ssl.fastly.net,#phishing,https://x.com/phishunt_io/status/2093594763668734160
2026-08-29 07:01:03,phishunt_io,url,http://exodus-wallet.global.ssl.fastly.net/exodus.html,#phishing,https://x.com/phishunt_io/status/2093594763668734160
2026-08-29 07:10:17,abodovic1,url,http://49.51.230.17:8888,#CobaltStrike,https://x.com/abodovic1/status/2093597089171124550
2026-08-29 07:10:17,abodovic1,ip,49.51.230.17,#CobaltStrike,https://x.com/abodovic1/status/2093597089171124550
2026-08-29 08:59:24,masaomi346,domain,afterpartycandleco.com,#phishing,https://x.com/masaomi346/status/2093624547002265970
2026-08-29 08:59:24,masaomi346,url,https://afterpartycandleco.com/gbjynqku/,#phishing,https://x.com/masaomi346/status/2093624547002265970
2026-08-29 12:01:16,phishunt_io,domain,roblox-canjear.online,#phishing,https://x.com/phishunt_io/status/2093670314366419326
2026-08-29 12:01:16,phishunt_io,url,http://roblox-canjear.online/login.html,#phishing,https://x.com/phishunt_io/status/2093670314366419326
2026-08-29 12:01:16,phishunt_io,ip,200.58.111.123,#phishing,https://x.com/phishunt_io/status/2093670314366419326
2026-08-29 17:01:06,phishunt_io,domain,partnerships.adobecreatives.com,#phishing,https://x.com/phishunt_io/status/2093745771929571658
2026-08-29 17:01:06,phishunt_io,url,http://partnerships.adobecreatives.com,#phishing,https://x.com/phishunt_io/status/2093745771929571658
2026-08-29 17:01:06,phishunt_io,ip,216.150.1.193,#phishing,https://x.com/phishunt_io/status/2093745771929571658
2026-08-29 18:49:41,petikvx,md5,d6f959d7b1594900ddf21bfd4d5ee8e4,#ransomware,https://x.com/petikvx/status/2093773096478036022
2026-08-30 01:12:34,masaomi346,domain,acdxb.com,#phishing,https://x.com/masaomi346/status/2093869451427082525
2026-08-30 01:12:34,masaomi346,url,https://acdxb.com/rledec/plsux/njrla/ome/kttaa/cfym/drmejnjm,#phishing,https://x.com/masaomi346/status/2093869451427082525
2026-08-30 07:01:12,phishunt_io,domain,pub-d68525cbc6144dcaaac2fc0354aa17dd.r2.dev,#phishing,https://x.com/phishunt_io/status/2093957189543092321
2026-08-30 07:01:12,phishunt_io,url,http://pub-d68525cbc6144dcaaac2fc0354aa17dd.r2.dev/New-DocusignRedir2.html,#phishing,https://x.com/phishunt_io/status/2093957189543092321
2026-08-30 08:17:51,akudryk007,md5,88e824ea42dc271f4992957584b57d64,#malware #ransomware,https://x.com/akudryk007/status/2093976478622912691
2026-08-30 12:00:52,phishunt_io,domain,icloud.trienkhaiweb.com,#phishing,https://x.com/phishunt_io/status/2094032603993006174
2026-08-30 12:00:52,phishunt_io,url,http://icloud.trienkhaiweb.com,#phishing,https://x.com/phishunt_io/status/2094032603993006174
2026-08-30 16:14:04,phishunt_io,domain,home-ledgrreliveapp.typedream.app,#phishing,https://x.com/phishunt_io/status/2094096323876208706
2026-08-30 16:14:04,phishunt_io,url,http://home-ledgrreliveapp.typedream.app,#phishing,https://x.com/phishunt_io/status/2094096323876208706
2026-08-30 16:15:08,TKemmerling,domain,pollenoodelight.com,#phishing,https://x.com/TKemmerling/status/2094096589451321409
2026-08-30 16:15:08,TKemmerling,url,http://pollenoodelight.com,#phishing,https://x.com/TKemmerling/status/2094096589451321409
2026-08-30 16:15:14,TKemmerling,domain,hbjbkf.com,#phishing,https://x.com/TKemmerling/status/2094096615829299560
2026-08-30 16:15:14,TKemmerling,url,http://hbjbkf.com,#phishing,https://x.com/TKemmerling/status/2094096615829299560
2026-08-30 16:15:21,TKemmerling,domain,wolfpackcassroom.info,#phishing,https://x.com/TKemmerling/status/2094096644803539163
2026-08-30 16:15:21,TKemmerling,url,http://wolfpackcassroom.info,#phishing,https://x.com/TKemmerling/status/2094096644803539163
2026-08-30 16:15:28,TKemmerling,domain,harbor-belong.com,#phishing,https://x.com/TKemmerling/status/2094096676260868224
2026-08-30 16:15:28,TKemmerling,url,http://harbor-belong.com,#phishing,https://x.com/TKemmerling/status/2094096676260868224
2026-08-30 16:15:57,TKemmerling,domain,loanterritory.com,#phishing,https://x.com/TKemmerling/status/2094096796268294642
2026-08-30 16:15:57,TKemmerling,url,http://loanterritory.com,#phishing,https://x.com/TKemmerling/status/2094096796268294642
2026-08-30 16:15:57,TKemmerling,domain,cedarpointlabs.blog,#phishing,https://x.com/TKemmerling/status/2094096796268294642
2026-08-30 16:15:57,TKemmerling,url,http://cedarpointlabs.blog,#phishing,https://x.com/TKemmerling/status/2094096796268294642
2026-08-30 16:16:03,TKemmerling,domain,schoolgirstrikers.info,#phishing,https://x.com/TKemmerling/status/2094096823338291575
2026-08-30 16:16:03,TKemmerling,url,http://schoolgirstrikers.info,#phishing,https://x.com/TKemmerling/status/2094096823338291575
2026-08-30 16:16:10,TKemmerling,domain,kolaytatilburada.info,#phishing,https://x.com/TKemmerling/status/2094096850303508957
2026-08-30 16:16:10,TKemmerling,url,http://kolaytatilburada.info,#phishing,https://x.com/TKemmerling/status/2094096850303508957
2026-08-30 16:16:16,TKemmerling,domain,prosperityplanningguide.com,#phishing,https://x.com/TKemmerling/status/2094096877092495704
2026-08-30 16:16:16,TKemmerling,url,http://prosperityplanningguide.com,#phishing,https://x.com/TKemmerling/status/2094096877092495704
2026-08-30 16:16:16,TKemmerling,domain,horizonpeak.shop,#phishing,https://x.com/TKemmerling/status/2094096877092495704
2026-08-30 16:16:16,TKemmerling,url,http://horizonpeak.shop,#phishing,https://x.com/TKemmerling/status/2094096877092495704
2026-08-30 16:16:45,TKemmerling,domain,decorhomeproduct.info,#phishing,https://x.com/TKemmerling/status/2094096999171944804
2026-08-30 16:16:45,TKemmerling,url,http://decorhomeproduct.info,#phishing,https://x.com/TKemmerling/status/2094096999171944804
2026-08-30 16:16:45,TKemmerling,domain,mywebology.com,#phishing,https://x.com/TKemmerling/status/2094096999171944804
2026-08-30 16:16:45,TKemmerling,url,http://mywebology.com,#phishing,https://x.com/TKemmerling/status/2094096999171944804
2026-08-30 16:16:58,TKemmerling,domain,imcagarage.com,#phishing,https://x.com/TKemmerling/status/2094097050829045815
2026-08-30 16:16:58,TKemmerling,url,http://imcagarage.com,#phishing,https://x.com/TKemmerling/status/2094097050829045815
2026-08-30 16:16:58,TKemmerling,domain,thebitcoincenter.info,#phishing,https://x.com/TKemmerling/status/2094097050829045815
2026-08-30 16:16:58,TKemmerling,url,http://thebitcoincenter.info,#phishing,https://x.com/TKemmerling/status/2094097050829045815
2026-08-30 17:00:52,phishunt_io,domain,login.authorised-support.com,#phishing,https://x.com/phishunt_io/status/2094108101053915491
2026-08-30 17:00:52,phishunt_io,url,http://login.authorised-support.com/microsoft365/mfa/Y9IinybDOKJ6iJOhVzyjurYkMprt0uh_1UEQ=4BQ==1XFhSQ15CXldFblxXUG,#phishing,https://x.com/phishunt_io/status/2094108101053915491
2026-08-30 17:00:52,phishunt_io,ip,3.174.46.41,#phishing,https://x.com/phishunt_io/status/2094108101053915491
2026-08-30 18:00:06,phatomcandle,domain,k-store.auth-accounts.dynu.org,#APT #C2 #Kimsuky #malware,https://x.com/phatomcandle/status/2094123007358943281
2026-08-30 18:00:06,phatomcandle,url,http://k-store.auth-accounts.dynu.org,#APT #C2 #Kimsuky #malware,https://x.com/phatomcandle/status/2094123007358943281
2026-08-30 23:25:14,masaomi346,domain,sferyds.ebhhn.xyz,#malware #phishing,https://x.com/masaomi346/status/2094204830424436832
2026-08-30 23:25:14,masaomi346,sha256,6963d0bc02e7215ef6c94b88bddd7f06f4edd3ed5a296f57ca3ccb20ae06c36e,#malware #phishing,https://x.com/masaomi346/status/2094204830424436832
2026-08-31 00:53:10,Coolcarlos17,domain,site-oficial-havan.online,#phishing #scam,https://x.com/Coolcarlos17/status/2094226959345610845
2026-08-31 00:53:10,Coolcarlos17,url,https://site-oficial-havan.online,#phishing #scam,https://x.com/Coolcarlos17/status/2094226959345610845
2026-08-31 01:17:38,Coolcarlos17,domain,zafirabeach.com.br,#phishing #scam,https://x.com/Coolcarlos17/status/2094233116814528622
2026-08-31 01:17:38,Coolcarlos17,url,https://zafirabeach.com.br,#phishing #scam,https://x.com/Coolcarlos17/status/2094233116814528622
2026-08-31 03:42:09,masaomi346,domain,rnwm.pvvchxh.cn,#phishing,https://x.com/masaomi346/status/2094269486916575527
2026-08-31 03:42:09,masaomi346,url,https://rnwm.pvvchxh.cn/t10ijauryj,#phishing,https://x.com/masaomi346/status/2094269486916575527
2026-08-31 06:31:06,Metemcyber,domain,apple.t8j4y7.cn,#phishing,https://x.com/Metemcyber/status/2094312004077170953
2026-08-31 06:31:06,Metemcyber,url,https://apple.t8j4y7.cn,#phishing,https://x.com/Metemcyber/status/2094312004077170953
2026-08-31 06:37:28,Metemcyber,url,https://rnwm.pvvchxh.cn/ap/,#phishing,https://x.com/Metemcyber/status/2094313604724212181
2026-08-31 06:37:28,Metemcyber,url,http://43.165.128.22,#phishing,https://x.com/Metemcyber/status/2094313604724212181
2026-08-31 06:37:28,Metemcyber,ip,43.165.128.22,#phishing,https://x.com/Metemcyber/status/2094313604724212181
2026-08-31 06:43:42,Metemcyber,url,http://43.160.253.172,#phishing,https://x.com/Metemcyber/status/2094315172395708636
2026-08-31 06:43:42,Metemcyber,ip,43.160.253.172,#phishing,https://x.com/Metemcyber/status/2094315172395708636
2026-08-31 07:01:21,phishunt_io,domain,instagram-accounts-login.duckdns.org,#phishing,https://x.com/phishunt_io/status/2094319616843538480
2026-08-31 07:01:21,phishunt_io,url,http://instagram-accounts-login.duckdns.org,#phishing,https://x.com/phishunt_io/status/2094319616843538480
2026-08-31 07:01:21,phishunt_io,ip,144.172.91.11,#phishing,https://x.com/phishunt_io/status/2094319616843538480
2026-08-31 11:57:12,masaomi346,domain,pine63.com,#infostealer #malvertising #malware,https://x.com/masaomi346/status/2094394067732033779
2026-08-31 11:57:12,masaomi346,url,http://pine63.com,#infostealer #malvertising #malware,https://x.com/masaomi346/status/2094394067732033779
2026-08-31 12:01:48,phishunt_io,domain,facebook.securitylog.hu,#phishing,https://x.com/phishunt_io/status/2094395227507208280
2026-08-31 12:01:48,phishunt_io,url,http://facebook.securitylog.hu,#phishing,https://x.com/phishunt_io/status/2094395227507208280
2026-08-31 12:01:48,phishunt_io,ip,193.32.234.161,#phishing,https://x.com/phishunt_io/status/2094395227507208280
2026-08-31 12:34:44,j_o_h_d_s,domain,cizitensports.com,#ClickFix #stealer,https://x.com/j_o_h_d_s/status/2094403513828684228
2026-08-31 12:34:44,j_o_h_d_s,url,http://cizitensports.com,#ClickFix #stealer,https://x.com/j_o_h_d_s/status/2094403513828684228
2026-08-31 16:03:22,TKemmerling,domain,itnessequipmentfor.info,#phishing,https://x.com/TKemmerling/status/2094456016327045599
2026-08-31 16:03:22,TKemmerling,url,http://itnessequipmentfor.info,#phishing,https://x.com/TKemmerling/status/2094456016327045599
2026-08-31 17:01:03,phishunt_io,domain,mail.icloud-i-cl.com,#phishing,https://x.com/phishunt_io/status/2094470533828035043
2026-08-31 17:01:03,phishunt_io,url,http://mail.icloud-i-cl.com,#phishing,https://x.com/phishunt_io/status/2094470533828035043
2026-08-31 17:03:05,TKemmerling,domain,stories.myteenagedream.com,#phishing,https://x.com/TKemmerling/status/2094471047236202982
2026-08-31 17:03:05,TKemmerling,url,http://stories.myteenagedream.com,#phishing,https://x.com/TKemmerling/status/2094471047236202982
2026-08-31 18:00:05,phatomcandle,domain,xylevia.today,#APT #malware,https://x.com/phatomcandle/status/2094485389524549636
2026-08-31 18:00:05,phatomcandle,url,http://xylevia.today,#APT #malware,https://x.com/phatomcandle/status/2094485389524549636
2026-08-31 23:10:29,masaomi346,domain,apple.fnbbamg.cn,#phishing,https://x.com/masaomi346/status/2094563504716231091
2026-08-31 23:10:29,masaomi346,url,https://apple.fnbbamg.cn,#phishing,https://x.com/masaomi346/status/2094563504716231091
2026-09-01 00:31:39,masaomi346,domain,point-plsidaw.com,#malware #phishing,https://x.com/masaomi346/status/2094583933044392305
2026-09-01 00:31:39,masaomi346,url,https://point-plsidaw.com,#malware #phishing,https://x.com/masaomi346/status/2094583933044392305
2026-09-01 00:31:39,masaomi346,sha256,fb86366bffbc63e8b355fd9d1ebef9ab280ffe628b059bea378d28845d8374a5,#malware #phishing,https://x.com/masaomi346/status/2094583933044392305
2026-09-01 03:07:35,TKemmerling,domain,malahideproperty.com,#phishing,https://x.com/TKemmerling/status/2094623174281535884
2026-09-01 03:07:35,TKemmerling,url,http://malahideproperty.com,#phishing,https://x.com/TKemmerling/status/2094623174281535884
2026-09-01 03:07:35,TKemmerling,domain,revivesourhearts.com,#phishing,https://x.com/TKemmerling/status/2094623174281535884
2026-09-01 03:07:35,TKemmerling,url,http://revivesourhearts.com,#phishing,https://x.com/TKemmerling/status/2094623174281535884
2026-09-01 03:07:52,TKemmerling,domain,inspirationalframedpoems.com,#phishing,https://x.com/TKemmerling/status/2094623244238434411
2026-09-01 03:07:52,TKemmerling,url,http://inspirationalframedpoems.com,#phishing,https://x.com/TKemmerling/status/2094623244238434411
2026-09-01 03:07:52,TKemmerling,domain,itnessequipmentfor.info,#phishing,https://x.com/TKemmerling/status/2094623244238434411
2026-09-01 03:07:52,TKemmerling,url,http://itnessequipmentfor.info,#phishing,https://x.com/TKemmerling/status/2094623244238434411
2026-09-01 03:08:08,TKemmerling,domain,budgetweddingplanner.info,#phishing,https://x.com/TKemmerling/status/2094623313700303145
2026-09-01 03:08:08,TKemmerling,url,http://budgetweddingplanner.info,#phishing,https://x.com/TKemmerling/status/2094623313700303145
2026-09-01 06:44:07,masaomi346,domain,rbdvwwr.cn,#phishing,https://x.com/masaomi346/status/2094677665613828506
2026-09-01 06:44:07,masaomi346,url,https://rbdvwwr.cn/CZVwQWkt/,#phishing,https://x.com/masaomi346/status/2094677665613828506
2026-09-01 07:01:24,phishunt_io,domain,fls-a29a8cd9-0161-4493-bf5c-9f682b16d0c8.laravel.cloud,#phishing,https://x.com/phishunt_io/status/2094682017602339118
2026-09-01 07:01:24,phishunt_io,url,http://fls-a29a8cd9-0161-4493-bf5c-9f682b16d0c8.laravel.cloud/hotmail%20inbox%20main.html,#phishing,https://x.com/phishunt_io/status/2094682017602339118
2026-09-01 07:01:24,phishunt_io,ip,103.133.1.1,#phishing,https://x.com/phishunt_io/status/2094682017602339118
2026-09-01 08:31:33,scanmalware,domain,mkgheye78fdfb.sryoung56.workers.dev,#ransomware,https://x.com/scanmalware/status/2094704700956299541
2026-09-01 08:31:33,scanmalware,url,http://mkgheye78fdfb.sryoung56.workers.dev,#ransomware,https://x.com/scanmalware/status/2094704700956299541
2026-09-01 08:45:03,PhishStats,domain,gk.bnznji.net,#phishing,https://x.com/PhishStats/status/2094708099001000180
2026-09-01 08:45:03,PhishStats,url,https://gk.bnznji.net/Adobe/Adobe-digital-exe/download.html,#phishing,https://x.com/PhishStats/status/2094708099001000180
2026-09-01 08:45:03,PhishStats,ip,91.195.240.13,#phishing,https://x.com/PhishStats/status/2094708099001000180
2026-09-01 09:28:05,masaomi346,domain,point-raka.com,#malware #phishing,https://x.com/masaomi346/status/2094718930770403336
2026-09-01 09:28:05,masaomi346,url,https://point-raka.com,#malware #phishing,https://x.com/masaomi346/status/2094718930770403336
2026-09-01 09:28:05,masaomi346,sha256,ac93919eef6e73335384c373816f0b032fde361244e494b64ff38ef01455c91a,#malware #phishing,https://x.com/masaomi346/status/2094718930770403336
2026-09-01 12:04:30,phishunt_io,domain,instagram-app.cn,#phishing,https://x.com/phishunt_io/status/2094758293524676626
2026-09-01 12:04:30,phishunt_io,url,http://instagram-app.cn,#phishing,https://x.com/phishunt_io/status/2094758293524676626
2026-09-01 12:04:30,phishunt_io,ip,103.27.178.242,#phishing,https://x.com/phishunt_io/status/2094758293524676626
2026-09-01 14:16:08,Coolcarlos17,domain,site-havan.com,#phishing #scam,https://x.com/Coolcarlos17/status/2094791418564755920
2026-09-01 14:16:08,Coolcarlos17,url,https://site-havan.com,#phishing #scam,https://x.com/Coolcarlos17/status/2094791418564755920
2026-09-01 14:33:44,TKemmerling,domain,jeffersongraphicsllc.com,#phishing,https://x.com/TKemmerling/status/2094795847594828215
2026-09-01 14:33:44,TKemmerling,url,http://jeffersongraphicsllc.com,#phishing,https://x.com/TKemmerling/status/2094795847594828215
2026-09-01 14:33:44,TKemmerling,domain,financialmarkets.info,#phishing,https://x.com/TKemmerling/status/2094795847594828215
2026-09-01 14:33:44,TKemmerling,url,http://financialmarkets.info,#phishing,https://x.com/TKemmerling/status/2094795847594828215
2026-09-01 14:34:08,TKemmerling,domain,nsbpay.com,#phishing,https://x.com/TKemmerling/status/2094795948027437382
2026-09-01 14:34:08,TKemmerling,url,http://nsbpay.com,#phishing,https://x.com/TKemmerling/status/2094795948027437382
2026-09-01 14:34:42,TKemmerling,domain,jessicaleeinc.com,#phishing,https://x.com/TKemmerling/status/2094796091728474388
2026-09-01 14:34:42,TKemmerling,url,http://jessicaleeinc.com,#phishing,https://x.com/TKemmerling/status/2094796091728474388
2026-09-01 14:34:42,TKemmerling,domain,silvaveergygroup.com,#phishing,https://x.com/TKemmerling/status/2094796091728474388
2026-09-01 14:34:42,TKemmerling,url,http://silvaveergygroup.com,#phishing,https://x.com/TKemmerling/status/2094796091728474388
2026-09-01 14:35:06,TKemmerling,domain,cedarpointlabs.blog,#phishing,https://x.com/TKemmerling/status/2094796191158727164
2026-09-01 14:35:06,TKemmerling,url,http://cedarpointlabs.blog,#phishing,https://x.com/TKemmerling/status/2094796191158727164
2026-09-01 14:35:31,TKemmerling,domain,casinovirtualexperience.info,#phishing,https://x.com/TKemmerling/status/2094796299384267122
2026-09-01 14:35:31,TKemmerling,url,http://casinovirtualexperience.info,#phishing,https://x.com/TKemmerling/status/2094796299384267122
2026-09-01 14:47:46,Coolcarlos17,domain,casaiutilidade.shop,#phishing,https://x.com/Coolcarlos17/status/2094799378963734731
2026-09-01 14:47:46,Coolcarlos17,url,https://www.casaiutilidade.shop,#phishing,https://x.com/Coolcarlos17/status/2094799378963734731
2026-09-01 15:01:50,masaomi346,domain,acorlns.shop,#malware #phishing,https://x.com/masaomi346/status/2094802922261631306
2026-09-01 15:01:50,masaomi346,url,https://acorlns.shop,#malware #phishing,https://x.com/masaomi346/status/2094802922261631306
2026-09-01 15:01:50,masaomi346,sha256,3b44bed2549f39cb2325f9cf8ca7ffdddda61bb500932fac62ad283c276f9028,#malware #phishing,https://x.com/masaomi346/status/2094802922261631306
2026-09-01 17:01:03,phishunt_io,domain,cm.instagram-g.com.cn,#phishing,https://x.com/phishunt_io/status/2094832924134609033
2026-09-01 17:01:03,phishunt_io,url,http://cm.instagram-g.com.cn,#phishing,https://x.com/phishunt_io/status/2094832924134609033
2026-09-01 17:01:03,phishunt_io,ip,185.216.251.10,#phishing,https://x.com/phishunt_io/status/2094832924134609033
2026-09-01 18:00:04,phatomcandle,domain,kakao-user.login-accounts.dynu.net,#APT #C2 #Kimsuky #malware,https://x.com/phatomcandle/status/2094847773913067957
2026-09-01 18:00:04,phatomcandle,url,http://kakao-user.login-accounts.dynu.net,#APT #C2 #Kimsuky #malware,https://x.com/phatomcandle/status/2094847773913067957
2026-09-01 20:29:18,SpamAuditor,domain,plugandplay.co.id,#phishing,https://x.com/SpamAuditor/status/2094885332215013475
2026-09-01 20:29:18,SpamAuditor,url,https://plugandplay.co.id,#phishing,https://x.com/SpamAuditor/status/2094885332215013475
2026-09-01 22:03:25,mugu_reporter,domain,ns1.serverjjtech1.cc,#phishing,https://x.com/mugu_reporter/status/2094909014345761046
2026-09-01 22:03:25,mugu_reporter,url,http://ns1.serverjjtech1.cc,#phishing,https://x.com/mugu_reporter/status/2094909014345761046
2026-09-02 00:33:42,sicehice,domain,satinmaple4.com,#ClickFix,https://x.com/sicehice/status/2094946837140549785
2026-09-02 00:33:42,sicehice,url,https://satinmaple4.com/curl/0djk1usgn/yrdkr6r6fyp8viva.txt,#ClickFix,https://x.com/sicehice/status/2094946837140549785
2026-09-02 00:33:42,sicehice,domain,terminalbrewmac.com,#ClickFix,https://x.com/sicehice/status/2094946837140549785
2026-09-02 00:33:42,sicehice,url,http://terminalbrewmac.com,#ClickFix,https://x.com/sicehice/status/2094946837140549785
2026-09-02 00:33:42,sicehice,md5,3d0a14d2446efc7cde12984611ec6183,#ClickFix,https://x.com/sicehice/status/2094946837140549785
2026-09-02 01:50:03,scanmalware,domain,ss.idms-service-cloud2-651246814854185.workers.dev,#malware,https://x.com/scanmalware/status/2094966047652626801
2026-09-02 01:50:03,scanmalware,url,http://ss.idms-service-cloud2-651246814854185.workers.dev,#malware,https://x.com/scanmalware/status/2094966047652626801
2026-09-02 02:56:19,TKemmerling,domain,topazbrasshardware.com,#phishing,https://x.com/TKemmerling/status/2094982727825264937
2026-09-02 02:56:19,TKemmerling,url,http://topazbrasshardware.com,#phishing,https://x.com/TKemmerling/status/2094982727825264937
2026-09-02 03:00:48,TKemmerling,domain,prosperityplanningguide.com,#phishing,https://x.com/TKemmerling/status/2094983856529326218
2026-09-02 03:00:48,TKemmerling,url,http://prosperityplanningguide.com,#phishing,https://x.com/TKemmerling/status/2094983856529326218
2026-09-02 03:00:48,TKemmerling,domain,horizonpeak.shop,#phishing,https://x.com/TKemmerling/status/2094983856529326218
2026-09-02 03:00:48,TKemmerling,url,http://horizonpeak.shop,#phishing,https://x.com/TKemmerling/status/2094983856529326218
2026-09-02 04:06:26,TKemmerling,domain,trendyvoguedesigns.com,#phishing,https://x.com/TKemmerling/status/2095000371618062407
2026-09-02 04:06:26,TKemmerling,url,http://trendyvoguedesigns.com,#phishing,https://x.com/TKemmerling/status/2095000371618062407
2026-09-02 04:06:26,TKemmerling,domain,webbottom.com,#phishing,https://x.com/TKemmerling/status/2095000371618062407
2026-09-02 04:06:26,TKemmerling,url,http://webbottom.com,#phishing,https://x.com/TKemmerling/status/2095000371618062407
2026-09-02 04:07:27,TKemmerling,domain,jeffersongraphicsllc.com,#phishing,https://x.com/TKemmerling/status/2095000627382501829
2026-09-02 04:07:27,TKemmerling,url,http://jeffersongraphicsllc.com,#phishing,https://x.com/TKemmerling/status/2095000627382501829
2026-09-02 04:07:27,TKemmerling,domain,thebitcoincenter.info,#phishing,https://x.com/TKemmerling/status/2095000627382501829
2026-09-02 04:07:27,TKemmerling,url,http://thebitcoincenter.info,#phishing,https://x.com/TKemmerling/status/2095000627382501829
2026-09-02 05:59:29,Metemcyber,domain,ukiona.asia,#phishing,https://x.com/Metemcyber/status/2095028822936875038
2026-09-02 05:59:29,Metemcyber,url,https://ukiona.asia/qBGqJRtB/,#phishing,https://x.com/Metemcyber/status/2095028822936875038
2026-09-02 07:01:31,phishunt_io,domain,ledgerlivewebapp.com,#phishing,https://x.com/phishunt_io/status/2095044433779536279
2026-09-02 07:01:31,phishunt_io,url,http://ledgerlivewebapp.com,#phishing,https://x.com/phishunt_io/status/2095044433779536279
2026-09-02 08:59:16,PhishStats,ip,155.138.208.58,#phishing,https://x.com/PhishStats/status/2095074067040669886
2026-09-02 12:29:16,masaomi346,domain,rhigcrimelet.chktxw.info,#phishing,https://x.com/masaomi346/status/2095126912683344129
2026-09-02 12:29:16,masaomi346,url,https://rhigcrimelet.chktxw.info/H80AoO,#phishing,https://x.com/masaomi346/status/2095126912683344129
2026-09-02 12:45:29,abuse_ch,ip,91.193.7.186,#ClickFix,https://x.com/abuse_ch/status/2095130995443830833
2026-09-02 12:45:29,abuse_ch,sha256,5a8ab21cb329b8672379421dcf5bc59e6f174da6b835d5650cd0f50d7c4df534,#ClickFix,https://x.com/abuse_ch/status/2095130995443830833
2026-09-02 14:05:37,TKemmerling,domain,anadolucuhuriyeti.info,#phishing,https://x.com/TKemmerling/status/2095151161070498131
2026-09-02 14:05:37,TKemmerling,url,http://anadolucuhuriyeti.info,#phishing,https://x.com/TKemmerling/status/2095151161070498131
2026-09-02 14:06:36,TKemmerling,domain,cartshopdaily.com,#phishing,https://x.com/TKemmerling/status/2095151410031841566
2026-09-02 14:06:36,TKemmerling,url,http://cartshopdaily.com,#phishing,https://x.com/TKemmerling/status/2095151410031841566
2026-09-02 14:06:36,TKemmerling,domain,webologygroup.com,#phishing,https://x.com/TKemmerling/status/2095151410031841566
2026-09-02 14:06:36,TKemmerling,url,http://webologygroup.com,#phishing,https://x.com/TKemmerling/status/2095151410031841566
2026-09-02 14:08:46,TKemmerling,domain,jessicaleeinc.com,#phishing,https://x.com/TKemmerling/status/2095151953026457791
2026-09-02 14:08:46,TKemmerling,url,http://jessicaleeinc.com,#phishing,https://x.com/TKemmerling/status/2095151953026457791
2026-09-02 17:01:03,phishunt_io,domain,facebook.meweb.kz,#phishing,https://x.com/phishunt_io/status/2095195309382967660
2026-09-02 17:01:03,phishunt_io,url,http://facebook.meweb.kz,#phishing,https://x.com/phishunt_io/status/2095195309382967660
2026-09-02 17:01:03,phishunt_io,ip,195.210.46.27,#phishing,https://x.com/phishunt_io/status/2095195309382967660
2026-09-02 18:00:07,phatomcandle,domain,velocty.cfd,#APT #malware,https://x.com/phatomcandle/status/2095210173778583863
2026-09-02 18:00:07,phatomcandle,url,http://velocty.cfd,#APT #malware,https://x.com/phatomcandle/status/2095210173778583863
2026-09-02 20:49:25,PhishStats,domain,ananeosi-melous.com,#phishing,https://x.com/PhishStats/status/2095252780696961246
2026-09-02 20:49:25,PhishStats,url,https://ananeosi-melous.com/captcha,#phishing,https://x.com/PhishStats/status/2095252780696961246
2026-09-02 20:49:25,PhishStats,ip,45.74.47.19,#phishing,https://x.com/PhishStats/status/2095252780696961246
2026-09-02 23:34:36,masaomi346,domain,csdgryg.buwrh.com,#malware #phishing,https://x.com/masaomi346/status/2095294350154715227
2026-09-02 23:34:36,masaomi346,sha256,f69f9889b2f2f75520204756711756c03e82a50839156a8ef0c181acc69b74fa,#malware #phishing,https://x.com/masaomi346/status/2095294350154715227
2026-09-03 01:29:54,mugu_reporter,domain,claudpod.com,#phishing,https://x.com/mugu_reporter/status/2095323366995415429
2026-09-03 01:29:54,mugu_reporter,url,http://claudpod.com,#phishing,https://x.com/mugu_reporter/status/2095323366995415429
2026-09-03 01:29:54,mugu_reporter,ip,5.135.193.194,#phishing,https://x.com/mugu_reporter/status/2095323366995415429
2026-09-03 02:30:16,LawrenceTech504,domain,btc6688.com,#scam,https://x.com/LawrenceTech504/status/2095338560459022392
2026-09-03 02:30:16,LawrenceTech504,url,http://Btc6688.com,#scam,https://x.com/LawrenceTech504/status/2095338560459022392
2026-09-03 02:38:40,masaomi346,domain,bravqhz.cfd,#phishing,https://x.com/masaomi346/status/2095340671628665137
2026-09-03 02:38:40,masaomi346,url,https://bravqhz.cfd/dsfd/#/index,#phishing,https://x.com/masaomi346/status/2095340671628665137
2026-09-03 07:01:31,phishunt_io,domain,grupoimpaktu.ao,#phishing,https://x.com/phishunt_io/status/2095406821317984369
2026-09-03 07:01:31,phishunt_io,url,http://grupoimpaktu.ao/quotesss/onedrive-verify-obf.html,#phishing,https://x.com/phishunt_io/status/2095406821317984369
2026-09-03 07:01:31,phishunt_io,ip,135.181.34.42,#phishing,https://x.com/phishunt_io/status/2095406821317984369
2026-09-03 08:33:06,PhishStats,domain,mikjv2zuc2ct-pages-dev.translate.goog,#phishing,https://x.com/PhishStats/status/2095429870536786114
2026-09-03 08:33:06,PhishStats,url,https://mikjv2zuc2ct-pages-dev.translate.goog/support.apple.com.html?_x_tr_sch=&amp;_x_tr_sl=monex&amp;_x_tr_tl=ja,#phishing,https://x.com/PhishStats/status/2095429870536786114
2026-09-03 11:32:19,orlof_v,domain,sha.sm188dvlv.icu,#Vidar #infostealer #malware,https://x.com/orlof_v/status/2095474970084143382
2026-09-03 11:32:19,orlof_v,url,http://sha.sm188dvlv.icu,#Vidar #infostealer #malware,https://x.com/orlof_v/status/2095474970084143382
2026-09-03 11:32:19,orlof_v,domain,tak.123ful.net,#Vidar #infostealer #malware,https://x.com/orlof_v/status/2095474970084143382
2026-09-03 11:32:19,orlof_v,url,http://tak.123ful.net,#Vidar #infostealer #malware,https://x.com/orlof_v/status/2095474970084143382
2026-09-03 11:32:19,orlof_v,domain,tak.sm188dvlv.icu,#Vidar #infostealer #malware,https://x.com/orlof_v/status/2095474970084143382
2026-09-03 11:32:19,orlof_v,url,http://tak.sm188dvlv.icu,#Vidar #infostealer #malware,https://x.com/orlof_v/status/2095474970084143382
2026-09-03 11:32:19,orlof_v,domain,tra.12naga.org,#Vidar #infostealer #malware,https://x.com/orlof_v/status/2095474970084143382
2026-09-03 11:32:19,orlof_v,url,http://tra.12naga.org,#Vidar #infostealer #malware,https://x.com/orlof_v/status/2095474970084143382
2026-09-03 11:32:19,orlof_v,domain,rrr.12naga.org,#Vidar #infostealer #malware,https://x.com/orlof_v/status/2095474970084143382
2026-09-03 11:32:19,orlof_v,url,http://rrr.12naga.org,#Vidar #infostealer #malware,https://x.com/orlof_v/status/2095474970084143382
2026-09-03 12:26:15,masaomi346,domain,ana-log.therealmasterwithin.com,#phishing,https://x.com/masaomi346/status/2095488543653306813
2026-09-03 12:26:15,masaomi346,url,https://ana-log.therealmasterwithin.com/login-ana/,#phishing,https://x.com/masaomi346/status/2095488543653306813
2026-09-03 16:27:08,TKemmerling,domain,pinebridgedigital.shop,#phishing,https://x.com/TKemmerling/status/2095549163417018470
2026-09-03 16:27:08,TKemmerling,url,http://pinebridgedigital.shop,#phishing,https://x.com/TKemmerling/status/2095549163417018470
2026-09-03 18:00:05,phatomcandle,domain,login-accounts.dynu.net,#APT #C2 #Kimsuky #malware,https://x.com/phatomcandle/status/2095572552567669109
2026-09-03 18:00:05,phatomcandle,url,http://www.login-accounts.dynu.net,#APT #C2 #Kimsuky #malware,https://x.com/phatomcandle/status/2095572552567669109
2026-09-03 18:28:39,TKemmerling,domain,asianmassageporn.info,#phishing,https://x.com/TKemmerling/status/2095579742103609717
2026-09-03 18:28:39,TKemmerling,url,http://asianmassageporn.info,#phishing,https://x.com/TKemmerling/status/2095579742103609717
2026-09-03 19:49:21,TKemmerling,domain,budgetweddingplanner.info,#phishing,https://x.com/TKemmerling/status/2095600052068553203
2026-09-03 19:49:21,TKemmerling,url,http://budgetweddingplanner.info,#phishing,https://x.com/TKemmerling/status/2095600052068553203
2026-09-03 20:52:10,skocherhan,domain,worksodsirius.ydns.eu,#Xworm,https://x.com/skocherhan/status/2095615861738361001
2026-09-03 20:52:10,skocherhan,url,http://worksodsirius.ydns.eu,#Xworm,https://x.com/skocherhan/status/2095615861738361001
2026-09-03 20:52:10,skocherhan,domain,bvaco.com,#Xworm,https://x.com/skocherhan/status/2095615861738361001
2026-09-03 20:52:10,skocherhan,url,http://bvaco.com,#Xworm,https://x.com/skocherhan/status/2095615861738361001
2026-09-03 21:28:23,TKemmerling,domain,mapletrailmedia.store,#phishing,https://x.com/TKemmerling/status/2095624975134691596
2026-09-03 21:28:23,TKemmerling,url,http://mapletrailmedia.store,#phishing,https://x.com/TKemmerling/status/2095624975134691596
2026-09-03 22:29:02,TKemmerling,domain,mneylysis.info,#phishing,https://x.com/TKemmerling/status/2095640236512424322
2026-09-03 22:29:02,TKemmerling,url,http://mneylysis.info,#phishing,https://x.com/TKemmerling/status/2095640236512424322
2026-09-03 23:34:14,TKemmerling,domain,lawsolutiondirect.info,#phishing,https://x.com/TKemmerling/status/2095656644851945689
2026-09-03 23:34:14,TKemmerling,url,http://lawsolutiondirect.info,#phishing,https://x.com/TKemmerling/status/2095656644851945689
2026-09-04 00:39:39,TKemmerling,domain,asianmassageporn.info,#phishing,https://x.com/TKemmerling/status/2095673109411926282
2026-09-04 00:39:39,TKemmerling,url,http://asianmassageporn.info,#phishing,https://x.com/TKemmerling/status/2095673109411926282
2026-09-04 01:45:35,TKemmerling,domain,icubedtecnologies.info,#phishing,https://x.com/TKemmerling/status/2095689699666837641
2026-09-04 01:45:35,TKemmerling,url,http://icubedtecnologies.info,#phishing,https://x.com/TKemmerling/status/2095689699666837641
2026-09-04 02:50:06,TKemmerling,domain,se.nsbpay.com,#phishing,https://x.com/TKemmerling/status/2095705939470954880
2026-09-04 02:50:06,TKemmerling,url,http://se.nsbpay.com,#phishing,https://x.com/TKemmerling/status/2095705939470954880
2026-09-04 03:01:53,TKemmerling,domain,ra.hbjbkf.com,#phishing,https://x.com/TKemmerling/status/2095708902260191236
2026-09-04 03:01:53,TKemmerling,url,http://ra.hbjbkf.com,#phishing,https://x.com/TKemmerling/status/2095708902260191236
2026-09-04 03:03:03,TKemmerling,domain,donateclothingmi.info,#phishing,https://x.com/TKemmerling/status/2095709197685920137
2026-09-04 03:03:03,TKemmerling,url,http://donateclothingmi.info,#phishing,https://x.com/TKemmerling/status/2095709197685920137
2026-09-04 03:04:15,TKemmerling,domain,ongannanzhuang.info,#phishing,https://x.com/TKemmerling/status/2095709497020871063
2026-09-04 03:04:15,TKemmerling,url,http://ongannanzhuang.info,#phishing,https://x.com/TKemmerling/status/2095709497020871063
2026-09-04 03:12:41,scanmalware,domain,aadobe07.pages.dev,#malware,https://x.com/scanmalware/status/2095711621066686787
2026-09-04 03:12:41,scanmalware,url,http://aadobe07.pages.dev,#malware,https://x.com/scanmalware/status/2095711621066686787
2026-09-04 04:22:22,Metemcyber,domain,support.inumm.asia,#phishing,https://x.com/Metemcyber/status/2095729155505811695
2026-09-04 04:22:22,Metemcyber,url,https://www.support.inumm.asia/efn1cr2tu/,#phishing,https://x.com/Metemcyber/status/2095729155505811695
2026-09-04 04:22:22,Metemcyber,url,http://182.161.66.236,#phishing,https://x.com/Metemcyber/status/2095729155505811695
2026-09-04 04:22:22,Metemcyber,ip,182.161.66.236,#phishing,https://x.com/Metemcyber/status/2095729155505811695
2026-09-04 04:35:35,Metemcyber,domain,aeon.kkbjnty.cn,#phishing,https://x.com/Metemcyber/status/2095732482943627465
2026-09-04 04:35:35,Metemcyber,url,https://aeon.kkbjnty.cn/ltcq3p1txe,#phishing,https://x.com/Metemcyber/status/2095732482943627465
2026-09-04 04:35:35,Metemcyber,url,http://43.167.198.165,#phishing,https://x.com/Metemcyber/status/2095732482943627465
2026-09-04 04:35:35,Metemcyber,ip,43.167.198.165,#phishing,https://x.com/Metemcyber/status/2095732482943627465
2026-09-04 04:48:28,Metemcyber,domain,zizhil.com,#phishing,https://x.com/Metemcyber/status/2095735726977822881
2026-09-04 04:48:28,Metemcyber,url,https://zizhil.com/oeutfyax/,#phishing,https://x.com/Metemcyber/status/2095735726977822881
2026-09-04 04:48:28,Metemcyber,url,http://43.128.228.199,#phishing,https://x.com/Metemcyber/status/2095735726977822881
2026-09-04 04:48:28,Metemcyber,ip,43.128.228.199,#phishing,https://x.com/Metemcyber/status/2095735726977822881
2026-09-04 07:01:28,phishunt_io,domain,comecome.click,#phishing,https://x.com/phishunt_io/status/2095769197087224002
2026-09-04 07:01:28,phishunt_io,url,http://comecome.click/zxm/xx/alibaba/index.html,#phishing,https://x.com/phishunt_io/status/2095769197087224002
2026-09-04 07:01:28,phishunt_io,ip,185.221.216.117,#phishing,https://x.com/phishunt_io/status/2095769197087224002
2026-09-04 08:53:54,masaomi346,domain,login.zylvshiw.com,#phishing,https://x.com/masaomi346/status/2095797492768231545
2026-09-04 08:53:54,masaomi346,url,https://login.zylvshiw.com/login,#phishing,https://x.com/masaomi346/status/2095797492768231545
2026-09-04 15:32:14,_AkatsukiLegion,url,http://101.42.136.73,#CobaltStrike,https://x.com/_AkatsukiLegion/status/2095897733223612698
2026-09-04 15:32:14,_AkatsukiLegion,ip,101.42.136.73,#CobaltStrike,https://x.com/_AkatsukiLegion/status/2095897733223612698
2026-09-04 17:01:12,phishunt_io,domain,spotify-anniversary30th.com,#phishing,https://x.com/phishunt_io/status/2095920123693461751
2026-09-04 17:01:12,phishunt_io,url,http://spotify-anniversary30th.com,#phishing,https://x.com/phishunt_io/status/2095920123693461751
2026-09-04 17:01:12,phishunt_io,ip,178.16.54.253,#phishing,https://x.com/phishunt_io/status/2095920123693461751
2026-09-04 18:53:52,skocherhan,domain,telendszes.work,#phishing,https://x.com/skocherhan/status/2095948477679161541
2026-09-04 18:53:52,skocherhan,url,http://telendszes.work,#phishing,https://x.com/skocherhan/status/2095948477679161541
2026-09-04 19:37:37,skocherhan,md5,8b3d8de78681adc71667f6f687102183,,https://x.com/skocherhan/status/2095959489056846084
2026-09-04 20:05:10,0xb1lal,ip,67.215.232.25,#malware,https://x.com/0xb1lal/status/2095966422283231580
2026-09-04 20:32:30,PhishStats,domain,allegro.012031928g.lol,#phishing,https://x.com/PhishStats/status/2095973299167645817
2026-09-04 20:32:30,PhishStats,url,http://allegro.012031928g.lol,#phishing,https://x.com/PhishStats/status/2095973299167645817
2026-09-04 21:34:28,SocketSecurity,ip,193.247.144.38,,https://x.com/SocketSecurity/status/2095988892029559100
2026-09-05 07:00:45,masaomi346,domain,etax-wusasd.com,#malware #phishing,https://x.com/masaomi346/status/2096131403025109209
2026-09-05 07:00:45,masaomi346,url,https://etax-wusasd.com,#malware #phishing,https://x.com/masaomi346/status/2096131403025109209
2026-09-05 07:00:45,masaomi346,domain,etax-olimw.com,#malware #phishing,https://x.com/masaomi346/status/2096131403025109209
2026-09-05 07:00:45,masaomi346,url,https://etax-olimw.com,#malware #phishing,https://x.com/masaomi346/status/2096131403025109209
2026-09-05 07:00:45,masaomi346,domain,etax-pliwka.com,#malware #phishing,https://x.com/masaomi346/status/2096131403025109209
2026-09-05 07:00:45,masaomi346,url,https://etax-pliwka.com,#malware #phishing,https://x.com/masaomi346/status/2096131403025109209
2026-09-05 07:00:45,masaomi346,domain,etax-uwaiosd.com,#malware #phishing,https://x.com/masaomi346/status/2096131403025109209
2026-09-05 07:00:45,masaomi346,url,https://etax-uwaiosd.com,#malware #phishing,https://x.com/masaomi346/status/2096131403025109209
2026-09-05 07:00:45,masaomi346,domain,etax-plwads.com,#malware #phishing,https://x.com/masaomi346/status/2096131403025109209
2026-09-05 07:00:45,masaomi346,url,https://etax-plwads.com,#malware #phishing,https://x.com/masaomi346/status/2096131403025109209
2026-09-05 07:00:45,masaomi346,sha256,cb5d4335ac73dc0cab2bbe6310fac64537352ed368049700d3993b53f6cf0884,#malware #phishing,https://x.com/masaomi346/status/2096131403025109209
2026-09-05 08:49:06,skocherhan,sha256,bc48086b5b9d893ad51224fe7425914ed4d76ec14f01d3125b6a7289d774aa6e,,https://x.com/skocherhan/status/2096158669339590946
2026-09-05 08:51:25,skocherhan,domain,finance-gov-pk.fetchdrives.info,#phishing,https://x.com/skocherhan/status/2096159255233483246
2026-09-05 08:51:25,skocherhan,url,http://finance-gov-pk.fetchdrives.info,#phishing,https://x.com/skocherhan/status/2096159255233483246
2026-09-05 08:51:25,skocherhan,domain,pk.fetchdrives.info,#phishing,https://x.com/skocherhan/status/2096159255233483246
2026-09-05 08:51:25,skocherhan,url,http://pk.fetchdrives.info,#phishing,https://x.com/skocherhan/status/2096159255233483246
2026-09-05 08:51:25,skocherhan,domain,www-finance-gov-pk.fetchdrives.info,#phishing,https://x.com/skocherhan/status/2096159255233483246
2026-09-05 08:51:25,skocherhan,url,http://www-finance-gov-pk.fetchdrives.info,#phishing,https://x.com/skocherhan/status/2096159255233483246
2026-09-05 08:58:50,skocherhan,md5,8a7db4271f1103fe195591ce3e500faa,,https://x.com/skocherhan/status/2096161119836512463
2026-09-05 11:07:00,phishunt_io,domain,apk-google.cn,#phishing,https://x.com/phishunt_io/status/2096193372595626269
2026-09-05 11:07:00,phishunt_io,url,http://apk-google.cn,#phishing,https://x.com/phishunt_io/status/2096193372595626269
2026-09-05 11:07:00,phishunt_io,ip,47.57.138.67,#phishing,https://x.com/phishunt_io/status/2096193372595626269
2026-09-05 12:01:21,phishunt_io,domain,bankofamericanonline.com,#phishing,https://x.com/phishunt_io/status/2096207052980814175
2026-09-05 12:01:21,phishunt_io,url,http://bankofamericanonline.com,#phishing,https://x.com/phishunt_io/status/2096207052980814175
2026-09-05 13:49:51,fbgwls245,domain,ybvjht7qcuhcml4pjcs7fgk57tzysplqtfq4i7yrwc6vjilin2dt2qad.onion,#ransomware,https://x.com/fbgwls245/status/2096234357635834097
2026-09-05 13:49:51,fbgwls245,url,http://ybvjht7qcuhcml4pjcs7fgk57tzysplqtfq4i7yrwc6vjilin2dt2qad.onion,#ransomware,https://x.com/fbgwls245/status/2096234357635834097
2026-09-05 14:32:24,masaomi346,domain,paintingth.iqlvebw.cn,#phishing,https://x.com/masaomi346/status/2096245063844299048
2026-09-05 14:32:24,masaomi346,url,https://paintingth.iqlvebw.cn/SZHUSg/potyunde,#phishing,https://x.com/masaomi346/status/2096245063844299048
2026-09-05 17:00:57,phishunt_io,domain,whatsapp.traviyo.in,#phishing,https://x.com/phishunt_io/status/2096282449089106217
2026-09-05 17:00:57,phishunt_io,url,http://whatsapp.traviyo.in,#phishing,https://x.com/phishunt_io/status/2096282449089106217
2026-09-05 17:00:57,phishunt_io,ip,103.234.185.7,#phishing,https://x.com/phishunt_io/status/2096282449089106217
2026-09-05 18:45:44,muha2xmad,domain,f005.backblazeb2.com,#phishing,https://x.com/muha2xmad/status/2096308816535052485
2026-09-05 18:45:44,muha2xmad,url,https://f005.backblazeb2.com,#phishing,https://x.com/muha2xmad/status/2096308816535052485
2026-09-05 18:45:44,muha2xmad,domain,submit-form.com,#phishing,https://x.com/muha2xmad/status/2096308816535052485
2026-09-05 18:45:44,muha2xmad,url,https://submit-form.com/xfgxjYePW,#phishing,https://x.com/muha2xmad/status/2096308816535052485
2026-09-05 21:11:25,skocherhan,domain,metamonetization.live,#phishing,https://x.com/skocherhan/status/2096345481630663158
2026-09-05 21:11:25,skocherhan,url,http://www.metamonetization.live,#phishing,https://x.com/skocherhan/status/2096345481630663158
2026-09-05 21:14:33,PhishStats,domain,cloud.shikarathekashmirspride.com,#phishing,https://x.com/PhishStats/status/2096346268377153669
2026-09-05 21:14:33,PhishStats,url,https://cloud.shikarathekashmirspride.com/meeting/Iphone/invite.php,#phishing,https://x.com/PhishStats/status/2096346268377153669
2026-09-05 23:09:02,masaomi346,domain,raku-point-ankanz.com,#malware #phishing,https://x.com/masaomi346/status/2096375079101940086
2026-09-05 23:09:02,masaomi346,url,https://raku-point-ankanz.com,#malware #phishing,https://x.com/masaomi346/status/2096375079101940086
2026-09-05 23:09:02,masaomi346,domain,raku-point-gche.com,#malware #phishing,https://x.com/masaomi346/status/2096375079101940086
2026-09-05 23:09:02,masaomi346,url,https://raku-point-gche.com,#malware #phishing,https://x.com/masaomi346/status/2096375079101940086
2026-09-05 23:09:02,masaomi346,domain,raku-point-edia.com,#malware #phishing,https://x.com/masaomi346/status/2096375079101940086
2026-09-05 23:09:02,masaomi346,url,https://raku-point-edia.com,#malware #phishing,https://x.com/masaomi346/status/2096375079101940086
2026-09-05 23:09:02,masaomi346,sha256,4d7e9e75f44a68fd6c109bbfa6d6b8fd343b274e7ac1afb0a0a628f624a83308,#malware #phishing,https://x.com/masaomi346/status/2096375079101940086
2026-09-05 23:15:32,masaomi346,domain,point-raraku.com,#malware #phishing,https://x.com/masaomi346/status/2096376715471884489
2026-09-05 23:15:32,masaomi346,url,https://point-raraku.com,#malware #phishing,https://x.com/masaomi346/status/2096376715471884489
2026-09-05 23:15:32,masaomi346,domain,point-raraka.com,#malware #phishing,https://x.com/masaomi346/status/2096376715471884489
2026-09-05 23:15:32,masaomi346,url,https://point-raraka.com,#malware #phishing,https://x.com/masaomi346/status/2096376715471884489
2026-09-05 23:15:32,masaomi346,sha256,ebd6f8fa187c3bde2a3f6bf42f3b94e2664867e83d98554a91ecc2ebaf552dc0,#malware #phishing,https://x.com/masaomi346/status/2096376715471884489
2026-09-06 01:52:38,scanmalware,domain,facebook-task-one.vercel.app,#malware,https://x.com/scanmalware/status/2096416251060887828
2026-09-06 01:52:38,scanmalware,url,http://facebook-task-one.vercel.app,#malware,https://x.com/scanmalware/status/2096416251060887828
2026-09-06 07:40:03,scanmalware,domain,kxlrq279nhw-fghzdfyn-3y0x1g-wp833a.pages.dev,#ransomware,https://x.com/scanmalware/status/2096503681042538720
2026-09-06 07:40:03,scanmalware,url,http://kxlrq279nhw-fghzdfyn-3y0x1g-wp833a.pages.dev,#ransomware,https://x.com/scanmalware/status/2096503681042538720
2026-09-06 08:35:09,PhishStats,domain,mybroadbandservice.plutio.com,#phishing,https://x.com/PhishStats/status/2096517546136539405
2026-09-06 08:35:09,PhishStats,url,https://mybroadbandservice.plutio.com/p/form/iTtJKQD9FnGbzrHNB,#phishing,https://x.com/PhishStats/status/2096517546136539405
2026-09-06 12:01:26,phishunt_io,domain,simulador-credito-auto-bbva.ideeo.mx,#phishing,https://x.com/phishunt_io/status/2096569461377482987
2026-09-06 12:01:26,phishunt_io,url,http://simulador-credito-auto-bbva.ideeo.mx,#phishing,https://x.com/phishunt_io/status/2096569461377482987
2026-09-06 12:01:26,phishunt_io,ip,200.76.161.229,#phishing,https://x.com/phishunt_io/status/2096569461377482987
2026-09-06 13:48:03,masaomi346,domain,mfawke.com,#infostealer #malvertising #malware,https://x.com/masaomi346/status/2096596290721530072
2026-09-06 13:48:03,masaomi346,url,http://mfawke.com,#infostealer #malvertising #malware,https://x.com/masaomi346/status/2096596290721530072
2026-09-06 15:01:14,skocherhan,domain,microsoft-alpha.vercel.app,#phishing,https://x.com/skocherhan/status/2096614707666755746
2026-09-06 15:01:14,skocherhan,url,http://microsoft-alpha.vercel.app,#phishing,https://x.com/skocherhan/status/2096614707666755746
2026-09-06 15:03:20,RakeshKrish12,ip,23.137.255.139,#malware #ransomware,https://x.com/RakeshKrish12/status/2096615238611374359
2026-09-06 17:01:05,phishunt_io,domain,restoration-google.com,#phishing,https://x.com/phishunt_io/status/2096644869649297895
2026-09-06 17:01:05,phishunt_io,url,http://restoration-google.com,#phishing,https://x.com/phishunt_io/status/2096644869649297895
2026-09-06 19:29:39,TKemmerling,domain,celocozy.com,#phishing,https://x.com/TKemmerling/status/2096682259504099389
2026-09-06 19:29:39,TKemmerling,url,http://celocozy.com,#phishing,https://x.com/TKemmerling/status/2096682259504099389
2026-09-06 19:56:38,TKemmerling,domain,studiohyperlink.com,#phishing,https://x.com/TKemmerling/status/2096689050019303755
2026-09-06 19:56:38,TKemmerling,url,http://studiohyperlink.com,#phishing,https://x.com/TKemmerling/status/2096689050019303755
2026-09-06 20:11:52,TKemmerling,domain,nsbpay.com,#phishing,https://x.com/TKemmerling/status/2096692880698212685
2026-09-06 20:11:52,TKemmerling,url,http://nsbpay.com,#phishing,https://x.com/TKemmerling/status/2096692880698212685
2026-09-06 20:26:47,TKemmerling,domain,schoolgirstrikers.info,#phishing,https://x.com/TKemmerling/status/2096696636865204232
2026-09-06 20:26:47,TKemmerling,url,http://schoolgirstrikers.info,#phishing,https://x.com/TKemmerling/status/2096696636865204232
2026-09-06 20:41:41,TKemmerling,domain,financialmarkets.info,#phishing,https://x.com/TKemmerling/status/2096700386245795979
2026-09-06 20:41:41,TKemmerling,url,http://financialmarkets.info,#phishing,https://x.com/TKemmerling/status/2096700386245795979
2026-09-06 20:56:48,TKemmerling,domain,orlatiosllc.com,#phishing,https://x.com/TKemmerling/status/2096704190190125129
2026-09-06 20:56:48,TKemmerling,url,http://orlatiosllc.com,#phishing,https://x.com/TKemmerling/status/2096704190190125129
2026-09-06 21:08:30,ankh_corp,ip,45.152.149.62,#malware,https://x.com/ankh_corp/status/2096707135262294378
2026-09-06 21:08:30,ankh_corp,sha256,85c6f9f666aa711dff45421d1edc512d0175c54c04d7ffca647311c1043971bd,#malware,https://x.com/ankh_corp/status/2096707135262294378
2026-09-06 21:26:55,TKemmerling,domain,ongannanzhuang.info,#phishing,https://x.com/TKemmerling/status/2096711768395723142
2026-09-06 21:26:55,TKemmerling,url,http://ongannanzhuang.info,#phishing,https://x.com/TKemmerling/status/2096711768395723142
2026-09-06 21:57:00,TKemmerling,domain,hnlytx.com,#phishing,https://x.com/TKemmerling/status/2096719341500985849
2026-09-06 21:57:00,TKemmerling,url,http://hnlytx.com,#phishing,https://x.com/TKemmerling/status/2096719341500985849
2026-09-06 22:11:55,TKemmerling,domain,eampengencangpayudara.info,#phishing,https://x.com/TKemmerling/status/2096723093855334778
2026-09-06 22:11:55,TKemmerling,url,http://eampengencangpayudara.info,#phishing,https://x.com/TKemmerling/status/2096723093855334778
2026-09-06 22:41:42,TKemmerling,domain,stdigitalthermometer.info,#phishing,https://x.com/TKemmerling/status/2096730589789647171
2026-09-06 22:41:42,TKemmerling,url,http://stdigitalthermometer.info,#phishing,https://x.com/TKemmerling/status/2096730589789647171
2026-09-06 22:57:07,TKemmerling,domain,thebitcoincenter.info,#phishing,https://x.com/TKemmerling/status/2096734469248152040
2026-09-06 22:57:07,TKemmerling,url,http://thebitcoincenter.info,#phishing,https://x.com/TKemmerling/status/2096734469248152040
2026-09-06 23:08:30,masaomi346,domain,sasioncarid-mustee.com,#malware #phishing,https://x.com/masaomi346/status/2096737331822870785
2026-09-06 23:08:30,masaomi346,url,https://sasioncarid-mustee.com,#malware #phishing,https://x.com/masaomi346/status/2096737331822870785
2026-09-06 23:08:30,masaomi346,domain,sasioncarid-iwang.com,#malware #phishing,https://x.com/masaomi346/status/2096737331822870785
2026-09-06 23:08:30,masaomi346,url,https://sasioncarid-iwang.com,#malware #phishing,https://x.com/masaomi346/status/2096737331822870785
2026-09-06 23:08:30,masaomi346,sha256,e8bcc50bb4e0b1b1a31e06ec2646efb087e1db006f47df9326ac3fb1f5107a44,#malware #phishing,https://x.com/masaomi346/status/2096737331822870785
2026-09-06 23:21:49,masaomi346,domain,raku-point-cebinde.com,#malware #phishing,https://x.com/masaomi346/status/2096740683130478686
2026-09-06 23:21:49,masaomi346,url,https://raku-point-cebinde.com,#malware #phishing,https://x.com/masaomi346/status/2096740683130478686
2026-09-06 23:21:49,masaomi346,domain,raku-point-exinxi.com,#malware #phishing,https://x.com/masaomi346/status/2096740683130478686
2026-09-06 23:21:49,masaomi346,url,https://raku-point-exinxi.com,#malware #phishing,https://x.com/masaomi346/status/2096740683130478686
2026-09-06 23:21:49,masaomi346,domain,raku-point-ianzi.com,#malware #phishing,https://x.com/masaomi346/status/2096740683130478686
2026-09-06 23:21:49,masaomi346,url,https://raku-point-ianzi.com,#malware #phishing,https://x.com/masaomi346/status/2096740683130478686
2026-09-06 23:21:49,masaomi346,sha256,4aff912fec45ec1d4b76ea31dd13dff961131361cef8291ebfa4e38330f1807a,#malware #phishing,https://x.com/masaomi346/status/2096740683130478686
2026-09-06 23:27:03,TKemmerling,domain,caturchiropractic.info,#phishing,https://x.com/TKemmerling/status/2096741999974158698
2026-09-06 23:27:03,TKemmerling,url,http://caturchiropractic.info,#phishing,https://x.com/TKemmerling/status/2096741999974158698
2026-09-07 01:30:03,scanmalware,domain,vormavi-gld-felmora-p4t8kh35.pages.dev,#ransomware,https://x.com/scanmalware/status/2096772956705747064
2026-09-07 01:30:03,scanmalware,url,http://vormavi-gld-felmora-p4t8kh35.pages.dev,#ransomware,https://x.com/scanmalware/status/2096772956705747064
2026-09-07 03:57:58,mugu_reporter,domain,quantum-forgex.com,#scam,https://x.com/mugu_reporter/status/2096810181740925241
2026-09-07 03:57:58,mugu_reporter,url,http://quantum-forgex.com,#scam,https://x.com/mugu_reporter/status/2096810181740925241
2026-09-07 05:17:53,Metemcyber,domain,cam-ana-jp.smpoodle.com,#phishing,https://x.com/Metemcyber/status/2096830293349167331
2026-09-07 05:17:53,Metemcyber,url,https://cam-ana-jp.smpoodle.com/security/ap/loginlogout/login/creditlimit/inquirycreditlimit/D10203840,#phishing,https://x.com/Metemcyber/status/2096830293349167331
2026-09-07 05:17:53,Metemcyber,url,http://107.149.105.29,#phishing,https://x.com/Metemcyber/status/2096830293349167331
2026-09-07 05:17:53,Metemcyber,ip,107.149.105.29,#phishing,https://x.com/Metemcyber/status/2096830293349167331
2026-09-07 05:42:51,Metemcyber,domain,rnwm.fpewppc.cn,#phishing,https://x.com/Metemcyber/status/2096836573614719229
2026-09-07 05:42:51,Metemcyber,url,https://rnwm.fpewppc.cn/ap/signin,#phishing,https://x.com/Metemcyber/status/2096836573614719229
2026-09-07 05:42:51,Metemcyber,url,http://43.165.128.22,#phishing,https://x.com/Metemcyber/status/2096836573614719229
2026-09-07 05:42:51,Metemcyber,ip,43.165.128.22,#phishing,https://x.com/Metemcyber/status/2096836573614719229
2026-09-07 05:47:09,Metemcyber,domain,stupfication.5s7htk.info,#phishing,https://x.com/Metemcyber/status/2096837658970570922
2026-09-07 05:47:09,Metemcyber,url,https://stupfication.5s7htk.info/g3EArg/jp,#phishing,https://x.com/Metemcyber/status/2096837658970570922
2026-09-07 05:47:09,Metemcyber,url,http://43.165.167.152,#phishing,https://x.com/Metemcyber/status/2096837658970570922
2026-09-07 05:47:09,Metemcyber,ip,43.165.167.152,#phishing,https://x.com/Metemcyber/status/2096837658970570922
2026-09-07 05:56:39,Metemcyber,url,http://43.165.196.142,#phishing,https://x.com/Metemcyber/status/2096840046892741059
2026-09-07 05:56:39,Metemcyber,ip,43.165.196.142,#phishing,https://x.com/Metemcyber/status/2096840046892741059
2026-09-07 06:07:42,tdatwja,url,http://202.146.222.95:443,,https://x.com/tdatwja/status/2096842830446838090
2026-09-07 06:07:42,tdatwja,ip,202.146.222.95,,https://x.com/tdatwja/status/2096842830446838090
2026-09-07 06:19:32,masaomi346,domain,xwmgm.com,#phishing,https://x.com/masaomi346/status/2096845804996890932
2026-09-07 06:19:32,masaomi346,url,https://xwmgm.com/login,#phishing,https://x.com/masaomi346/status/2096845804996890932
2026-09-07 07:01:19,phishunt_io,domain,https-wwwv-roblox.co,#phishing,https://x.com/phishunt_io/status/2096856321370763669
2026-09-07 07:01:19,phishunt_io,url,http://https-wwwv-roblox.co/login?returnUrl=288280197,#phishing,https://x.com/phishunt_io/status/2096856321370763669
2026-09-07 07:36:54,bomccss,sha256,bf1d4b7e256454bfadfc2ed1931110fd6ee41294b70df70e0b5deb573ae802fc,,https://x.com/bomccss/status/2096865276533080401
2026-09-07 07:38:23,bomccss,domain,e4211926_01_s461.zip,,https://x.com/bomccss/status/2096865650732142704
2026-09-07 07:38:23,bomccss,sha256,d97dae8f8aafa75dd7c13e3b3018cbb3667bb8d990bd4fac1aee54ad492a51e6,,https://x.com/bomccss/status/2096865650732142704
2026-09-07 08:56:38,OpcodeIntel,md5,a6ff971e8397ad0c2e4b635ca1ac7d32,#malware,https://x.com/OpcodeIntel/status/2096885340552540648
2026-09-07 10:00:05,phatomcandle,domain,lucidware.click,#APT #malware,https://x.com/phatomcandle/status/2096901311593943527
2026-09-07 10:00:05,phatomcandle,url,http://lucidware.click,#APT #malware,https://x.com/phatomcandle/status/2096901311593943527
2026-09-07 11:35:14,suyog41,md5,54f26190e57f196c26b8cb3b6168424e,,https://x.com/suyog41/status/2096925256661295607
2026-09-07 12:01:08,phishunt_io,domain,watco.microsoft-notifcation.com,#phishing,https://x.com/phishunt_io/status/2096931771958862091
2026-09-07 12:01:08,phishunt_io,url,http://watco.microsoft-notifcation.com/wa4d1737192/78b65c00e4993df97452c88c/index.php?id=60f29657ebf9c47f483976bd43ae,#phishing,https://x.com/phishunt_io/status/2096931771958862091
2026-09-07 12:01:08,phishunt_io,ip,3.145.232.22,#phishing,https://x.com/phishunt_io/status/2096931771958862091
2026-09-07 12:21:24,_AkatsukiLegion,url,http://124.223.221.83:9999,#C2 #CobaltStrike,https://x.com/_AkatsukiLegion/status/2096936872945561692
2026-09-07 12:21:24,_AkatsukiLegion,ip,124.223.221.83,#C2 #CobaltStrike,https://x.com/_AkatsukiLegion/status/2096936872945561692
2026-09-07 12:36:19,nextronresearch,sha256,3063285af5c7586ad04178c52b55da2bc1970cb7ae4fadba2195ad4a3fb8ac50,,https://x.com/nextronresearch/status/2066497577206325421
2026-09-07 12:36:19,nextronresearch,sha256,befcffc4494e71f0efa03db4b3cfb71f72eab2ee9b406e867569062f238d4c3b,,https://x.com/nextronresearch/status/2066497577206325421
2026-09-07 12:36:19,nextronresearch,sha256,abfac8026d1974220871568caf9344cbffed19a184ff098c0912ffbb4f1e42d5,,https://x.com/nextronresearch/status/2066497577206325421
2026-09-07 12:36:19,nextronresearch,sha256,853ed3a26188e4cd89db50ebf50dd0c7b9392c056f637ba3af042c0156877a65,,https://x.com/nextronresearch/status/2066497577206325421
2026-09-07 13:01:18,klawlikula,domain,yylfoli.com,#phishing,https://x.com/klawlikula/status/2096946913559863439
2026-09-07 13:01:18,klawlikula,url,https://yylfoli.com,#phishing,https://x.com/klawlikula/status/2096946913559863439
2026-09-07 13:01:18,klawlikula,url,http://31.210.61.15,#phishing,https://x.com/klawlikula/status/2096946913559863439
2026-09-07 13:01:18,klawlikula,ip,31.210.61.15,#phishing,https://x.com/klawlikula/status/2096946913559863439
2026-09-07 13:51:04,500mk500,domain,omeglebang.lol,,https://x.com/500mk500/status/2096959437965582356
2026-09-07 13:51:04,500mk500,url,http://omeglebang.lol,,https://x.com/500mk500/status/2096959437965582356
2026-09-07 17:01:24,phishunt_io,domain,robloxr.com.es,#phishing,https://x.com/phishunt_io/status/2097007335986045035
2026-09-07 17:01:24,phishunt_io,url,http://robloxr.com.es/login?returlUrl=1179291790,#phishing,https://x.com/phishunt_io/status/2097007335986045035
2026-09-07 17:01:24,phishunt_io,ip,203.175.9.165,#phishing,https://x.com/phishunt_io/status/2097007335986045035
2026-09-07 17:02:48,Hunters_Ledger,url,http://193.233.202.17,#Sliver,https://x.com/Hunters_Ledger/status/2097007691503656974
2026-09-07 20:14:09,SansLimit3,domain,kairostksc.com,#ClickFix,https://x.com/SansLimit3/status/2097055844076769332
2026-09-07 20:14:09,SansLimit3,url,http://kairostksc.com,#ClickFix,https://x.com/SansLimit3/status/2097055844076769332
2026-09-07 20:14:09,SansLimit3,domain,biobkliaum.live,#ClickFix,https://x.com/SansLimit3/status/2097055844076769332
2026-09-07 20:14:09,SansLimit3,url,http://biobkliaum.live,#ClickFix,https://x.com/SansLimit3/status/2097055844076769332
2026-09-07 20:14:09,SansLimit3,domain,lovezramexar.info,#ClickFix,https://x.com/SansLimit3/status/2097055844076769332
2026-09-07 20:14:09,SansLimit3,url,http://lovezramexar.info,#ClickFix,https://x.com/SansLimit3/status/2097055844076769332
2026-09-07 20:14:09,SansLimit3,domain,uranbokachok.com,#ClickFix,https://x.com/SansLimit3/status/2097055844076769332
2026-09-07 20:14:09,SansLimit3,url,http://uranbokachok.com,#ClickFix,https://x.com/SansLimit3/status/2097055844076769332
2026-09-07 20:14:09,SansLimit3,domain,iwannagetmoremoney.beer,#ClickFix,https://x.com/SansLimit3/status/2097055844076769332
2026-09-07 20:14:09,SansLimit3,url,http://iwannagetmoremoney.beer,#ClickFix,https://x.com/SansLimit3/status/2097055844076769332
2026-09-07 20:14:09,SansLimit3,domain,wheremymoney.beer,#ClickFix,https://x.com/SansLimit3/status/2097055844076769332
2026-09-07 20:14:09,SansLimit3,url,http://wheremymoney.beer,#ClickFix,https://x.com/SansLimit3/status/2097055844076769332
2026-09-07 20:14:09,SansLimit3,domain,verifyrecapcha.info,#ClickFix,https://x.com/SansLimit3/status/2097055844076769332
2026-09-07 20:14:09,SansLimit3,url,http://verifyrecapcha.info,#ClickFix,https://x.com/SansLimit3/status/2097055844076769332
2026-09-07 20:14:09,SansLimit3,domain,makeverizyiar.info,#ClickFix,https://x.com/SansLimit3/status/2097055844076769332
2026-09-07 20:14:09,SansLimit3,url,http://makeverizyiar.info,#ClickFix,https://x.com/SansLimit3/status/2097055844076769332
2026-09-07 20:14:09,SansLimit3,url,http://95.163.152.97,#ClickFix,https://x.com/SansLimit3/status/2097055844076769332
2026-09-07 20:14:09,SansLimit3,url,http://213.108.22.160:8133,#ClickFix,https://x.com/SansLimit3/status/2097055844076769332
2026-09-07 20:14:09,SansLimit3,ip,95.163.152.97,#ClickFix,https://x.com/SansLimit3/status/2097055844076769332
2026-09-07 20:14:09,SansLimit3,ip,213.108.22.160,#ClickFix,https://x.com/SansLimit3/status/2097055844076769332
2026-09-07 21:03:02,0xb1lal,ip,207.174.0.143,#malware,https://x.com/0xb1lal/status/2097068147303956740
2026-09-07 22:49:11,skocherhan,domain,mlogin.secure-access-login.com,#phishing,https://x.com/skocherhan/status/2097094859790168464
2026-09-07 22:49:11,skocherhan,url,http://mlogin.secure-access-login.com,#phishing,https://x.com/skocherhan/status/2097094859790168464
2026-09-07 23:15:37,masaomi346,domain,raku-point-ensheng.com,#malware #phishing,https://x.com/masaomi346/status/2097101512111763734
2026-09-07 23:15:37,masaomi346,url,https://raku-point-ensheng.com,#malware #phishing,https://x.com/masaomi346/status/2097101512111763734
2026-09-07 23:15:37,masaomi346,domain,raku-point-karpet.com,#malware #phishing,https://x.com/masaomi346/status/2097101512111763734
2026-09-07 23:15:37,masaomi346,url,https://raku-point-karpet.com,#malware #phishing,https://x.com/masaomi346/status/2097101512111763734
2026-09-07 23:15:37,masaomi346,domain,raku-point-oltys.com,#malware #phishing,https://x.com/masaomi346/status/2097101512111763734
2026-09-07 23:15:37,masaomi346,url,https://raku-point-oltys.com,#malware #phishing,https://x.com/masaomi346/status/2097101512111763734
2026-09-07 23:15:37,masaomi346,domain,raku-point-style.com,#malware #phishing,https://x.com/masaomi346/status/2097101512111763734
2026-09-07 23:15:37,masaomi346,url,https://raku-point-style.com,#malware #phishing,https://x.com/masaomi346/status/2097101512111763734
2026-09-07 23:15:37,masaomi346,domain,raku-point-unda.com,#malware #phishing,https://x.com/masaomi346/status/2097101512111763734
2026-09-07 23:15:37,masaomi346,url,https://raku-point-unda.com,#malware #phishing,https://x.com/masaomi346/status/2097101512111763734
2026-09-07 23:15:37,masaomi346,sha256,e54547acd2ea50f587fcd408071ecff353d523e9f5488e44eb0b00e7b7a50bfb,#malware #phishing,https://x.com/masaomi346/status/2097101512111763734
2026-09-08 01:22:34,TKemmerling,domain,bigbrekky.com,#phishing,https://x.com/TKemmerling/status/2097133461471711607
2026-09-08 01:22:34,TKemmerling,url,http://bigbrekky.com,#phishing,https://x.com/TKemmerling/status/2097133461471711607
2026-09-08 01:38:04,TKemmerling,domain,prosperitydock.info,#phishing,https://x.com/TKemmerling/status/2097137362967138667
2026-09-08 01:38:04,TKemmerling,url,http://prosperitydock.info,#phishing,https://x.com/TKemmerling/status/2097137362967138667
2026-09-08 01:38:04,TKemmerling,domain,moneycedarvale.com,#phishing,https://x.com/TKemmerling/status/2097137362967138667
2026-09-08 01:38:04,TKemmerling,url,http://moneycedarvale.com,#phishing,https://x.com/TKemmerling/status/2097137362967138667
2026-09-08 01:52:57,TKemmerling,domain,nsbpay.com,#phishing,https://x.com/TKemmerling/status/2097141105217380533
2026-09-08 01:52:57,TKemmerling,url,http://nsbpay.com,#phishing,https://x.com/TKemmerling/status/2097141105217380533
2026-09-08 02:07:51,TKemmerling,domain,theoioalclumnist.com,#phishing,https://x.com/TKemmerling/status/2097144855516639402
2026-09-08 02:07:51,TKemmerling,url,http://theoioalclumnist.com,#phishing,https://x.com/TKemmerling/status/2097144855516639402
2026-09-08 02:22:56,TKemmerling,domain,kivokeyline.com,#phishing,https://x.com/TKemmerling/status/2097148650950684970
2026-09-08 02:22:56,TKemmerling,url,http://kivokeyline.com,#phishing,https://x.com/TKemmerling/status/2097148650950684970
2026-09-08 02:25:18,bomccss,domain,税務報告書.zip,,https://x.com/bomccss/status/2097149249226203236
2026-09-08 02:25:18,bomccss,url,http://税務報告書.zip,,https://x.com/bomccss/status/2097149249226203236
2026-09-08 02:34:00,masaomi346,domain,dslld.com,#phishing,https://x.com/masaomi346/status/2097151438342467850
2026-09-08 02:34:00,masaomi346,url,https://dslld.com/login,#phishing,https://x.com/masaomi346/status/2097151438342467850
2026-09-08 02:38:02,TKemmerling,domain,granitepointmedia.fun,#phishing,https://x.com/TKemmerling/status/2097152450742640758
2026-09-08 02:38:02,TKemmerling,url,http://granitepointmedia.fun,#phishing,https://x.com/TKemmerling/status/2097152450742640758
2026-09-08 02:52:55,TKemmerling,domain,tiernrinting.com,#phishing,https://x.com/TKemmerling/status/2097156197149466692
2026-09-08 02:52:55,TKemmerling,url,http://tiernrinting.com,#phishing,https://x.com/TKemmerling/status/2097156197149466692
2026-09-08 03:08:06,TKemmerling,domain,speedymarqueeonline.info,#phishing,https://x.com/TKemmerling/status/2097160019448046062
2026-09-08 03:08:06,TKemmerling,url,http://speedymarqueeonline.info,#phishing,https://x.com/TKemmerling/status/2097160019448046062
2026-09-08 03:38:04,TKemmerling,domain,glowvarietyshow.com,#phishing,https://x.com/TKemmerling/status/2097167562115268929
2026-09-08 03:38:04,TKemmerling,url,http://glowvarietyshow.com,#phishing,https://x.com/TKemmerling/status/2097167562115268929
2026-09-08 04:08:16,TKemmerling,domain,yancha123.com,#phishing,https://x.com/TKemmerling/status/2097175159409107124
2026-09-08 04:08:16,TKemmerling,url,http://yancha123.com,#phishing,https://x.com/TKemmerling/status/2097175159409107124
2026-09-08 04:38:00,TKemmerling,domain,ongannanzhuang.info,#phishing,https://x.com/TKemmerling/status/2097182641154048356
2026-09-08 04:38:00,TKemmerling,url,http://ongannanzhuang.info,#phishing,https://x.com/TKemmerling/status/2097182641154048356
2026-09-08 05:08:13,TKemmerling,domain,nimblemevia.com,#phishing,https://x.com/TKemmerling/status/2097190248476475466
2026-09-08 05:08:13,TKemmerling,url,http://nimblemevia.com,#phishing,https://x.com/TKemmerling/status/2097190248476475466
2026-09-08 05:10:52,scanmalware,domain,sso-godaddy-mxnbwzhrnswmmlwvkrtfdufx.pages.dev,#phishing,https://x.com/scanmalware/status/2097190913382490126
2026-09-08 05:10:52,scanmalware,url,http://sso-godaddy-mxnbwzhrnswmmlwvkrtfdufx.pages.dev,#phishing,https://x.com/scanmalware/status/2097190913382490126
2026-09-08 05:23:22,TKemmerling,domain,coasthaorhoper.com,#phishing,https://x.com/TKemmerling/status/2097194058443902993
2026-09-08 05:23:22,TKemmerling,url,http://coasthaorhoper.com,#phishing,https://x.com/TKemmerling/status/2097194058443902993
2026-09-08 05:38:33,OpcodeIntel,md5,b490a223f931af6efe4be92dfdef4622,#malware,https://x.com/OpcodeIntel/status/2097197880650162260
2026-09-08 07:00:57,phishunt_io,domain,barclaysrewards-7bp3hxawof.edgeone.app,#phishing,https://x.com/phishunt_io/status/2097218619293745191
2026-09-08 07:00:57,phishunt_io,url,http://barclaysrewards-7bp3hxawof.edgeone.app,#phishing,https://x.com/phishunt_io/status/2097218619293745191
2026-09-08 07:00:57,phishunt_io,ip,101.33.10.10,#phishing,https://x.com/phishunt_io/status/2097218619293745191
2026-09-08 10:00:03,phatomcandle,domain,for8service.net,#APT #C2 #malware,https://x.com/phatomcandle/status/2097263690961842296
2026-09-08 10:00:03,phatomcandle,url,http://for8service.net,#APT #C2 #malware,https://x.com/phatomcandle/status/2097263690961842296
2026-09-08 10:07:40,nextronresearch,md5,a26abe238cc339da81f4853ab16e1a6a,,https://x.com/nextronresearch/status/2097265605183234075
2026-09-08 10:07:40,nextronresearch,md5,924c410a520e6dc9aa1118474d9eb354,,https://x.com/nextronresearch/status/2097265605183234075
2026-09-08 11:26:51,Coolcarlos17,domain,site-maga-zine-luiza.com,#phishing #scam,https://x.com/Coolcarlos17/status/2097285534888460534
2026-09-08 11:26:51,Coolcarlos17,url,https://site-maga-zine-luiza.com/produto/escada-articulada-de-aluminio-12-degraus-350-metros-de-altura,#phishing #scam,https://x.com/Coolcarlos17/status/2097285534888460534
2026-09-08 12:01:57,phishunt_io,domain,trezorzlatovna.com,#phishing,https://x.com/phishunt_io/status/2097294368604299593
2026-09-08 12:01:57,phishunt_io,url,http://trezorzlatovna.com,#phishing,https://x.com/phishunt_io/status/2097294368604299593
2026-09-08 12:01:57,phishunt_io,ip,158.94.210.119,#phishing,https://x.com/phishunt_io/status/2097294368604299593
2026-09-08 12:31:22,masaomi346,domain,aexshorthoaod.05cy1a.info,#phishing,https://x.com/masaomi346/status/2097301770926199116
2026-09-08 12:31:22,masaomi346,url,https://aexshorthoaod.05cy1a.info/2ymmlo/hepe,#phishing,https://x.com/masaomi346/status/2097301770926199116
2026-09-08 12:33:01,webamon_search,domain,sqllq.com,,https://x.com/webamon_search/status/2097302183872024687
2026-09-08 12:33:01,webamon_search,url,http://sqllq.com,,https://x.com/webamon_search/status/2097302183872024687
2026-09-08 13:02:12,klawlikula,domain,jsmyvlm.com,#phishing,https://x.com/klawlikula/status/2097309529566294150
2026-09-08 13:02:12,klawlikula,url,https://jsmyvlm.com,#phishing,https://x.com/klawlikula/status/2097309529566294150
2026-09-08 13:02:12,klawlikula,url,http://103.136.41.20,#phishing,https://x.com/klawlikula/status/2097309529566294150
2026-09-08 13:02:12,klawlikula,ip,103.136.41.20,#phishing,https://x.com/klawlikula/status/2097309529566294150
2026-09-08 14:25:01,masaomi346,domain,pesgsa.zoyrd.com,#malware #phishing,https://x.com/masaomi346/status/2097330368571679058
2026-09-08 14:25:01,masaomi346,sha256,2008cf095265e079d97c690548b5da67c92e403077e835f2e6a99180358af4ab,#malware #phishing,https://x.com/masaomi346/status/2097330368571679058
2026-09-08 17:00:58,phishunt_io,domain,whatsapp.viewclass.com,#phishing,https://x.com/phishunt_io/status/2097369618239169012
2026-09-08 17:00:58,phishunt_io,url,http://whatsapp.viewclass.com/login,#phishing,https://x.com/phishunt_io/status/2097369618239169012
2026-09-08 20:34:12,PhishStats,domain,caresolution.org,#phishing,https://x.com/PhishStats/status/2097423279682134234
2026-09-08 20:34:12,PhishStats,url,https://caresolution.org/fkg1huc/wsfxp1q/texrpuo/nav/index.php,#phishing,https://x.com/PhishStats/status/2097423279682134234
2026-09-08 20:34:12,PhishStats,ip,173.231.206.234,#phishing,https://x.com/PhishStats/status/2097423279682134234
2026-09-08 21:18:44,0xb1lal,ip,179.43.175.2,,https://x.com/0xb1lal/status/2097434486124290416
2026-09-08 23:08:50,masaomi346,domain,rakupoint-rwunda.com,#malware #phishing,https://x.com/masaomi346/status/2097462191628890623
2026-09-08 23:08:50,masaomi346,url,https://rakupoint-rwunda.com,#malware #phishing,https://x.com/masaomi346/status/2097462191628890623
2026-09-08 23:08:50,masaomi346,domain,rakupoint-nsoltys.com,#malware #phishing,https://x.com/masaomi346/status/2097462191628890623
2026-09-08 23:08:50,masaomi346,url,https://rakupoint-nsoltys.com,#malware #phishing,https://x.com/masaomi346/status/2097462191628890623
2026-09-08 23:08:50,masaomi346,domain,rakupoint-iaoyu.com,#malware #phishing,https://x.com/masaomi346/status/2097462191628890623
2026-09-08 23:08:50,masaomi346,url,https://rakupoint-iaoyu.com,#malware #phishing,https://x.com/masaomi346/status/2097462191628890623
2026-09-08 23:08:50,masaomi346,domain,rakupoint-edjacket.com,#malware #phishing,https://x.com/masaomi346/status/2097462191628890623
2026-09-08 23:08:50,masaomi346,url,https://rakupoint-edjacket.com,#malware #phishing,https://x.com/masaomi346/status/2097462191628890623
2026-09-08 23:08:50,masaomi346,domain,ruceive-rakntanpointapp.com,#malware #phishing,https://x.com/masaomi346/status/2097462191628890623
2026-09-08 23:08:50,masaomi346,url,https://ruceive-rakntanpointapp.com,#malware #phishing,https://x.com/masaomi346/status/2097462191628890623
2026-09-08 23:08:50,masaomi346,sha256,e7971adbcf4003beadd07b03ba563d09333ac954fe684ae31cfe1c831b3dad9b,#malware #phishing,https://x.com/masaomi346/status/2097462191628890623
2026-09-08 23:14:11,TKemmerling,domain,policyprotecthub.com,#phishing,https://x.com/TKemmerling/status/2097463539959251251
2026-09-08 23:14:11,TKemmerling,url,http://policyprotecthub.com,#phishing,https://x.com/TKemmerling/status/2097463539959251251
2026-09-08 23:30:44,TKemmerling,domain,toxandcleansecomplete.info,#phishing,https://x.com/TKemmerling/status/2097467703045013762
2026-09-08 23:30:44,TKemmerling,url,http://toxandcleansecomplete.info,#phishing,https://x.com/TKemmerling/status/2097467703045013762
2026-09-09 00:00:53,TKemmerling,domain,agenziaunipolsairoma.info,#phishing,https://x.com/TKemmerling/status/2097475291543433571
2026-09-09 00:00:53,TKemmerling,url,http://agenziaunipolsairoma.info,#phishing,https://x.com/TKemmerling/status/2097475291543433571
2026-09-09 00:15:27,TKemmerling,domain,ekrittersitter.info,#phishing,https://x.com/TKemmerling/status/2097478959072153845
2026-09-09 00:15:27,TKemmerling,url,http://ekrittersitter.info,#phishing,https://x.com/TKemmerling/status/2097478959072153845
2026-09-09 00:30:27,TKemmerling,domain,nutriprimehealth.info,#phishing,https://x.com/TKemmerling/status/2097482730728731037
2026-09-09 00:30:27,TKemmerling,url,http://nutriprimehealth.info,#phishing,https://x.com/TKemmerling/status/2097482730728731037
2026-09-09 00:45:24,TKemmerling,domain,adirondacsherpa.info,#phishing,https://x.com/TKemmerling/status/2097486493501870226
2026-09-09 00:45:24,TKemmerling,url,http://adirondacsherpa.info,#phishing,https://x.com/TKemmerling/status/2097486493501870226
2026-09-09 01:00:31,TKemmerling,domain,oskatrace.com,#phishing,https://x.com/TKemmerling/status/2097490297483931809
2026-09-09 01:00:31,TKemmerling,url,http://oskatrace.com,#phishing,https://x.com/TKemmerling/status/2097490297483931809
2026-09-09 01:15:13,TKemmerling,domain,casibom0862.com,#phishing,https://x.com/TKemmerling/status/2097493997430378865
2026-09-09 01:15:13,TKemmerling,url,http://casibom0862.com,#phishing,https://x.com/TKemmerling/status/2097493997430378865
2026-09-09 01:30:27,TKemmerling,domain,budgetweddingplanner.info,#phishing,https://x.com/TKemmerling/status/2097497834044198944
2026-09-09 01:30:27,TKemmerling,url,http://budgetweddingplanner.info,#phishing,https://x.com/TKemmerling/status/2097497834044198944
2026-09-09 01:45:23,TKemmerling,domain,cldtestin.s3.us-east-1.amazonaws.com,#phishing,https://x.com/TKemmerling/status/2097501590672576599
2026-09-09 01:45:23,TKemmerling,url,http://cldtestin.s3.us-east-1.amazonaws.com,#phishing,https://x.com/TKemmerling/status/2097501590672576599
2026-09-09 01:48:37,FsecIntelEs,domain,eclipse4g5kxfwsvpu4qx5sdcnrji6gxl5gt67bucjlgt35g7akvjoid.onion,#ransomware,https://x.com/FsecIntelEs/status/2097502404136603661
2026-09-09 01:48:37,FsecIntelEs,url,http://eclipse4g5kxfwsvpu4qx5sdcnrji6gxl5gt67bucjlgt35g7akvjoid.onion,#ransomware,https://x.com/FsecIntelEs/status/2097502404136603661
2026-09-09 02:01:29,TKemmerling,domain,icubedtecnologies.info,#phishing,https://x.com/TKemmerling/status/2097505641770483726
2026-09-09 02:01:29,TKemmerling,url,http://icubedtecnologies.info,#phishing,https://x.com/TKemmerling/status/2097505641770483726
2026-09-09 03:38:43,masaomi346,domain,prime.madjizz.com,#phishing,https://x.com/masaomi346/status/2097530112610857369
2026-09-09 03:38:43,masaomi346,url,https://www.prime.madjizz.com/Primes/Login/Singin/APP/servers/openid/return_to=3A2F,#phishing,https://x.com/masaomi346/status/2097530112610857369
2026-09-09 03:52:08,TKemmerling,domain,speedymarqueeonline.info,#phishing,https://x.com/TKemmerling/status/2097533487536599296
2026-09-09 03:52:08,TKemmerling,url,http://speedymarqueeonline.info,#phishing,https://x.com/TKemmerling/status/2097533487536599296
2026-09-09 04:00:38,TKemmerling,domain,theoioalclumnist.com,#phishing,https://x.com/TKemmerling/status/2097535626610667530
2026-09-09 04:00:38,TKemmerling,url,http://theoioalclumnist.com,#phishing,https://x.com/TKemmerling/status/2097535626610667530
2026-09-09 04:15:57,TKemmerling,domain,wholenura.com,#phishing,https://x.com/TKemmerling/status/2097539482073665610
2026-09-09 04:15:57,TKemmerling,url,http://wholenura.com,#phishing,https://x.com/TKemmerling/status/2097539482073665610
2026-09-09 04:30:31,TKemmerling,domain,policysshieldpro.com,#phishing,https://x.com/TKemmerling/status/2097543146351759462
2026-09-09 04:30:31,TKemmerling,url,http://policysshieldpro.com,#phishing,https://x.com/TKemmerling/status/2097543146351759462
2026-09-09 04:45:53,TKemmerling,domain,lyravelvet.com,#phishing,https://x.com/TKemmerling/status/2097547012963205200
2026-09-09 04:45:53,TKemmerling,url,http://lyravelvet.com,#phishing,https://x.com/TKemmerling/status/2097547012963205200
2026-09-09 05:00:35,TKemmerling,domain,celocozy.com,#phishing,https://x.com/TKemmerling/status/2097550714285519217
2026-09-09 05:00:35,TKemmerling,url,http://celocozy.com,#phishing,https://x.com/TKemmerling/status/2097550714285519217
2026-09-09 05:15:44,TKemmerling,domain,post.xero.com,#phishing,https://x.com/TKemmerling/status/2097554524915560853
2026-09-09 05:15:44,TKemmerling,url,http://post.xero.com,#phishing,https://x.com/TKemmerling/status/2097554524915560853
2026-09-09 05:30:43,TKemmerling,domain,arvispark.com,#phishing,https://x.com/TKemmerling/status/2097558296949567865
2026-09-09 05:30:43,TKemmerling,url,http://arvispark.com,#phishing,https://x.com/TKemmerling/status/2097558296949567865
2026-09-09 05:45:44,TKemmerling,domain,cyraecraft.com,#phishing,https://x.com/TKemmerling/status/2097562075493253191
2026-09-09 05:45:44,TKemmerling,url,http://cyraecraft.com,#phishing,https://x.com/TKemmerling/status/2097562075493253191
2026-09-09 06:00:28,TKemmerling,domain,flatpackcabiinfos.info,#phishing,https://x.com/TKemmerling/status/2097565783501193676
2026-09-09 06:00:28,TKemmerling,url,http://flatpackcabiinfos.info,#phishing,https://x.com/TKemmerling/status/2097565783501193676
2026-09-09 06:14:18,masaomi346,domain,poiwalsd.com,#malware #phishing,https://x.com/masaomi346/status/2097569267084652947
2026-09-09 06:14:18,masaomi346,url,https://poiwalsd.com,#malware #phishing,https://x.com/masaomi346/status/2097569267084652947
2026-09-09 06:14:18,masaomi346,domain,piwuaskdas.com,#malware #phishing,https://x.com/masaomi346/status/2097569267084652947
2026-09-09 06:14:18,masaomi346,url,https://piwuaskdas.com,#malware #phishing,https://x.com/masaomi346/status/2097569267084652947
2026-09-09 06:14:18,masaomi346,domain,uiolasdd.com,#malware #phishing,https://x.com/masaomi346/status/2097569267084652947
2026-09-09 06:14:18,masaomi346,url,https://uiolasdd.com,#malware #phishing,https://x.com/masaomi346/status/2097569267084652947
2026-09-09 06:14:18,masaomi346,domain,uiopowas.com,#malware #phishing,https://x.com/masaomi346/status/2097569267084652947
2026-09-09 06:14:18,masaomi346,url,https://uiopowas.com,#malware #phishing,https://x.com/masaomi346/status/2097569267084652947
2026-09-09 06:14:18,masaomi346,domain,wuopqas.com,#malware #phishing,https://x.com/masaomi346/status/2097569267084652947
2026-09-09 06:14:18,masaomi346,url,https://wuopqas.com,#malware #phishing,https://x.com/masaomi346/status/2097569267084652947
2026-09-09 06:14:18,masaomi346,sha256,acb72958bca07ee272ac3c247328f799a1bf596bc86051c8269b9cfe7f2e99f9,#malware #phishing,https://x.com/masaomi346/status/2097569267084652947
2026-09-09 06:16:36,TKemmerling,domain,valledaostaconvention.info,#phishing,https://x.com/TKemmerling/status/2097569846359896357
2026-09-09 06:16:36,TKemmerling,url,http://valledaostaconvention.info,#phishing,https://x.com/TKemmerling/status/2097569846359896357
2026-09-09 06:45:48,TKemmerling,domain,truenorthworks.fun,#phishing,https://x.com/TKemmerling/status/2097577194499592419
2026-09-09 06:45:48,TKemmerling,url,http://truenorthworks.fun,#phishing,https://x.com/TKemmerling/status/2097577194499592419
2026-09-09 07:00:28,TKemmerling,domain,pinebridgedigital.shop,#phishing,https://x.com/TKemmerling/status/2097580881821241469
2026-09-09 07:00:28,TKemmerling,url,http://pinebridgedigital.shop,#phishing,https://x.com/TKemmerling/status/2097580881821241469
2026-09-09 07:15:27,TKemmerling,domain,harborstonegroup.shop,#phishing,https://x.com/TKemmerling/status/2097584656225071161
2026-09-09 07:15:27,TKemmerling,url,http://harborstonegroup.shop,#phishing,https://x.com/TKemmerling/status/2097584656225071161
2026-09-09 07:30:36,TKemmerling,domain,secondhandhouses.info,#phishing,https://x.com/TKemmerling/status/2097588467077419167
2026-09-09 07:30:36,TKemmerling,url,http://secondhandhouses.info,#phishing,https://x.com/TKemmerling/status/2097588467077419167
2026-09-09 07:45:32,TKemmerling,domain,illeseahwarrant.com,#phishing,https://x.com/TKemmerling/status/2097592224590766327
2026-09-09 07:45:32,TKemmerling,url,http://illeseahwarrant.com,#phishing,https://x.com/TKemmerling/status/2097592224590766327
2026-09-09 08:02:14,TKemmerling,domain,dealfluxo.com,#phishing,https://x.com/TKemmerling/status/2097596428029972634
2026-09-09 08:02:14,TKemmerling,url,http://dealfluxo.com,#phishing,https://x.com/TKemmerling/status/2097596428029972634
2026-09-09 08:15:43,TKemmerling,domain,primethreein.s3.us-east-1.amazonaws.com,#phishing,https://x.com/TKemmerling/status/2097599819644895519
2026-09-09 08:15:43,TKemmerling,url,http://primethreein.s3.us-east-1.amazonaws.com,#phishing,https://x.com/TKemmerling/status/2097599819644895519
2026-09-09 08:28:58,PhishStats,domain,allegro.92381928h75.rest,#phishing,https://x.com/PhishStats/status/2097603154166575425
2026-09-09 08:28:58,PhishStats,url,http://allegro.92381928h75.rest,#phishing,https://x.com/PhishStats/status/2097603154166575425
2026-09-09 08:31:10,TKemmerling,domain,foolthor.com,#phishing,https://x.com/TKemmerling/status/2097603709341671809
2026-09-09 08:31:10,TKemmerling,url,http://foolthor.com,#phishing,https://x.com/TKemmerling/status/2097603709341671809
2026-09-09 08:35:08,tdatwja,url,http://share.google/nTLeR766zLGnakZU4,,https://x.com/tdatwja/status/2097604707107934373
2026-09-09 08:45:28,TKemmerling,domain,belynooecho.com,#phishing,https://x.com/TKemmerling/status/2097607307425436099
2026-09-09 08:45:28,TKemmerling,url,http://belynooecho.com,#phishing,https://x.com/TKemmerling/status/2097607307425436099
2026-09-09 09:01:00,TKemmerling,domain,eampengencangpayudara.info,#phishing,https://x.com/TKemmerling/status/2097611215753408965
2026-09-09 09:01:00,TKemmerling,url,http://eampengencangpayudara.info,#phishing,https://x.com/TKemmerling/status/2097611215753408965
2026-09-09 09:15:26,TKemmerling,domain,uspsin.s3.us-east-1.amazonaws.com,#phishing,https://x.com/TKemmerling/status/2097614848624582913
2026-09-09 09:15:26,TKemmerling,url,http://uspsin.s3.us-east-1.amazonaws.com,#phishing,https://x.com/TKemmerling/status/2097614848624582913
2026-09-09 09:15:43,tdatwja,domain,jp.thkiind.com,,https://x.com/tdatwja/status/2097614922490454494
2026-09-09 09:15:43,tdatwja,url,http://jp.thkiind.com,,https://x.com/tdatwja/status/2097614922490454494
2026-09-09 09:23:17,tdatwja,md5,1b44f3a593c2e00e6f0a6dad7f8f1d74,,https://x.com/tdatwja/status/2097616823273562264
2026-09-09 09:23:17,tdatwja,sha256,d97dae8f8aafa75dd7c13e3b3018cbb3667bb8d990bd4fac1aee54ad492a51e6,,https://x.com/tdatwja/status/2097616823273562264
2026-09-09 10:00:03,phatomcandle,domain,k-cloud.login-accounts.dynu.net,#APT #C2 #Kimsuky #malware,https://x.com/phatomcandle/status/2097626078621966355
2026-09-09 10:00:03,phatomcandle,url,http://k-cloud.login-accounts.dynu.net,#APT #C2 #Kimsuky #malware,https://x.com/phatomcandle/status/2097626078621966355
2026-09-09 12:28:09,masaomi346,domain,poiwamsd.com,#malware #phishing,https://x.com/masaomi346/status/2097663346116010045
2026-09-09 12:28:09,masaomi346,url,https://poiwamsd.com,#malware #phishing,https://x.com/masaomi346/status/2097663346116010045
2026-09-09 12:28:09,masaomi346,domain,wuyouwaosd.com,#malware #phishing,https://x.com/masaomi346/status/2097663346116010045
2026-09-09 12:28:09,masaomi346,url,https://wuyouwaosd.com,#malware #phishing,https://x.com/masaomi346/status/2097663346116010045
2026-09-09 12:28:09,masaomi346,sha256,26354251b760fe4d70e9cecb60a2b98a80fcbd6a3377bd51c7c874c53a0f9d9f,#malware #phishing,https://x.com/masaomi346/status/2097663346116010045
2026-09-09 12:49:16,suyog41,url,http://github.com/xwrex327-coder,,https://x.com/suyog41/status/2097668662450675730
2026-09-09 12:49:16,suyog41,md5,06c28847ae844a6766e435e99185c052,,https://x.com/suyog41/status/2097668662450675730
2026-09-09 13:01:40,klawlikula,domain,luflzkx.com,#phishing,https://x.com/klawlikula/status/2097671781171560581
2026-09-09 13:01:40,klawlikula,url,https://luflzkx.com,#phishing,https://x.com/klawlikula/status/2097671781171560581
2026-09-09 13:01:40,klawlikula,url,http://103.136.41.20,#phishing,https://x.com/klawlikula/status/2097671781171560581
2026-09-09 13:01:40,klawlikula,ip,103.136.41.20,#phishing,https://x.com/klawlikula/status/2097671781171560581
2026-09-09 13:19:53,suyog41,domain,lewokodwqko.icu,#stealer,https://x.com/suyog41/status/2097676366120358233
2026-09-09 13:19:53,suyog41,url,http://lewokodwqko.icu,#stealer,https://x.com/suyog41/status/2097676366120358233
2026-09-09 13:19:53,suyog41,md5,0a0b4b40cf2a6db2e0be2070ba36a323,#stealer,https://x.com/suyog41/status/2097676366120358233
2026-09-09 16:51:19,harugasumi,domain,aexshorthoo26d.w287qb.info,#phishing,https://x.com/harugasumi/status/2097729577900724374
2026-09-09 16:51:19,harugasumi,url,https://aexshorthoo26d.w287qb.info/2ymmlo/hepe,#phishing,https://x.com/harugasumi/status/2097729577900724374
2026-09-09 16:51:19,harugasumi,ip,43.165.196.142,#phishing,https://x.com/harugasumi/status/2097729577900724374
2026-09-09 16:56:53,TKemmerling,domain,goodsecomfinder.com,#phishing,https://x.com/TKemmerling/status/2097730976386547720
2026-09-09 16:56:53,TKemmerling,url,http://goodsecomfinder.com,#phishing,https://x.com/TKemmerling/status/2097730976386547720
2026-09-09 17:39:36,TKemmerling,domain,nextgenshoppingcardeals.info,#phishing,https://x.com/TKemmerling/status/2097741726253535578
2026-09-09 17:39:36,TKemmerling,url,http://nextgenshoppingcardeals.info,#phishing,https://x.com/TKemmerling/status/2097741726253535578
2026-09-09 18:04:51,bomccss,url,https://share.google/nTLeR766zLGnakZU4,,https://x.com/bomccss/status/2097748082033299462
2026-09-09 18:05:55,bomccss,url,https://jp.thkiind.com,,https://x.com/bomccss/status/2097748351429247386
2026-09-09 18:05:55,bomccss,url,http://64.90.4.167,,https://x.com/bomccss/status/2097748351429247386
2026-09-09 18:05:55,bomccss,ip,64.90.4.167,,https://x.com/bomccss/status/2097748351429247386
2026-09-09 18:51:16,scanmalware,domain,navquro-gld-belxita-r6t2hc95.pages.dev,#ransomware,https://x.com/scanmalware/status/2097759763559796987
2026-09-09 18:51:16,scanmalware,url,http://navquro-gld-belxita-r6t2hc95.pages.dev,#ransomware,https://x.com/scanmalware/status/2097759763559796987
2026-09-09 21:05:27,TKemmerling,domain,financialmarkets.info,#phishing,https://x.com/TKemmerling/status/2097793529473044708
2026-09-09 21:05:27,TKemmerling,url,http://financialmarkets.info,#phishing,https://x.com/TKemmerling/status/2097793529473044708
2026-09-09 22:13:53,TKemmerling,domain,hnlytx.com,#phishing,https://x.com/TKemmerling/status/2097810751453090033
2026-09-09 22:13:53,TKemmerling,url,http://hnlytx.com,#phishing,https://x.com/TKemmerling/status/2097810751453090033
2026-09-09 22:39:56,masaomi346,domain,ruceive1-amoizanpointapp.com,#malware #phishing,https://x.com/masaomi346/status/2097817308073013458
2026-09-09 22:39:56,masaomi346,url,https://ruceive1-amoizanpointapp.com,#malware #phishing,https://x.com/masaomi346/status/2097817308073013458
2026-09-09 22:39:56,masaomi346,domain,ruceive2-amoizanpointapp.com,#malware #phishing,https://x.com/masaomi346/status/2097817308073013458
2026-09-09 22:39:56,masaomi346,url,https://ruceive2-amoizanpointapp.com,#malware #phishing,https://x.com/masaomi346/status/2097817308073013458
2026-09-09 22:39:56,masaomi346,domain,ruceive3-amoizanpointapp.com,#malware #phishing,https://x.com/masaomi346/status/2097817308073013458
2026-09-09 22:39:56,masaomi346,url,https://ruceive3-amoizanpointapp.com,#malware #phishing,https://x.com/masaomi346/status/2097817308073013458
2026-09-09 22:39:56,masaomi346,domain,ruceive4-amoizanpointapp.com,#malware #phishing,https://x.com/masaomi346/status/2097817308073013458
2026-09-09 22:39:56,masaomi346,url,https://ruceive4-amoizanpointapp.com,#malware #phishing,https://x.com/masaomi346/status/2097817308073013458
2026-09-09 22:39:56,masaomi346,sha256,330bb0bd647ec28010bf7c6e4a7a89dff5965c78d31978dd54ccc5f4924aa87b,#malware #phishing,https://x.com/masaomi346/status/2097817308073013458
2026-09-09 22:52:35,masaomi346,domain,ruceive1-rakntanpointapp.com,#malware #phishing,https://x.com/masaomi346/status/2097820492199788554
2026-09-09 22:52:35,masaomi346,url,https://ruceive1-rakntanpointapp.com,#malware #phishing,https://x.com/masaomi346/status/2097820492199788554
2026-09-09 22:52:35,masaomi346,domain,ruceive2-rakntanpointapp.com,#malware #phishing,https://x.com/masaomi346/status/2097820492199788554
2026-09-09 22:52:35,masaomi346,url,https://ruceive2-rakntanpointapp.com,#malware #phishing,https://x.com/masaomi346/status/2097820492199788554
2026-09-09 22:52:35,masaomi346,domain,ruceive3-rakntanpointapp.com,#malware #phishing,https://x.com/masaomi346/status/2097820492199788554
2026-09-09 22:52:35,masaomi346,url,https://ruceive3-rakntanpointapp.com,#malware #phishing,https://x.com/masaomi346/status/2097820492199788554
2026-09-09 22:52:35,masaomi346,domain,ruceive4-rakntanpointapp.com,#malware #phishing,https://x.com/masaomi346/status/2097820492199788554
2026-09-09 22:52:35,masaomi346,url,https://ruceive4-rakntanpointapp.com,#malware #phishing,https://x.com/masaomi346/status/2097820492199788554
2026-09-09 22:52:35,masaomi346,sha256,e241e52826bd9bd5a4ae3fec5b18be3ebb579eb507cf2a4aa5e1592e7fd31bd1,#malware #phishing,https://x.com/masaomi346/status/2097820492199788554
2026-09-10 01:05:54,harugasumi,domain,melongr.com,#phishing,https://x.com/harugasumi/status/2097854042773016758
2026-09-10 01:05:54,harugasumi,url,https://melongr.com/ddupsfno,#phishing,https://x.com/harugasumi/status/2097854042773016758
2026-09-10 01:05:54,harugasumi,domain,backlinkof.com,#phishing,https://x.com/harugasumi/status/2097854042773016758
2026-09-10 01:05:54,harugasumi,url,https://backlinkof.com/tznnfloz,#phishing,https://x.com/harugasumi/status/2097854042773016758
2026-09-10 01:05:54,harugasumi,ip,43.165.184.15,#phishing,https://x.com/harugasumi/status/2097854042773016758
2026-09-10 01:05:54,harugasumi,ip,43.160.228.54,#phishing,https://x.com/harugasumi/status/2097854042773016758
2026-09-10 01:06:44,TKemmerling,domain,nestfixio.com,#phishing,https://x.com/TKemmerling/status/2097854253591396442
2026-09-10 01:06:44,TKemmerling,url,http://nestfixio.com,#phishing,https://x.com/TKemmerling/status/2097854253591396442
2026-09-10 01:39:42,TKemmerling,domain,truenorthworks.fun,#phishing,https://x.com/TKemmerling/status/2097862548108497402
2026-09-10 01:39:42,TKemmerling,url,http://truenorthworks.fun,#phishing,https://x.com/TKemmerling/status/2097862548108497402
2026-09-10 02:34:53,PhishStats,domain,elheidgr.com,#phishing,https://x.com/PhishStats/status/2097876435088069117
2026-09-10 02:34:53,PhishStats,url,http://elheidgr.com/vps/,#phishing,https://x.com/PhishStats/status/2097876435088069117
2026-09-10 02:46:16,TKemmerling,domain,moneycedarvale.com,#phishing,https://x.com/TKemmerling/status/2097879301375004998
2026-09-10 02:46:16,TKemmerling,url,http://moneycedarvale.com,#phishing,https://x.com/TKemmerling/status/2097879301375004998
2026-09-10 04:07:04,TKemmerling,domain,anaridelight.com,#phishing,https://x.com/TKemmerling/status/2097899632068350276
2026-09-10 04:07:04,TKemmerling,url,http://anaridelight.com,#phishing,https://x.com/TKemmerling/status/2097899632068350276
2026-09-10 04:53:52,TKemmerling,domain,forwardingsupport.com,#phishing,https://x.com/TKemmerling/status/2097911410282094974
2026-09-10 04:53:52,TKemmerling,url,http://forwardingsupport.com,#phishing,https://x.com/TKemmerling/status/2097911410282094974
2026-09-10 07:01:03,phishunt_io,domain,facebook85.blogspot.com,#phishing,https://x.com/phishunt_io/status/2097943420245352528
2026-09-10 07:01:03,phishunt_io,url,http://facebook85.blogspot.com,#phishing,https://x.com/phishunt_io/status/2097943420245352528
2026-09-10 08:08:49,TKemmerling,domain,nsbpay.com,#phishing,https://x.com/TKemmerling/status/2097960470863122580
2026-09-10 08:08:49,TKemmerling,url,http://nsbpay.com,#phishing,https://x.com/TKemmerling/status/2097960470863122580
2026-09-10 09:02:56,TKemmerling,domain,djgaza.com,#phishing,https://x.com/TKemmerling/status/2097974092259586528
2026-09-10 09:02:56,TKemmerling,url,http://djgaza.com,#phishing,https://x.com/TKemmerling/status/2097974092259586528
2026-09-10 09:15:10,tdatwja,domain,wecqb.cyou,,https://x.com/tdatwja/status/2097977167946961341
2026-09-10 09:15:10,tdatwja,url,http://wecqb.cyou,,https://x.com/tdatwja/status/2097977167946961341
2026-09-10 09:15:10,tdatwja,domain,rrrjp.shop,,https://x.com/tdatwja/status/2097977167946961341
2026-09-10 09:15:10,tdatwja,url,http://rrrjp.shop,,https://x.com/tdatwja/status/2097977167946961341
2026-09-10 09:15:10,tdatwja,domain,pfokq.cyou,,https://x.com/tdatwja/status/2097977167946961341
2026-09-10 09:15:10,tdatwja,url,http://pfokq.cyou,,https://x.com/tdatwja/status/2097977167946961341
2026-09-10 09:15:10,tdatwja,domain,vjtpcxof.top,,https://x.com/tdatwja/status/2097977167946961341
2026-09-10 09:15:10,tdatwja,url,http://vjtpcxof.top,,https://x.com/tdatwja/status/2097977167946961341
2026-09-10 09:15:10,tdatwja,domain,devin-us.com,,https://x.com/tdatwja/status/2097977167946961341
2026-09-10 09:15:10,tdatwja,url,http://devin-us.com,,https://x.com/tdatwja/status/2097977167946961341
2026-09-10 09:15:26,Metemcyber,domain,lzhuixin.com,#phishing,https://x.com/Metemcyber/status/2097977236741902803
2026-09-10 09:15:26,Metemcyber,url,https://www.lzhuixin.com/login,#phishing,https://x.com/Metemcyber/status/2097977236741902803
2026-09-10 09:26:26,tdatwja,url,http://share.google/6L88qzWD8lIiqoTuZ,,https://x.com/tdatwja/status/2097980003422208243
2026-09-10 09:27:15,Metemcyber,domain,bqvek.hg60000.com,#phishing,https://x.com/Metemcyber/status/2097980208892768553
2026-09-10 09:27:15,Metemcyber,url,https://bqvek.hg60000.com,#phishing,https://x.com/Metemcyber/status/2097980208892768553
2026-09-10 09:27:15,Metemcyber,url,http://47.91.18.143,#phishing,https://x.com/Metemcyber/status/2097980208892768553
2026-09-10 09:27:15,Metemcyber,ip,47.91.18.143,#phishing,https://x.com/Metemcyber/status/2097980208892768553
2026-09-10 09:30:13,TKemmerling,domain,nimblemevia.com,#phishing,https://x.com/TKemmerling/status/2097980955428594039
2026-09-10 09:30:13,TKemmerling,url,http://nimblemevia.com,#phishing,https://x.com/TKemmerling/status/2097980955428594039
2026-09-10 09:33:53,tdatwja,md5,8f6de985ba77ec0c5449db53dda9674a,,https://x.com/tdatwja/status/2097981881346318827
2026-09-10 09:33:53,tdatwja,sha256,0a70890afb11af40ac7b59808f9dda8cbff6a0e30ca298f85bd0993a8f250ccf,,https://x.com/tdatwja/status/2097981881346318827
2026-09-10 09:43:42,nextronresearch,sha256,74236629c068cf2e5de53eabec9a93eb0efe7de38abc721dc5bca5d040f2ba20,,https://x.com/nextronresearch/status/2097984350629380377
2026-09-10 09:43:42,nextronresearch,sha256,07429b8ad51ef42911c152921a392911c083a175ee28e817a1f9283c3c38911b,,https://x.com/nextronresearch/status/2097984350629380377
2026-09-10 09:43:42,nextronresearch,sha256,2ec75dc4d5bff995ec58c211edaedfec150c4c02c6d6b3820b9e960dfeceb3e9,,https://x.com/nextronresearch/status/2097984350629380377
2026-09-10 09:43:42,nextronresearch,sha256,2cb31d6f254f736381ce61e68e0d93bafd8ae073c23671c0748d026702d10f7d,,https://x.com/nextronresearch/status/2097984350629380377
2026-09-10 09:43:42,nextronresearch,sha256,e7de0f35607a4251237adab2128510007ea25fc00a500749940e054f067ac75d,,https://x.com/nextronresearch/status/2097984350629380377
2026-09-10 09:44:20,Metemcyber,domain,yorvanthelian.cfd,#phishing,https://x.com/Metemcyber/status/2097984510847836355
2026-09-10 09:44:20,Metemcyber,url,https://yorvanthelian.cfd/screen/#/index,#phishing,https://x.com/Metemcyber/status/2097984510847836355
2026-09-10 09:50:24,tdatwja,domain,u112900813.ct.sendgrid.net,,https://x.com/tdatwja/status/2097986037792506209
2026-09-10 09:50:24,tdatwja,domain,bbrii.oss-ap-southeast-1.aliyuncs.com,,https://x.com/tdatwja/status/2097986037792506209
2026-09-10 09:50:24,tdatwja,url,http://bbrii.oss-ap-southeast-1.aliyuncs.com,,https://x.com/tdatwja/status/2097986037792506209
2026-09-10 09:57:03,TKemmerling,domain,pinebridgedigital.shop,#phishing,https://x.com/TKemmerling/status/2097987710330011721
2026-09-10 09:57:03,TKemmerling,url,http://pinebridgedigital.shop,#phishing,https://x.com/TKemmerling/status/2097987710330011721
2026-09-10 10:00:05,phatomcandle,domain,signning.cloud,#APT #malware,https://x.com/phatomcandle/status/2097988472032346494
2026-09-10 10:00:05,phatomcandle,url,http://signning.cloud,#APT #malware,https://x.com/phatomcandle/status/2097988472032346494
2026-09-10 10:25:19,TKemmerling,domain,altiora.fun,#phishing,https://x.com/TKemmerling/status/2097994822028251465
2026-09-10 10:25:19,TKemmerling,url,http://altiora.fun,#phishing,https://x.com/TKemmerling/status/2097994822028251465
2026-09-10 10:51:49,TKemmerling,domain,primethreein.s3.us-east-1.amazonaws.com,#phishing,https://x.com/TKemmerling/status/2098001492766859338
2026-09-10 10:51:49,TKemmerling,url,http://primethreein.s3.us-east-1.amazonaws.com,#phishing,https://x.com/TKemmerling/status/2098001492766859338
2026-09-10 11:18:27,TKemmerling,domain,ongannanzhuang.info,#phishing,https://x.com/TKemmerling/status/2098008193196822581
2026-09-10 11:18:27,TKemmerling,url,http://ongannanzhuang.info,#phishing,https://x.com/TKemmerling/status/2098008193196822581
2026-09-10 11:57:03,masaomi346,domain,elvanthoris.cfd,#phishing,https://x.com/masaomi346/status/2098017909423640905
2026-09-10 11:57:03,masaomi346,url,https://elvanthoris.cfd/screen/#/index,#phishing,https://x.com/masaomi346/status/2098017909423640905
2026-09-10 12:00:56,phishunt_io,domain,accounts-mail-google.com,#phishing,https://x.com/phishunt_io/status/2098018886012616916
2026-09-10 12:00:56,phishunt_io,url,http://accounts-mail-google.com,#phishing,https://x.com/phishunt_io/status/2098018886012616916
2026-09-10 12:19:49,bomccss,url,https://wecqb.cyou,,https://x.com/bomccss/status/2098023639514051050
2026-09-10 12:19:49,bomccss,url,https://pfokq.cyou,,https://x.com/bomccss/status/2098023639514051050
2026-09-10 12:19:49,bomccss,url,https://rrrjp.shop,,https://x.com/bomccss/status/2098023639514051050
2026-09-10 12:19:49,bomccss,url,https://vjtpcxof.top,,https://x.com/bomccss/status/2098023639514051050
2026-09-10 12:22:00,bomccss,url,https://share.google/6L88qzWD8lIiqoTuZ,,https://x.com/bomccss/status/2098024187000721867
2026-09-10 12:22:26,masaomi346,domain,pirloz.com,#infostealer #malvertising #malware,https://x.com/masaomi346/status/2098024296878866690
2026-09-10 12:22:26,masaomi346,url,http://pirloz.com,#infostealer #malvertising #malware,https://x.com/masaomi346/status/2098024296878866690
2026-09-10 12:23:01,bomccss,sha256,f39d3db051d7117488cabf4ac38077f4c2f0d87198b4425e22317ab454fecece,,https://x.com/bomccss/status/2098024445948694650
2026-09-10 12:23:54,bomccss,url,https://u112900813.ct.sendgrid.net/ls/click,,https://x.com/bomccss/status/2098024664354443440
2026-09-10 13:01:01,klawlikula,domain,ufgewxi.com,#phishing,https://x.com/klawlikula/status/2098034006935670796
2026-09-10 13:01:01,klawlikula,url,https://ufgewxi.com,#phishing,https://x.com/klawlikula/status/2098034006935670796
2026-09-10 13:29:48,TKemmerling,domain,belynooecho.com,#phishing,https://x.com/TKemmerling/status/2098041249047756819
2026-09-10 13:29:48,TKemmerling,url,http://belynooecho.com,#phishing,https://x.com/TKemmerling/status/2098041249047756819
2026-09-10 13:30:14,bomccss,domain,bkifs.cyou,,https://x.com/bomccss/status/2098023653619507705
2026-09-10 13:30:14,bomccss,url,http://bkifs.cyou,,https://x.com/bomccss/status/2098023653619507705
2026-09-10 13:30:14,bomccss,domain,caneroute.cyou,,https://x.com/bomccss/status/2098023653619507705
2026-09-10 13:30:14,bomccss,url,http://caneroute.cyou,,https://x.com/bomccss/status/2098023653619507705
2026-09-10 13:30:14,bomccss,domain,xyghs.cyou,,https://x.com/bomccss/status/2098023653619507705
2026-09-10 13:30:14,bomccss,url,http://xyghs.cyou,,https://x.com/bomccss/status/2098023653619507705
2026-09-10 13:30:14,bomccss,domain,pwoap.cyou,,https://x.com/bomccss/status/2098023653619507705
2026-09-10 13:30:14,bomccss,url,http://pwoap.cyou,,https://x.com/bomccss/status/2098023653619507705
2026-09-10 13:30:14,bomccss,sha256,b22636d3b2af75bc84f65e21ce719c0ea2fb246a697f6515b8c1d659630776d2,,https://x.com/bomccss/status/2098023653619507705
2026-09-10 13:57:14,TKemmerling,domain,eampengencangpayudara.info,#phishing,https://x.com/TKemmerling/status/2098048154893685192
2026-09-10 13:57:14,TKemmerling,url,http://eampengencangpayudara.info,#phishing,https://x.com/TKemmerling/status/2098048154893685192
2026-09-10 14:23:30,TKemmerling,domain,medicinalhealthca.com,#phishing,https://x.com/TKemmerling/status/2098054764961645047
2026-09-10 14:23:30,TKemmerling,url,http://medicinalhealthca.com,#phishing,https://x.com/TKemmerling/status/2098054764961645047
2026-09-10 15:17:21,etugenio,domain,anekuan.org,#opendir,https://x.com/etugenio/status/2098068314689871894
2026-09-10 15:17:21,etugenio,url,https://anekuan.org/anekuanshell.txt,#opendir,https://x.com/etugenio/status/2098068314689871894
2026-09-10 15:17:21,etugenio,ip,62.146.232.72,#opendir,https://x.com/etugenio/status/2098068314689871894
2026-09-10 15:44:46,SpamRadarCol,ip,35.200.112.216,#phishing,https://x.com/SpamRadarCol/status/2098075217755009328
2026-09-10 17:01:31,phishunt_io,domain,https-wvvw-roblox.com,#phishing,https://x.com/phishunt_io/status/2098094531363115025
2026-09-10 17:01:31,phishunt_io,url,http://https-wvvw-roblox.com/login?returnUrl=1505481875,#phishing,https://x.com/phishunt_io/status/2098094531363115025
2026-09-10 19:22:11,muha2xmad,domain,servermailprotection-1sfinfomembers.s3.eu-west-1.amazonaws.com,#phishing,https://x.com/muha2xmad/status/2098129930017992837
2026-09-10 19:22:11,muha2xmad,url,https://servermailprotection-1sfinfomembers.s3.eu-west-1.amazonaws.com/log.html#ssa@microsoft.com,#phishing,https://x.com/muha2xmad/status/2098129930017992837
2026-09-10 19:22:11,muha2xmad,domain,dev-connetpoint.pantheonsite.io,#phishing,https://x.com/muha2xmad/status/2098129930017992837
2026-09-10 19:22:11,muha2xmad,url,https://dev-connetpoint.pantheonsite.io/sparkiopanel/mo/pan/index.php,#phishing,https://x.com/muha2xmad/status/2098129930017992837
2026-09-10 21:03:14,0xb1lal,ip,223.26.62.95,#malware #opendir,https://x.com/0xb1lal/status/2098155360829702413
2026-09-10 22:14:58,masaomi346,domain,ruceive-sasioncaridpoint.com,#malware #phishing,https://x.com/masaomi346/status/2098173414553133414
2026-09-10 22:14:58,masaomi346,url,https://ruceive-sasioncaridpoint.com,#malware #phishing,https://x.com/masaomi346/status/2098173414553133414
2026-09-10 22:14:58,masaomi346,domain,ruceive-sasioncaridpointapp.com,#malware #phishing,https://x.com/masaomi346/status/2098173414553133414
2026-09-10 22:14:58,masaomi346,url,https://ruceive-sasioncaridpointapp.com,#malware #phishing,https://x.com/masaomi346/status/2098173414553133414
2026-09-10 22:14:58,masaomi346,sha256,2f53cced4eb1de3502d13fdbfabc6d301949816da2fd4244e8ef294187871433,#malware #phishing,https://x.com/masaomi346/status/2098173414553133414
2026-09-10 22:19:00,masaomi346,domain,ruceivea-rakntanpointapp.com,#malware #phishing,https://x.com/masaomi346/status/2098174426982621233
2026-09-10 22:19:00,masaomi346,url,https://ruceivea-rakntanpointapp.com,#malware #phishing,https://x.com/masaomi346/status/2098174426982621233
2026-09-10 22:19:00,masaomi346,domain,ruceivez-rakntanpointapp.com,#malware #phishing,https://x.com/masaomi346/status/2098174426982621233
2026-09-10 22:19:00,masaomi346,url,https://ruceivez-rakntanpointapp.com,#malware #phishing,https://x.com/masaomi346/status/2098174426982621233
2026-09-10 22:19:00,masaomi346,domain,ruceivee-rakntanpointapp.com,#malware #phishing,https://x.com/masaomi346/status/2098174426982621233
2026-09-10 22:19:00,masaomi346,url,https://ruceivee-rakntanpointapp.com,#malware #phishing,https://x.com/masaomi346/status/2098174426982621233
2026-09-10 22:19:00,masaomi346,domain,ruceiveo-rakntanpointapp.com,#malware #phishing,https://x.com/masaomi346/status/2098174426982621233
2026-09-10 22:19:00,masaomi346,url,https://ruceiveo-rakntanpointapp.com,#malware #phishing,https://x.com/masaomi346/status/2098174426982621233
2026-09-10 22:19:00,masaomi346,sha256,f0b29cda2dedf44f398c03eeb3c5eddbeac44ee79686a904a4cb4fbf207137ef,#malware #phishing,https://x.com/masaomi346/status/2098174426982621233
2026-09-10 22:59:35,Coolcarlos17,domain,site-ma-ga-zine-luiza.com,#phishing #scam,https://x.com/Coolcarlos17/status/2098184640271987061
2026-09-10 22:59:35,Coolcarlos17,url,https://site-ma-ga-zine-luiza.com/produto/escada-articulada-de-aluminio-12-degraus-350-metros-de-altura,#phishing #scam,https://x.com/Coolcarlos17/status/2098184640271987061
2026-09-11 00:10:11,TKemmerling,domain,beliobeam.com,#phishing,https://x.com/TKemmerling/status/2098202406366728444
2026-09-11 00:10:11,TKemmerling,url,http://beliobeam.com,#phishing,https://x.com/TKemmerling/status/2098202406366728444
2026-09-11 00:39:38,masaomi346,domain,secretlive-jp.com,#malware #phishing,https://x.com/masaomi346/status/2098209820293927261
2026-09-11 00:39:38,masaomi346,url,https://secretlive-jp.com,#malware #phishing,https://x.com/masaomi346/status/2098209820293927261
2026-09-11 00:39:38,masaomi346,domain,secretlivei-jp.com,#malware #phishing,https://x.com/masaomi346/status/2098209820293927261
2026-09-11 00:39:38,masaomi346,url,https://secretlivei-jp.com,#malware #phishing,https://x.com/masaomi346/status/2098209820293927261
2026-09-11 00:39:38,masaomi346,domain,secretliveo-jp.com,#malware #phishing,https://x.com/masaomi346/status/2098209820293927261
2026-09-11 00:39:38,masaomi346,url,https://secretliveo-jp.com,#malware #phishing,https://x.com/masaomi346/status/2098209820293927261
2026-09-11 00:39:38,masaomi346,sha256,73991ef1817030b16209ad160065d5283dff38963b7aee2aaeeddb15eff84bca,#malware #phishing,https://x.com/masaomi346/status/2098209820293927261
2026-09-11 00:47:26,TKemmerling,domain,yancha123.com,#phishing,https://x.com/TKemmerling/status/2098211782901022813
2026-09-11 00:47:26,TKemmerling,url,http://yancha123.com,#phishing,https://x.com/TKemmerling/status/2098211782901022813
2026-09-11 01:22:29,TKemmerling,domain,financialmarkets.info,#phishing,https://x.com/TKemmerling/status/2098220605200052577
2026-09-11 01:22:29,TKemmerling,url,http://financialmarkets.info,#phishing,https://x.com/TKemmerling/status/2098220605200052577
2026-09-11 02:39:20,eqv_sec,domain,jihfrs.burswel.sbs,#phishing,https://x.com/eqv_sec/status/2098239943688507528
2026-09-11 02:39:20,eqv_sec,url,http://jihfrs.burswel.sbs,#phishing,https://x.com/eqv_sec/status/2098239943688507528
2026-09-11 02:39:20,eqv_sec,domain,tyuik.zelldqo.sbs,#phishing,https://x.com/eqv_sec/status/2098239943688507528
2026-09-11 02:39:20,eqv_sec,url,http://tyuik.zelldqo.sbs,#phishing,https://x.com/eqv_sec/status/2098239943688507528
2026-09-11 02:39:20,eqv_sec,ip,45.131.15.21,#phishing,https://x.com/eqv_sec/status/2098239943688507528
2026-09-11 02:39:20,eqv_sec,ip,154.6.234.129,#phishing,https://x.com/eqv_sec/status/2098239943688507528
2026-09-11 02:39:20,eqv_sec,ip,223.29.138.236,#phishing,https://x.com/eqv_sec/status/2098239943688507528
2026-09-11 06:28:59,suyog41,domain,e1.cdnresolver.com,#stealer,https://x.com/suyog41/status/2098297735602483511
2026-09-11 06:28:59,suyog41,url,http://e1.cdnresolver.com,#stealer,https://x.com/suyog41/status/2098297735602483511
2026-09-11 06:28:59,suyog41,domain,a2.cdnresolver.com,#stealer,https://x.com/suyog41/status/2098297735602483511
2026-09-11 06:28:59,suyog41,url,http://a2.cdnresolver.com,#stealer,https://x.com/suyog41/status/2098297735602483511
2026-09-11 06:28:59,suyog41,md5,584d1803b29cb192764b462d13098a2d,#stealer,https://x.com/suyog41/status/2098297735602483511
2026-09-11 06:28:59,suyog41,md5,3390b960af5dd1933289b916af3ecce9,#stealer,https://x.com/suyog41/status/2084651748468326817
2026-09-11 07:01:43,phishunt_io,domain,usps.avaturefed.net,#phishing,https://x.com/phishunt_io/status/2098305973492285889
2026-09-11 07:01:43,phishunt_io,url,http://usps.avaturefed.net/FieldHREvent/,#phishing,https://x.com/phishunt_io/status/2098305973492285889
2026-09-11 07:01:43,phishunt_io,ip,18.214.131.173,#phishing,https://x.com/phishunt_io/status/2098305973492285889
2026-09-11 08:30:41,PhishStats,domain,nl.finanzen.net,#phishing,https://x.com/PhishStats/status/2098328362989043987
2026-09-11 08:30:41,PhishStats,url,https://nl.finanzen.net,#phishing,https://x.com/PhishStats/status/2098328362989043987
2026-09-11 08:30:41,PhishStats,ip,213.239.243.107,#phishing,https://x.com/PhishStats/status/2098328362989043987
2026-09-11 09:20:01,masaomi346,domain,cyazggwbt.icu,#phishing,https://x.com/masaomi346/status/2098340777000857990
2026-09-11 09:20:01,masaomi346,url,https://cyazggwbt.icu/JeremyTemple/,#phishing,https://x.com/masaomi346/status/2098340777000857990
2026-09-11 12:08:47,siri_urz,md5,341ff2ea71c58b09b0634b6a8e66bbf7,#ransomware,https://x.com/siri_urz/status/2098383250246820350
2026-09-11 13:01:31,klawlikula,domain,jlfnqhz.com,#phishing,https://x.com/klawlikula/status/2098396522652024885
2026-09-11 13:01:31,klawlikula,url,https://jlfnqhz.com,#phishing,https://x.com/klawlikula/status/2098396522652024885
2026-09-11 13:01:31,klawlikula,url,http://85.122.121.192,#phishing,https://x.com/klawlikula/status/2098396522652024885
2026-09-11 13:01:31,klawlikula,ip,85.122.121.192,#phishing,https://x.com/klawlikula/status/2098396522652024885
2026-09-11 21:09:16,masaomi346,domain,rucebive-rakntanoapp.com,#malware #phishing,https://x.com/masaomi346/status/2098519265020424487
2026-09-11 21:09:16,masaomi346,url,https://rucebive-rakntanoapp.com,#malware #phishing,https://x.com/masaomi346/status/2098519265020424487
2026-09-11 21:09:16,masaomi346,domain,ruceiive-rakntanoapp.com,#malware #phishing,https://x.com/masaomi346/status/2098519265020424487
2026-09-11 21:09:16,masaomi346,url,https://ruceiive-rakntanoapp.com,#malware #phishing,https://x.com/masaomi346/status/2098519265020424487
2026-09-11 21:09:16,masaomi346,domain,rucepive-rakntanoapp.com,#malware #phishing,https://x.com/masaomi346/status/2098519265020424487
2026-09-11 21:09:16,masaomi346,url,https://rucepive-rakntanoapp.com,#malware #phishing,https://x.com/masaomi346/status/2098519265020424487
2026-09-11 21:09:16,masaomi346,domain,rucehive-rakntanoapp.com,#malware #phishing,https://x.com/masaomi346/status/2098519265020424487
2026-09-11 21:09:16,masaomi346,url,https://rucehive-rakntanoapp.com,#malware #phishing,https://x.com/masaomi346/status/2098519265020424487
2026-09-11 21:09:16,masaomi346,domain,rucefive-rakntanoapp.com,#malware #phishing,https://x.com/masaomi346/status/2098519265020424487
2026-09-11 21:09:16,masaomi346,url,https://rucefive-rakntanoapp.com,#malware #phishing,https://x.com/masaomi346/status/2098519265020424487
2026-09-11 21:09:16,masaomi346,sha256,30434bc6ef3f97b986efefbd821df87e7c376a8c6a8cf68001cf6b5aa771df36,#malware #phishing,https://x.com/masaomi346/status/2098519265020424487
2026-09-11 22:08:17,500mk500,url,http://144.172.100.105:4444,#Magecart,https://x.com/500mk500/status/2098534120259203301
2026-09-11 22:08:17,500mk500,url,http://144.172.100.105:8080,#Magecart,https://x.com/500mk500/status/2098534120259203301
2026-09-11 22:08:17,500mk500,url,http://144.172.100.105:8081,#Magecart,https://x.com/500mk500/status/2098534120259203301
2026-09-11 22:08:17,500mk500,url,http://46.226.162.32:8888,#Magecart,https://x.com/500mk500/status/2098534120259203301
2026-09-11 22:08:17,500mk500,ip,144.172.100.105,#Magecart,https://x.com/500mk500/status/2098534120259203301
2026-09-11 22:08:17,500mk500,ip,46.226.162.32,#Magecart,https://x.com/500mk500/status/2098534120259203301
2026-09-12 00:31:30,TKemmerling,domain,rd.helioszyra.com,#phishing,https://x.com/TKemmerling/status/2098570162341552218
2026-09-12 00:31:30,TKemmerling,url,http://rd.helioszyra.com,#phishing,https://x.com/TKemmerling/status/2098570162341552218
2026-09-12 01:33:58,TKemmerling,domain,sb.zeyoluxe.com,#phishing,https://x.com/TKemmerling/status/2098585882139975756
2026-09-12 01:33:58,TKemmerling,url,http://sb.zeyoluxe.com,#phishing,https://x.com/TKemmerling/status/2098585882139975756
2026-09-12 02:20:45,scanmalware,domain,awsforensicl3ns-west1apprunner-dprd03feve9j.edgeone.dev,#malware #phishing,https://x.com/scanmalware/status/2098597652807954937
2026-09-12 02:20:45,scanmalware,url,http://awsforensicl3ns-west1apprunner-dprd03feve9j.edgeone.dev,#malware #phishing,https://x.com/scanmalware/status/2098597652807954937
2026-09-12 03:20:33,masaomi346,domain,qdxinr-point.com,#malware #phishing,https://x.com/masaomi346/status/2098612702243631218
2026-09-12 03:20:33,masaomi346,url,https://qdxinr-point.com,#malware #phishing,https://x.com/masaomi346/status/2098612702243631218
2026-09-12 03:20:33,masaomi346,domain,huibao-point.com,#malware #phishing,https://x.com/masaomi346/status/2098612702243631218
2026-09-12 03:20:33,masaomi346,url,https://huibao-point.com,#malware #phishing,https://x.com/masaomi346/status/2098612702243631218
2026-09-12 03:20:33,masaomi346,domain,daqian-point.com,#malware #phishing,https://x.com/masaomi346/status/2098612702243631218
2026-09-12 03:20:33,masaomi346,url,https://daqian-point.com,#malware #phishing,https://x.com/masaomi346/status/2098612702243631218
2026-09-12 03:20:33,masaomi346,sha256,7439874e2fae07bd22d3c09ec8c04840c170a500edb4efc4921e16c272141a09,#malware #phishing,https://x.com/masaomi346/status/2098612702243631218
2026-09-12 03:50:32,masaomi346,domain,pontihearthhedgehogn-rakunde.com,#malware #phishing,https://x.com/masaomi346/status/2098620248337621489
2026-09-12 03:50:32,masaomi346,url,https://pontihearthhedgehogn-rakunde.com,#malware #phishing,https://x.com/masaomi346/status/2098620248337621489
2026-09-12 03:50:32,masaomi346,domain,pontiheadphhawthorn-rakunde.com,#malware #phishing,https://x.com/masaomi346/status/2098620248337621489
2026-09-12 03:50:32,masaomi346,url,https://pontiheadphhawthorn-rakunde.com,#malware #phishing,https://x.com/masaomi346/status/2098620248337621489
2026-09-12 03:50:32,masaomi346,domain,pontihdunedinconjuncture-rakunde.com,#malware #phishing,https://x.com/masaomi346/status/2098620248337621489
2026-09-12 03:50:32,masaomi346,url,https://pontihdunedinconjuncture-rakunde.com,#malware #phishing,https://x.com/masaomi346/status/2098620248337621489
2026-09-12 03:50:32,masaomi346,sha256,051b71ea0a645a96ff2a331ad61ac77db04113aada6d995b82a40f3a63ad4e36,#malware #phishing,https://x.com/masaomi346/status/2098620248337621489
2026-09-12 05:12:59,scanmalware,domain,sp12ct-prandor-biz-fravik-lazsel.pages.dev,#malware #ransomware,https://x.com/scanmalware/status/2098640999845081474
2026-09-12 05:12:59,scanmalware,url,http://sp12ct-prandor-biz-fravik-lazsel.pages.dev,#malware #ransomware,https://x.com/scanmalware/status/2098640999845081474
2026-09-12 07:01:45,phishunt_io,domain,facebookbonus.emmanueldegreatltd.com,#phishing,https://x.com/phishunt_io/status/2098668370279166066
2026-09-12 07:01:45,phishunt_io,url,http://facebookbonus.emmanueldegreatltd.com,#phishing,https://x.com/phishunt_io/status/2098668370279166066
2026-09-12 07:01:45,phishunt_io,ip,147.124.219.81,#phishing,https://x.com/phishunt_io/status/2098668370279166066
2026-09-12 08:32:05,PhishStats,domain,canjearapuntos.click,#phishing,https://x.com/PhishStats/status/2098691103532703821
2026-09-12 08:32:05,PhishStats,url,https://canjearapuntos.click/pa/,#phishing,https://x.com/PhishStats/status/2098691103532703821
2026-09-12 08:32:05,PhishStats,ip,43.172.77.148,#phishing,https://x.com/PhishStats/status/2098691103532703821
2026-09-12 12:37:42,Ghostyak,ip,118.194.249.91,#DPRK #Kimsuky,https://x.com/Ghostyak/status/2098752915116855627
2026-09-12 13:21:41,scanmalware,domain,mavzura-mpt-felvuni-p6d9ka41.pages.dev,#ransomware,https://x.com/scanmalware/status/2098763984077758870
2026-09-12 13:21:41,scanmalware,url,http://mavzura-mpt-felvuni-p6d9ka41.pages.dev,#ransomware,https://x.com/scanmalware/status/2098763984077758870
2026-09-12 15:50:01,masaomi346,domain,datinglive-jp.com,#malware #phishing,https://x.com/masaomi346/status/2098801311575933428
2026-09-12 15:50:01,masaomi346,url,https://datinglive-jp.com,#malware #phishing,https://x.com/masaomi346/status/2098801311575933428
2026-09-12 15:50:01,masaomi346,domain,app.datinglive-jp.com,#malware #phishing,https://x.com/masaomi346/status/2098801311575933428
2026-09-12 15:50:01,masaomi346,url,https://app.datinglive-jp.com,#malware #phishing,https://x.com/masaomi346/status/2098801311575933428
2026-09-12 15:50:01,masaomi346,sha256,f137cb54d7a25f31d09c681810a5625142d56438ba2c958a7f24bc38e0ae2d2b,#malware #phishing,https://x.com/masaomi346/status/2098801311575933428
2026-09-12 16:02:43,masaomi346,domain,secret-loves.com,#malware #phishing,https://x.com/masaomi346/status/2098804510319943754
2026-09-12 16:02:43,masaomi346,url,https://secret-loves.com,#malware #phishing,https://x.com/masaomi346/status/2098804510319943754
2026-09-12 16:02:43,masaomi346,sha256,99e38a83c5cc8bd5aa6bcb60f5ab58936835873f6f0df3aa00e2598530d499f1,#malware #phishing,https://x.com/masaomi346/status/2098804510319943754
2026-09-12 16:07:03,Fact_Finder03,ip,5.175.221.206,#C2 #stealer,https://x.com/Fact_Finder03/status/2098805600356540695
2026-09-12 16:38:00,Fact_Finder03,ip,178.128.173.9,#C2 #stealer,https://x.com/Fact_Finder03/status/2098813387081982333
2026-09-12 17:16:00,Fact_Finder03,ip,43.157.198.190,#C2 #RAT,https://x.com/Fact_Finder03/status/2098822950073913513
2026-09-12 19:37:04,OpcodeIntel,sha256,3dccdb228de18152502489a7d1a093982ead8a103546191c6fcfc01cd40e62a6,#malware,https://x.com/OpcodeIntel/status/2098858453817291225
2026-09-12 20:34:08,PhishStats,domain,lkntansr.net,#phishing,https://x.com/PhishStats/status/2098872812307939629
2026-09-12 20:34:08,PhishStats,url,https://lkntansr.net,#phishing,https://x.com/PhishStats/status/2098872812307939629
2026-09-12 20:34:08,PhishStats,ip,64.89.160.238,#phishing,https://x.com/PhishStats/status/2098872812307939629
2026-09-12 20:34:08,PhishStats,ip,86.104.125.81,#phishing,https://x.com/PhishStats/status/2098872812307939629
2026-09-13 01:48:35,HackProtectLabs,domain,trustwallet-help.online,#phishing,https://x.com/HackProtectLabs/status/2098951945910206500
2026-09-13 01:48:35,HackProtectLabs,url,http://trustwallet-help.online,#phishing,https://x.com/HackProtectLabs/status/2098951945910206500
2026-09-13 02:10:58,scanmalware,domain,rainbow-kataifi-98620f.netlify.app,#malware,https://x.com/scanmalware/status/2098957579091161199
2026-09-13 02:10:58,scanmalware,url,http://rainbow-kataifi-98620f.netlify.app,#malware,https://x.com/scanmalware/status/2098957579091161199
2026-09-13 02:40:22,masaomi346,domain,roszo.com,#infostealer #malvertising #malware,https://x.com/masaomi346/status/2098964978820886571
2026-09-13 02:40:22,masaomi346,url,http://roszo.com,#infostealer #malvertising #malware,https://x.com/masaomi346/status/2098964978820886571
2026-09-13 04:30:00,Fact_Finder03,ip,95.181.213.21,#C2,https://x.com/Fact_Finder03/status/2098992570898448711
2026-09-13 05:22:06,curious_drac0,url,http://152.32.138.81,#DPRK #Kimsuky,https://x.com/curious_drac0/status/2099005679096700987
2026-09-13 05:22:06,curious_drac0,domain,qaxtbrl.ntinvoicepload.dynu.net,#DPRK #Kimsuky,https://x.com/curious_drac0/status/2099005679096700987
2026-09-13 05:22:06,curious_drac0,url,http://qaxtbrl.ntinvoicepload.dynu.net,#DPRK #Kimsuky,https://x.com/curious_drac0/status/2099005679096700987
2026-09-13 05:22:06,curious_drac0,domain,ydijgw.ntinvoicepload.dynu.net,#DPRK #Kimsuky,https://x.com/curious_drac0/status/2099005679096700987
2026-09-13 05:22:06,curious_drac0,url,http://ydijgw.ntinvoicepload.dynu.net,#DPRK #Kimsuky,https://x.com/curious_drac0/status/2099005679096700987
2026-09-13 05:22:06,curious_drac0,domain,qhswrb.ntinvoicepload.dynu.net,#DPRK #Kimsuky,https://x.com/curious_drac0/status/2099005679096700987
2026-09-13 05:22:06,curious_drac0,url,http://qhswrb.ntinvoicepload.dynu.net,#DPRK #Kimsuky,https://x.com/curious_drac0/status/2099005679096700987
2026-09-13 05:22:06,curious_drac0,domain,xieolrrb.ntinvoicepload.dynu.net,#DPRK #Kimsuky,https://x.com/curious_drac0/status/2099005679096700987
2026-09-13 05:22:06,curious_drac0,url,http://xieolrrb.ntinvoicepload.dynu.net,#DPRK #Kimsuky,https://x.com/curious_drac0/status/2099005679096700987
2026-09-13 05:22:06,curious_drac0,domain,xlgaee.ntinvoicepload.dynu.net,#DPRK #Kimsuky,https://x.com/curious_drac0/status/2099005679096700987
2026-09-13 05:22:06,curious_drac0,url,http://xlgaee.ntinvoicepload.dynu.net,#DPRK #Kimsuky,https://x.com/curious_drac0/status/2099005679096700987
2026-09-13 05:22:06,curious_drac0,domain,tmqulsyl.ntinvoicepload.dynu.net,#DPRK #Kimsuky,https://x.com/curious_drac0/status/2099005679096700987
2026-09-13 05:22:06,curious_drac0,url,http://tmqulsyl.ntinvoicepload.dynu.net,#DPRK #Kimsuky,https://x.com/curious_drac0/status/2099005679096700987
2026-09-13 05:22:06,curious_drac0,ip,152.32.138.81,#DPRK #Kimsuky,https://x.com/curious_drac0/status/2099005679096700987
2026-09-13 07:01:30,phishunt_io,domain,wellsfargoverify.net,#phishing,https://x.com/phishunt_io/status/2099030695209222250
2026-09-13 07:01:30,phishunt_io,url,http://wellsfargoverify.net,#phishing,https://x.com/phishunt_io/status/2099030695209222250
2026-09-13 12:01:25,phishunt_io,domain,kucoins-signin.com,#phishing,https://x.com/phishunt_io/status/2099106173769166955
2026-09-13 12:01:25,phishunt_io,url,http://kucoins-signin.com,#phishing,https://x.com/phishunt_io/status/2099106173769166955
2026-09-13 13:37:27,muha2xmad,domain,vinocab.com,#phishing,https://x.com/muha2xmad/status/2099130338035347548
2026-09-13 13:37:27,muha2xmad,url,http://vinocab.com,#phishing,https://x.com/muha2xmad/status/2099130338035347548
2026-09-13 13:37:27,muha2xmad,domain,swiftblooms.com,#phishing,https://x.com/muha2xmad/status/2099130338035347548
2026-09-13 13:37:27,muha2xmad,url,http://swiftblooms.com,#phishing,https://x.com/muha2xmad/status/2099130338035347548
2026-09-13 15:42:38,skocherhan,domain,intecs.in,#phishing,https://x.com/skocherhan/status/2099161841670795653
2026-09-13 15:42:38,skocherhan,url,http://intecs.in/jpweb,#phishing,https://x.com/skocherhan/status/2099161841670795653
2026-09-13 15:44:08,skocherhan,domain,ufcgymmexico.com,#phishing,https://x.com/skocherhan/status/2099162218214404405
2026-09-13 15:44:08,skocherhan,url,http://ufcgymmexico.com/galaxy/val.php,#phishing,https://x.com/skocherhan/status/2099162218214404405
2026-09-13 16:04:56,PhishStats,ip,64.202.189.173,#phishing,https://x.com/PhishStats/status/2099167455029363053
2026-09-13 17:02:16,phishunt_io,domain,troubleshoots-google.com,#phishing,https://x.com/phishunt_io/status/2099181884294996126
2026-09-13 17:02:16,phishunt_io,url,http://troubleshoots-google.com,#phishing,https://x.com/phishunt_io/status/2099181884294996126
2026-09-13 17:02:16,phishunt_io,ip,64.89.161.140,#phishing,https://x.com/phishunt_io/status/2099181884294996126
2026-09-13 23:29:21,TKemmerling,domain,mmsiriusss.s3.us-east-1.amazonaws.com,#phishing,https://x.com/TKemmerling/status/2099279297169199444
2026-09-13 23:29:21,TKemmerling,url,http://mmsiriusss.s3.us-east-1.amazonaws.com,#phishing,https://x.com/TKemmerling/status/2099279297169199444
2026-09-14 02:02:14,masaomi346,domain,secret-lovei.com,#malware #phishing,https://x.com/masaomi346/status/2099317771578527919
2026-09-14 02:02:14,masaomi346,url,https://secret-lovei.com,#malware #phishing,https://x.com/masaomi346/status/2099317771578527919
2026-09-14 02:02:14,masaomi346,sha256,f4767d76b7837f1458952655369e039119be72e85dc44c3821a9b18ed3e6a16a,#malware #phishing,https://x.com/masaomi346/status/2099317771578527919
2026-09-14 02:29:27,skocherhan,domain,gasystemautomacao.com.br,#phishing,https://x.com/skocherhan/status/2099324619756900824
2026-09-14 02:29:27,skocherhan,url,http://gasystemautomacao.com.br/ay/,#phishing,https://x.com/skocherhan/status/2099324619756900824
2026-09-14 04:33:25,PhishStats,domain,allegro.pry84327h45.help,#phishing,https://x.com/PhishStats/status/2099355818416034203
2026-09-14 04:33:25,PhishStats,url,http://allegro.pry84327h45.help,#phishing,https://x.com/PhishStats/status/2099355818416034203
2026-09-14 05:20:03,scanmalware,domain,sp12ct-zomdel-biz-pranik-lorsik.pages.dev,#malware,https://x.com/scanmalware/status/2099367550257594605
2026-09-14 05:20:03,scanmalware,url,http://sp12ct-zomdel-biz-pranik-lorsik.pages.dev,#malware,https://x.com/scanmalware/status/2099367550257594605
2026-09-14 05:33:24,scanmalware,domain,americandreamlost.com,#ransomware,https://x.com/scanmalware/status/2099370913334460735
2026-09-14 05:33:24,scanmalware,url,http://americandreamlost.com,#ransomware,https://x.com/scanmalware/status/2099370913334460735
2026-09-14 06:10:00,TKemmerling,domain,sb.anaridelight.com,#phishing,https://x.com/TKemmerling/status/2099380123787300926
2026-09-14 06:10:00,TKemmerling,url,http://sb.anaridelight.com,#phishing,https://x.com/TKemmerling/status/2099380123787300926
2026-09-14 06:46:32,TKemmerling,domain,se.norahadraivnig.com,#phishing,https://x.com/TKemmerling/status/2099389316804104356
2026-09-14 06:46:32,TKemmerling,url,http://se.norahadraivnig.com,#phishing,https://x.com/TKemmerling/status/2099389316804104356
2026-09-14 07:01:53,phishunt_io,domain,whatsapp.wooflers.com,#phishing,https://x.com/phishunt_io/status/2099393177480265807
2026-09-14 07:01:53,phishunt_io,url,http://whatsapp.wooflers.com/livewire-742499fa,#phishing,https://x.com/phishunt_io/status/2099393177480265807
2026-09-14 07:01:53,phishunt_io,ip,68.178.238.223,#phishing,https://x.com/phishunt_io/status/2099393177480265807
2026-09-14 07:18:45,TKemmerling,domain,sa.oskatrace.com,#phishing,https://x.com/TKemmerling/status/2099397423605174420
2026-09-14 07:18:45,TKemmerling,url,http://sa.oskatrace.com,#phishing,https://x.com/TKemmerling/status/2099397423605174420
2026-09-14 07:51:04,TKemmerling,domain,vb.wholenura.com,#phishing,https://x.com/TKemmerling/status/2099405555328803327
2026-09-14 07:51:04,TKemmerling,url,http://vb.wholenura.com,#phishing,https://x.com/TKemmerling/status/2099405555328803327
2026-09-14 09:57:15,masaomi346,domain,vnatf.gmy59.com,#phishing,https://x.com/masaomi346/status/2099437310966464811
2026-09-14 09:57:15,masaomi346,url,https://vnatf.gmy59.com,#phishing,https://x.com/masaomi346/status/2099437310966464811
2026-09-14 11:46:31,Coolcarlos17,url,http://havan.oficial.com,#phishing #scam,https://x.com/Coolcarlos17/status/2099464808286314894
2026-09-14 11:49:21,Coolcarlos17,domain,havan.oficial.com,#phishing #scam,https://x.com/Coolcarlos17/status/2099465521070481592
2026-09-14 11:49:21,Coolcarlos17,url,https://havan.oficial.com,#phishing #scam,https://x.com/Coolcarlos17/status/2099465521070481592
2026-09-14 11:53:36,0xb1lal,ip,144.172.65.54,#opendir,https://x.com/0xb1lal/status/2099466593482772933
2026-09-14 11:53:41,Coolcarlos17,domain,site-ma-ga-zine-luiza.com,#phishing #scam,https://x.com/Coolcarlos17/status/2099466611950289004
2026-09-14 11:53:41,Coolcarlos17,url,https://site-ma-ga-zine-luiza.com,#phishing #scam,https://x.com/Coolcarlos17/status/2099466611950289004
2026-09-14 12:01:51,phishunt_io,domain,appeal-case.about-help.com,#phishing,https://x.com/phishunt_io/status/2099468669424148699
2026-09-14 12:01:51,phishunt_io,url,http://facebook.com%2f@appeal-case.about-help.com/app=xs,#phishing,https://x.com/phishunt_io/status/2099468669424148699
2026-09-14 12:07:00,masaomi346,domain,claude-tools.com,#malvertising #malware,https://x.com/masaomi346/status/2099469965799883143
2026-09-14 12:07:00,masaomi346,url,https://claude-tools.com,#malvertising #malware,https://x.com/masaomi346/status/2099469965799883143
2026-09-14 12:07:00,masaomi346,sha256,7c32720376f976885d825711f3c03397074d755ae78900ca5c70c9121271175a,#malvertising #malware,https://x.com/masaomi346/status/2099469965799883143
2026-09-14 12:20:45,masaomi346,domain,codex-desk.com,#infostealer #malvertising #malware,https://x.com/masaomi346/status/2099473425958109631
2026-09-14 12:20:45,masaomi346,url,https://codex-desk.com,#infostealer #malvertising #malware,https://x.com/masaomi346/status/2099473425958109631
2026-09-14 12:20:45,masaomi346,domain,plume-compass.com,#infostealer #malvertising #malware,https://x.com/masaomi346/status/2099473425958109631
2026-09-14 12:20:45,masaomi346,url,http://plume-compass.com,#infostealer #malvertising #malware,https://x.com/masaomi346/status/2099473425958109631
2026-09-14 13:15:10,JAMESWT_WT,domain,uhu7535b.s3.amazonaws.com,#phishing,https://x.com/JAMESWT_WT/status/2099487117369860426
2026-09-14 13:15:10,JAMESWT_WT,url,https://uhu7535b.s3.amazonaws.com/5.html,#phishing,https://x.com/JAMESWT_WT/status/2099487117369860426
2026-09-14 13:15:10,JAMESWT_WT,domain,iampe-agenziaentrate-gov.store,#phishing,https://x.com/JAMESWT_WT/status/2099487117369860426
2026-09-14 13:15:10,JAMESWT_WT,url,https://www.iampe-agenziaentrate-gov.store/1kRJ4NKmB-DihWRL-hqTNvK-aaX5SN4/index.html,#phishing,https://x.com/JAMESWT_WT/status/2099487117369860426
2026-09-14 13:52:30,Coolcarlos17,domain,flerast.com,#phishing #scam,https://x.com/Coolcarlos17/status/2099496514523426905
2026-09-14 13:52:30,Coolcarlos17,url,http://flerast.com,#phishing #scam,https://x.com/Coolcarlos17/status/2099496514523426905
2026-09-14 14:13:52,Coolcarlos17,domain,tudaria.com,#phishing #scam,https://x.com/Coolcarlos17/status/2099501893080735932
2026-09-14 14:13:52,Coolcarlos17,url,https://www.tudaria.com,#phishing #scam,https://x.com/Coolcarlos17/status/2099501893080735932
2026-09-14 15:35:29,copy_and_paster,url,http://github.com/chromeweb78,#Kimsuky,https://x.com/copy_and_paster/status/2099522430205399510
2026-09-14 15:35:29,copy_and_paster,domain,argeninese.dothome.co.kr,#Kimsuky,https://x.com/copy_and_paster/status/2099522430205399510
2026-09-14 15:35:29,copy_and_paster,url,http://argeninese.dothome.co.kr,#Kimsuky,https://x.com/copy_and_paster/status/2099522430205399510
2026-09-14 15:35:29,copy_and_paster,domain,bbcnews04.dothome.co.kr,#Kimsuky,https://x.com/copy_and_paster/status/2099522430205399510
2026-09-14 15:35:29,copy_and_paster,url,http://bbcnews04.dothome.co.kr,#Kimsuky,https://x.com/copy_and_paster/status/2099522430205399510
2026-09-14 15:35:29,copy_and_paster,domain,wanver.dothome.co.kr,#Kimsuky,https://x.com/copy_and_paster/status/2099522430205399510
2026-09-14 15:35:29,copy_and_paster,url,http://wanver.dothome.co.kr,#Kimsuky,https://x.com/copy_and_paster/status/2099522430205399510
2026-09-14 15:35:29,copy_and_paster,domain,minecrafter.mygamesonline.org,#Kimsuky,https://x.com/copy_and_paster/status/2099522430205399510
2026-09-14 15:35:29,copy_and_paster,url,http://minecrafter.mygamesonline.org,#Kimsuky,https://x.com/copy_and_paster/status/2099522430205399510
2026-09-14 17:13:32,TKemmerling,domain,goodsecomfinder.com,#phishing,https://x.com/TKemmerling/status/2099547104331116714
2026-09-14 17:13:32,TKemmerling,url,http://goodsecomfinder.com,#phishing,https://x.com/TKemmerling/status/2099547104331116714
2026-09-14 17:49:06,TKemmerling,domain,truenorthworks.fun,#phishing,https://x.com/TKemmerling/status/2099556055915389222
2026-09-14 17:49:06,TKemmerling,url,http://truenorthworks.fun,#phishing,https://x.com/TKemmerling/status/2099556055915389222
2026-09-14 18:21:35,TKemmerling,domain,financeoakmont.com,#phishing,https://x.com/TKemmerling/status/2099564229846335802
2026-09-14 18:21:35,TKemmerling,url,http://financeoakmont.com,#phishing,https://x.com/TKemmerling/status/2099564229846335802
2026-09-14 22:02:59,etugenio,url,http://23.159.248.93,#malware,https://x.com/etugenio/status/2099619949513728108
2026-09-14 22:02:59,etugenio,ip,23.159.248.93,#malware,https://x.com/etugenio/status/2099619949513728108
2026-09-14 22:36:36,PhishStats,domain,myid-telstra.flutterflow.app,#phishing,https://x.com/PhishStats/status/2099628407797526808
2026-09-14 22:36:36,PhishStats,url,https://myid-telstra.flutterflow.app,#phishing,https://x.com/PhishStats/status/2099628407797526808
2026-09-15 00:07:31,masaomi346,domain,aaroensol-smbice.com,#malware #phishing,https://x.com/masaomi346/status/2099651288984436985
2026-09-15 00:07:31,masaomi346,url,https://aaroensol-smbice.com,#malware #phishing,https://x.com/masaomi346/status/2099651288984436985
2026-09-15 00:07:31,masaomi346,domain,doctoaezrw-smbice.com,#malware #phishing,https://x.com/masaomi346/status/2099651288984436985
2026-09-15 00:07:31,masaomi346,url,https://doctoaezrw-smbice.com,#malware #phishing,https://x.com/masaomi346/status/2099651288984436985
2026-09-15 00:07:31,masaomi346,domain,knittedjack-smbice.com,#malware #phishing,https://x.com/masaomi346/status/2099651288984436985
2026-09-15 00:07:31,masaomi346,url,https://knittedjack-smbice.com,#malware #phishing,https://x.com/masaomi346/status/2099651288984436985
2026-09-15 00:07:31,masaomi346,domain,mandasirika-smbice.com,#malware #phishing,https://x.com/masaomi346/status/2099651288984436985
2026-09-15 00:07:31,masaomi346,url,https://mandasirika-smbice.com,#malware #phishing,https://x.com/masaomi346/status/2099651288984436985
2026-09-15 00:07:31,masaomi346,domain,pfflzcifes-smbice.com,#malware #phishing,https://x.com/masaomi346/status/2099651288984436985
2026-09-15 00:07:31,masaomi346,url,https://pfflzcifes-smbice.com,#malware #phishing,https://x.com/masaomi346/status/2099651288984436985
2026-09-15 00:07:31,masaomi346,sha256,f7254bf08da4819f93a767423f9b3e9c5c7c2942f931fc74a606691935877a7e,#malware #phishing,https://x.com/masaomi346/status/2099651288984436985
2026-09-15 00:20:20,masaomi346,domain,daqianzib-rakunde.com,#malware #phishing,https://x.com/masaomi346/status/2099654512340574351
2026-09-15 00:20:20,masaomi346,url,https://daqianzib-rakunde.com,#malware #phishing,https://x.com/masaomi346/status/2099654512340574351
2026-09-15 00:20:20,masaomi346,domain,ditankaofa-rakunde.com,#malware #phishing,https://x.com/masaomi346/status/2099654512340574351
2026-09-15 00:20:20,masaomi346,url,https://ditankaofa-rakunde.com,#malware #phishing,https://x.com/masaomi346/status/2099654512340574351
2026-09-15 00:20:20,masaomi346,domain,haieryunsh-rakunde.com,#malware #phishing,https://x.com/masaomi346/status/2099654512340574351
2026-09-15 00:20:20,masaomi346,url,https://haieryunsh-rakunde.com,#malware #phishing,https://x.com/masaomi346/status/2099654512340574351
2026-09-15 00:20:20,masaomi346,domain,huibaoshen-rakunde.com,#malware #phishing,https://x.com/masaomi346/status/2099654512340574351
2026-09-15 00:20:20,masaomi346,url,https://huibaoshen-rakunde.com,#malware #phishing,https://x.com/masaomi346/status/2099654512340574351
2026-09-15 00:20:20,masaomi346,domain,jiongryturte-rakunde.com,#malware #phishing,https://x.com/masaomi346/status/2099654512340574351
2026-09-15 00:20:20,masaomi346,url,https://jiongryturte-rakunde.com,#malware #phishing,https://x.com/masaomi346/status/2099654512340574351
2026-09-15 00:20:20,masaomi346,sha256,bab5482560944fa4b6424642c73282b0efe2a20618303e8d6bf9d4ff03adecd9,#malware #phishing,https://x.com/masaomi346/status/2099654512340574351
2026-09-15 02:18:26,TKemmerling,domain,se.nsbpay.com,#phishing,https://x.com/TKemmerling/status/2099684235183620432
2026-09-15 02:18:26,TKemmerling,url,http://se.nsbpay.com,#phishing,https://x.com/TKemmerling/status/2099684235183620432
2026-09-15 02:40:55,TKemmerling,domain,rc.veyosilk.com,#phishing,https://x.com/TKemmerling/status/2099689891751997836
2026-09-15 02:40:55,TKemmerling,url,http://rc.veyosilk.com,#phishing,https://x.com/TKemmerling/status/2099689891751997836
2026-09-15 03:04:05,TKemmerling,domain,altiora.fun,#phishing,https://x.com/TKemmerling/status/2099695723189277034
2026-09-15 03:04:05,TKemmerling,url,http://altiora.fun,#phishing,https://x.com/TKemmerling/status/2099695723189277034
2026-09-15 03:15:24,masaomi346,domain,ancientcpus-jprakutansui-copoint.com,#malware #phishing,https://x.com/masaomi346/status/2099698569217499444
2026-09-15 03:15:24,masaomi346,url,https://ancientcpus-jprakutansui-copoint.com,#malware #phishing,https://x.com/masaomi346/status/2099698569217499444
2026-09-15 03:15:24,masaomi346,domain,averygruckus-jprakutansui-copoint.com,#malware #phishing,https://x.com/masaomi346/status/2099698569217499444
2026-09-15 03:15:24,masaomi346,url,https://averygruckus-jprakutansui-copoint.com,#malware #phishing,https://x.com/masaomi346/status/2099698569217499444
2026-09-15 03:15:24,masaomi346,domain,bulwasandburg-jprakutansui-copoint.com,#malware #phishing,https://x.com/masaomi346/status/2099698569217499444
2026-09-15 03:15:24,masaomi346,url,https://bulwasandburg-jprakutansui-copoint.com,#malware #phishing,https://x.com/masaomi346/status/2099698569217499444
2026-09-15 03:15:24,masaomi346,sha256,26ba499b037efa5825dd749f9784ac93e8f2d99db96a959c06aabc94bc744cae,#malware #phishing,https://x.com/masaomi346/status/2099698569217499444
2026-09-15 03:27:08,TKemmerling,domain,se.norahadraivnig.com,#phishing,https://x.com/TKemmerling/status/2099701525740441731
2026-09-15 03:27:08,TKemmerling,url,http://se.norahadraivnig.com,#phishing,https://x.com/TKemmerling/status/2099701525740441731
2026-09-15 03:48:52,TKemmerling,domain,sb.zeyoluxe.com,#phishing,https://x.com/TKemmerling/status/2099706995234460007
2026-09-15 03:48:52,TKemmerling,url,http://sb.zeyoluxe.com,#phishing,https://x.com/TKemmerling/status/2099706995234460007
2026-09-15 04:11:49,TKemmerling,domain,rd.helioszyra.com,#phishing,https://x.com/TKemmerling/status/2099712770208100805
2026-09-15 04:11:49,TKemmerling,url,http://rd.helioszyra.com,#phishing,https://x.com/TKemmerling/status/2099712770208100805
2026-09-15 04:22:08,patialavii,domain,durnakphotography.com,#phishing,https://x.com/patialavii/status/2099715364376707241
2026-09-15 04:22:08,patialavii,url,https://durnakphotography.com/poshevite/,#phishing,https://x.com/patialavii/status/2099715364376707241
2026-09-15 04:34:41,TKemmerling,domain,se.kivokeyline.com,#phishing,https://x.com/TKemmerling/status/2099718524008841653
2026-09-15 04:34:41,TKemmerling,url,http://se.kivokeyline.com,#phishing,https://x.com/TKemmerling/status/2099718524008841653
2026-09-15 04:43:07,patialavii,domain,ony.srb.temporary.site,#phishing,https://x.com/patialavii/status/2099720644355338404
2026-09-15 04:43:07,patialavii,url,https://ony.srb.temporary.site/en/,#phishing,https://x.com/patialavii/status/2099720644355338404
2026-09-15 04:43:07,patialavii,domain,strafordhomes.screenconnect.com,#phishing,https://x.com/patialavii/status/2099720644355338404
2026-09-15 04:43:07,patialavii,url,https://strafordhomes.screenconnect.com/Bin/ScreenConnect.ClientSetup.exe,#phishing,https://x.com/patialavii/status/2099720644355338404
2026-09-15 04:54:06,phatomcandle,ip,101.35.219.220,#APT #C2 #Kimsuky #malware,https://x.com/phatomcandle/status/2099723407780880404
2026-09-15 04:57:30,TKemmerling,domain,te.cyraecraft.com,#phishing,https://x.com/TKemmerling/status/2099724264740139013
2026-09-15 04:57:30,TKemmerling,url,http://te.cyraecraft.com,#phishing,https://x.com/TKemmerling/status/2099724264740139013
2026-09-15 05:01:41,tdatwja,md5,a8480e8bad9af229dc9e34358772f4a0,,https://x.com/tdatwja/status/2099725318479315286
2026-09-15 05:03:27,patialavii,domain,primstabn.info,#phishing,https://x.com/patialavii/status/2099725764040265845
2026-09-15 05:03:27,patialavii,url,https://primstabn.info,#phishing,https://x.com/patialavii/status/2099725764040265845
2026-09-15 05:03:27,patialavii,url,https://gofile.io/d/BoeEyV,#phishing,https://x.com/patialavii/status/2099725764040265845
2026-09-15 05:07:34,tdatwja,domain,v02.zip,,https://x.com/tdatwja/status/2099726797437026701
2026-09-15 05:07:34,tdatwja,url,http://v02.zip,,https://x.com/tdatwja/status/2099726797437026701
2026-09-15 05:07:34,tdatwja,md5,6ed3fa391a14acd768de91f921eb0d95,,https://x.com/tdatwja/status/2099726797437026701
2026-09-15 05:07:34,tdatwja,sha256,a42a573ec173f10e0ccae940d8ebaa739ddf443bd751a66aa4b92b0e26c7152f,,https://x.com/tdatwja/status/2099726797437026701
2026-09-15 05:08:14,patialavii,domain,op.lepiceriedestoits.com,#phishing,https://x.com/patialavii/status/2099726967054709102
2026-09-15 05:08:14,patialavii,url,https://op.lepiceriedestoits.com/kirby/,#phishing,https://x.com/patialavii/status/2099726967054709102
2026-09-15 05:08:14,patialavii,url,https://op.lepiceriedestoits.com/kirby/download.php,#phishing,https://x.com/patialavii/status/2099726967054709102
2026-09-15 05:16:43,patialavii,domain,yonataxi.at,#phishing,https://x.com/patialavii/status/2099729103108940129
2026-09-15 05:16:43,patialavii,url,https://yonataxi.at/ftx/,#phishing,https://x.com/patialavii/status/2099729103108940129
2026-09-15 05:16:43,patialavii,domain,pub-e1d9577cada440b39dc4a1e0fa09e7bc.r2.dev,#phishing,https://x.com/patialavii/status/2099729103108940129
2026-09-15 05:16:43,patialavii,url,https://pub-e1d9577cada440b39dc4a1e0fa09e7bc.r2.dev/InvoceApril2026-Pyment.msi,#phishing,https://x.com/patialavii/status/2099729103108940129
2026-09-15 05:20:06,TKemmerling,domain,sb.celocozy.com,#phishing,https://x.com/TKemmerling/status/2099729953059394035
2026-09-15 05:20:06,TKemmerling,url,http://sb.celocozy.com,#phishing,https://x.com/TKemmerling/status/2099729953059394035
2026-09-15 05:20:40,tdatwja,md5,8b9f58d8ed798d4e75f1efa8934ac892,,https://x.com/tdatwja/status/2099730097188299034
2026-09-15 05:20:40,tdatwja,sha256,c0a8a134dfbc3445598f8dcb5af0b52f4b691a5d13484b5384fb61d4d30545a4,,https://x.com/tdatwja/status/2099730097188299034
2026-09-15 05:42:28,TKemmerling,domain,re.pineayra.com,#phishing,https://x.com/TKemmerling/status/2099735581433712688
2026-09-15 05:42:28,TKemmerling,url,http://re.pineayra.com,#phishing,https://x.com/TKemmerling/status/2099735581433712688
2026-09-15 05:43:05,tdatwja,domain,mjdou.vip,,https://x.com/tdatwja/status/2099735738174878019
2026-09-15 05:43:05,tdatwja,url,http://mjdou.vip,,https://x.com/tdatwja/status/2099735738174878019
2026-09-15 05:43:05,tdatwja,domain,devin-us.com,,https://x.com/tdatwja/status/2099735738174878019
2026-09-15 05:43:05,tdatwja,url,http://devin-us.com,,https://x.com/tdatwja/status/2099735738174878019
2026-09-15 06:04:31,TKemmerling,domain,vb.wholenura.com,#phishing,https://x.com/TKemmerling/status/2099741129294156135
2026-09-15 06:04:31,TKemmerling,url,http://vb.wholenura.com,#phishing,https://x.com/TKemmerling/status/2099741129294156135
2026-09-15 06:20:11,bomccss,domain,結婚式のご招待.zip,,https://x.com/bomccss/status/2099745072027947391
2026-09-15 06:20:11,bomccss,url,http://結婚式のご招待.zip,,https://x.com/bomccss/status/2099745072027947391
2026-09-15 06:26:27,TKemmerling,domain,sa.oskatrace.com,#phishing,https://x.com/TKemmerling/status/2099746648268358064
2026-09-15 06:26:27,TKemmerling,url,http://sa.oskatrace.com,#phishing,https://x.com/TKemmerling/status/2099746648268358064
2026-09-15 06:27:06,Fact_Finder03,ip,5.39.202.95,#C2 #stealer,https://x.com/Fact_Finder03/status/2099746813087732109
2026-09-15 06:45:29,bomccss,domain,dnswwt.club,,https://x.com/bomccss/status/2099751438268457277
2026-09-15 06:45:29,bomccss,url,https://dnswwt.club/JP.html,,https://x.com/bomccss/status/2099751438268457277
2026-09-15 06:49:04,TKemmerling,domain,tb.rilobreeze.com,#phishing,https://x.com/TKemmerling/status/2099752341952213436
2026-09-15 06:49:04,TKemmerling,url,http://tb.rilobreeze.com,#phishing,https://x.com/TKemmerling/status/2099752341952213436
2026-09-15 07:01:12,phishunt_io,domain,netflix.patelrudra.in,#phishing,https://x.com/phishunt_io/status/2099755395338150244
2026-09-15 07:01:12,phishunt_io,url,http://netflix.patelrudra.in,#phishing,https://x.com/phishunt_io/status/2099755395338150244
2026-09-15 07:01:12,phishunt_io,ip,66.33.60.66,#phishing,https://x.com/phishunt_io/status/2099755395338150244
2026-09-15 07:11:34,TKemmerling,domain,aestheticearthgems.info,#phishing,https://x.com/TKemmerling/status/2099758002635264412
2026-09-15 07:11:34,TKemmerling,url,http://aestheticearthgems.info,#phishing,https://x.com/TKemmerling/status/2099758002635264412
2026-09-15 07:14:50,bomccss,url,https://mjdou.vip,,https://x.com/bomccss/status/2099758827386319001
2026-09-15 07:14:50,bomccss,url,http://149.104.24.197,,https://x.com/bomccss/status/2099758827386319001
2026-09-15 07:14:50,bomccss,ip,149.104.24.197,,https://x.com/bomccss/status/2099758827386319001
2026-09-15 07:32:41,scanmalware,domain,sign-in-to-xfinity-090.weebly.com,#ransomware,https://x.com/scanmalware/status/2099763316855869441
2026-09-15 07:32:41,scanmalware,url,http://www.sign-in-to-xfinity-090.weebly.com,#ransomware,https://x.com/scanmalware/status/2099763316855869441
2026-09-15 07:33:00,Fact_Finder03,ip,31.76.30.87,#C2,https://x.com/Fact_Finder03/status/2099763397227061291
2026-09-15 07:33:00,Fact_Finder03,ip,64.111.93.4,#C2,https://x.com/Fact_Finder03/status/2099763397227061291
2026-09-15 07:34:08,TKemmerling,domain,re.myloisle.com,#phishing,https://x.com/TKemmerling/status/2099763685430595588
2026-09-15 07:34:08,TKemmerling,url,http://re.myloisle.com,#phishing,https://x.com/TKemmerling/status/2099763685430595588
2026-09-15 07:42:00,Fact_Finder03,ip,45.76.83.205,#C2 #stealer,https://x.com/Fact_Finder03/status/2099765661870563390
2026-09-15 07:46:18,suyog41,md5,d5deec0ee2aa398f296b79e6da0a5d80,,https://x.com/suyog41/status/2099766743338033361
2026-09-15 07:55:00,Fact_Finder03,ip,95.85.236.244,#C2 #stealer,https://x.com/Fact_Finder03/status/2099768933322821986
2026-09-15 07:57:11,TKemmerling,domain,sb.anaridelight.com,#phishing,https://x.com/TKemmerling/status/2099769485217665182
2026-09-15 07:57:11,TKemmerling,url,http://sb.anaridelight.com,#phishing,https://x.com/TKemmerling/status/2099769485217665182
2026-09-15 08:07:08,suyog41,md5,5c268f58239d8c46e2cf7e0415201367,,https://x.com/suyog41/status/2099771989279801732
2026-09-15 08:31:00,Fact_Finder03,ip,111.229.198.6,#C2 #stealer,https://x.com/Fact_Finder03/status/2099777993174368256
2026-09-15 09:14:12,masaomi346,domain,shultectise.xa5ttg.info,#phishing,https://x.com/masaomi346/status/2099788866572218789
2026-09-15 09:14:12,masaomi346,url,https://shultectise.xa5ttg.info/aztipuif/indx/,#phishing,https://x.com/masaomi346/status/2099788866572218789
2026-09-15 12:01:23,phishunt_io,domain,apple-icloud.azurewebsites.net,#phishing,https://x.com/phishunt_io/status/2099830939576565986
2026-09-15 12:01:23,phishunt_io,url,http://apple-icloud.azurewebsites.net,#phishing,https://x.com/phishunt_io/status/2099830939576565986
2026-09-15 12:01:23,phishunt_io,ip,52.173.36.83,#phishing,https://x.com/phishunt_io/status/2099830939576565986
2026-09-15 13:11:03,patialavii,domain,rinitiative.org,#phishing,https://x.com/patialavii/status/2099848471855731053
2026-09-15 13:11:03,patialavii,url,https://rinitiative.org/ftx,#phishing,https://x.com/patialavii/status/2099848471855731053
2026-09-15 13:11:03,patialavii,domain,kohenalexander.screenconnect.com,#phishing,https://x.com/patialavii/status/2099848471855731053
2026-09-15 13:11:03,patialavii,url,https://kohenalexander.screenconnect.com/Bin/ScreenConnect.ClientSetup.msi,#phishing,https://x.com/patialavii/status/2099848471855731053
2026-09-15 13:22:44,skocherhan,domain,lewokodwqko.icu,,https://x.com/skocherhan/status/2099851412645593438
2026-09-15 13:22:44,skocherhan,url,http://lewokodwqko.icu,,https://x.com/skocherhan/status/2099851412645593438
2026-09-15 13:22:44,skocherhan,md5,e0189e82b8308b1241c6985480182524,,https://x.com/skocherhan/status/2099851412645593438
2026-09-15 13:34:45,patialavii,domain,alphamedglobal.com,#phishing,https://x.com/patialavii/status/2099854434243322044
2026-09-15 13:34:45,patialavii,url,http://alphamedglobal.com/home.php,#phishing,https://x.com/patialavii/status/2099854434243322044
2026-09-15 13:34:45,patialavii,domain,beyondfitness.com.br,#phishing,https://x.com/patialavii/status/2099854434243322044
2026-09-15 13:34:45,patialavii,url,https://beyondfitness.com.br/wp-includes/zlc/zoom-installer-silent.vbs,#phishing,https://x.com/patialavii/status/2099854434243322044
2026-09-15 14:59:18,masaomi346,domain,daqianzib-smbice.com,#malware #phishing,https://x.com/masaomi346/status/2099875712463474797
2026-09-15 14:59:18,masaomi346,url,https://daqianzib-smbice.com,#malware #phishing,https://x.com/masaomi346/status/2099875712463474797
2026-09-15 14:59:18,masaomi346,domain,qdxinruiya-smbice.com,#malware #phishing,https://x.com/masaomi346/status/2099875712463474797
2026-09-15 14:59:18,masaomi346,url,https://qdxinruiya-smbice.com,#malware #phishing,https://x.com/masaomi346/status/2099875712463474797
2026-09-15 14:59:18,masaomi346,domain,huibaoshe-smbice.com,#malware #phishing,https://x.com/masaomi346/status/2099875712463474797
2026-09-15 14:59:18,masaomi346,url,https://huibaoshe-smbice.com,#malware #phishing,https://x.com/masaomi346/status/2099875712463474797
2026-09-15 14:59:18,masaomi346,sha256,e59b29b39af6df7b596350fcff3ab6c92c4a41a3c8d7e4780cbf6b90b6ea8025,#malware #phishing,https://x.com/masaomi346/status/2099875712463474797
2026-09-15 15:02:20,RansoMonitor,domain,pnzr4delgur5dlhtqcy7qqm6m7dkivxwh742enezpks5kswfpx7qrsid.onion,#ransomware,https://x.com/RansoMonitor/status/2099876474757193907
2026-09-15 15:02:20,RansoMonitor,url,http://pnzr4delgur5dlhtqcy7qqm6m7dkivxwh742enezpks5kswfpx7qrsid.onion,#ransomware,https://x.com/RansoMonitor/status/2099876474757193907
2026-09-15 15:03:46,masaomi346,domain,ditankaofan-jprakutansui.com,#malware #phishing,https://x.com/masaomi346/status/2099876837388398902
2026-09-15 15:03:46,masaomi346,url,https://ditankaofan-jprakutansui.com,#malware #phishing,https://x.com/masaomi346/status/2099876837388398902
2026-09-15 15:03:46,masaomi346,domain,vitrincebin-jprakutansui.com,#malware #phishing,https://x.com/masaomi346/status/2099876837388398902
2026-09-15 15:03:46,masaomi346,url,https://vitrincebin-jprakutansui.com,#malware #phishing,https://x.com/masaomi346/status/2099876837388398902
2026-09-15 15:03:46,masaomi346,domain,zhangyexin-jprakutansui.com,#malware #phishing,https://x.com/masaomi346/status/2099876837388398902
2026-09-15 15:03:46,masaomi346,url,https://zhangyexin-jprakutansui.com,#malware #phishing,https://x.com/masaomi346/status/2099876837388398902
2026-09-15 15:03:46,masaomi346,domain,shenzhenm-jprakutansui.com,#malware #phishing,https://x.com/masaomi346/status/2099876837388398902
2026-09-15 15:03:46,masaomi346,url,https://shenzhenm-jprakutansui.com,#malware #phishing,https://x.com/masaomi346/status/2099876837388398902
2026-09-15 15:03:46,masaomi346,sha256,22c1108ff216f1d5694883c20bcd7f447c23fa2f9466d3b43b5e56d1701d0c1b,#malware #phishing,https://x.com/masaomi346/status/2099876837388398902
2026-09-15 16:09:58,patialavii,domain,roya-dev.com,#phishing,https://x.com/patialavii/status/2099893496614441292
2026-09-15 16:09:58,patialavii,url,https://roya-dev.com/mreger/,#phishing,https://x.com/patialavii/status/2099893496614441292
2026-09-15 16:23:21,patialavii,domain,innosoft.ro,#phishing,https://x.com/patialavii/status/2099896865596846238
2026-09-15 16:23:21,patialavii,url,https://innosoft.ro/ftx,#phishing,https://x.com/patialavii/status/2099896865596846238
2026-09-15 16:23:21,patialavii,domain,multistore-lb.com,#phishing,https://x.com/patialavii/status/2099896865596846238
2026-09-15 16:23:21,patialavii,url,https://multistore-lb.com/docsign/,#phishing,https://x.com/patialavii/status/2099896865596846238
2026-09-15 17:01:20,phishunt_io,domain,zfkmasinac.com,#phishing,https://x.com/phishunt_io/status/2099906423551320276
2026-09-15 17:01:20,phishunt_io,url,http://zfkmasinac.com/pe/alibaba/,#phishing,https://x.com/phishunt_io/status/2099906423551320276
2026-09-15 17:01:20,phishunt_io,ip,208.91.199.49,#phishing,https://x.com/phishunt_io/status/2099906423551320276
2026-09-15 21:25:49,skocherhan,md5,64323fe47e3d4b3fab63fcc5e95ff596,,https://x.com/skocherhan/status/2099972983427076156
2026-09-15 21:49:23,skocherhan,domain,zledu-sx.oss-cn-beijing.aliyuncs.com,,https://x.com/skocherhan/status/2099978912121938297
2026-09-15 21:49:23,skocherhan,url,http://zledu-sx.oss-cn-beijing.aliyuncs.com,,https://x.com/skocherhan/status/2099978912121938297
2026-09-15 21:49:23,skocherhan,md5,2a1a97e6d958e0518dd8b4c05d988ddb,,https://x.com/skocherhan/status/2099978912121938297
2026-09-15 22:42:27,skocherhan,md5,5d91609062fd39d477103958146fda3e,,https://x.com/skocherhan/status/2099992268547453222
2026-09-15 22:54:21,skocherhan,domain,ssmail.ink,,https://x.com/skocherhan/status/2099995263737712810
2026-09-15 22:54:21,skocherhan,url,http://ssmail.ink,,https://x.com/skocherhan/status/2099995263737712810
2026-09-15 22:54:21,skocherhan,domain,downin.club,,https://x.com/skocherhan/status/2099995263737712810
2026-09-15 22:54:21,skocherhan,url,http://downin.club,,https://x.com/skocherhan/status/2099995263737712810
2026-09-16 00:53:34,scanmalware,domain,geltonayraviskas.lt,#phishing,https://x.com/scanmalware/status/2100025266265292957
2026-09-16 00:53:34,scanmalware,url,http://geltonayraviskas.lt,#phishing,https://x.com/scanmalware/status/2100025266265292957
2026-09-16 01:41:53,skocherhan,domain,kingroyal10066.com,,https://x.com/skocherhan/status/2100037424524959810
2026-09-16 01:41:53,skocherhan,url,http://kingroyal10066.com,,https://x.com/skocherhan/status/2100037424524959810
2026-09-16 02:35:57,Coolcarlos17,domain,casabahia.online,#phishing #scam,https://x.com/Coolcarlos17/status/2100051031526613146
2026-09-16 02:35:57,Coolcarlos17,url,https://casabahia.online,#phishing #scam,https://x.com/Coolcarlos17/status/2100051031526613146
2026-09-16 04:23:43,TKemmerling,domain,altiora.fun,#phishing,https://x.com/TKemmerling/status/2100078149619024090
2026-09-16 04:23:43,TKemmerling,url,http://altiora.fun,#phishing,https://x.com/TKemmerling/status/2100078149619024090
2026-09-16 04:57:19,TKemmerling,domain,re.myloisle.com,#phishing,https://x.com/TKemmerling/status/2100086606363500861
2026-09-16 04:57:19,TKemmerling,url,http://re.myloisle.com,#phishing,https://x.com/TKemmerling/status/2100086606363500861
2026-09-16 06:16:32,masaomi346,domain,aniv.czklwfl.cn,#phishing,https://x.com/masaomi346/status/2100106544671330725
2026-09-16 06:16:32,masaomi346,url,https://aniv.czklwfl.cn/t10ijauryj,#phishing,https://x.com/masaomi346/status/2100106544671330725
2026-09-16 06:24:48,suyog41,md5,42630ea995230f738f2993b92b20c546,,https://x.com/suyog41/status/2100108622495707481
2026-09-16 06:56:46,suyog41,md5,f9c590f708b3d6f77940eadef0e92b1c,,https://x.com/suyog41/status/2100116667195941150
2026-09-16 07:34:00,Fact_Finder03,ip,205.209.125.247,#C2,https://x.com/Fact_Finder03/status/2100126036650607067
2026-09-16 08:03:00,Fact_Finder03,ip,198.46.188.133,#C2,https://x.com/Fact_Finder03/status/2100133335007928789
2026-09-16 08:03:21,TKemmerling,domain,sb.mivoefocus.com,#phishing,https://x.com/TKemmerling/status/2100133422568296653
2026-09-16 08:03:21,TKemmerling,url,http://sb.mivoefocus.com,#phishing,https://x.com/TKemmerling/status/2100133422568296653
2026-09-16 08:22:20,tdatwja,domain,v02.zip,,https://x.com/tdatwja/status/2100138202166415386
2026-09-16 08:22:20,tdatwja,url,http://v02.zip,,https://x.com/tdatwja/status/2100138202166415386
2026-09-16 08:22:20,tdatwja,md5,6ed3fa391a14acd768de91f921eb0d95,,https://x.com/tdatwja/status/2100138202166415386
2026-09-16 08:22:20,tdatwja,sha256,a42a573ec173f10e0ccae940d8ebaa739ddf443bd751a66aa4b92b0e26c7152f,,https://x.com/tdatwja/status/2100138202166415386
2026-09-16 08:25:47,TKemmerling,domain,rd.helioszyra.com,#phishing,https://x.com/TKemmerling/status/2100139071356240296
2026-09-16 08:25:47,TKemmerling,url,http://rd.helioszyra.com,#phishing,https://x.com/TKemmerling/status/2100139071356240296
2026-09-16 08:33:00,Fact_Finder03,ip,209.99.186.221,#C2,https://x.com/Fact_Finder03/status/2100140884293755304
2026-09-16 08:43:19,AaronCTI,domain,ahrefs.report,,https://x.com/AaronCTI/status/2100143481482022925
2026-09-16 08:43:19,AaronCTI,url,http://ahrefs.report,,https://x.com/AaronCTI/status/2100143481482022925
2026-09-16 08:43:19,AaronCTI,domain,algoseek-report.com,,https://x.com/AaronCTI/status/2100143481482022925
2026-09-16 08:43:19,AaronCTI,url,http://algoseek-report.com,,https://x.com/AaronCTI/status/2100143481482022925
2026-09-16 08:43:19,AaronCTI,domain,assuredpartners.report,,https://x.com/AaronCTI/status/2100143481482022925
2026-09-16 08:43:19,AaronCTI,url,http://assuredpartners.report,,https://x.com/AaronCTI/status/2100143481482022925
2026-09-16 08:43:19,AaronCTI,domain,atimaterials.report,,https://x.com/AaronCTI/status/2100143481482022925
2026-09-16 08:43:19,AaronCTI,url,http://atimaterials.report,,https://x.com/AaronCTI/status/2100143481482022925
2026-09-16 08:43:19,AaronCTI,domain,autodata.report,,https://x.com/AaronCTI/status/2100143481482022925
2026-09-16 08:43:19,AaronCTI,url,http://autodata.report,,https://x.com/AaronCTI/status/2100143481482022925
2026-09-16 08:43:19,AaronCTI,domain,bigbrandtire.report,,https://x.com/AaronCTI/status/2100143481482022925
2026-09-16 08:43:19,AaronCTI,url,http://bigbrandtire.report,,https://x.com/AaronCTI/status/2100143481482022925
2026-09-16 08:43:19,AaronCTI,domain,bmo-report.com,,https://x.com/AaronCTI/status/2100143481482022925
2026-09-16 08:43:19,AaronCTI,url,http://bmo-report.com,,https://x.com/AaronCTI/status/2100143481482022925
2026-09-16 08:43:19,AaronCTI,domain,bungiehelp.report,,https://x.com/AaronCTI/status/2100143481482022925
2026-09-16 08:43:19,AaronCTI,url,http://bungiehelp.report,,https://x.com/AaronCTI/status/2100143481482022925
2026-09-16 08:43:19,AaronCTI,domain,canalplus-abuse.report,,https://x.com/AaronCTI/status/2100143481482022925
2026-09-16 08:43:19,AaronCTI,url,http://canalplus-abuse.report,,https://x.com/AaronCTI/status/2100143481482022925
2026-09-16 08:43:19,AaronCTI,domain,car-vertical-report.com,,https://x.com/AaronCTI/status/2100143481482022925
2026-09-16 08:43:19,AaronCTI,url,http://car-vertical-report.com,,https://x.com/AaronCTI/status/2100143481482022925
2026-09-16 08:43:19,AaronCTI,domain,carfaxreport.report,,https://x.com/AaronCTI/status/2100143481482022925
2026-09-16 08:43:19,AaronCTI,url,http://carfaxreport.report,,https://x.com/AaronCTI/status/2100143481482022925
2026-09-16 08:43:19,AaronCTI,domain,cheap-carfax-report.com,,https://x.com/AaronCTI/status/2100143481482022925
2026-09-16 08:43:19,AaronCTI,url,http://cheap-carfax-report.com,,https://x.com/AaronCTI/status/2100143481482022925
2026-09-16 08:43:19,AaronCTI,domain,clubchampion.report,,https://x.com/AaronCTI/status/2100143481482022925
2026-09-16 08:43:19,AaronCTI,url,http://clubchampion.report,,https://x.com/AaronCTI/status/2100143481482022925
2026-09-16 08:43:19,AaronCTI,domain,discounttire-retail.report,,https://x.com/AaronCTI/status/2100143481482022925
2026-09-16 08:43:19,AaronCTI,url,http://discounttire-retail.report,,https://x.com/AaronCTI/status/2100143481482022925
2026-09-16 08:43:19,AaronCTI,domain,emirates-report.com,,https://x.com/AaronCTI/status/2100143481482022925
2026-09-16 08:43:19,AaronCTI,url,http://emirates-report.com,,https://x.com/AaronCTI/status/2100143481482022925
2026-09-16 08:43:19,AaronCTI,domain,eon-report.com,,https://x.com/AaronCTI/status/2100143481482022925
2026-09-16 08:43:19,AaronCTI,url,http://eon-report.com,,https://x.com/AaronCTI/status/2100143481482022925
2026-09-16 08:43:19,AaronCTI,domain,everstake.report,,https://x.com/AaronCTI/status/2100143481482022925
2026-09-16 08:43:19,AaronCTI,url,http://everstake.report,,https://x.com/AaronCTI/status/2100143481482022925
2026-09-16 08:43:19,AaronCTI,domain,expeditors.report,,https://x.com/AaronCTI/status/2100143481482022925
2026-09-16 08:43:19,AaronCTI,url,http://expeditors.report,,https://x.com/AaronCTI/status/2100143481482022925
2026-09-16 08:43:19,AaronCTI,domain,fastweb.report,,https://x.com/AaronCTI/status/2100143481482022925
2026-09-16 08:43:19,AaronCTI,url,http://fastweb.report,,https://x.com/AaronCTI/status/2100143481482022925
2026-09-16 08:43:19,AaronCTI,domain,hcahealthcare.report,,https://x.com/AaronCTI/status/2100143481482022925
2026-09-16 08:43:19,AaronCTI,url,http://hcahealthcare.report,,https://x.com/AaronCTI/status/2100143481482022925
2026-09-16 08:43:19,AaronCTI,domain,ikks.report,,https://x.com/AaronCTI/status/2100143481482022925
2026-09-16 08:43:19,AaronCTI,url,http://ikks.report,,https://x.com/AaronCTI/status/2100143481482022925
2026-09-16 08:43:19,AaronCTI,domain,intel-report.com,,https://x.com/AaronCTI/status/2100143481482022925
2026-09-16 08:43:19,AaronCTI,url,http://intel-report.com,,https://x.com/AaronCTI/status/2100143481482022925
2026-09-16 08:43:19,AaronCTI,domain,ledgerwallet.report,,https://x.com/AaronCTI/status/2100143481482022925
2026-09-16 08:43:19,AaronCTI,url,http://ledgerwallet.report,,https://x.com/AaronCTI/status/2100143481482022925
2026-09-16 08:43:19,AaronCTI,domain,lexus-cs-report.com,,https://x.com/AaronCTI/status/2100143481482022925
2026-09-16 08:43:19,AaronCTI,url,http://lexus-cs-report.com,,https://x.com/AaronCTI/status/2100143481482022925
2026-09-16 08:43:19,AaronCTI,domain,lyrahealth.report,,https://x.com/AaronCTI/status/2100143481482022925
2026-09-16 08:43:19,AaronCTI,url,http://lyrahealth.report,,https://x.com/AaronCTI/status/2100143481482022925
2026-09-16 08:43:19,AaronCTI,domain,mckesson-report.com,,https://x.com/AaronCTI/status/2100143481482022925
2026-09-16 08:43:19,AaronCTI,url,http://mckesson-report.com,,https://x.com/AaronCTI/status/2100143481482022925
2026-09-16 08:43:19,AaronCTI,domain,report-mckesson.com,,https://x.com/AaronCTI/status/2100143481482022925
2026-09-16 08:43:19,AaronCTI,url,http://report-mckesson.com,,https://x.com/AaronCTI/status/2100143481482022925
2026-09-16 08:43:19,AaronCTI,domain,nuveen-social-value-report.com,,https://x.com/AaronCTI/status/2100143481482022925
2026-09-16 08:43:19,AaronCTI,url,http://nuveen-social-value-report.com,,https://x.com/AaronCTI/status/2100143481482022925
2026-09-16 08:43:19,AaronCTI,domain,offerup.report,,https://x.com/AaronCTI/status/2100143481482022925
2026-09-16 08:43:19,AaronCTI,url,http://offerup.report,,https://x.com/AaronCTI/status/2100143481482022925
2026-09-16 08:43:19,AaronCTI,domain,paysera.report,,https://x.com/AaronCTI/status/2100143481482022925
2026-09-16 08:43:19,AaronCTI,url,http://paysera.report,,https://x.com/AaronCTI/status/2100143481482022925
2026-09-16 08:43:19,AaronCTI,domain,reliaquest.report,,https://x.com/AaronCTI/status/2100143481482022925
2026-09-16 08:43:19,AaronCTI,url,http://reliaquest.report,,https://x.com/AaronCTI/status/2100143481482022925
2026-09-16 08:43:19,AaronCTI,domain,report-binance.com,,https://x.com/AaronCTI/status/2100143481482022925
2026-09-16 08:43:19,AaronCTI,url,http://report-binance.com,,https://x.com/AaronCTI/status/2100143481482022925
2026-09-16 08:43:19,AaronCTI,domain,report-chase.com,,https://x.com/AaronCTI/status/2100143481482022925
2026-09-16 08:43:19,AaronCTI,url,http://report-chase.com,,https://x.com/AaronCTI/status/2100143481482022925
2026-09-16 08:43:19,AaronCTI,domain,report-doordash.com,,https://x.com/AaronCTI/status/2100143481482022925
2026-09-16 08:43:19,AaronCTI,url,http://report-doordash.com,,https://x.com/AaronCTI/status/2100143481482022925
2026-09-16 08:43:19,AaronCTI,domain,report-hyatt.com,,https://x.com/AaronCTI/status/2100143481482022925
2026-09-16 08:43:19,AaronCTI,url,http://report-hyatt.com,,https://x.com/AaronCTI/status/2100143481482022925
2026-09-16 08:43:19,AaronCTI,domain,report-icloud.com,,https://x.com/AaronCTI/status/2100143481482022925
2026-09-16 08:43:19,AaronCTI,url,http://report-icloud.com,,https://x.com/AaronCTI/status/2100143481482022925
2026-09-16 08:43:19,AaronCTI,domain,report-kraken.com,,https://x.com/AaronCTI/status/2100143481482022925
2026-09-16 08:43:19,AaronCTI,url,http://report-kraken.com,,https://x.com/AaronCTI/status/2100143481482022925
2026-09-16 08:43:19,AaronCTI,domain,report-marriott.com,,https://x.com/AaronCTI/status/2100143481482022925
2026-09-16 08:43:19,AaronCTI,url,http://report-marriott.com,,https://x.com/AaronCTI/status/2100143481482022925
2026-09-16 08:43:19,AaronCTI,domain,report-roblox.com,,https://x.com/AaronCTI/status/2100143481482022925
2026-09-16 08:43:19,AaronCTI,url,http://report-roblox.com,,https://x.com/AaronCTI/status/2100143481482022925
2026-09-16 08:43:19,AaronCTI,domain,report-unum.com,,https://x.com/AaronCTI/status/2100143481482022925
2026-09-16 08:43:19,AaronCTI,url,http://report-unum.com,,https://x.com/AaronCTI/status/2100143481482022925
2026-09-16 08:43:19,AaronCTI,domain,report-westernunion.com,,https://x.com/AaronCTI/status/2100143481482022925
2026-09-16 08:43:19,AaronCTI,url,http://report-westernunion.com,,https://x.com/AaronCTI/status/2100143481482022925
2026-09-16 08:43:19,AaronCTI,domain,report-whatsapp.com,,https://x.com/AaronCTI/status/2100143481482022925
2026-09-16 08:43:19,AaronCTI,url,http://report-whatsapp.com,,https://x.com/AaronCTI/status/2100143481482022925
2026-09-16 08:43:19,AaronCTI,domain,whatsapp-report.com,,https://x.com/AaronCTI/status/2100143481482022925
2026-09-16 08:43:19,AaronCTI,url,http://whatsapp-report.com,,https://x.com/AaronCTI/status/2100143481482022925
2026-09-16 08:43:19,AaronCTI,domain,rexel.report,,https://x.com/AaronCTI/status/2100143481482022925
2026-09-16 08:43:19,AaronCTI,url,http://rexel.report,,https://x.com/AaronCTI/status/2100143481482022925
2026-09-16 08:43:19,AaronCTI,domain,robinhood.report,,https://x.com/AaronCTI/status/2100143481482022925
2026-09-16 08:43:19,AaronCTI,url,http://robinhood.report,,https://x.com/AaronCTI/status/2100143481482022925
2026-09-16 08:43:19,AaronCTI,domain,sumsub.report,,https://x.com/AaronCTI/status/2100143481482022925
2026-09-16 08:43:19,AaronCTI,url,http://sumsub.report,,https://x.com/AaronCTI/status/2100143481482022925
2026-09-16 08:43:19,AaronCTI,domain,talkerresearch.report,,https://x.com/AaronCTI/status/2100143481482022925
2026-09-16 08:43:19,AaronCTI,url,http://talkerresearch.report,,https://x.com/AaronCTI/status/2100143481482022925
2026-09-16 08:43:19,AaronCTI,domain,thales.report,,https://x.com/AaronCTI/status/2100143481482022925
2026-09-16 08:43:19,AaronCTI,url,http://thales.report,,https://x.com/AaronCTI/status/2100143481482022925
2026-09-16 08:43:19,AaronCTI,domain,ticimax.report,,https://x.com/AaronCTI/status/2100143481482022925
2026-09-16 08:43:19,AaronCTI,url,http://ticimax.report,,https://x.com/AaronCTI/status/2100143481482022925
2026-09-16 08:43:19,AaronCTI,domain,trezorsuite.report,,https://x.com/AaronCTI/status/2100143481482022925
2026-09-16 08:43:19,AaronCTI,url,http://trezorsuite.report,,https://x.com/AaronCTI/status/2100143481482022925
2026-09-16 08:43:19,AaronCTI,domain,turnitin-report.com,,https://x.com/AaronCTI/status/2100143481482022925
2026-09-16 08:43:19,AaronCTI,url,http://turnitin-report.com,,https://x.com/AaronCTI/status/2100143481482022925
2026-09-16 08:43:19,AaronCTI,domain,valocity.report,,https://x.com/AaronCTI/status/2100143481482022925
2026-09-16 08:43:19,AaronCTI,url,http://valocity.report,,https://x.com/AaronCTI/status/2100143481482022925
2026-09-16 08:43:19,AaronCTI,domain,veidekke.report,,https://x.com/AaronCTI/status/2100143481482022925
2026-09-16 08:43:19,AaronCTI,url,http://veidekke.report,,https://x.com/AaronCTI/status/2100143481482022925
2026-09-16 08:43:19,AaronCTI,domain,verifone-report.com,,https://x.com/AaronCTI/status/2100143481482022925
2026-09-16 08:43:19,AaronCTI,url,http://verifone-report.com,,https://x.com/AaronCTI/status/2100143481482022925
2026-09-16 08:43:19,AaronCTI,domain,vistra.report,,https://x.com/AaronCTI/status/2100143481482022925
2026-09-16 08:43:19,AaronCTI,url,http://vistra.report,,https://x.com/AaronCTI/status/2100143481482022925
2026-09-16 08:43:19,AaronCTI,domain,workday.report,,https://x.com/AaronCTI/status/2100143481482022925
2026-09-16 08:43:19,AaronCTI,url,http://workday.report,,https://x.com/AaronCTI/status/2100143481482022925
2026-09-16 08:43:19,AaronCTI,domain,xing.report,,https://x.com/AaronCTI/status/2100143481482022925
2026-09-16 08:43:19,AaronCTI,url,http://xing.report,,https://x.com/AaronCTI/status/2100143481482022925
2026-09-16 08:43:19,AaronCTI,domain,airramp.report,,https://x.com/AaronCTI/status/2100143481482022925
2026-09-16 08:43:19,AaronCTI,url,http://airramp.report,,https://x.com/AaronCTI/status/2100143481482022925
2026-09-16 08:43:19,AaronCTI,domain,bae.report,,https://x.com/AaronCTI/status/2100143481482022925
2026-09-16 08:43:19,AaronCTI,url,http://bae.report,,https://x.com/AaronCTI/status/2100143481482022925
2026-09-16 08:43:19,AaronCTI,domain,bessemer.report,,https://x.com/AaronCTI/status/2100143481482022925
2026-09-16 08:43:19,AaronCTI,url,http://bessemer.report,,https://x.com/AaronCTI/status/2100143481482022925
2026-09-16 08:43:19,AaronCTI,domain,caixa.report,,https://x.com/AaronCTI/status/2100143481482022925
2026-09-16 08:43:19,AaronCTI,url,http://caixa.report,,https://x.com/AaronCTI/status/2100143481482022925
2026-09-16 08:43:19,AaronCTI,domain,cantor.report,,https://x.com/AaronCTI/status/2100143481482022925
2026-09-16 08:43:19,AaronCTI,url,http://cantor.report,,https://x.com/AaronCTI/status/2100143481482022925
2026-09-16 08:43:19,AaronCTI,domain,fathom.report,,https://x.com/AaronCTI/status/2100143481482022925
2026-09-16 08:43:19,AaronCTI,url,http://fathom.report,,https://x.com/AaronCTI/status/2100143481482022925
2026-09-16 08:43:19,AaronCTI,domain,lightspeed.report,,https://x.com/AaronCTI/status/2100143481482022925
2026-09-16 08:43:19,AaronCTI,url,http://lightspeed.report,,https://x.com/AaronCTI/status/2100143481482022925
2026-09-16 08:43:19,AaronCTI,domain,monday.report,,https://x.com/AaronCTI/status/2100143481482022925
2026-09-16 08:43:19,AaronCTI,url,http://monday.report,,https://x.com/AaronCTI/status/2100143481482022925
2026-09-16 08:43:19,AaronCTI,domain,nationwide-report.com,,https://x.com/AaronCTI/status/2100143481482022925
2026-09-16 08:43:19,AaronCTI,url,http://nationwide-report.com,,https://x.com/AaronCTI/status/2100143481482022925
2026-09-16 08:43:19,AaronCTI,domain,nationwideaccident-report.com,,https://x.com/AaronCTI/status/2100143481482022925
2026-09-16 08:43:19,AaronCTI,url,http://nationwideaccident-report.com,,https://x.com/AaronCTI/status/2100143481482022925
2026-09-16 08:43:19,AaronCTI,domain,orange.report,,https://x.com/AaronCTI/status/2100143481482022925
2026-09-16 08:43:19,AaronCTI,url,http://orange.report,,https://x.com/AaronCTI/status/2100143481482022925
2026-09-16 08:43:19,AaronCTI,domain,report-athena.com,,https://x.com/AaronCTI/status/2100143481482022925
2026-09-16 08:43:19,AaronCTI,url,http://report-athena.com,,https://x.com/AaronCTI/status/2100143481482022925
2026-09-16 08:43:19,AaronCTI,domain,report-block.com,,https://x.com/AaronCTI/status/2100143481482022925
2026-09-16 08:43:19,AaronCTI,url,http://report-block.com,,https://x.com/AaronCTI/status/2100143481482022925
2026-09-16 08:43:19,AaronCTI,domain,report-elo.com,,https://x.com/AaronCTI/status/2100143481482022925
2026-09-16 08:43:19,AaronCTI,url,http://report-elo.com,,https://x.com/AaronCTI/status/2100143481482022925
2026-09-16 08:43:19,AaronCTI,domain,report-obsidian.com,,https://x.com/AaronCTI/status/2100143481482022925
2026-09-16 08:43:19,AaronCTI,url,http://report-obsidian.com,,https://x.com/AaronCTI/status/2100143481482022925
2026-09-16 08:43:19,AaronCTI,domain,report-orbit.com,,https://x.com/AaronCTI/status/2100143481482022925
2026-09-16 08:43:19,AaronCTI,url,http://report-orbit.com,,https://x.com/AaronCTI/status/2100143481482022925
2026-09-16 08:43:19,AaronCTI,domain,snap-report.com,,https://x.com/AaronCTI/status/2100143481482022925
2026-09-16 08:43:19,AaronCTI,url,http://snap-report.com,,https://x.com/AaronCTI/status/2100143481482022925
2026-09-16 08:43:19,AaronCTI,domain,snapp-report.com,,https://x.com/AaronCTI/status/2100143481482022925
2026-09-16 08:43:19,AaronCTI,url,http://snapp-report.com,,https://x.com/AaronCTI/status/2100143481482022925
2026-09-16 08:56:12,tdatwja,domain,123.pdf1.zip,,https://x.com/tdatwja/status/2100146724035875034
2026-09-16 08:56:12,tdatwja,url,http://123.PDF1.zip,,https://x.com/tdatwja/status/2100146724035875034
2026-09-16 09:11:07,RansoMonitor,domain,pnzr4delgur5dlhtqcy7qqm6m7dkivxwh742enezpks5kswfpx7qrsid.onion,#ransomware,https://x.com/RansoMonitor/status/2100150479913435565
2026-09-16 09:11:07,RansoMonitor,url,http://pnzr4delgur5dlhtqcy7qqm6m7dkivxwh742enezpks5kswfpx7qrsid.onion,#ransomware,https://x.com/RansoMonitor/status/2100150479913435565
2026-09-16 09:31:00,Fact_Finder03,ip,158.247.255.167,#C2,https://x.com/Fact_Finder03/status/2100155480643407880
2026-09-16 10:00:00,phatomcandle,domain,requires1.dynuddns.net,#APT #C2 #Kimsuky #malware,https://x.com/phatomcandle/status/2100162778560425992
2026-09-16 10:00:00,phatomcandle,url,http://requires1.dynuddns.net,#APT #C2 #Kimsuky #malware,https://x.com/phatomcandle/status/2100162778560425992
2026-09-16 10:00:00,phatomcandle,url,http://101.36.114.215,#APT #C2 #Kimsuky #malware,https://x.com/phatomcandle/status/2100162778560425992
2026-09-16 10:00:00,phatomcandle,ip,101.36.114.215,#APT #C2 #Kimsuky #malware,https://x.com/phatomcandle/status/2100162778560425992
2026-09-16 10:33:33,PhishStats,url,https://www.geltonayraviskas.lt,#phishing,https://x.com/PhishStats/status/2100171223057469919
2026-09-16 10:33:33,PhishStats,ip,79.98.28.8,#phishing,https://x.com/PhishStats/status/2100171223057469919
2026-09-16 11:29:01,nextronresearch,domain,api.npoint.io,,https://x.com/nextronresearch/status/2100185180220629166
2026-09-16 11:29:01,nextronresearch,url,http://api.npoint.io/24c25d5f5fcbb0992a4f,,https://x.com/nextronresearch/status/2100185180220629166
2026-09-16 11:29:01,nextronresearch,url,http://api.npoint.io/33e8d008c334b060adad,,https://x.com/nextronresearch/status/2100185180220629166
2026-09-16 11:29:01,nextronresearch,url,http://api.npoint.io/641d37178a880b1e8b8f,,https://x.com/nextronresearch/status/2100185180220629166
2026-09-16 11:29:01,nextronresearch,url,http://api.npoint.io/ddae72efbb6714fae922,,https://x.com/nextronresearch/status/2100185180220629166
2026-09-16 11:29:01,nextronresearch,url,http://api.npoint.io/37c0a0c68bf7a94ed731,,https://x.com/nextronresearch/status/2100185180220629166
2026-09-16 11:29:01,nextronresearch,url,http://103.170.217.184:8787,,https://x.com/nextronresearch/status/2100185180220629166
2026-09-16 11:29:01,nextronresearch,ip,103.170.217.184,,https://x.com/nextronresearch/status/2100185180220629166
2026-09-16 11:31:24,c9lab_soc,domain,joyalukkas-karama.store,#phishing #scam,https://x.com/c9lab_soc/status/2100185782145438193
2026-09-16 11:31:24,c9lab_soc,url,http://www.joyalukkas-karama.store,#phishing #scam,https://x.com/c9lab_soc/status/2100185782145438193
2026-09-16 12:41:38,suyog41,md5,7d31da1f0b4edcacd1d466b5bf95ade3,,https://x.com/suyog41/status/2100203457885974813
2026-09-16 14:17:34,James_inthe_box,domain,interactions-according-reports-syndication.trycloudflare.com,#Dcrat,https://x.com/James_inthe_box/status/2100227600216179161
2026-09-16 14:17:34,James_inthe_box,url,https://interactions-according-reports-syndication.trycloudflare.com,#Dcrat,https://x.com/James_inthe_box/status/2100227600216179161
2026-09-16 14:17:34,James_inthe_box,domain,periods-genetic-stones-government.trycloudflare.com,#Dcrat,https://x.com/James_inthe_box/status/2100227600216179161
2026-09-16 14:17:34,James_inthe_box,url,https://periods-genetic-stones-government.trycloudflare.com,#Dcrat,https://x.com/James_inthe_box/status/2100227600216179161
2026-09-16 14:34:48,0xb1lal,ip,45.88.186.96,#C2 #malware,https://x.com/0xb1lal/status/2100231934370525262
2026-09-16 14:52:31,masaomi346,domain,rerrioara.live,#ClickFix #malware,https://x.com/masaomi346/status/2100236393331212469
2026-09-16 14:52:31,masaomi346,url,http://rerrioara.live,#ClickFix #malware,https://x.com/masaomi346/status/2100236393331212469
2026-09-16 15:44:40,TKemmerling,domain,ra.myvegaly.com,#phishing,https://x.com/TKemmerling/status/2100249518495404458
2026-09-16 15:44:40,TKemmerling,url,http://ra.myvegaly.com,#phishing,https://x.com/TKemmerling/status/2100249518495404458
2026-09-16 16:06:46,TKemmerling,domain,re.pineayra.com,#phishing,https://x.com/TKemmerling/status/2100255077827240151
2026-09-16 16:06:46,TKemmerling,url,http://re.pineayra.com,#phishing,https://x.com/TKemmerling/status/2100255077827240151
2026-09-16 16:07:16,Coolcarlos17,domain,lojas-havan.com,#phishing #scam,https://x.com/Coolcarlos17/status/2100255204469870993
2026-09-16 16:07:16,Coolcarlos17,url,https://lojas-havan.com/produto/32812,#phishing #scam,https://x.com/Coolcarlos17/status/2100255204469870993
2026-09-16 16:29:50,TKemmerling,domain,se.norahadraivnig.com,#phishing,https://x.com/TKemmerling/status/2100260885294166070
2026-09-16 16:29:50,TKemmerling,url,http://se.norahadraivnig.com,#phishing,https://x.com/TKemmerling/status/2100260885294166070
2026-09-16 16:52:32,TKemmerling,domain,hbphotographystudios.nl,#phishing,https://x.com/TKemmerling/status/2100266595948109938
2026-09-16 16:52:32,TKemmerling,url,http://hbphotographystudios.nl,#phishing,https://x.com/TKemmerling/status/2100266595948109938
2026-09-16 17:14:33,PhishStats,domain,webtycoons.co.in,#phishing,https://x.com/PhishStats/status/2100272137856545128
2026-09-16 17:14:33,PhishStats,url,https://webtycoons.co.in/next/aruba071126/web/authen.php,#phishing,https://x.com/PhishStats/status/2100272137856545128
2026-09-16 17:14:33,PhishStats,ip,111.118.212.38,#phishing,https://x.com/PhishStats/status/2100272137856545128
2026-09-16 17:15:46,TKemmerling,domain,ntiksangatindah.info,#phishing,https://x.com/TKemmerling/status/2100272443466322063
2026-09-16 17:15:46,TKemmerling,url,http://www.ntiksangatindah.info,#phishing,https://x.com/TKemmerling/status/2100272443466322063
2026-09-16 17:32:35,PhishStats,domain,kolaybet.guncelgirisadresleri.icu,#phishing,https://x.com/PhishStats/status/2100276674268971026
2026-09-16 17:32:35,PhishStats,url,https://kolaybet.guncelgirisadresleri.icu,#phishing,https://x.com/PhishStats/status/2100276674268971026
2026-09-16 17:38:16,TKemmerling,domain,dailyhealthylines.com,#phishing,https://x.com/TKemmerling/status/2100278106577899780
2026-09-16 17:38:16,TKemmerling,url,http://dailyhealthylines.com,#phishing,https://x.com/TKemmerling/status/2100278106577899780
2026-09-16 19:39:42,500mk500,domain,wpresourcerelay.info,,https://x.com/500mk500/status/2100308666347884973
2026-09-16 19:39:42,500mk500,url,http://wpresourcerelay.info,,https://x.com/500mk500/status/2100308666347884973
2026-09-16 19:39:42,500mk500,domain,wprelay.pages.dev,,https://x.com/500mk500/status/2100308666347884973
2026-09-16 19:39:42,500mk500,url,http://wprelay.pages.dev,,https://x.com/500mk500/status/2100308666347884973
2026-09-16 19:39:42,500mk500,domain,wp-js.com,,https://x.com/500mk500/status/2100308666347884973
2026-09-16 19:39:42,500mk500,url,http://wp-js.com,,https://x.com/500mk500/status/2100308666347884973
2026-09-16 19:39:42,500mk500,domain,cdn.wp-js.com,,https://x.com/500mk500/status/2100308666347884973
2026-09-16 19:39:42,500mk500,url,http://cdn.wp-js.com,,https://x.com/500mk500/status/2100308666347884973
2026-09-16 19:39:42,500mk500,domain,files.wp-js.com,,https://x.com/500mk500/status/2100308666347884973
2026-09-16 19:39:42,500mk500,url,http://files.wp-js.com,,https://x.com/500mk500/status/2100308666347884973
2026-09-16 19:39:42,500mk500,domain,js.wp-js.com,,https://x.com/500mk500/status/2100308666347884973
2026-09-16 19:39:42,500mk500,url,http://js.wp-js.com,,https://x.com/500mk500/status/2100308666347884973
2026-09-16 19:39:42,500mk500,domain,static.wp-js.com,,https://x.com/500mk500/status/2100308666347884973
2026-09-16 19:39:42,500mk500,url,http://static.wp-js.com,,https://x.com/500mk500/status/2100308666347884973
2026-09-16 19:39:42,500mk500,domain,stats.wp-js.com,,https://x.com/500mk500/status/2100308666347884973
2026-09-16 19:39:42,500mk500,url,http://stats.wp-js.com,,https://x.com/500mk500/status/2100308666347884973
2026-09-16 19:54:02,skocherhan,domain,highertola.duckdns.org,,https://x.com/skocherhan/status/2100312272778244396
2026-09-16 19:54:02,skocherhan,url,http://highertola.duckdns.org,,https://x.com/skocherhan/status/2100312272778244396
2026-09-16 19:54:02,skocherhan,domain,ibuchimo.duckdns.org,,https://x.com/skocherhan/status/2100312272778244396
2026-09-16 19:54:02,skocherhan,url,http://ibuchimo.duckdns.org,,https://x.com/skocherhan/status/2100312272778244396
2026-09-16 19:54:02,skocherhan,domain,mazedtrem.duckdns.org,,https://x.com/skocherhan/status/2100312272778244396
2026-09-16 19:54:02,skocherhan,url,http://mazedtrem.duckdns.org,,https://x.com/skocherhan/status/2100312272778244396
2026-09-16 19:54:02,skocherhan,domain,backshots6.duckdns.org,,https://x.com/skocherhan/status/2100312272778244396
2026-09-16 19:54:02,skocherhan,url,http://backshots6.duckdns.org,,https://x.com/skocherhan/status/2100312272778244396
2026-09-16 19:54:02,skocherhan,domain,axelond.duckdns.org,,https://x.com/skocherhan/status/2100312272778244396
2026-09-16 19:54:02,skocherhan,url,http://axelond.duckdns.org,,https://x.com/skocherhan/status/2100312272778244396
2026-09-16 19:54:02,skocherhan,domain,campinginontarioteamvontaxi.xyz,,https://x.com/skocherhan/status/2100312272778244396
2026-09-16 19:54:02,skocherhan,url,http://campinginontarioteamvontaxi.xyz,,https://x.com/skocherhan/status/2100312272778244396
2026-09-16 19:54:02,skocherhan,domain,polanddec.duckdns.org,,https://x.com/skocherhan/status/2100312272778244396
2026-09-16 19:54:02,skocherhan,url,http://polanddec.duckdns.org,,https://x.com/skocherhan/status/2100312272778244396
2026-09-16 19:54:02,skocherhan,domain,isensys.duckdns.org,,https://x.com/skocherhan/status/2100312272778244396
2026-09-16 19:54:02,skocherhan,url,http://isensys.duckdns.org,,https://x.com/skocherhan/status/2100312272778244396
2026-09-16 19:54:02,skocherhan,url,http://154.21.14.84:30351,,https://x.com/skocherhan/status/2100312272778244396
2026-09-16 19:54:02,skocherhan,ip,154.21.14.84,,https://x.com/skocherhan/status/2100312272778244396
2026-09-16 19:54:02,skocherhan,md5,e6be3944242de6dd32336e727b7071c6,,https://x.com/skocherhan/status/2100312272778244396
2026-09-16 19:54:02,skocherhan,md5,0f68319dd77944493d7bfb437c218eac,,https://x.com/skocherhan/status/2100312272778244396
2026-09-16 19:54:02,skocherhan,md5,c0331899ad6a3b139c1dbf870850158f,,https://x.com/skocherhan/status/2100312272778244396
2026-09-16 19:54:02,skocherhan,md5,0db3b6d8296e4d19ca3be14a12792e5e,,https://x.com/skocherhan/status/2100312272778244396
2026-09-16 19:54:02,skocherhan,md5,f5692b5db3e91225938861695f89acd7,,https://x.com/skocherhan/status/2100312272778244396
2026-09-16 19:54:02,skocherhan,md5,fce5a84ad616e353e1048617a4fbe809,,https://x.com/skocherhan/status/2100312272778244396
2026-09-16 21:50:47,skocherhan,md5,ba331092a9bb6d8f60b9c26441a17b28,,https://x.com/skocherhan/status/2100341655211491551
2026-09-16 22:55:01,Coolcarlos17,domain,havanoficiall.com,#phishing #scam,https://x.com/Coolcarlos17/status/2100357819002143211
2026-09-16 22:55:01,Coolcarlos17,url,https://havanoficiall.com/produto/escada-multifuncional-de-aluminio-4x4-com-16-degraus-dobravel,#phishing #scam,https://x.com/Coolcarlos17/status/2100357819002143211
2026-09-16 23:00:24,Coolcarlos17,domain,magablack.com,#phishing #scam,https://x.com/Coolcarlos17/status/2100359174811009362
2026-09-16 23:00:24,Coolcarlos17,url,http://magablack.com,#phishing #scam,https://x.com/Coolcarlos17/status/2100359174811009362
2026-09-17 01:37:12,cyberwar_15,domain,babarahoney.wuaze.com,#C2 #Kimsuky,https://x.com/cyberwar_15/status/2100398634634535226
2026-09-17 01:37:12,cyberwar_15,url,http://babarahoney.wuaze.com,#C2 #Kimsuky,https://x.com/cyberwar_15/status/2100398634634535226
2026-09-17 01:37:12,cyberwar_15,domain,bwer5t6kl.getenjoyment.net,#C2 #Kimsuky,https://x.com/cyberwar_15/status/2100398634634535226
2026-09-17 01:37:12,cyberwar_15,url,http://bwer5t6kl.getenjoyment.net,#C2 #Kimsuky,https://x.com/cyberwar_15/status/2100398634634535226
2026-09-17 01:37:12,cyberwar_15,domain,cfr556yujk.onlinewebshop.net,#C2 #Kimsuky,https://x.com/cyberwar_15/status/2100398634634535226
2026-09-17 01:37:12,cyberwar_15,url,http://cfr556yujk.onlinewebshop.net,#C2 #Kimsuky,https://x.com/cyberwar_15/status/2100398634634535226
2026-09-17 01:37:12,cyberwar_15,domain,cmieqf7yjs.sportsontheweb.net,#C2 #Kimsuky,https://x.com/cyberwar_15/status/2100398634634535226
2026-09-17 01:37:12,cyberwar_15,url,http://cmieqf7yjs.sportsontheweb.net,#C2 #Kimsuky,https://x.com/cyberwar_15/status/2100398634634535226
2026-09-17 01:37:12,cyberwar_15,domain,crimaxies.lovestoblog.com,#C2 #Kimsuky,https://x.com/cyberwar_15/status/2100398634634535226
2026-09-17 01:37:12,cyberwar_15,url,http://crimaxies.lovestoblog.com,#C2 #Kimsuky,https://x.com/cyberwar_15/status/2100398634634535226
2026-09-17 01:37:12,cyberwar_15,domain,doput5rg.myartsonline.com,#C2 #Kimsuky,https://x.com/cyberwar_15/status/2100398634634535226
2026-09-17 01:37:12,cyberwar_15,url,http://doput5rg.myartsonline.com,#C2 #Kimsuky,https://x.com/cyberwar_15/status/2100398634634535226
2026-09-17 01:37:12,cyberwar_15,domain,edcv89ik.onlinewebshop.net,#C2 #Kimsuky,https://x.com/cyberwar_15/status/2100398634634535226
2026-09-17 01:37:12,cyberwar_15,url,http://edcv89ik.onlinewebshop.net,#C2 #Kimsuky,https://x.com/cyberwar_15/status/2100398634634535226
2026-09-17 01:37:12,cyberwar_15,domain,ej7ieb9bn.myartsonline.com,#C2 #Kimsuky,https://x.com/cyberwar_15/status/2100398634634535226
2026-09-17 01:37:12,cyberwar_15,url,http://ej7ieb9bn.myartsonline.com,#C2 #Kimsuky,https://x.com/cyberwar_15/status/2100398634634535226
2026-09-17 03:41:33,patialavii,domain,dhofareng.com,#phishing,https://x.com/patialavii/status/2100429928479248761
2026-09-17 03:41:33,patialavii,url,https://dhofareng.com/docusign/,#phishing,https://x.com/patialavii/status/2100429928479248761
2026-09-17 04:00:55,patialavii,domain,zzoom.pages.dev,#phishing,https://x.com/patialavii/status/2100434802075959474
2026-09-17 04:00:55,patialavii,url,https://zzoom.pages.dev,#phishing,https://x.com/patialavii/status/2100434802075959474
2026-09-17 04:00:55,patialavii,url,https://docsend.com/v/g44y3/uszoom3invite,#phishing,https://x.com/patialavii/status/2100434802075959474
2026-09-17 04:05:38,patialavii,domain,zoomeventlive.com,#phishing,https://x.com/patialavii/status/2100435988225077274
2026-09-17 04:05:38,patialavii,url,https://zoomeventlive.com,#phishing,https://x.com/patialavii/status/2100435988225077274
2026-09-17 04:05:38,patialavii,sha256,f09550f82262273556f0bf861a598163877d7a5277a05b068db76fc1c13dab56,#phishing,https://x.com/patialavii/status/2100435988225077274
2026-09-17 04:12:24,patialavii,domain,invitezoommeeting.xyz,#phishing,https://x.com/patialavii/status/2100437690672197938
2026-09-17 04:12:24,patialavii,url,https://invitezoommeeting.xyz/win23/,#phishing,https://x.com/patialavii/status/2100437690672197938
2026-09-17 04:12:24,patialavii,sha256,2337d39046d01dc5dbf49f681197c2f52db87bc5557c12acb0b7cee88bc93452,#phishing,https://x.com/patialavii/status/2100437690672197938
2026-09-17 04:20:39,patialavii,domain,z00minvite1.pages.dev,#phishing,https://x.com/patialavii/status/2100439769448894838
2026-09-17 04:20:39,patialavii,url,https://z00minvite1.pages.dev,#phishing,https://x.com/patialavii/status/2100439769448894838
2026-09-17 04:25:08,patialavii,domain,heavenrock.pk,#phishing,https://x.com/patialavii/status/2100440893987934687
2026-09-17 04:25:08,patialavii,url,https://heavenrock.pk/file/Installer.html,#phishing,https://x.com/patialavii/status/2100440893987934687
2026-09-17 04:25:08,patialavii,domain,coxcommunication.screenconnect.com,#phishing,https://x.com/patialavii/status/2100440893987934687
2026-09-17 04:25:08,patialavii,url,https://coxcommunication.screenconnect.com/Bin/ScreenConnect.ClientSetup.exe,#phishing,https://x.com/patialavii/status/2100440893987934687
2026-09-17 04:30:31,patialavii,domain,kh3a.de,#phishing,https://x.com/patialavii/status/2100442249993871737
2026-09-17 04:30:31,patialavii,url,https://kh3a.de/internationalmicro/,#phishing,https://x.com/patialavii/status/2100442249993871737
2026-09-17 04:30:31,patialavii,domain,s-31niukey.s3.us-east-2.amazonaws.com,#phishing,https://x.com/patialavii/status/2100442249993871737
2026-09-17 04:30:31,patialavii,url,https://s-31niukey.s3.us-east-2.amazonaws.com/Mineminenow.msi,#phishing,https://x.com/patialavii/status/2100442249993871737
2026-09-17 04:40:29,masaomi346,domain,miaohuaqb.com,#phishing,https://x.com/masaomi346/status/2100444760070918527
2026-09-17 04:40:29,masaomi346,url,https://miaohuaqb.com/KxODtSjH/,#phishing,https://x.com/masaomi346/status/2100444760070918527
2026-09-17 07:01:24,phishunt_io,domain,robloxc.com.es,#phishing,https://x.com/phishunt_io/status/2100480221031944309
2026-09-17 07:01:24,phishunt_io,url,http://robloxc.com.es/login?returlUrl=1445876836,#phishing,https://x.com/phishunt_io/status/2100480221031944309
2026-09-17 07:06:38,Coolcarlos17,domain,blockmanialoja.com,#phishing #scam,https://x.com/Coolcarlos17/status/2100481536797671764
2026-09-17 07:06:38,Coolcarlos17,url,https://blockmanialoja.com,#phishing #scam,https://x.com/Coolcarlos17/status/2100481536797671764
2026-09-17 07:06:38,Coolcarlos17,domain,blockmania.com.br,#phishing #scam,https://x.com/Coolcarlos17/status/2100481536797671764
2026-09-17 07:06:38,Coolcarlos17,url,http://blockmania.com.br,#phishing #scam,https://x.com/Coolcarlos17/status/2100481536797671764
2026-09-17 09:11:30,scanmalware,domain,5958heh59585958.theloopblog.com,#phishing,https://x.com/scanmalware/status/2100512961362022412
2026-09-17 09:11:30,scanmalware,url,http://5958heh59585958.theloopblog.com,#phishing,https://x.com/scanmalware/status/2100512961362022412
2026-09-17 09:16:22,Fact_Finder03,ip,89.167.72.221,#C2 #RAT,https://x.com/Fact_Finder03/status/2100514186682077470
2026-09-17 10:01:29,Fact_Finder03,ip,154.86.19.127,#C2 #RAT,https://x.com/Fact_Finder03/status/2100525541250170889
2026-09-17 10:01:29,Fact_Finder03,ip,154.86.19.3,#C2 #RAT,https://x.com/Fact_Finder03/status/2100525541250170889
2026-09-17 10:01:29,Fact_Finder03,ip,154.86.19.41,#C2 #RAT,https://x.com/Fact_Finder03/status/2100525541250170889
2026-09-17 10:09:00,Fact_Finder03,ip,160.119.71.8,#C2,https://x.com/Fact_Finder03/status/2100527431493030024
2026-09-17 10:54:20,Fact_Finder03,domain,5oyninql4mekvjepei7yc3jnakfxi5bt5yky53cgqqrfwvfj4yvlpdad.onion,#ransomware,https://x.com/Fact_Finder03/status/2100538841061056628
2026-09-17 10:54:20,Fact_Finder03,url,http://5oyninql4mekvjepei7yc3jnakfxi5bt5yky53cgqqrfwvfj4yvlpdad.onion,#ransomware,https://x.com/Fact_Finder03/status/2100538841061056628
2026-09-17 10:54:20,Fact_Finder03,ip,87.106.6.79,#ransomware,https://x.com/Fact_Finder03/status/2100538841061056628
2026-09-17 12:00:03,Fact_Finder03,ip,167.71.213.136,#C2,https://x.com/Fact_Finder03/status/2100555381235753383
2026-09-17 12:07:00,Fact_Finder03,ip,51.79.128.217,#C2 #RAT,https://x.com/Fact_Finder03/status/2100557127362167161
2026-09-17 12:07:00,Fact_Finder03,ip,31.57.38.94,#C2 #RAT,https://x.com/Fact_Finder03/status/2100557127362167161
2026-09-17 12:13:22,masaomi346,domain,misty-arc-rook-sleoor.com,#ClickFix #malware,https://x.com/masaomi346/status/2100558731901800698
2026-09-17 12:13:22,masaomi346,url,http://misty-arc-rook-sleoor.com,#ClickFix #malware,https://x.com/masaomi346/status/2100558731901800698
2026-09-17 12:36:52,masaomi346,domain,oricvn.zmbc3c.info,#phishing,https://x.com/masaomi346/status/2100564644368904392
2026-09-17 12:36:52,masaomi346,url,https://oricvn.zmbc3c.info/iricyygen/,#phishing,https://x.com/masaomi346/status/2100564644368904392
2026-09-17 13:00:03,scanmalware,domain,trust-wallet-bnb.vercel.app,#malware,https://x.com/scanmalware/status/2100570478305788283
2026-09-17 13:00:03,scanmalware,url,http://www.trust-wallet-bnb.vercel.app,#malware,https://x.com/scanmalware/status/2100570478305788283
2026-09-17 16:25:02,copy_and_paster,url,http://github.com/checkey04,#Kimsuky,https://x.com/copy_and_paster/status/2100622065279946777
2026-09-17 16:25:02,copy_and_paster,url,http://github.com/decryptionkey1,#Kimsuky,https://x.com/copy_and_paster/status/2100622065279946777
2026-09-17 16:25:02,copy_and_paster,url,http://github.com/hazama-khan,#Kimsuky,https://x.com/copy_and_paster/status/2100622065279946777
2026-09-17 16:25:02,copy_and_paster,domain,pythoncomunity.wasmer.app,#Kimsuky,https://x.com/copy_and_paster/status/2100622065279946777
2026-09-17 16:25:02,copy_and_paster,url,http://pythoncomunity.wasmer.app,#Kimsuky,https://x.com/copy_and_paster/status/2100622065279946777
2026-09-17 16:25:02,copy_and_paster,domain,pythons.mywebcommunity.org,#Kimsuky,https://x.com/copy_and_paster/status/2100622065279946777
2026-09-17 16:25:02,copy_and_paster,url,http://pythons.mywebcommunity.org,#Kimsuky,https://x.com/copy_and_paster/status/2100622065279946777
2026-09-17 16:25:02,copy_and_paster,url,http://github.com/yaosiyaosi26,#Kimsuky,https://x.com/copy_and_paster/status/2100622065279946777
2026-09-17 16:25:02,copy_and_paster,url,http://github.com/xufengwangsui,#Kimsuky,https://x.com/copy_and_paster/status/2100622065279946777
2026-09-17 16:25:02,copy_and_paster,url,http://github.com/ReyanshEra,#Kimsuky,https://x.com/copy_and_paster/status/2100622065279946777
2026-09-17 16:41:41,PhishStats,domain,teamliftss.com,#phishing,https://x.com/PhishStats/status/2100626254932197545
2026-09-17 16:41:41,PhishStats,url,https://teamliftss.com/zz/index.html,#phishing,https://x.com/PhishStats/status/2100626254932197545
2026-09-17 16:41:41,PhishStats,ip,108.167.183.47,#phishing,https://x.com/PhishStats/status/2100626254932197545
2026-09-17 16:56:25,Coolcarlos17,domain,casasbah.com,#phishing #scam,https://x.com/Coolcarlos17/status/2100629960838787569
2026-09-17 16:56:25,Coolcarlos17,url,https://casasbah.com/produto.php?slug=mag-849-escada-articulada-16-degraus-aluminio-botafogo-altura,#phishing #scam,https://x.com/Coolcarlos17/status/2100629960838787569
2026-09-17 17:01:23,phishunt_io,domain,intermezzoconsultoria.com.br,#phishing,https://x.com/phishunt_io/status/2100631213018902562
2026-09-17 17:01:23,phishunt_io,url,http://intermezzoconsultoria.com.br/docs042/onedrive-verify-obf.html,#phishing,https://x.com/phishunt_io/status/2100631213018902562
2026-09-17 17:01:23,phishunt_io,ip,18.229.174.63,#phishing,https://x.com/phishunt_io/status/2100631213018902562
2026-09-17 17:22:49,Coolcarlos17,domain,magaz-ine-lu-iza.com,#phishing #scam,https://x.com/Coolcarlos17/status/2100636607401336964
2026-09-17 17:22:49,Coolcarlos17,url,http://magaz-ine-lu-iza.com,#phishing #scam,https://x.com/Coolcarlos17/status/2100636607401336964
2026-09-17 17:35:50,Coolcarlos17,domain,userieza.com,#phishing #scam,https://x.com/Coolcarlos17/status/2100639881357643882
2026-09-17 17:35:50,Coolcarlos17,url,https://userieza.com/products/escada-telescopica,#phishing #scam,https://x.com/Coolcarlos17/status/2100639881357643882
2026-09-17 19:03:31,_AkatsukiLegion,url,http://188.63.231.182,#CobaltStrike #DPRK #Kimsuky,https://x.com/_AkatsukiLegion/status/2100661947779752408
2026-09-17 19:03:31,_AkatsukiLegion,ip,188.63.231.182,#CobaltStrike #DPRK #Kimsuky,https://x.com/_AkatsukiLegion/status/2100661947779752408
2026-09-17 19:28:44,0xb1lal,ip,38.110.228.33,#CobaltStrike #malware,https://x.com/0xb1lal/status/2100668294051377401
2026-09-17 19:28:44,0xb1lal,ip,216.126.236.22,#CobaltStrike #malware,https://x.com/0xb1lal/status/2100668294051377401
2026-09-17 19:28:44,0xb1lal,ip,8.138.137.232,#CobaltStrike #malware,https://x.com/0xb1lal/status/2100668294051377401
2026-09-17 20:09:40,skocherhan,domain,yscf988.club,#ValleyRAT,https://x.com/skocherhan/status/2100678596784189589
2026-09-17 20:09:40,skocherhan,url,http://yscf988.club,#ValleyRAT,https://x.com/skocherhan/status/2100678596784189589
2026-09-17 20:54:00,ex_raritas,domain,soundcloudapp.com,#ClickFix,https://x.com/ex_raritas/status/2100689750462005752
2026-09-17 20:54:00,ex_raritas,url,http://soundcloudapp.com,#ClickFix,https://x.com/ex_raritas/status/2100689750462005752
2026-09-17 22:43:12,scanmalware,domain,berquni-mpt-zavfelo-r4x8ka65.pages.dev,#malware,https://x.com/scanmalware/status/2100717231306834378
2026-09-17 22:43:12,scanmalware,url,http://berquni-mpt-zavfelo-r4x8ka65.pages.dev,#malware,https://x.com/scanmalware/status/2100717231306834378
2026-09-17 22:44:56,skocherhan,domain,report-gilead.com,,https://x.com/skocherhan/status/2100717668487602283
2026-09-17 22:44:56,skocherhan,url,http://report-gilead.com,,https://x.com/skocherhan/status/2100717668487602283
2026-09-17 23:33:32,masaomi346,domain,externalbsnle-smbice.com,#malware #phishing,https://x.com/masaomi346/status/2100729901901054021
2026-09-17 23:33:32,masaomi346,url,https://externalbsnle-smbice.com,#malware #phishing,https://x.com/masaomi346/status/2100729901901054021
2026-09-17 23:33:32,masaomi346,sha256,b41a09bcb49ddff8f4a3ada4deb8f1228066267d0c7bc3c2cbbd54d767494593,#malware #phishing,https://x.com/masaomi346/status/2100729901901054021
2026-09-18 00:35:07,G60930953,url,http://185.235.137.35:9000,#APT,https://x.com/G60930953/status/2100745399275270165
2026-09-18 00:35:07,G60930953,ip,185.235.137.35,#APT,https://x.com/G60930953/status/2100745399275270165
2026-09-18 00:35:07,G60930953,sha256,a6ceacda670b88e8a8ec9ff5da6a77d9f1c896d6479b2dadb700474a8c408f80,#APT,https://x.com/G60930953/status/2100745399275270165
2026-09-18 01:40:04,scanmalware,domain,berquni-mpt-zavfelo-r4x8ka65.pages.dev,#malware,https://x.com/scanmalware/status/2100761742397604156
2026-09-18 01:40:04,scanmalware,url,http://berquni-mpt-zavfelo-r4x8ka65.pages.dev,#malware,https://x.com/scanmalware/status/2100761742397604156
2026-09-18 04:06:35,patialavii,domain,geotehnica.com,#phishing,https://x.com/patialavii/status/2100798614499172440
2026-09-18 04:06:35,patialavii,url,https://www.geotehnica.com/docusignreader/,#phishing,https://x.com/patialavii/status/2100798614499172440
2026-09-18 04:12:50,patialavii,domain,miicrosofteamm.com,#phishing,https://x.com/patialavii/status/2100800190135611543
2026-09-18 04:12:50,patialavii,url,https://miicrosofteamm.com/teams/Windows/,#phishing,https://x.com/patialavii/status/2100800190135611543
2026-09-18 04:12:50,patialavii,sha256,4f4490bbc90e248043af8db5c3874b6ab52440edf507c5939dac3e07e8e63cd9,#phishing,https://x.com/patialavii/status/2100800190135611543
2026-09-18 04:28:27,patialavii,domain,siastrategy.com,#phishing,https://x.com/patialavii/status/2100804118973743531
2026-09-18 04:28:27,patialavii,url,https://siastrategy.com/docusign-updating/Windows/,#phishing,https://x.com/patialavii/status/2100804118973743531
2026-09-18 04:35:46,PhishStats,url,https://mez.ink/bell_mts,#phishing,https://x.com/PhishStats/status/2100805959991874031
2026-09-18 05:29:41,masaomi346,domain,accoun.iwsgsas.cn,#phishing,https://x.com/masaomi346/status/2100819526569140456
2026-09-18 05:29:41,masaomi346,url,https://accoun.iwsgsas.cn/09ayzojtgr,#phishing,https://x.com/masaomi346/status/2100819526569140456
2026-09-18 06:40:37,Metemcyber,domain,sanjinshdfuli.igb56k.info,#phishing,https://x.com/Metemcyber/status/2100837381024923997
2026-09-18 06:40:37,Metemcyber,url,https://sanjinshdfuli.igb56k.info/tptvakto/,#phishing,https://x.com/Metemcyber/status/2100837381024923997
2026-09-18 06:40:37,Metemcyber,url,http://43.165.130.182,#phishing,https://x.com/Metemcyber/status/2100837381024923997
2026-09-18 06:40:37,Metemcyber,ip,43.165.130.182,#phishing,https://x.com/Metemcyber/status/2100837381024923997
2026-09-18 06:49:11,Metemcyber,domain,miparohuze.cfd,#phishing,https://x.com/Metemcyber/status/2100839533696987616
2026-09-18 06:49:11,Metemcyber,url,https://miparohuze.cfd/global/#/index,#phishing,https://x.com/Metemcyber/status/2100839533696987616
2026-09-18 06:57:13,Metemcyber,domain,rrbzy.jntqty.com,#phishing,https://x.com/Metemcyber/status/2100841558165901601
2026-09-18 06:57:13,Metemcyber,url,https://rrbzy.jntqty.com,#phishing,https://x.com/Metemcyber/status/2100841558165901601
2026-09-18 06:57:13,Metemcyber,url,http://47.245.4.14,#phishing,https://x.com/Metemcyber/status/2100841558165901601
2026-09-18 06:57:13,Metemcyber,ip,47.245.4.14,#phishing,https://x.com/Metemcyber/status/2100841558165901601
2026-09-18 07:02:22,phishunt_io,domain,iberdrolatrade.com,#phishing,https://x.com/phishunt_io/status/2100842854155260410
2026-09-18 07:02:22,phishunt_io,url,http://iberdrolatrade.com,#phishing,https://x.com/phishunt_io/status/2100842854155260410
2026-09-18 07:02:22,phishunt_io,ip,158.94.210.119,#phishing,https://x.com/phishunt_io/status/2100842854155260410
2026-09-18 07:33:32,masaomi346,domain,lovelyday-app.com,#malware #phishing,https://x.com/masaomi346/status/2100850697059373410
2026-09-18 07:33:32,masaomi346,url,https://lovelyday-app.com,#malware #phishing,https://x.com/masaomi346/status/2100850697059373410
2026-09-18 07:33:32,masaomi346,domain,download.lovelyday-app.com,#malware #phishing,https://x.com/masaomi346/status/2100850697059373410
2026-09-18 07:33:32,masaomi346,url,https://download.lovelyday-app.com,#malware #phishing,https://x.com/masaomi346/status/2100850697059373410
2026-09-18 07:33:32,masaomi346,sha256,1b15f4c8e63cd94ee067c2de51977cdfb0ae3289daec2014d0a461ac877d62f7,#malware #phishing,https://x.com/masaomi346/status/2100850697059373410
2026-09-18 08:06:04,TKemmerling,domain,nextgenshoppingcardeals.info,#phishing,https://x.com/TKemmerling/status/2100858884516954394
2026-09-18 08:06:04,TKemmerling,url,http://nextgenshoppingcardeals.info,#phishing,https://x.com/TKemmerling/status/2100858884516954394
2026-09-18 08:34:23,skocherhan,domain,phantomc2.cc,,https://x.com/skocherhan/status/2100866009624187355
2026-09-18 08:34:23,skocherhan,url,http://phantomc2.cc,,https://x.com/skocherhan/status/2100866009624187355
2026-09-18 09:10:21,TKemmerling,domain,financeoakmont.com,#phishing,https://x.com/TKemmerling/status/2100875060676624563
2026-09-18 09:10:21,TKemmerling,url,http://financeoakmont.com,#phishing,https://x.com/TKemmerling/status/2100875060676624563
2026-09-18 10:11:42,TKemmerling,domain,ebikein.s3.us-east-1.amazonaws.com,#phishing,https://x.com/TKemmerling/status/2100890501557940623
2026-09-18 10:11:42,TKemmerling,url,http://ebikein.s3.us-east-1.amazonaws.com,#phishing,https://x.com/TKemmerling/status/2100890501557940623
2026-09-18 10:31:50,PhishStats,url,https://siastrategy.com/docusign-updating/Windows/utility.php,#phishing,https://x.com/PhishStats/status/2100895565852684308
2026-09-18 10:31:50,PhishStats,ip,69.175.101.194,#phishing,https://x.com/PhishStats/status/2100895565852684308
2026-09-18 10:36:00,suyog41,md5,cfaa9eead8f27ecc01803a5eb9fc463c,,https://x.com/suyog41/status/2100896616832000092
2026-09-18 10:55:42,suyog41,md5,08893a34162293cf77c045ff030e4748,,https://x.com/suyog41/status/2100901574088282392
2026-09-18 11:11:56,TKemmerling,domain,researchcentral.info,#phishing,https://x.com/TKemmerling/status/2100905659999117394
2026-09-18 11:11:56,TKemmerling,url,http://researchcentral.info,#phishing,https://x.com/TKemmerling/status/2100905659999117394
2026-09-18 12:01:35,phishunt_io,domain,metapay.facebook-secure.shop,#phishing,https://x.com/phishunt_io/status/2100918153022701591
2026-09-18 12:01:35,phishunt_io,url,http://metapay.facebook-secure.shop/order/09066807,#phishing,https://x.com/phishunt_io/status/2100918153022701591
2026-09-18 12:01:35,phishunt_io,ip,62.60.227.68,#phishing,https://x.com/phishunt_io/status/2100918153022701591
2026-09-18 12:11:11,TKemmerling,domain,mmchart.s3.us-east-1.amazonaws.com,#phishing,https://x.com/TKemmerling/status/2100920568250032545
2026-09-18 12:11:11,TKemmerling,url,http://mmchart.s3.us-east-1.amazonaws.com,#phishing,https://x.com/TKemmerling/status/2100920568250032545
2026-09-18 12:18:10,mugu_reporter,domain,robotichosting.com,#phishing,https://x.com/mugu_reporter/status/2100922326090973428
2026-09-18 12:18:10,mugu_reporter,url,http://robotichosting.com,#phishing,https://x.com/mugu_reporter/status/2100922326090973428
2026-09-18 12:18:10,mugu_reporter,ip,198.251.81.14,#phishing,https://x.com/mugu_reporter/status/2100922326090973428
2026-09-18 13:11:55,TKemmerling,domain,re.myloisle.com,#phishing,https://x.com/TKemmerling/status/2100935851857547707
2026-09-18 13:11:55,TKemmerling,url,http://re.myloisle.com,#phishing,https://x.com/TKemmerling/status/2100935851857547707
2026-09-18 14:11:48,TKemmerling,domain,aestheticearthgems.info,#phishing,https://x.com/TKemmerling/status/2100950924219109496
2026-09-18 14:11:48,TKemmerling,url,http://aestheticearthgems.info,#phishing,https://x.com/TKemmerling/status/2100950924219109496
2026-09-18 14:30:09,fbgwls245,domain,nongzecboljwv3yfndkggsybsglfrkffw7bvk2zemuteoxe6etpusnad.onion,#ransomware,https://x.com/fbgwls245/status/2100955539174010934
2026-09-18 14:30:09,fbgwls245,url,http://nongzecboljwv3yfndkggsybsglfrkffw7bvk2zemuteoxe6etpusnad.onion,#ransomware,https://x.com/fbgwls245/status/2100955539174010934
2026-09-18 14:33:00,fbgwls245,domain,spiralstfe7rtbna7zlv6szdwmjvjszf2d64zkf6z5jykrwnw5jbgpyd.onion,#ransomware,https://x.com/fbgwls245/status/2100956257675100394
2026-09-18 14:33:00,fbgwls245,url,http://spiralstfe7rtbna7zlv6szdwmjvjszf2d64zkf6z5jykrwnw5jbgpyd.onion,#ransomware,https://x.com/fbgwls245/status/2100956257675100394
2026-09-18 16:04:29,mugu_reporter,domain,get-verification.to,#ClickFix #malware,https://x.com/mugu_reporter/status/2100979282759606637
2026-09-18 16:04:29,mugu_reporter,url,http://get-verification.to,#ClickFix #malware,https://x.com/mugu_reporter/status/2100979282759606637
2026-09-18 16:30:52,TKemmerling,domain,harborstonegroup.shop,#phishing,https://x.com/TKemmerling/status/2100985919289639319
2026-09-18 16:30:52,TKemmerling,url,http://harborstonegroup.shop,#phishing,https://x.com/TKemmerling/status/2100985919289639319
2026-09-18 17:01:36,phishunt_io,domain,icloudxtzsopoe.click,#phishing,https://x.com/phishunt_io/status/2100993656178008506
2026-09-18 17:01:36,phishunt_io,url,http://icloudxtzsopoe.click/isignesp.php,#phishing,https://x.com/phishunt_io/status/2100993656178008506
2026-09-18 17:01:36,phishunt_io,ip,217.60.103.74,#phishing,https://x.com/phishunt_io/status/2100993656178008506
2026-09-18 18:20:04,Coolcarlos17,domain,loja1-havan.com,#phishing #scam,https://x.com/Coolcarlos17/status/2101013400574632275
2026-09-18 18:20:04,Coolcarlos17,url,https://loja1-havan.com/produto/32812,#phishing #scam,https://x.com/Coolcarlos17/status/2101013400574632275
2026-09-18 18:25:18,Coolcarlos17,domain,magablack.com,#phishing #scam,https://x.com/Coolcarlos17/status/2101014717934309394
2026-09-18 18:25:18,Coolcarlos17,url,https://magablack.com/produto.php?slug=escada-articulada-16-degraus-aluminio-botafogo-altura,#phishing #scam,https://x.com/Coolcarlos17/status/2101014717934309394
2026-09-18 20:46:10,skocherhan,domain,onemainfinancial-report.com,,https://x.com/skocherhan/status/2101050167726129334
2026-09-18 20:46:10,skocherhan,url,http://onemainfinancial-report.com,,https://x.com/skocherhan/status/2101050167726129334
2026-09-18 22:00:04,TKemmerling,domain,pineayra.com,#phishing,https://x.com/TKemmerling/status/2101068767312904606
2026-09-18 22:00:04,TKemmerling,url,http://pineayra.com,#phishing,https://x.com/TKemmerling/status/2101068767312904606
2026-09-18 23:04:31,TKemmerling,domain,myloisle.com,#phishing,https://x.com/TKemmerling/status/2101084984060817446
2026-09-18 23:04:31,TKemmerling,url,http://myloisle.com,#phishing,https://x.com/TKemmerling/status/2101084984060817446
2026-09-19 00:05:54,masaomi346,domain,polisdaaqopx.com,#malware #phishing,https://x.com/masaomi346/status/2101100433997791741
2026-09-19 00:05:54,masaomi346,url,https://polisdaaqopx.com/download/point/,#malware #phishing,https://x.com/masaomi346/status/2101100433997791741
2026-09-19 00:05:54,masaomi346,domain,suwakdsdowa.com,#malware #phishing,https://x.com/masaomi346/status/2101100433997791741
2026-09-19 00:05:54,masaomi346,url,https://suwakdsdowa.com/download/point/,#malware #phishing,https://x.com/masaomi346/status/2101100433997791741
2026-09-19 00:05:54,masaomi346,domain,uywajjsaiqas.com,#malware #phishing,https://x.com/masaomi346/status/2101100433997791741
2026-09-19 00:05:54,masaomi346,url,https://uywajjsaiqas.com/download/point/,#malware #phishing,https://x.com/masaomi346/status/2101100433997791741
2026-09-19 00:05:54,masaomi346,domain,oiuwaksdiw.com,#malware #phishing,https://x.com/masaomi346/status/2101100433997791741
2026-09-19 00:05:54,masaomi346,url,https://oiuwaksdiw.com/download/point/,#malware #phishing,https://x.com/masaomi346/status/2101100433997791741
2026-09-19 00:05:54,masaomi346,domain,poiwaksuwa.com,#malware #phishing,https://x.com/masaomi346/status/2101100433997791741
2026-09-19 00:05:54,masaomi346,url,https://poiwaksuwa.com/download/point/,#malware #phishing,https://x.com/masaomi346/status/2101100433997791741
2026-09-19 00:12:29,PhishEyeCom,domain,revolut.com.93810.app,#phishing,https://x.com/PhishEyeCom/status/2101102089296564512
2026-09-19 00:12:29,PhishEyeCom,url,http://revolut.com.93810.app,#phishing,https://x.com/PhishEyeCom/status/2101102089296564512
2026-09-19 01:05:43,TKemmerling,domain,financeoakmont.com,#phishing,https://x.com/TKemmerling/status/2101115486700544346
2026-09-19 01:05:43,TKemmerling,url,http://financeoakmont.com,#phishing,https://x.com/TKemmerling/status/2101115486700544346
2026-09-19 01:12:34,oroshi0064,domain,beglnr.cfd,#phishing,https://x.com/oroshi0064/status/2101117209171070991
2026-09-19 01:12:34,oroshi0064,url,https://beglnr.cfd/netbk/#/index,#phishing,https://x.com/oroshi0064/status/2101117209171070991
2026-09-19 01:42:12,scanmalware,domain,verifikasi.vercel.app,#malware,https://x.com/scanmalware/status/2101124668610449748
2026-09-19 01:42:12,scanmalware,url,http://verifikasi.vercel.app,#malware,https://x.com/scanmalware/status/2101124668610449748
2026-09-19 02:06:18,TKemmerling,domain,wholenura.com,#phishing,https://x.com/TKemmerling/status/2101130732429324520
2026-09-19 02:06:18,TKemmerling,url,http://wholenura.com,#phishing,https://x.com/TKemmerling/status/2101130732429324520
2026-09-19 02:06:18,TKemmerling,domain,nimblemevia.com,#phishing,https://x.com/TKemmerling/status/2101130732429324520
2026-09-19 02:06:18,TKemmerling,url,http://nimblemevia.com,#phishing,https://x.com/TKemmerling/status/2101130732429324520
2026-09-19 03:07:08,TKemmerling,domain,moneylaunchway.info,#phishing,https://x.com/TKemmerling/status/2101146042649788845
2026-09-19 03:07:08,TKemmerling,url,http://moneylaunchway.info,#phishing,https://x.com/TKemmerling/status/2101146042649788845
2026-09-19 03:07:08,TKemmerling,domain,moneycedarvale.com,#phishing,https://x.com/TKemmerling/status/2101146042649788845
2026-09-19 03:07:08,TKemmerling,url,http://moneycedarvale.com,#phishing,https://x.com/TKemmerling/status/2101146042649788845
2026-09-19 03:36:26,masaomi346,domain,cdfloq.cfd,#phishing,https://x.com/masaomi346/status/2101153416026480729
2026-09-19 03:36:26,masaomi346,url,https://cdfloq.cfd/netbk/#/index,#phishing,https://x.com/masaomi346/status/2101153416026480729
2026-09-19 04:47:37,patialavii,domain,taslimaenterprise.com,#phishing,https://x.com/patialavii/status/2101171329097687227
2026-09-19 04:47:37,patialavii,url,https://www.taslimaenterprise.com/adobe/,#phishing,https://x.com/patialavii/status/2101171329097687227
2026-09-19 04:47:37,patialavii,domain,taslimaenterprise.screenconnect.com,#phishing,https://x.com/patialavii/status/2101171329097687227
2026-09-19 04:47:37,patialavii,url,https://taslimaenterprise.screenconnect.com/Bin/ScreenConnect.ClientSetup.msi,#phishing,https://x.com/patialavii/status/2101171329097687227
2026-09-19 04:56:50,patialavii,domain,zoominviite.pages.dev,#phishing,https://x.com/patialavii/status/2101173647234978061
2026-09-19 04:56:50,patialavii,url,https://zoominviite.pages.dev,#phishing,https://x.com/patialavii/status/2101173647234978061
2026-09-19 05:07:55,patialavii,domain,zoominvite06-efq.pages.dev,#phishing,https://x.com/patialavii/status/2101176437994831934
2026-09-19 05:07:55,patialavii,url,https://zoominvite06-efq.pages.dev,#phishing,https://x.com/patialavii/status/2101176437994831934
2026-09-19 05:07:55,patialavii,domain,pixeldrain.com,#phishing,https://x.com/patialavii/status/2101176437994831934
2026-09-19 05:51:42,skocherhan,domain,usclimatologist.com,#phishing,https://x.com/skocherhan/status/2101187456531845446
2026-09-19 05:51:42,skocherhan,url,http://usclimatologist.com,#phishing,https://x.com/skocherhan/status/2101187456531845446
2026-09-19 06:10:02,scanmalware,domain,hkgnclub.com,#ransomware,https://x.com/scanmalware/status/2101192070274629673
2026-09-19 06:10:02,scanmalware,url,http://hkgnclub.com,#ransomware,https://x.com/scanmalware/status/2101192070274629673
2026-09-19 06:33:55,PhishStats,domain,hero111.online,#phishing,https://x.com/PhishStats/status/2101198079651094726
2026-09-19 06:33:55,PhishStats,url,https://hero111.online/g/aru6q/web/authen.php,#phishing,https://x.com/PhishStats/status/2101198079651094726
2026-09-19 06:33:55,PhishStats,ip,201.7.16.43,#phishing,https://x.com/PhishStats/status/2101198079651094726
2026-09-19 07:01:39,phishunt_io,domain,www-robloxk.com,#phishing,https://x.com/phishunt_io/status/2101205061028176339
2026-09-19 07:01:39,phishunt_io,url,http://www-robloxk.com/login?returlUrl=1445876836,#phishing,https://x.com/phishunt_io/status/2101205061028176339
2026-09-19 07:02:24,RansoMonitor,domain,endzonezgz3sqzmtqg4acp4z7ao7xc6vunfhezjsnfqrm2ksudsredyd.onion,#ransomware,https://x.com/RansoMonitor/status/2101205250082586733
2026-09-19 07:02:24,RansoMonitor,url,http://endzonezgz3sqzmtqg4acp4z7ao7xc6vunfhezjsnfqrm2ksudsredyd.onion,#ransomware,https://x.com/RansoMonitor/status/2101205250082586733
2026-09-19 07:06:38,TKemmerling,domain,revaotrace.com,#phishing,https://x.com/TKemmerling/status/2101206314093523322
2026-09-19 07:06:38,TKemmerling,url,http://revaotrace.com,#phishing,https://x.com/TKemmerling/status/2101206314093523322
2026-09-19 07:06:38,TKemmerling,domain,oskatrace.com,#phishing,https://x.com/TKemmerling/status/2101206314093523322
2026-09-19 07:06:38,TKemmerling,url,http://oskatrace.com,#phishing,https://x.com/TKemmerling/status/2101206314093523322
2026-09-19 07:11:10,TKemmerling,domain,healthassistcarepro.com,#phishing,https://x.com/TKemmerling/status/2101207456357679495
2026-09-19 07:11:10,TKemmerling,url,http://healthassistcarepro.com,#phishing,https://x.com/TKemmerling/status/2101207456357679495
2026-09-19 07:11:10,TKemmerling,domain,healthprimeflow.com,#phishing,https://x.com/TKemmerling/status/2101207456357679495
2026-09-19 07:11:10,TKemmerling,url,http://healthprimeflow.com,#phishing,https://x.com/TKemmerling/status/2101207456357679495
2026-09-19 07:14:25,TKemmerling,domain,treasurymoneybase.info,#phishing,https://x.com/TKemmerling/status/2101208272380584426
2026-09-19 07:14:25,TKemmerling,url,http://treasurymoneybase.info,#phishing,https://x.com/TKemmerling/status/2101208272380584426
2026-09-19 07:14:25,TKemmerling,domain,equitygrandview.com,#phishing,https://x.com/TKemmerling/status/2101208272380584426
2026-09-19 07:14:25,TKemmerling,url,http://equitygrandview.com,#phishing,https://x.com/TKemmerling/status/2101208272380584426
2026-09-19 08:55:03,raghav127001,url,http://162.35.122.140:5000,#phishing,https://x.com/raghav127001/status/2101233599479758950
2026-09-19 08:55:03,raghav127001,ip,162.35.122.140,#phishing,https://x.com/raghav127001/status/2101233599479758950
2026-09-19 12:01:29,phishunt_io,domain,xfinity-updateform.square.site,#phishing,https://x.com/phishunt_io/status/2101280515982508109
2026-09-19 12:01:29,phishunt_io,url,http://xfinity-updateform.square.site,#phishing,https://x.com/phishunt_io/status/2101280515982508109
2026-09-19 12:01:29,phishunt_io,ip,74.115.51.5,#phishing,https://x.com/phishunt_io/status/2101280515982508109
2026-09-19 13:11:10,byrne_emmy12099,domain,afc-security-report.duckdns.org,#APT,https://x.com/byrne_emmy12099/status/2101298053009543197
2026-09-19 13:11:10,byrne_emmy12099,url,http://afc-security-report.duckdns.org,#APT,https://x.com/byrne_emmy12099/status/2101298053009543197
2026-09-19 14:31:27,skocherhan,md5,15ee29ea4f475fb13fba61e185e4fac5,,https://x.com/skocherhan/status/2101318257311383698
2026-09-19 15:02:25,RansoMonitor,domain,nongzecboljwv3yfndkggsybsglfrkffw7bvk2zemuteoxe6etpusnad.onion,#ransomware,https://x.com/RansoMonitor/status/2101326047140851938
2026-09-19 15:02:25,RansoMonitor,url,http://nongzecboljwv3yfndkggsybsglfrkffw7bvk2zemuteoxe6etpusnad.onion,#ransomware,https://x.com/RansoMonitor/status/2101326047140851938
2026-09-19 15:06:33,skocherhan,domain,yxz-1469461062.cos.ap-singapore.myqcloud.com,,https://x.com/skocherhan/status/2101327088879866288
2026-09-19 15:06:33,skocherhan,url,http://yxz-1469461062.cos.ap-singapore.myqcloud.com,,https://x.com/skocherhan/status/2101327088879866288
2026-09-19 15:22:46,masaomi346,domain,mesa-braior-k3w3b.life,#ClickFix #malware,https://x.com/masaomi346/status/2101331170030215192
2026-09-19 15:22:46,masaomi346,url,http://mesa-braior-k3w3b.life,#ClickFix #malware,https://x.com/masaomi346/status/2101331170030215192
2026-09-19 15:27:18,skocherhan,domain,chocolate65.beer,#C2 #ClickFix,https://x.com/skocherhan/status/2101332313053315436
2026-09-19 15:27:18,skocherhan,url,http://chocolate65.beer,#C2 #ClickFix,https://x.com/skocherhan/status/2101332313053315436
2026-09-19 16:20:42,skocherhan,domain,basednewsarticle.com,#ClickFix,https://x.com/skocherhan/status/2101345751297040464
2026-09-19 16:20:42,skocherhan,url,http://basednewsarticle.com,#ClickFix,https://x.com/skocherhan/status/2101345751297040464
2026-09-19 16:20:42,skocherhan,domain,1902-cf.com,#ClickFix,https://x.com/skocherhan/status/2101345751297040464
2026-09-19 16:20:42,skocherhan,url,http://1902-cf.com,#ClickFix,https://x.com/skocherhan/status/2101345751297040464
2026-09-19 16:55:39,Coolcarlos17,domain,google-havan.com,#phishing #scam,https://x.com/Coolcarlos17/status/2101354543258706094
2026-09-19 16:55:39,Coolcarlos17,url,http://GOOGLE-HAVAN.COM,#phishing #scam,https://x.com/Coolcarlos17/status/2101354543258706094
2026-09-19 17:01:25,phishunt_io,domain,ferdelmann.charles.office-share-microsoft.com,#phishing,https://x.com/phishunt_io/status/2101355995632935294
2026-09-19 17:01:25,phishunt_io,url,http://ferdelmann.charles.office-share-microsoft.com,#phishing,https://x.com/phishunt_io/status/2101355995632935294
2026-09-19 18:41:05,skocherhan,domain,promptkernelrun.com,#CobaltStrike,https://x.com/skocherhan/status/2101381078099357897
2026-09-19 18:41:05,skocherhan,url,http://promptkernelrun.com,#CobaltStrike,https://x.com/skocherhan/status/2101381078099357897
2026-09-19 18:41:05,skocherhan,md5,2619c0f15bcef35096963a43ed01e1ed,#CobaltStrike,https://x.com/skocherhan/status/2101381078099357897
2026-09-19 20:29:23,skocherhan,md5,1af419dc138c624b20069d63712e56a4,,https://x.com/skocherhan/status/2101408331063521740
2026-09-19 20:39:55,skocherhan,md5,dc813075da61d2a26872c8bf932062b3,,https://x.com/skocherhan/status/2101410983684047185
2026-09-19 22:50:41,skocherhan,domain,0xbuyer.com,,https://x.com/skocherhan/status/2101443894105792574
2026-09-19 22:50:41,skocherhan,url,http://0xbuyer.com,,https://x.com/skocherhan/status/2101443894105792574
2026-09-19 22:50:41,skocherhan,domain,3jjbgsf.top,,https://x.com/skocherhan/status/2101443894105792574
2026-09-19 22:50:41,skocherhan,url,http://3jjbgsf.top,,https://x.com/skocherhan/status/2101443894105792574
2026-09-19 22:50:41,skocherhan,domain,kt6a61dr.cyou,,https://x.com/skocherhan/status/2101443894105792574
2026-09-19 22:50:41,skocherhan,url,http://kt6a61dr.cyou,,https://x.com/skocherhan/status/2101443894105792574
2026-09-19 22:50:41,skocherhan,domain,alonjorji.com,,https://x.com/skocherhan/status/2101443894105792574
2026-09-19 22:50:41,skocherhan,url,http://alonjorji.com,,https://x.com/skocherhan/status/2101443894105792574
2026-09-19 22:50:41,skocherhan,domain,d3a3acb2081aa852.com,,https://x.com/skocherhan/status/2101443894105792574
2026-09-19 22:50:41,skocherhan,url,http://d3a3acb2081aa852.com,,https://x.com/skocherhan/status/2101443894105792574
2026-09-19 22:50:41,skocherhan,domain,garciaselectric.com,,https://x.com/skocherhan/status/2101443894105792574
2026-09-19 22:50:41,skocherhan,url,http://garciaselectric.com,,https://x.com/skocherhan/status/2101443894105792574
2026-09-19 22:50:41,skocherhan,domain,hoirie.co,,https://x.com/skocherhan/status/2101443894105792574
2026-09-19 22:50:41,skocherhan,url,http://hoirie.co,,https://x.com/skocherhan/status/2101443894105792574
2026-09-19 22:50:41,skocherhan,domain,hoirie.com,,https://x.com/skocherhan/status/2101443894105792574
2026-09-19 22:50:41,skocherhan,url,http://hoirie.com,,https://x.com/skocherhan/status/2101443894105792574
2026-09-19 22:50:41,skocherhan,domain,isseiservice.com,,https://x.com/skocherhan/status/2101443894105792574
2026-09-19 22:50:41,skocherhan,url,http://isseiservice.com,,https://x.com/skocherhan/status/2101443894105792574
2026-09-19 22:50:41,skocherhan,domain,l6bettdmp.com,,https://x.com/skocherhan/status/2101443894105792574
2026-09-19 22:50:41,skocherhan,url,http://l6bettdmp.com,,https://x.com/skocherhan/status/2101443894105792574
2026-09-19 22:50:41,skocherhan,domain,m-betlike747.com,,https://x.com/skocherhan/status/2101443894105792574
2026-09-19 22:50:41,skocherhan,url,http://m-betlike747.com,,https://x.com/skocherhan/status/2101443894105792574
2026-09-19 22:50:41,skocherhan,domain,marketmavenco.com,,https://x.com/skocherhan/status/2101443894105792574
2026-09-19 22:50:41,skocherhan,url,http://marketmavenco.com,,https://x.com/skocherhan/status/2101443894105792574
2026-09-19 22:50:41,skocherhan,domain,nightfall.host,,https://x.com/skocherhan/status/2101443894105792574
2026-09-19 22:50:41,skocherhan,url,http://nightfall.host,,https://x.com/skocherhan/status/2101443894105792574
2026-09-19 22:50:41,skocherhan,domain,p8888slot.com,,https://x.com/skocherhan/status/2101443894105792574
2026-09-19 22:50:41,skocherhan,url,http://p8888slot.com,,https://x.com/skocherhan/status/2101443894105792574
2026-09-19 22:50:41,skocherhan,domain,timetaptalk.info,,https://x.com/skocherhan/status/2101443894105792574
2026-09-19 22:50:41,skocherhan,url,http://timetaptalk.info,,https://x.com/skocherhan/status/2101443894105792574
2026-09-19 22:50:41,skocherhan,domain,urplemind.online,,https://x.com/skocherhan/status/2101443894105792574
2026-09-19 22:50:41,skocherhan,url,http://urplemind.online,,https://x.com/skocherhan/status/2101443894105792574
2026-09-19 22:50:41,skocherhan,domain,voidlings.art,,https://x.com/skocherhan/status/2101443894105792574
2026-09-19 22:50:41,skocherhan,url,http://voidlings.art,,https://x.com/skocherhan/status/2101443894105792574
2026-09-19 22:50:41,skocherhan,domain,w6273k.vip,,https://x.com/skocherhan/status/2101443894105792574
2026-09-19 22:50:41,skocherhan,url,http://w6273k.vip,,https://x.com/skocherhan/status/2101443894105792574
2026-09-19 22:50:41,skocherhan,domain,xn--80aafzuww.xn--p1ai,,https://x.com/skocherhan/status/2101443894105792574
2026-09-19 22:50:41,skocherhan,url,http://xn--80aafzuww.xn--p1ai,,https://x.com/skocherhan/status/2101443894105792574
2026-09-20 00:28:47,PhishStats,domain,bik1nc.webwave.dev,#phishing,https://x.com/PhishStats/status/2101468581825286505
2026-09-20 00:28:47,PhishStats,url,https://bik1nc.webwave.dev,#phishing,https://x.com/PhishStats/status/2101468581825286505
2026-09-20 00:28:47,PhishStats,ip,45.56.81.89,#phishing,https://x.com/PhishStats/status/2101468581825286505
2026-09-20 00:45:31,skocherhan,domain,upwebbmaster.com,,https://x.com/skocherhan/status/2101472791585308970
2026-09-20 00:45:31,skocherhan,url,http://www.upwebbmaster.com/GJ785PL/2MNFPWLH/,,https://x.com/skocherhan/status/2101472791585308970
2026-09-20 00:45:31,skocherhan,md5,6776d89b4b33d48cae6eb2b6165deef1,,https://x.com/skocherhan/status/2101472791585308970
2026-09-20 00:47:30,masaomi346,domain,hasoadwaznqps.com,#malware #phishing,https://x.com/masaomi346/status/2101473291596882409
2026-09-20 00:47:30,masaomi346,url,https://hasoadwaznqps.com/nenkin/download/,#malware #phishing,https://x.com/masaomi346/status/2101473291596882409
2026-09-20 00:47:30,masaomi346,domain,polisdaaqopx.com,#malware #phishing,https://x.com/masaomi346/status/2101473291596882409
2026-09-20 00:47:30,masaomi346,url,https://polisdaaqopx.com/nenkin/download/,#malware #phishing,https://x.com/masaomi346/status/2101473291596882409
2026-09-20 00:47:30,masaomi346,domain,suwakdsdowa.com,#malware #phishing,https://x.com/masaomi346/status/2101473291596882409
2026-09-20 00:47:30,masaomi346,url,https://suwakdsdowa.com/nenkin/download/,#malware #phishing,https://x.com/masaomi346/status/2101473291596882409
2026-09-20 00:47:30,masaomi346,domain,tver.gopuwas.com,#malware #phishing,https://x.com/masaomi346/status/2101473291596882409
2026-09-20 00:47:30,masaomi346,url,https://tver.gopuwas.com/nenkin/download/,#malware #phishing,https://x.com/masaomi346/status/2101473291596882409
2026-09-20 00:47:30,masaomi346,sha256,65780c4e5bc7a142a3578dc381aa9241510cd907a1e5bd09832989ab8b973965,#malware #phishing,https://x.com/masaomi346/status/2101473291596882409
2026-09-20 00:59:29,TKemmerling,domain,oskatrace.com,#phishing,https://x.com/TKemmerling/status/2101476304042537188
2026-09-20 00:59:29,TKemmerling,url,http://oskatrace.com,#phishing,https://x.com/TKemmerling/status/2101476304042537188
2026-09-20 01:34:13,TKemmerling,domain,norahadraivnig.com,#phishing,https://x.com/TKemmerling/status/2101485045404111150
2026-09-20 01:34:13,TKemmerling,url,http://norahadraivnig.com,#phishing,https://x.com/TKemmerling/status/2101485045404111150
2026-09-20 02:10:41,TKemmerling,domain,casibom0862.com,#phishing,https://x.com/TKemmerling/status/2101494225556914430
2026-09-20 02:10:41,TKemmerling,url,http://casibom0862.com,#phishing,https://x.com/TKemmerling/status/2101494225556914430
2026-09-20 02:45:29,TKemmerling,domain,healthspringway.com,#phishing,https://x.com/TKemmerling/status/2101502981078499744
2026-09-20 02:45:29,TKemmerling,url,http://healthspringway.com,#phishing,https://x.com/TKemmerling/status/2101502981078499744
2026-09-20 02:45:29,TKemmerling,domain,investcreditlane.com,#phishing,https://x.com/TKemmerling/status/2101502981078499744
2026-09-20 02:45:29,TKemmerling,url,http://investcreditlane.com,#phishing,https://x.com/TKemmerling/status/2101502981078499744
2026-09-20 03:21:02,TKemmerling,domain,havokindle.com,#phishing,https://x.com/TKemmerling/status/2101511928506142807
2026-09-20 03:21:02,TKemmerling,url,http://havokindle.com,#phishing,https://x.com/TKemmerling/status/2101511928506142807
2026-09-20 03:56:12,TKemmerling,domain,financespringboard.info,#phishing,https://x.com/TKemmerling/status/2101520777405489270
2026-09-20 03:56:12,TKemmerling,url,http://financespringboard.info,#phishing,https://x.com/TKemmerling/status/2101520777405489270
2026-09-20 03:56:12,TKemmerling,domain,financeoakmont.com,#phishing,https://x.com/TKemmerling/status/2101520777405489270
2026-09-20 03:56:12,TKemmerling,url,http://financeoakmont.com,#phishing,https://x.com/TKemmerling/status/2101520777405489270
2026-09-20 04:32:51,TKemmerling,domain,viraoasis.com,#phishing,https://x.com/TKemmerling/status/2101530000243741109
2026-09-20 04:32:51,TKemmerling,url,http://viraoasis.com,#phishing,https://x.com/TKemmerling/status/2101530000243741109
2026-09-20 04:42:02,scanmalware,domain,security-server-landing-page--spencer-hunt1.replit.app,#phishing,https://x.com/scanmalware/status/2101532313389568437
2026-09-20 04:42:02,scanmalware,url,http://security-server-landing-page--spencer-hunt1.replit.app,#phishing,https://x.com/scanmalware/status/2101532313389568437
2026-09-20 04:46:00,masaomi346,domain,cnplacen-jprakutanziu.com,#malware #phishing,https://x.com/masaomi346/status/2101533309193085311
2026-09-20 04:46:00,masaomi346,url,https://cnplacen-jprakutanziu.com,#malware #phishing,https://x.com/masaomi346/status/2101533309193085311
2026-09-20 04:46:00,masaomi346,domain,jkvapesto-jprakutanziu.com,#malware #phishing,https://x.com/masaomi346/status/2101533309193085311
2026-09-20 04:46:00,masaomi346,url,https://jkvapesto-jprakutanziu.com,#malware #phishing,https://x.com/masaomi346/status/2101533309193085311
2026-09-20 04:46:00,masaomi346,domain,wuhuanlo-jprakutanziu.com,#malware #phishing,https://x.com/masaomi346/status/2101533309193085311
2026-09-20 04:46:00,masaomi346,url,https://wuhuanlo-jprakutanziu.com,#malware #phishing,https://x.com/masaomi346/status/2101533309193085311
2026-09-20 04:46:00,masaomi346,domain,loushiha-jprakutanziu.com,#malware #phishing,https://x.com/masaomi346/status/2101533309193085311
2026-09-20 04:46:00,masaomi346,url,https://loushiha-jprakutanziu.com,#malware #phishing,https://x.com/masaomi346/status/2101533309193085311
2026-09-20 04:46:00,masaomi346,sha256,c9b993006f1e6b69ac3f658f21c556c3fb544e391a002f0b8d72887f35e508df,#malware #phishing,https://x.com/masaomi346/status/2101533309193085311
2026-09-20 04:48:43,TKemmerling,domain,troll8.com,#phishing,https://x.com/TKemmerling/status/2101533992235446533
2026-09-20 04:48:43,TKemmerling,url,http://troll8.com,#phishing,https://x.com/TKemmerling/status/2101533992235446533
2026-09-20 10:40:51,EthanAleja5m3,domain,dsjex.net,#cryptoscam #scam,https://x.com/EthanAleja5m3/status/2101622610345726400
2026-09-20 10:40:51,EthanAleja5m3,url,http://dsjex.net,#cryptoscam #scam,https://x.com/EthanAleja5m3/status/2101622610345726400
2026-09-20 10:41:17,EthanAleja5m3,domain,m.comex3.online,#cryptoscam #scam,https://x.com/EthanAleja5m3/status/2101622719540273523
2026-09-20 10:41:17,EthanAleja5m3,url,http://m.comex3.online,#cryptoscam #scam,https://x.com/EthanAleja5m3/status/2101622719540273523
2026-09-20 10:44:33,EthanAleja5m3,domain,phtmviso.com,#scam,https://x.com/EthanAleja5m3/status/2101623540873130189
2026-09-20 10:44:33,EthanAleja5m3,url,http://phtmviso.com,#scam,https://x.com/EthanAleja5m3/status/2101623540873130189
2026-09-20 15:32:34,skocherhan,domain,steamupdate.ydns.eu,,https://x.com/skocherhan/status/2101696026377613675
2026-09-20 15:32:34,skocherhan,url,http://steamupdate.ydns.eu,,https://x.com/skocherhan/status/2101696026377613675
2026-09-20 15:38:34,muha2xmad,domain,v6-nq.global.ssl.fastly.net,#phishing,https://x.com/muha2xmad/status/2101697535022666155
2026-09-20 15:38:34,muha2xmad,url,https://v6-nq.global.ssl.fastly.net/pep1/30/veri.html?e=temo@microsoft.com,#phishing,https://x.com/muha2xmad/status/2101697535022666155
2026-09-20 15:38:34,muha2xmad,url,https://api.telegram.org/bot8804559396:AAEbtnnqlSgaq8km0iPeDuAjakWpRVUSVws/sendMessage,#phishing,https://x.com/muha2xmad/status/2101697535022666155
2026-09-20 20:31:59,PhishStats,domain,appleidmapa.com,#phishing,https://x.com/PhishStats/status/2101771375069323569
2026-09-20 20:31:59,PhishStats,url,https://appleidmapa.com/isignesp.php,#phishing,https://x.com/PhishStats/status/2101771375069323569
2026-09-20 20:31:59,PhishStats,ip,217.60.103.74,#phishing,https://x.com/PhishStats/status/2101771375069323569
2026-09-20 21:31:19,oroshi0064,domain,martiala-ertaxjpzu.com,#malware #phishing,https://x.com/oroshi0064/status/2101786305671868627
2026-09-20 21:31:19,oroshi0064,url,https://martiala-ertaxjpzu.com,#malware #phishing,https://x.com/oroshi0064/status/2101786305671868627
2026-09-20 21:31:19,oroshi0064,domain,futurerock-ertaxjpzu.com,#malware #phishing,https://x.com/oroshi0064/status/2101786305671868627
2026-09-20 21:31:19,oroshi0064,url,https://futurerock-ertaxjpzu.com,#malware #phishing,https://x.com/oroshi0064/status/2101786305671868627
2026-09-20 21:31:19,oroshi0064,domain,babipoom-ertaxjpzu.com,#malware #phishing,https://x.com/oroshi0064/status/2101786305671868627
2026-09-20 21:31:19,oroshi0064,url,https://babipoom-ertaxjpzu.com,#malware #phishing,https://x.com/oroshi0064/status/2101786305671868627
2026-09-20 23:15:04,masaomi346,domain,barabax.com,#malware #phishing,https://x.com/masaomi346/status/2101812417550594191
2026-09-20 23:15:04,masaomi346,url,https://barabax.com,#malware #phishing,https://x.com/masaomi346/status/2101812417550594191
2026-09-20 23:15:04,masaomi346,domain,carsonhow-ertaxjpzu.com,#malware #phishing,https://x.com/masaomi346/status/2101812417550594191
2026-09-20 23:15:04,masaomi346,url,https://carsonhow-ertaxjpzu.com,#malware #phishing,https://x.com/masaomi346/status/2101812417550594191
2026-09-20 23:15:04,masaomi346,domain,etax.mampnagf.co.uk,#malware #phishing,https://x.com/masaomi346/status/2101812417550594191
2026-09-20 23:15:04,masaomi346,url,https://etax.mampnagf.co.uk,#malware #phishing,https://x.com/masaomi346/status/2101812417550594191
2026-09-20 23:15:04,masaomi346,domain,fengniaop-ertaxjpzu.com,#malware #phishing,https://x.com/masaomi346/status/2101812417550594191
2026-09-20 23:15:04,masaomi346,url,https://fengniaop-ertaxjpzu.com,#malware #phishing,https://x.com/masaomi346/status/2101812417550594191
2026-09-20 23:15:04,masaomi346,sha256,f406a815d1b5aaf7bcc4d15a9d2e422401eac6d054b35bd6e145bf14ce6f10f9,#malware #phishing,https://x.com/masaomi346/status/2101812417550594191
2026-09-20 23:35:02,masaomi346,domain,se.kuashouban.com,#malware #phishing,https://x.com/masaomi346/status/2101817441022271734
2026-09-20 23:35:02,masaomi346,url,https://se.kuashouban.com,#malware #phishing,https://x.com/masaomi346/status/2101817441022271734
2026-09-20 23:35:02,masaomi346,sha256,8c08e15adf3e789b2a936e38aaf8e70cf4443b535a00f3aaf716606a53b4a400,#malware #phishing,https://x.com/masaomi346/status/2101817441022271734
2026-09-21 00:01:52,Recoverwithbrad,domain,m.comex3.online,#cryptoscam #scam,https://x.com/Recoverwithbrad/status/2101824191972413478
2026-09-21 00:01:52,Recoverwithbrad,url,http://m.comex3.online,#cryptoscam #scam,https://x.com/Recoverwithbrad/status/2101824191972413478
2026-09-21 00:51:31,scanmalware,domain,sp30ct-zavun-biz-kemir-qolax.pages.dev,#ransomware,https://x.com/scanmalware/status/2101836688615952514
2026-09-21 00:51:31,scanmalware,url,http://sp30ct-zavun-biz-kemir-qolax.pages.dev,#ransomware,https://x.com/scanmalware/status/2101836688615952514
2026-09-21 02:12:02,scanmalware,domain,hyundaiservisiankara.com,#malware,https://x.com/scanmalware/status/2101856950040318312
2026-09-21 02:12:02,scanmalware,url,http://www.hyundaiservisiankara.com,#malware,https://x.com/scanmalware/status/2101856950040318312
2026-09-21 03:10:02,scanmalware,domain,sp11ct-fardok-biz8-molvik-keslor.pages.dev,#phishing,https://x.com/scanmalware/status/2101871548072149217
2026-09-21 03:10:02,scanmalware,url,http://sp11ct-fardok-biz8-molvik-keslor.pages.dev,#phishing,https://x.com/scanmalware/status/2101871548072149217
2026-09-21 04:18:55,TKemmerling,domain,myloisle.com,#phishing,https://x.com/TKemmerling/status/2101888881201422390
2026-09-21 04:18:55,TKemmerling,url,http://myloisle.com,#phishing,https://x.com/TKemmerling/status/2101888881201422390
2026-09-21 04:34:25,masaomi346,domain,daxueshengwz.com,#phishing,https://x.com/masaomi346/status/2101892782503969087
2026-09-21 04:34:25,masaomi346,url,https://daxueshengwz.com/0a0i4gfm#/login,#phishing,https://x.com/masaomi346/status/2101892782503969087
2026-09-21 04:52:19,TKemmerling,domain,troll8.com,#phishing,https://x.com/TKemmerling/status/2101897286318174525
2026-09-21 04:52:19,TKemmerling,url,http://troll8.com,#phishing,https://x.com/TKemmerling/status/2101897286318174525
2026-09-21 05:14:29,byrne_emmy12099,url,https://www.dropbox.com/scl/fi/eiy657ap3ncis7liuklvj/.html?rlkey=3epkpzh4t1y8zapwf87xfcn1x&st=hxqht8jp,#APT,https://x.com/byrne_emmy12099/status/2101902866890023350
2026-09-21 05:14:29,byrne_emmy12099,domain,files.surveillance-online.com,#APT,https://x.com/byrne_emmy12099/status/2101902866890023350
2026-09-21 05:14:29,byrne_emmy12099,url,https://files.surveillance-online.com,#APT,https://x.com/byrne_emmy12099/status/2101902866890023350
2026-09-21 06:36:09,JangPr0,md5,766897bacfe342b2641fc4a6ddb4b087,#APT #Kimsuky,https://x.com/JangPr0/status/2101923416521728224
2026-09-21 06:36:09,JangPr0,md5,2685cc73b0582c6104787c9f570cebdf,#APT #Kimsuky,https://x.com/JangPr0/status/2101923416521728224
2026-09-21 06:36:09,JangPr0,md5,3d5fcdf012e281cf0d2611f731b97631,#APT #Kimsuky,https://x.com/JangPr0/status/2101923416521728224
2026-09-21 07:01:25,phishunt_io,domain,htttps-www-roblox.co,#phishing,https://x.com/phishunt_io/status/2101929776264991057
2026-09-21 07:01:25,phishunt_io,url,http://htttps-www-roblox.co/login?returnUrl=1789978322,#phishing,https://x.com/phishunt_io/status/2101929776264991057
2026-09-21 07:01:25,phishunt_io,ip,169.58.26.182,#phishing,https://x.com/phishunt_io/status/2101929776264991057
2026-09-21 07:16:56,suyog41,md5,ee9d66099e941003d97c97ed0b88d03d,,https://x.com/suyog41/status/2101933680587333792
2026-09-21 07:21:02,scanmalware,domain,urlshort-linkmu9uwm4tctbb.banksystem.workers.dev,#phishing,https://x.com/scanmalware/status/2101934713350856728
2026-09-21 07:21:02,scanmalware,url,http://urlshort-linkmu9uwm4tctbb.banksystem.workers.dev,#phishing,https://x.com/scanmalware/status/2101934713350856728
2026-09-21 07:30:28,Fact_Finder03,ip,37.60.232.250,#C2,https://x.com/Fact_Finder03/status/2101937086865744077
2026-09-21 07:35:50,suyog41,md5,50eb3d47e565d0e7fcd861032e806de5,,https://x.com/suyog41/status/2101938438630945064
2026-09-21 07:53:00,Fact_Finder03,ip,82.26.91.80,#C2,https://x.com/Fact_Finder03/status/2101942757237342692
2026-09-21 08:25:59,TKemmerling,domain,norahadraivnig.com,#phishing,https://x.com/TKemmerling/status/2101951060667720085
2026-09-21 08:25:59,TKemmerling,url,http://norahadraivnig.com,#phishing,https://x.com/TKemmerling/status/2101951060667720085
2026-09-21 08:40:02,scanmalware,domain,sp12ct-zavmor-biz-pransik-holdek.pages.dev,#ransomware,https://x.com/scanmalware/status/2101954596742574332
2026-09-21 08:40:02,scanmalware,url,http://sp12ct-zavmor-biz-pransik-holdek.pages.dev,#ransomware,https://x.com/scanmalware/status/2101954596742574332
2026-09-21 08:59:35,suyog41,md5,97b7b06fc46806775d2ba0f97985269b,,https://x.com/suyog41/status/2101959514333327375
2026-09-21 09:02:00,Fact_Finder03,ip,191.223.218.5,#C2,https://x.com/Fact_Finder03/status/2101960122172080224
2026-09-21 09:53:27,Fact_Finder03,ip,31.56.176.4,#C2 #stealer,https://x.com/Fact_Finder03/status/2101973069174906883
2026-09-21 10:09:45,PhishStats,domain,vodafoneelevation.de,#phishing,https://x.com/PhishStats/status/2101977171338100881
2026-09-21 10:09:45,PhishStats,url,https://vodafoneelevation.de/info/,#phishing,https://x.com/PhishStats/status/2101977171338100881
2026-09-21 10:09:45,PhishStats,ip,216.150.1.1,#phishing,https://x.com/PhishStats/status/2101977171338100881
2026-09-21 10:38:04,OpcodeIntel,domain,n0n.to,#ransomware,https://x.com/OpcodeIntel/status/2101984300367491384
2026-09-21 10:38:04,OpcodeIntel,url,http://n0n.to,#ransomware,https://x.com/OpcodeIntel/status/2101984300367491384
2026-09-21 11:05:35,Fact_Finder03,ip,177.3.208.49,#C2 #RAT,https://x.com/Fact_Finder03/status/2101991222978244884
2026-09-21 11:05:35,Fact_Finder03,sha256,44f6869527d65e5bb502db7c1963992b13e62d6333b5c9c82e00dd0450111502,#C2 #RAT,https://x.com/Fact_Finder03/status/2101991222978244884
2026-09-21 11:05:35,Fact_Finder03,sha256,8bc6f3a7ac674b55a92b586af5d36bab22e7598ee01f838f1b1279d28025c1e0,#C2 #RAT,https://x.com/Fact_Finder03/status/2101991222978244884
2026-09-21 11:55:55,byrne_emmy12099,domain,uoyleep.yzz.me,#APT,https://x.com/byrne_emmy12099/status/2102003889109389442
2026-09-21 11:55:55,byrne_emmy12099,url,https://uoyleep.yzz.me,#APT,https://x.com/byrne_emmy12099/status/2102003889109389442
2026-09-21 12:01:03,masaomi346,domain,amylouisesky.com,#malware #phishing,https://x.com/masaomi346/status/2102005183362531677
2026-09-21 12:01:03,masaomi346,url,https://amylouisesky.com,#malware #phishing,https://x.com/masaomi346/status/2102005183362531677
2026-09-21 12:01:03,masaomi346,domain,baichuanx-jprakutanziu.com,#malware #phishing,https://x.com/masaomi346/status/2102005183362531677
2026-09-21 12:01:03,masaomi346,url,https://baichuanx-jprakutanziu.com,#malware #phishing,https://x.com/masaomi346/status/2102005183362531677
2026-09-21 12:01:03,masaomi346,domain,cgcdutyfree.com,#malware #phishing,https://x.com/masaomi346/status/2102005183362531677
2026-09-21 12:01:03,masaomi346,url,https://cgcdutyfree.com,#malware #phishing,https://x.com/masaomi346/status/2102005183362531677
2026-09-21 12:01:03,masaomi346,domain,dashinginc.com,#malware #phishing,https://x.com/masaomi346/status/2102005183362531677
2026-09-21 12:01:03,masaomi346,url,https://dashinginc.com,#malware #phishing,https://x.com/masaomi346/status/2102005183362531677
2026-09-21 12:01:03,masaomi346,domain,hangyushengan.com,#malware #phishing,https://x.com/masaomi346/status/2102005183362531677
2026-09-21 12:01:03,masaomi346,url,https://hangyushengan.com,#malware #phishing,https://x.com/masaomi346/status/2102005183362531677
2026-09-21 12:01:03,masaomi346,domain,henanzuoluo.com,#malware #phishing,https://x.com/masaomi346/status/2102005183362531677
2026-09-21 12:01:03,masaomi346,url,https://henanzuoluo.com,#malware #phishing,https://x.com/masaomi346/status/2102005183362531677
2026-09-21 12:01:03,masaomi346,sha256,de06a1b7f4f4e44f346b8349daea8cd3dd82a310b5e524cdc912f0945f12a0bd,#malware #phishing,https://x.com/masaomi346/status/2102005183362531677
2026-09-21 12:09:49,byrne_emmy12099,domain,files.offshore.cx,#APT,https://x.com/byrne_emmy12099/status/2102007387205079109
2026-09-21 12:09:49,byrne_emmy12099,url,https://files.offshore.cx/api/file/28d15eb2-e9da-490b-8255-7df3ec683419,#APT,https://x.com/byrne_emmy12099/status/2102007387205079109
2026-09-21 12:09:49,byrne_emmy12099,sha256,268bd28bf7fd0bb7911797c4ca7cfadf65b5422f7e329aa28a79990d0e44f8d7,#APT,https://x.com/byrne_emmy12099/status/2102007387205079109
2026-09-21 12:31:57,masaomi346,domain,gonfuirkgroao.life,#ClickFix #malware,https://x.com/masaomi346/status/2102012957467259164
2026-09-21 12:31:57,masaomi346,url,http://gonfuirkgroao.life,#ClickFix #malware,https://x.com/masaomi346/status/2102012957467259164
2026-09-21 13:13:17,OpcodeIntel,domain,net121.site,#malware,https://x.com/OpcodeIntel/status/2102023361522266197
2026-09-21 13:13:17,OpcodeIntel,url,http://net121.site,#malware,https://x.com/OpcodeIntel/status/2102023361522266197
2026-09-21 14:08:13,muha2xmad,url,https://storage.googleapis.com/narpotelsgh332bsp/765100084431/3003125112/tee6/index.html#temp@microsoft.com,#phishing,https://x.com/muha2xmad/status/2102037183922131211
2026-09-21 14:08:13,muha2xmad,domain,mail.ananworks.com,#phishing,https://x.com/muha2xmad/status/2102037183922131211
2026-09-21 14:08:13,muha2xmad,url,https://mail.ananworks.com/wp-content/plugins/elementor/includes/tee6/time.php,#phishing,https://x.com/muha2xmad/status/2102037183922131211
2026-09-21 15:09:44,TKemmerling,domain,financeoakmont.com,#phishing,https://x.com/TKemmerling/status/2102052664167354776
2026-09-21 15:09:44,TKemmerling,url,http://financeoakmont.com,#phishing,https://x.com/TKemmerling/status/2102052664167354776
2026-09-21 15:27:06,copy_and_paster,url,http://github.com/peaceworld267,#Kimsuky,https://x.com/copy_and_paster/status/2102057036876026178
2026-09-21 15:27:06,copy_and_paster,url,http://github.com/zhejiong-prog,#Kimsuky,https://x.com/copy_and_paster/status/2102057036876026178
2026-09-21 15:27:06,copy_and_paster,url,http://github.com/momonero26,#Kimsuky,https://x.com/copy_and_paster/status/2102057036876026178
2026-09-21 15:27:06,copy_and_paster,url,http://github.com/payuser2026,#Kimsuky,https://x.com/copy_and_paster/status/2102057036876026178
2026-09-21 15:27:06,copy_and_paster,url,http://github.com/downportal48,#Kimsuky,https://x.com/copy_and_paster/status/2102057036876026178
2026-09-21 15:27:06,copy_and_paster,url,http://github.com/twilerstar,#Kimsuky,https://x.com/copy_and_paster/status/2102057036876026178
2026-09-21 15:42:08,TKemmerling,domain,bluesummithq.blog,#phishing,https://x.com/TKemmerling/status/2102060819051921819
2026-09-21 15:42:08,TKemmerling,url,http://bluesummithq.blog,#phishing,https://x.com/TKemmerling/status/2102060819051921819
2026-09-21 16:14:49,TKemmerling,domain,mapletrailmedia.store,#phishing,https://x.com/TKemmerling/status/2102069045092892893
2026-09-21 16:14:49,TKemmerling,url,http://mapletrailmedia.store,#phishing,https://x.com/TKemmerling/status/2102069045092892893
2026-09-21 17:20:29,TKemmerling,domain,stylishhomegallery.com,#phishing,https://x.com/TKemmerling/status/2102085568679346446
2026-09-21 17:20:29,TKemmerling,url,http://stylishhomegallery.com,#phishing,https://x.com/TKemmerling/status/2102085568679346446
2026-09-21 18:27:59,PhishStats,domain,wuweizhe.com,#phishing,https://x.com/PhishStats/status/2102102557665395092
2026-09-21 18:27:59,PhishStats,url,https://wuweizhe.com,#phishing,https://x.com/PhishStats/status/2102102557665395092
2026-09-21 18:27:59,PhishStats,ip,172.247.42.180,#phishing,https://x.com/PhishStats/status/2102102557665395092
2026-09-21 18:35:53,Coolcarlos17,domain,showdepromos.com,#phishing #scam,https://x.com/Coolcarlos17/status/2102104547061571989
2026-09-21 18:35:53,Coolcarlos17,url,http://showdepromos.com,#phishing #scam,https://x.com/Coolcarlos17/status/2102104547061571989
2026-09-21 21:08:53,skocherhan,md5,a3ff6b84ae056f68fc65aa243a029832,,https://x.com/skocherhan/status/2102143047286866055
2026-09-21 22:05:42,oroshi0064,domain,thoibaodailoan.com,#malware #phishing,https://x.com/oroshi0064/status/2102157345824653415
2026-09-21 22:05:42,oroshi0064,url,https://thoibaodailoan.com,#malware #phishing,https://x.com/oroshi0064/status/2102157345824653415
2026-09-21 22:51:13,muha2xmad,domain,juio628-scxy383-i0n.thenakedplane.su,#phishing,https://x.com/muha2xmad/status/2102168804075667510
2026-09-21 22:51:13,muha2xmad,url,https://juio628-scxy383-i0n.thenakedplane.su/?bhy=temp@microsoft.com&cnf=9eRq3rBywflqld6lXQLv8mgaOwaiVMysGDGhlBvPhZo=,#phishing,https://x.com/muha2xmad/status/2102168804075667510
2026-09-21 23:03:00,muha2xmad,domain,f005.backblazeb2.com,#phishing,https://x.com/muha2xmad/status/2102171769423511583
2026-09-21 23:03:00,muha2xmad,url,https://f005.backblazeb2.com/b2api/v1/b2_download_file_by_id?fileId=4_z1151b4adec62550f9af1041a_f1164e569093f2f54_d20260903_m111846_c005_v0501047_t0041_u01788434326579#temp@microsoft.com,#phishing,https://x.com/muha2xmad/status/2102171769423511583
2026-09-22 00:02:22,masaomi346,domain,jiuyuetongf-saisanpolnts.com,#malware #phishing,https://x.com/masaomi346/status/2102186709471711565
2026-09-22 00:02:22,masaomi346,url,https://jiuyuetongf-saisanpolnts.com,#malware #phishing,https://x.com/masaomi346/status/2102186709471711565
2026-09-22 00:02:22,masaomi346,domain,kezhanpaimi-saisanpolnts.com,#malware #phishing,https://x.com/masaomi346/status/2102186709471711565
2026-09-22 00:02:22,masaomi346,url,https://kezhanpaimi-saisanpolnts.com,#malware #phishing,https://x.com/masaomi346/status/2102186709471711565
2026-09-22 00:02:22,masaomi346,sha256,52bbeaea1c9cb79bcf19273c2b69b67545ed2accacd01123e44b5d90a49797fe,#malware #phishing,https://x.com/masaomi346/status/2102186709471711565
2026-09-22 03:29:51,masaomi346,domain,bc1963.com,#phishing,https://x.com/masaomi346/status/2102238922764120396
2026-09-22 03:29:51,masaomi346,url,https://bc1963.com,#phishing,https://x.com/masaomi346/status/2102238922764120396
2026-09-22 04:02:35,patialavii,domain,keepgreentb.com,#phishing,https://x.com/patialavii/status/2102247161299914762
2026-09-22 04:02:35,patialavii,url,https://keepgreentb.com/doc/,#phishing,https://x.com/patialavii/status/2102247161299914762
2026-09-22 04:02:35,patialavii,url,https://keepgreentb.com/doc/ScreenConnect.ClientSetup.exe,#phishing,https://x.com/patialavii/status/2102247161299914762
2026-09-22 04:08:09,patialavii,domain,taslimaenterprise.com,#phishing,https://x.com/patialavii/status/2102248563006902701
2026-09-22 04:08:09,patialavii,url,https://taslimaenterprise.com/adobe/,#phishing,https://x.com/patialavii/status/2102248563006902701
2026-09-22 04:08:09,patialavii,domain,taslimaenterprise.screenconnect.com,#phishing,https://x.com/patialavii/status/2102248563006902701
2026-09-22 04:08:09,patialavii,url,https://taslimaenterprise.screenconnect.com/Bin/ScreenConnect.ClientSetup.msi,#phishing,https://x.com/patialavii/status/2102248563006902701
2026-09-22 05:14:45,patialavii,domain,zoom.frash.org,#phishing,https://x.com/patialavii/status/2102265321738649958
2026-09-22 05:14:45,patialavii,url,http://zoom.frash.org,#phishing,https://x.com/patialavii/status/2102265321738649958
2026-09-22 05:14:45,patialavii,domain,scr33nc0nn3ctz00m.com,#phishing,https://x.com/patialavii/status/2102265321738649958
2026-09-22 05:14:45,patialavii,url,http://scr33nc0nn3ctz00m.com:8041,#phishing,https://x.com/patialavii/status/2102265321738649958
2026-09-22 05:54:30,suyog41,md5,11f757550de8b2ba07ef20ce7e00d8ff,,https://x.com/suyog41/status/2102275324331577737
2026-09-22 06:33:22,Fact_Finder03,ip,108.160.133.24,#C2 #RAT,https://x.com/Fact_Finder03/status/2102285107273097488
2026-09-22 07:01:15,phishunt_io,domain,eu-assets.contentstack.com,#phishing,https://x.com/phishunt_io/status/2102292124804800654
2026-09-22 07:01:15,phishunt_io,url,http://eu-assets.contentstack.com/v3/assets/blt006917f377bafe00/blt00551acf2896d62b/6aadb627e407560bc3b47223/wet,#phishing,https://x.com/phishunt_io/status/2102292124804800654
2026-09-22 07:40:06,PhishStats,domain,allegro.12300h945b4vnj.best,#phishing,https://x.com/PhishStats/status/2102301901396046013
2026-09-22 07:40:06,PhishStats,url,http://allegro.12300h945b4vnj.best,#phishing,https://x.com/PhishStats/status/2102301901396046013
2026-09-22 07:50:54,TKemmerling,domain,shop.buyexclusivecart.com,#phishing,https://x.com/TKemmerling/status/2102304616792891659
2026-09-22 07:50:54,TKemmerling,url,http://shop.buyexclusivecart.com,#phishing,https://x.com/TKemmerling/status/2102304616792891659
2026-09-22 07:50:54,TKemmerling,domain,hometransformideas.com,#phishing,https://x.com/TKemmerling/status/2102304616792891659
2026-09-22 07:50:54,TKemmerling,url,http://hometransformideas.com,#phishing,https://x.com/TKemmerling/status/2102304616792891659
2026-09-22 08:34:07,TKemmerling,domain,prosperitymarketwatch.info,#phishing,https://x.com/TKemmerling/status/2102315495743803418
2026-09-22 08:34:07,TKemmerling,url,http://prosperitymarketwatch.info,#phishing,https://x.com/TKemmerling/status/2102315495743803418
2026-09-22 08:34:07,TKemmerling,domain,financeoakmont.com,#phishing,https://x.com/TKemmerling/status/2102315495743803418
2026-09-22 08:34:07,TKemmerling,url,http://financeoakmont.com,#phishing,https://x.com/TKemmerling/status/2102315495743803418
2026-09-22 08:46:03,BlinkzSec,sha256,f2451d7ff46824b81f04d94bad1b4133ca226e3e72b188d4b66c6bcac137a867,#opendir,https://x.com/BlinkzSec/status/2102318495752982573
2026-09-22 08:46:03,BlinkzSec,sha256,1a7a0b106d99cb76f5bf3fa83d291b943ea9424b9c640e25ea2306008704fd37,#opendir,https://x.com/BlinkzSec/status/2102318495752982573
2026-09-22 09:07:07,TKemmerling,domain,altiora.fun,#phishing,https://x.com/TKemmerling/status/2102323797684867470
2026-09-22 09:07:07,TKemmerling,url,http://altiora.fun,#phishing,https://x.com/TKemmerling/status/2102323797684867470
2026-09-22 09:39:26,TKemmerling,domain,buyernestle.info,#phishing,https://x.com/TKemmerling/status/2102331930213822897
2026-09-22 09:39:26,TKemmerling,url,http://buyernestle.info,#phishing,https://x.com/TKemmerling/status/2102331930213822897
2026-09-22 09:39:26,TKemmerling,domain,stylishhomegallery.com,#phishing,https://x.com/TKemmerling/status/2102331930213822897
2026-09-22 09:39:26,TKemmerling,url,http://stylishhomegallery.com,#phishing,https://x.com/TKemmerling/status/2102331930213822897
2026-09-22 10:12:17,TKemmerling,domain,securedeliverfast.com,#phishing,https://x.com/TKemmerling/status/2102340198692737252
2026-09-22 10:12:17,TKemmerling,url,http://securedeliverfast.com,#phishing,https://x.com/TKemmerling/status/2102340198692737252
2026-09-22 10:40:35,Fact_Finder03,ip,159.195.79.60,#C2,https://x.com/Fact_Finder03/status/2102347319987581174
2026-09-22 10:44:21,TKemmerling,domain,moabrivers.com,#phishing,https://x.com/TKemmerling/status/2102348266428125206
2026-09-22 10:44:21,TKemmerling,url,http://moabrivers.com,#phishing,https://x.com/TKemmerling/status/2102348266428125206
2026-09-22 10:44:21,TKemmerling,domain,greenerpasturetrading.info,#phishing,https://x.com/TKemmerling/status/2102348266428125206
2026-09-22 10:44:21,TKemmerling,url,http://greenerpasturetrading.info,#phishing,https://x.com/TKemmerling/status/2102348266428125206
2026-09-22 10:56:23,sdcyberresearch,domain,krestmoais-reed.life,#ClickFix,https://x.com/sdcyberresearch/status/2102351297936519495
2026-09-22 10:56:23,sdcyberresearch,url,http://krestmoais-reed.life,#ClickFix,https://x.com/sdcyberresearch/status/2102351297936519495
2026-09-22 10:56:23,sdcyberresearch,url,http://45.150.33.128,#ClickFix,https://x.com/sdcyberresearch/status/2102351297936519495
2026-09-22 11:18:00,Fact_Finder03,ip,185.53.179.200,#C2,https://x.com/Fact_Finder03/status/2102356735516180527
2026-09-22 11:50:26,TKemmerling,domain,mortgageclearbrook.info,#phishing,https://x.com/TKemmerling/status/2102364899058057621
2026-09-22 11:50:26,TKemmerling,url,http://mortgageclearbrook.info,#phishing,https://x.com/TKemmerling/status/2102364899058057621
2026-09-22 11:50:26,TKemmerling,domain,harborstonegroup.shop,#phishing,https://x.com/TKemmerling/status/2102364899058057621
2026-09-22 11:50:26,TKemmerling,url,http://harborstonegroup.shop,#phishing,https://x.com/TKemmerling/status/2102364899058057621
2026-09-22 12:10:06,Coolcarlos17,domain,google-havan.com,#phishing #scam,https://x.com/Coolcarlos17/status/2102369847128530980
2026-09-22 12:10:06,Coolcarlos17,url,http://GOOGLE-HAVAN.COM,#phishing #scam,https://x.com/Coolcarlos17/status/2102369847128530980
2026-09-22 12:22:59,TKemmerling,domain,portfoliomoneyline.com,#phishing,https://x.com/TKemmerling/status/2102373091750093175
2026-09-22 12:22:59,TKemmerling,url,http://portfoliomoneyline.com,#phishing,https://x.com/TKemmerling/status/2102373091750093175
2026-09-22 12:22:59,TKemmerling,domain,truenorthworks.fun,#phishing,https://x.com/TKemmerling/status/2102373091750093175
2026-09-22 12:22:59,TKemmerling,url,http://truenorthworks.fun,#phishing,https://x.com/TKemmerling/status/2102373091750093175
2026-09-22 12:25:03,Coolcarlos17,domain,ludaluvemserfeliz.com,#phishing #scam,https://x.com/Coolcarlos17/status/2102373609872470199
2026-09-22 12:25:03,Coolcarlos17,url,https://ludaluvemserfeliz.com/produto.php?slug=escada-multifuncional-de-alum-nio-4x4-com-16-degraus,#phishing #scam,https://x.com/Coolcarlos17/status/2102373609872470199
2026-09-22 12:55:24,TKemmerling,domain,equitybrookstone.info,#phishing,https://x.com/TKemmerling/status/2102381247129633273
2026-09-22 12:55:24,TKemmerling,url,http://equitybrookstone.info,#phishing,https://x.com/TKemmerling/status/2102381247129633273
2026-09-22 13:04:50,suyog41,md5,7bb31c069c828109c99495bd91a36a69,,https://x.com/suyog41/status/2102383622598922267
2026-09-22 13:27:58,TKemmerling,domain,grabtrendingoffer.com,#phishing,https://x.com/TKemmerling/status/2102389442342498634
2026-09-22 13:27:58,TKemmerling,url,http://grabtrendingoffer.com,#phishing,https://x.com/TKemmerling/status/2102389442342498634
2026-09-22 13:27:58,TKemmerling,domain,yournestmakeover.com,#phishing,https://x.com/TKemmerling/status/2102389442342498634
2026-09-22 13:27:58,TKemmerling,url,http://yournestmakeover.com,#phishing,https://x.com/TKemmerling/status/2102389442342498634
2026-09-22 13:27:58,TKemmerling,domain,follwtrk.com,#phishing,https://x.com/TKemmerling/status/2102389442342498634
2026-09-22 13:27:58,TKemmerling,url,http://follwtrk.com,#phishing,https://x.com/TKemmerling/status/2102389442342498634
2026-09-22 14:19:56,akaclandestine,ip,87.106.5.5,#scam,https://x.com/akaclandestine/status/2102402521587122232
2026-09-22 15:33:21,Slvlombardo,domain,first-global.in,#phishing,https://x.com/Slvlombardo/status/2102420998528131546
2026-09-22 15:33:21,Slvlombardo,url,https://first-global.in/lkcmccd/f00g2ffr/d000s2/n0g2ff/,#phishing,https://x.com/Slvlombardo/status/2102420998528131546
2026-09-22 15:48:40,RakeshKrish12,url,http://176.97.114.92:9080,#malware #ransomware,https://x.com/RakeshKrish12/status/2102424852850458662
2026-09-22 15:48:40,RakeshKrish12,url,https://176.97.114.92:9443,#malware #ransomware,https://x.com/RakeshKrish12/status/2102424852850458662
2026-09-22 15:48:40,RakeshKrish12,ip,176.97.114.92,#malware #ransomware,https://x.com/RakeshKrish12/status/2102424852850458662
2026-09-22 17:26:59,muha2xmad,domain,get-verification.to,#ClickFix,https://x.com/muha2xmad/status/2102449595443761589
2026-09-22 17:26:59,muha2xmad,url,https://get-verification.to,#ClickFix,https://x.com/muha2xmad/status/2102449595443761589
2026-09-22 17:26:59,muha2xmad,domain,imacos.cc,#ClickFix,https://x.com/muha2xmad/status/2102449595443761589
2026-09-22 17:26:59,muha2xmad,url,https://imacos.cc/captcha/faa4bf0505d1a824,#ClickFix,https://x.com/muha2xmad/status/2102449595443761589
2026-09-22 17:26:59,muha2xmad,ip,94.103.1.233,#ClickFix,https://x.com/muha2xmad/status/2102449595443761589
2026-09-22 19:03:30,Coolcarlos17,domain,site-google-havan.com,#phishing #scam,https://x.com/Coolcarlos17/status/2102473881315643843
2026-09-22 19:03:30,Coolcarlos17,url,https://site-google-havan.com/produto/32812,#phishing #scam,https://x.com/Coolcarlos17/status/2102473881315643843
2026-09-22 19:27:18,500mk500,url,http://209.99.191.44,,https://x.com/500mk500/status/2102479874485366794
2026-09-22 19:27:18,500mk500,url,http://159.100.20.154:5000,,https://x.com/500mk500/status/2102479874485366794
2026-09-22 19:27:18,500mk500,url,http://185.208.158.40:5000,,https://x.com/500mk500/status/2102479874485366794
2026-09-22 19:27:18,500mk500,url,http://185.233.166.109:5000,,https://x.com/500mk500/status/2102479874485366794
2026-09-22 19:27:18,500mk500,url,http://198.13.158.114:5000,,https://x.com/500mk500/status/2102479874485366794
2026-09-22 19:27:18,500mk500,url,http://209.99.184.230:5000,,https://x.com/500mk500/status/2102479874485366794
2026-09-22 19:27:18,500mk500,url,http://209.99.191.44:5000,,https://x.com/500mk500/status/2102479874485366794
2026-09-22 19:27:18,500mk500,url,http://38.146.25.248:5000,,https://x.com/500mk500/status/2102479874485366794
2026-09-22 19:27:18,500mk500,url,http://64.94.85.209:5000,,https://x.com/500mk500/status/2102479874485366794
2026-09-22 19:27:18,500mk500,url,http://84.201.20.103:5000,,https://x.com/500mk500/status/2102479874485366794
2026-09-22 19:27:18,500mk500,url,http://86.54.42.14:5000,,https://x.com/500mk500/status/2102479874485366794
2026-09-22 19:27:18,500mk500,ip,209.99.191.44,,https://x.com/500mk500/status/2102479874485366794
2026-09-22 19:27:18,500mk500,ip,159.100.20.154,,https://x.com/500mk500/status/2102479874485366794
2026-09-22 19:27:18,500mk500,ip,185.208.158.40,,https://x.com/500mk500/status/2102479874485366794
2026-09-22 19:27:18,500mk500,ip,185.233.166.109,,https://x.com/500mk500/status/2102479874485366794
2026-09-22 19:27:18,500mk500,ip,198.13.158.114,,https://x.com/500mk500/status/2102479874485366794
2026-09-22 19:27:18,500mk500,ip,209.99.184.230,,https://x.com/500mk500/status/2102479874485366794
2026-09-22 19:27:18,500mk500,ip,38.146.25.248,,https://x.com/500mk500/status/2102479874485366794
2026-09-22 19:27:18,500mk500,ip,64.94.85.209,,https://x.com/500mk500/status/2102479874485366794
2026-09-22 19:27:18,500mk500,ip,84.201.20.103,,https://x.com/500mk500/status/2102479874485366794
2026-09-22 19:27:18,500mk500,ip,86.54.42.14,,https://x.com/500mk500/status/2102479874485366794
2026-09-22 19:27:18,_AkatsukiLegion,domain,auth-msftpage.com,,https://x.com/_AkatsukiLegion/status/2102182327572963650
2026-09-22 19:27:18,_AkatsukiLegion,url,http://auth-msftpage.com,,https://x.com/_AkatsukiLegion/status/2102182327572963650
2026-09-22 20:08:06,PhishStats,ip,165.140.71.100,#phishing,https://x.com/PhishStats/status/2102490142271291743
2026-09-22 22:27:33,TKemmerling,domain,yaledoorlocks.com,#phishing,https://x.com/TKemmerling/status/2102525235111305420
2026-09-22 22:27:33,TKemmerling,url,http://yaledoorlocks.com,#phishing,https://x.com/TKemmerling/status/2102525235111305420
2026-09-22 22:47:26,skocherhan,domain,instagram-verify.dynv6.net,,https://x.com/skocherhan/status/2102530237657407779
2026-09-22 22:47:26,skocherhan,url,http://instagram-verify.dynv6.net,,https://x.com/skocherhan/status/2102530237657407779
2026-09-22 22:56:50,TKemmerling,domain,yw8.net,#phishing,https://x.com/TKemmerling/status/2102532603140301269
2026-09-22 22:56:50,TKemmerling,url,http://yw8.net,#phishing,https://x.com/TKemmerling/status/2102532603140301269
2026-09-22 22:56:50,TKemmerling,domain,seafoodcenterofmaine.com,#phishing,https://x.com/TKemmerling/status/2102532603140301269
2026-09-22 22:56:50,TKemmerling,url,http://seafoodcenterofmaine.com,#phishing,https://x.com/TKemmerling/status/2102532603140301269
2026-09-23 01:53:54,TKemmerling,domain,buy.newarriveproduct.com,#phishing,https://x.com/TKemmerling/status/2102577164235542548
2026-09-23 01:53:54,TKemmerling,url,http://buy.newarriveproduct.com,#phishing,https://x.com/TKemmerling/status/2102577164235542548
2026-09-23 01:53:54,TKemmerling,domain,healthumi.info,#phishing,https://x.com/TKemmerling/status/2102577164235542548
2026-09-23 01:53:54,TKemmerling,url,http://healthumi.info,#phishing,https://x.com/TKemmerling/status/2102577164235542548
2026-09-23 03:15:04,TKemmerling,domain,alphashoppingdock.org,#phishing,https://x.com/TKemmerling/status/2102597590156251390
2026-09-23 03:15:04,TKemmerling,url,http://alphashoppingdock.org,#phishing,https://x.com/TKemmerling/status/2102597590156251390
2026-09-23 03:15:04,TKemmerling,domain,stylishhomegallery.com,#phishing,https://x.com/TKemmerling/status/2102597590156251390
2026-09-23 03:15:04,TKemmerling,url,http://stylishhomegallery.com,#phishing,https://x.com/TKemmerling/status/2102597590156251390
2026-09-23 04:18:25,copy_and_paster,url,http://github.com/minercraft392,#Kimsuky,https://x.com/copy_and_paster/status/2102613534228300007
2026-09-23 04:18:25,copy_and_paster,url,http://github.com/storagerdownload30,#Kimsuky,https://x.com/copy_and_paster/status/2102613534228300007
2026-09-23 04:18:25,copy_and_paster,domain,mf3goke.getenjoyment.net,#Kimsuky,https://x.com/copy_and_paster/status/2102613534228300007
2026-09-23 04:18:25,copy_and_paster,url,http://mf3goke.getenjoyment.net,#Kimsuky,https://x.com/copy_and_paster/status/2102613534228300007
2026-09-23 04:18:25,copy_and_paster,domain,xv57j3d.scienceontheweb.net,#Kimsuky,https://x.com/copy_and_paster/status/2102613534228300007
2026-09-23 04:18:25,copy_and_paster,url,http://xv57j3d.scienceontheweb.net,#Kimsuky,https://x.com/copy_and_paster/status/2102613534228300007
2026-09-23 04:18:25,copy_and_paster,domain,d18i529.onlinewebshop.net,#Kimsuky,https://x.com/copy_and_paster/status/2102613534228300007
2026-09-23 04:18:25,copy_and_paster,url,http://d18i529.onlinewebshop.net,#Kimsuky,https://x.com/copy_and_paster/status/2102613534228300007
2026-09-23 04:57:16,TKemmerling,domain,deals.homeitemsonline.com,#phishing,https://x.com/TKemmerling/status/2102623311029227568
2026-09-23 04:57:16,TKemmerling,url,http://deals.homeitemsonline.com,#phishing,https://x.com/TKemmerling/status/2102623311029227568
2026-09-23 04:57:16,TKemmerling,domain,shopsmartlog.com,#phishing,https://x.com/TKemmerling/status/2102623311029227568
2026-09-23 04:57:16,TKemmerling,url,http://shopsmartlog.com,#phishing,https://x.com/TKemmerling/status/2102623311029227568
2026-09-23 04:57:16,TKemmerling,domain,capitaltrackspro.com,#phishing,https://x.com/TKemmerling/status/2102623311029227568
2026-09-23 04:57:16,TKemmerling,url,http://capitaltrackspro.com,#phishing,https://x.com/TKemmerling/status/2102623311029227568
2026-09-23 05:32:47,Fact_Finder03,ip,195.20.239.207,#C2,https://x.com/Fact_Finder03/status/2102632249669886135
2026-09-23 06:30:00,Fact_Finder03,ip,120.25.213.232,#C2,https://x.com/Fact_Finder03/status/2102646645523681364
2026-09-23 06:30:00,Fact_Finder03,sha256,9cdc86c5bd8ab47cf2c868aa3a77c596a895a804e9790e3c82d30687889c6a8f,#C2,https://x.com/Fact_Finder03/status/2102646645523681364
2026-09-23 06:42:00,Fact_Finder03,ip,154.12.28.225,#C2 #RAT,https://x.com/Fact_Finder03/status/2102649665330258028
2026-09-23 06:42:00,Fact_Finder03,sha256,d577776d67c8b607a6ea522cf26f5937be4c8f67d08036442d5edd3ed0da4a9c,#C2 #RAT,https://x.com/Fact_Finder03/status/2102649665330258028
2026-09-23 06:52:04,etugenio,url,http://51.159.21.191,#C2 #malware,https://x.com/etugenio/status/2102652200162095329
2026-09-23 06:52:04,etugenio,domain,linuxsupportsystem.com,#C2 #malware,https://x.com/etugenio/status/2102652200162095329
2026-09-23 06:52:04,etugenio,url,http://linuxsupportsystem.com,#C2 #malware,https://x.com/etugenio/status/2102652200162095329
2026-09-23 06:52:04,etugenio,domain,c2.linuxsupportsystem.com,#C2 #malware,https://x.com/etugenio/status/2102652200162095329
2026-09-23 06:52:04,etugenio,url,http://c2.linuxsupportsystem.com,#C2 #malware,https://x.com/etugenio/status/2102652200162095329
2026-09-23 06:52:04,etugenio,domain,svc.linuxsupportsystem.com,#C2 #malware,https://x.com/etugenio/status/2102652200162095329
2026-09-23 06:52:04,etugenio,url,http://svc.linuxsupportsystem.com,#C2 #malware,https://x.com/etugenio/status/2102652200162095329
2026-09-23 06:52:04,etugenio,url,http://185.233.39.78,#C2 #malware,https://x.com/etugenio/status/2102652200162095329
2026-09-23 06:52:04,etugenio,ip,51.159.21.191,#C2 #malware,https://x.com/etugenio/status/2102652200162095329
2026-09-23 06:52:04,etugenio,ip,185.233.39.78,#C2 #malware,https://x.com/etugenio/status/2102652200162095329
2026-09-23 07:21:00,Fact_Finder03,sha256,cdb4ee2aea69cc6a83331bbe96dc2caa9a299d21329efb0336fc02a82e1839a8,,https://x.com/Fact_Finder03/status/2102659479959654618
2026-09-23 07:58:42,Ax_Sharma,domain,third-party.com,#ClickFix,https://x.com/Ax_Sharma/status/2102668968171340143
2026-09-23 07:58:42,Ax_Sharma,url,http://third-party.com,#ClickFix,https://x.com/Ax_Sharma/status/2102668968171340143
2026-09-23 08:11:33,curious_drac0,url,http://74.204.158.81,#AsyncRAT #C2,https://x.com/curious_drac0/status/2102672203393442155
2026-09-23 08:11:33,curious_drac0,ip,74.204.158.81,#AsyncRAT #C2,https://x.com/curious_drac0/status/2102672203393442155
2026-09-23 08:30:46,scanmalware,domain,ynvcxcv.vercel.app,#phishing,https://x.com/scanmalware/status/2102677036544205143
2026-09-23 08:30:46,scanmalware,url,http://ynvcxcv.vercel.app,#phishing,https://x.com/scanmalware/status/2102677036544205143
2026-09-23 09:20:03,scanmalware,domain,coinbaseverify.vercel.app,#malware,https://x.com/scanmalware/status/2102689441202532606
2026-09-23 09:20:03,scanmalware,url,http://coinbaseverify.vercel.app,#malware,https://x.com/scanmalware/status/2102689441202532606
2026-09-23 10:42:14,PhishStats,domain,allegrolokalnie.oferta65487.click,#phishing,https://x.com/PhishStats/status/2102710121201811526
2026-09-23 10:42:14,PhishStats,url,http://allegrolokalnie.oferta65487.click/oferta/brak-nazwy,#phishing,https://x.com/PhishStats/status/2102710121201811526
2026-09-23 13:22:54,suyog41,md5,1dc0f32bf189fecc040be8e85ca9a3d3,,https://x.com/suyog41/status/2102750558268301739
2026-09-23 13:26:41,masaomi346,domain,ashen-trace-zephyr-draeix.life,#ClickFix #malware,https://x.com/masaomi346/status/2102751506974069029
2026-09-23 13:26:41,masaomi346,url,http://ashen-trace-zephyr-draeix.life,#ClickFix #malware,https://x.com/masaomi346/status/2102751506974069029
2026-09-23 15:13:42,JakubUrbanec,sha256,87352b982d24c08a8ed97258f4af4e3b4497ef5d161dfbbf4f67aadc5fa1ba56,#malware,https://x.com/JakubUrbanec/status/2102778438843252809
2026-09-23 16:54:04,PhishStats,domain,am-prime-sonnerie.com,#phishing,https://x.com/PhishStats/status/2102803700037124237
2026-09-23 16:54:04,PhishStats,url,https://am-prime-sonnerie.com/blog/blog.php,#phishing,https://x.com/PhishStats/status/2102803700037124237
2026-09-23 16:54:04,PhishStats,ip,45.74.61.8,#phishing,https://x.com/PhishStats/status/2102803700037124237
2026-09-23 21:10:03,scanmalware,domain,lervuni-mpt-qazvoro-c3d6me71.pages.dev,#ransomware,https://x.com/scanmalware/status/2102868117361709520
2026-09-23 21:10:03,scanmalware,url,http://lervuni-mpt-qazvoro-c3d6me71.pages.dev,#ransomware,https://x.com/scanmalware/status/2102868117361709520
2026-09-23 22:16:38,oroshi0064,domain,theswagbusu-jp-etaxrefund.com,#malware #phishing,https://x.com/oroshi0064/status/2102884874311074019
2026-09-23 22:16:38,oroshi0064,url,https://theswagbusu-jp-etaxrefund.com,#malware #phishing,https://x.com/oroshi0064/status/2102884874311074019
2026-09-23 22:16:38,oroshi0064,domain,therawcusclu-jp-etaxrefund.com,#malware #phishing,https://x.com/oroshi0064/status/2102884874311074019
2026-09-23 22:16:38,oroshi0064,url,https://therawcusclu-jp-etaxrefund.com,#malware #phishing,https://x.com/oroshi0064/status/2102884874311074019
2026-09-23 22:16:38,oroshi0064,domain,inwardatti-jp-etaxrefund.com,#malware #phishing,https://x.com/oroshi0064/status/2102884874311074019
2026-09-23 22:16:38,oroshi0064,url,https://inwardatti-jp-etaxrefund.com,#malware #phishing,https://x.com/oroshi0064/status/2102884874311074019
2026-09-24 00:15:31,muha2xmad,domain,supermercadoabundancia.com.mx,#phishing,https://x.com/muha2xmad/status/2102914790934864049
2026-09-24 00:15:31,muha2xmad,url,https://supermercadoabundancia.com.mx/cdd/index.html#hr@microsoft.com,#phishing,https://x.com/muha2xmad/status/2102914790934864049
2026-09-24 00:15:31,muha2xmad,url,http://96.127.174.30,#phishing,https://x.com/muha2xmad/status/2102914790934864049
2026-09-24 00:15:31,muha2xmad,ip,96.127.174.30,#phishing,https://x.com/muha2xmad/status/2102914790934864049
2026-09-24 03:00:35,TKemmerling,domain,healthrevampsupport.com,#phishing,https://x.com/TKemmerling/status/2102956333763092961
2026-09-24 03:00:35,TKemmerling,url,http://healthrevampsupport.com,#phishing,https://x.com/TKemmerling/status/2102956333763092961
2026-09-24 03:00:35,TKemmerling,domain,peakhealthbalance.com,#phishing,https://x.com/TKemmerling/status/2102956333763092961
2026-09-24 03:00:35,TKemmerling,url,http://peakhealthbalance.com,#phishing,https://x.com/TKemmerling/status/2102956333763092961
2026-09-24 04:18:10,patialavii,domain,horusian.com,#phishing,https://x.com/patialavii/status/2102975857350651923
2026-09-24 04:18:10,patialavii,url,https://horusian.com/dsb/page.html,#phishing,https://x.com/patialavii/status/2102975857350651923
2026-09-24 04:25:22,patialavii,domain,hotelvaldecans.com.br,#phishing,https://x.com/patialavii/status/2102977670736904216
2026-09-24 04:25:22,patialavii,url,https://hotelvaldecans.com.br/docsign/page.html,#phishing,https://x.com/patialavii/status/2102977670736904216
2026-09-24 04:33:37,PhishStats,domain,therawcusclu-jp-etaxrefund.com,#phishing,https://x.com/PhishStats/status/2102979745294221792
2026-09-24 04:33:37,PhishStats,url,https://therawcusclu-jp-etaxrefund.com,#phishing,https://x.com/PhishStats/status/2102979745294221792
2026-09-24 05:16:15,ThreatResq,domain,third-party.com,#ClickFix,https://x.com/ThreatResq/status/2102990474701312194
2026-09-24 05:16:15,ThreatResq,url,http://Third-party.com,#ClickFix,https://x.com/ThreatResq/status/2102990474701312194
2026-09-24 06:14:01,suyog41,domain,lewokodwqko.icu,,https://x.com/suyog41/status/2103005010766557573
2026-09-24 06:14:01,suyog41,url,http://lewokodwqko.icu,,https://x.com/suyog41/status/2103005010766557573
2026-09-24 06:14:01,suyog41,md5,86737266db2e71cfcccf7ba183b75bd4,,https://x.com/suyog41/status/2103005010766557573
2026-09-24 06:37:46,TKemmerling,domain,creditmarketreview.info,#phishing,https://x.com/TKemmerling/status/2103010989478384075
2026-09-24 06:37:46,TKemmerling,url,http://creditmarketreview.info,#phishing,https://x.com/TKemmerling/status/2103010989478384075
2026-09-24 06:37:46,TKemmerling,domain,browseecomdaily.com,#phishing,https://x.com/TKemmerling/status/2103010989478384075
2026-09-24 06:37:46,TKemmerling,url,http://browseecomdaily.com,#phishing,https://x.com/TKemmerling/status/2103010989478384075
2026-09-24 06:38:03,masaomi346,domain,oiuwaksdiw.com,#phishing,https://x.com/masaomi346/status/2103011060597031287
2026-09-24 06:38:03,masaomi346,url,https://oiuwaksdiw.com/cash/downloadopwad,#phishing,https://x.com/masaomi346/status/2103011060597031287
2026-09-24 06:42:34,Fact_Finder03,ip,216.245.184.91,#C2,https://x.com/Fact_Finder03/status/2103012198276825120
2026-09-24 06:49:50,masaomi346,domain,poiwaldsas.com,#malware #phishing,https://x.com/masaomi346/status/2103014027630895339
2026-09-24 06:49:50,masaomi346,url,https://poiwaldsas.com/nenkin/download,#malware #phishing,https://x.com/masaomi346/status/2103014027630895339
2026-09-24 06:49:50,masaomi346,domain,puwaiosd.com,#malware #phishing,https://x.com/masaomi346/status/2103014027630895339
2026-09-24 06:49:50,masaomi346,url,https://puwaiosd.com/nenkin/download,#malware #phishing,https://x.com/masaomi346/status/2103014027630895339
2026-09-24 06:49:50,masaomi346,url,https://poiwaldsas.com/ana,#malware #phishing,https://x.com/masaomi346/status/2103014027630895339
2026-09-24 06:49:50,masaomi346,url,https://puwaiosd.com/ana,#malware #phishing,https://x.com/masaomi346/status/2103014027630895339
2026-09-24 06:49:50,masaomi346,sha256,635ceb7e46453dcecee94d8eb48c4dbfd090e0819197f1d4087fe0aaa439918a,#malware #phishing,https://x.com/masaomi346/status/2103014027630895339
2026-09-24 06:49:50,masaomi346,sha256,1b8218c839dfb071f7308fb2ab4157d726d9a81f3da9cb6d9b72d7db81686fec,#malware #phishing,https://x.com/masaomi346/status/2103014027630895339
2026-09-24 07:01:15,phishunt_io,domain,wellsfargogethelp.com,#phishing,https://x.com/phishunt_io/status/2103016897193111846
2026-09-24 07:01:15,phishunt_io,url,http://wellsfargogethelp.com,#phishing,https://x.com/phishunt_io/status/2103016897193111846
2026-09-24 07:01:15,phishunt_io,ip,159.100.9.61,#phishing,https://x.com/phishunt_io/status/2103016897193111846
2026-09-24 07:01:45,suyog41,domain,files.surveillance-online.com,,https://x.com/suyog41/status/2103017026436362279
2026-09-24 07:01:45,suyog41,url,http://files.surveillance-online.com/files/9e26792b-84a3-44c1-886a-d92c9f46e1ff,,https://x.com/suyog41/status/2103017026436362279
2026-09-24 07:01:45,suyog41,md5,58c84a0973d32ef578a431a967fe308e,,https://x.com/suyog41/status/2103017026436362279
2026-09-24 07:01:45,malwrhunterteam,url,https://files.surveillance-online.com,,https://x.com/malwrhunterteam/status/2102396142264963146
2026-09-24 07:01:45,malwrhunterteam,domain,file.cmanager.lol,,https://x.com/malwrhunterteam/status/2102396142264963146
2026-09-24 07:01:45,malwrhunterteam,url,https://file.cmanager.lol,,https://x.com/malwrhunterteam/status/2102396142264963146
2026-09-24 07:11:16,nextronresearch,sha256,2b86f53965e6bf5ae33658293d3977894c8f31d7a86df9c24a677e020af0a3a3,,https://x.com/nextronresearch/status/2103019418859053423
2026-09-24 07:11:16,nextronresearch,sha256,2edb9dd4df9c8ebe605fd5807b94d472392ea95b0cb6a517b659d10192f83c80,,https://x.com/nextronresearch/status/2103019418859053423
2026-09-24 07:11:16,nextronresearch,sha256,523f21fad7e3e8c4ffd9897b875c0df9609a825fd0c9d274319da132fa358cb9,,https://x.com/nextronresearch/status/2103019418859053423
2026-09-24 07:14:00,Fact_Finder03,ip,121.4.43.2,#C2,https://x.com/Fact_Finder03/status/2103020106372592005
2026-09-24 07:14:00,Fact_Finder03,ip,39.104.201.242,#C2,https://x.com/Fact_Finder03/status/2103020106372592005
2026-09-24 07:44:36,byrne_emmy12099,url,https://www.dropbox.com/scl/fi/kpj24ilqwva3kmknn8hps/KB_-_.pdf,#APT,https://x.com/byrne_emmy12099/status/2103027808826265959
2026-09-24 07:56:00,Fact_Finder03,ip,209.99.186.221,#C2,https://x.com/Fact_Finder03/status/2103030675842781376
2026-09-24 09:34:14,smica83,domain,fever-recommendations-martha-durable.trycloudflare.com,#WsgiDAV #opendir,https://x.com/smica83/status/2103055397221212419
2026-09-24 09:34:14,smica83,url,https://fever-recommendations-martha-durable.trycloudflare.com,#WsgiDAV #opendir,https://x.com/smica83/status/2103055397221212419
2026-09-24 10:01:22,sdcyberresearch,domain,idcool.codes,#ClickFix,https://x.com/sdcyberresearch/status/2103062225145487510
2026-09-24 10:01:22,sdcyberresearch,url,http://idcool.codes,#ClickFix,https://x.com/sdcyberresearch/status/2103062225145487510
2026-09-24 10:08:39,OpcodeIntel,ip,37.77.150.95,#ransomware,https://x.com/OpcodeIntel/status/2103064059360968788
2026-09-24 10:08:39,OpcodeIntel,ip,176.120.22.24,#ransomware,https://x.com/OpcodeIntel/status/2103064059360968788
2026-09-24 12:01:17,phishunt_io,domain,bradescosegurosop.com.br,#phishing,https://x.com/phishunt_io/status/2103092404643299743
2026-09-24 12:01:17,phishunt_io,url,http://bradescosegurosop.com.br,#phishing,https://x.com/phishunt_io/status/2103092404643299743
2026-09-24 12:01:17,phishunt_io,ip,56.126.60.120,#phishing,https://x.com/phishunt_io/status/2103092404643299743
2026-09-24 12:02:00,scanmalware,domain,paymentsecurelink.vercel.app,#phishing,https://x.com/scanmalware/status/2103092585992536153
2026-09-24 12:02:00,scanmalware,url,http://paymentsecurelink.vercel.app,#phishing,https://x.com/scanmalware/status/2103092585992536153
2026-09-24 12:12:59,TheM3gatr0n,domain,entry-code-cdn.codes,#ClearFake #ClickFix,https://x.com/TheM3gatr0n/status/2103095348113924175
2026-09-24 12:12:59,TheM3gatr0n,url,http://entry-code-cdn.codes,#ClearFake #ClickFix,https://x.com/TheM3gatr0n/status/2103095348113924175
2026-09-24 12:12:59,TheM3gatr0n,domain,proalamir.dz,#ClearFake #ClickFix,https://x.com/TheM3gatr0n/status/2103095348113924175
2026-09-24 12:12:59,TheM3gatr0n,url,http://proalamir.dz,#ClearFake #ClickFix,https://x.com/TheM3gatr0n/status/2103095348113924175
2026-09-24 12:12:59,TheM3gatr0n,domain,wmicconfidance.info,#ClearFake #ClickFix,https://x.com/TheM3gatr0n/status/2103095348113924175
2026-09-24 12:12:59,TheM3gatr0n,url,http://wmicconfidance.info,#ClearFake #ClickFix,https://x.com/TheM3gatr0n/status/2103095348113924175
2026-09-24 12:12:59,TheM3gatr0n,domain,verifyrecapcha.info,#ClearFake #ClickFix,https://x.com/TheM3gatr0n/status/2103095348113924175
2026-09-24 12:12:59,TheM3gatr0n,url,http://verifyrecapcha.info,#ClearFake #ClickFix,https://x.com/TheM3gatr0n/status/2103095348113924175
2026-09-24 12:12:59,TheM3gatr0n,domain,lovezramexar.info,#ClearFake #ClickFix,https://x.com/TheM3gatr0n/status/2103095348113924175
2026-09-24 12:12:59,TheM3gatr0n,url,http://lovezramexar.info,#ClearFake #ClickFix,https://x.com/TheM3gatr0n/status/2103095348113924175
2026-09-24 12:12:59,TheM3gatr0n,domain,cloud-save-image.sbs,#ClearFake #ClickFix,https://x.com/TheM3gatr0n/status/2103095348113924175
2026-09-24 12:12:59,TheM3gatr0n,url,http://cloud-save-image.sbs,#ClearFake #ClickFix,https://x.com/TheM3gatr0n/status/2103095348113924175
2026-09-24 12:12:59,TheM3gatr0n,domain,capcha-cdn-js.beer,#ClearFake #ClickFix,https://x.com/TheM3gatr0n/status/2103095348113924175
2026-09-24 12:12:59,TheM3gatr0n,url,http://capcha-cdn-js.beer,#ClearFake #ClickFix,https://x.com/TheM3gatr0n/status/2103095348113924175
2026-09-24 12:12:59,TheM3gatr0n,domain,ghdnsserverns.beer,#ClearFake #ClickFix,https://x.com/TheM3gatr0n/status/2103095348113924175
2026-09-24 12:12:59,TheM3gatr0n,url,http://ghdnsserverns.beer,#ClearFake #ClickFix,https://x.com/TheM3gatr0n/status/2103095348113924175
2026-09-24 12:12:59,TheM3gatr0n,domain,visual-ns-portal.beer,#ClearFake #ClickFix,https://x.com/TheM3gatr0n/status/2103095348113924175
2026-09-24 12:12:59,TheM3gatr0n,url,http://visual-ns-portal.beer,#ClearFake #ClickFix,https://x.com/TheM3gatr0n/status/2103095348113924175
2026-09-24 12:12:59,TheM3gatr0n,domain,dhnsdns.beer,#ClearFake #ClickFix,https://x.com/TheM3gatr0n/status/2103095348113924175
2026-09-24 12:12:59,TheM3gatr0n,url,http://dhnsdns.beer,#ClearFake #ClickFix,https://x.com/TheM3gatr0n/status/2103095348113924175
2026-09-24 12:12:59,TheM3gatr0n,domain,hftplcnsns.beer,#ClearFake #ClickFix,https://x.com/TheM3gatr0n/status/2103095348113924175
2026-09-24 12:12:59,TheM3gatr0n,url,http://hftplcnsns.beer,#ClearFake #ClickFix,https://x.com/TheM3gatr0n/status/2103095348113924175
2026-09-24 12:12:59,TheM3gatr0n,domain,lsnsdns.beer,#ClearFake #ClickFix,https://x.com/TheM3gatr0n/status/2103095348113924175
2026-09-24 12:12:59,TheM3gatr0n,url,http://lsnsdns.beer,#ClearFake #ClickFix,https://x.com/TheM3gatr0n/status/2103095348113924175
2026-09-24 12:12:59,TheM3gatr0n,domain,cloude-js-server.beer,#ClearFake #ClickFix,https://x.com/TheM3gatr0n/status/2103095348113924175
2026-09-24 12:12:59,TheM3gatr0n,url,http://cloude-js-server.beer,#ClearFake #ClickFix,https://x.com/TheM3gatr0n/status/2103095348113924175
2026-09-24 12:12:59,TheM3gatr0n,domain,nstdcs.beer,#ClearFake #ClickFix,https://x.com/TheM3gatr0n/status/2103095348113924175
2026-09-24 12:12:59,TheM3gatr0n,url,http://nstdcs.beer,#ClearFake #ClickFix,https://x.com/TheM3gatr0n/status/2103095348113924175
2026-09-24 12:12:59,TheM3gatr0n,domain,snccdn-framework.beer,#ClearFake #ClickFix,https://x.com/TheM3gatr0n/status/2103095348113924175
2026-09-24 12:12:59,TheM3gatr0n,url,http://snccdn-framework.beer,#ClearFake #ClickFix,https://x.com/TheM3gatr0n/status/2103095348113924175
2026-09-24 12:12:59,TheM3gatr0n,domain,fingerprint-verification.info,#ClearFake #ClickFix,https://x.com/TheM3gatr0n/status/2103095348113924175
2026-09-24 12:12:59,TheM3gatr0n,url,http://fingerprint-verification.info,#ClearFake #ClickFix,https://x.com/TheM3gatr0n/status/2103095348113924175
2026-09-24 12:12:59,TheM3gatr0n,domain,winecdn.sbs,#ClearFake #ClickFix,https://x.com/TheM3gatr0n/status/2103095348113924175
2026-09-24 12:12:59,TheM3gatr0n,url,http://winecdn.sbs,#ClearFake #ClickFix,https://x.com/TheM3gatr0n/status/2103095348113924175
2026-09-24 12:12:59,TheM3gatr0n,domain,darndcs-js.beer,#ClearFake #ClickFix,https://x.com/TheM3gatr0n/status/2103095348113924175
2026-09-24 12:12:59,TheM3gatr0n,url,http://darndcs-js.beer,#ClearFake #ClickFix,https://x.com/TheM3gatr0n/status/2103095348113924175
2026-09-24 12:12:59,TheM3gatr0n,domain,chekbrow.beer,#ClearFake #ClickFix,https://x.com/TheM3gatr0n/status/2103095348113924175
2026-09-24 12:12:59,TheM3gatr0n,url,http://chekbrow.beer,#ClearFake #ClickFix,https://x.com/TheM3gatr0n/status/2103095348113924175
2026-09-24 12:12:59,TheM3gatr0n,domain,slngftr.beer,#ClearFake #ClickFix,https://x.com/TheM3gatr0n/status/2103095348113924175
2026-09-24 12:12:59,TheM3gatr0n,url,http://slngftr.beer,#ClearFake #ClickFix,https://x.com/TheM3gatr0n/status/2103095348113924175
2026-09-24 12:12:59,TheM3gatr0n,domain,nshtjscdn.beer,#ClearFake #ClickFix,https://x.com/TheM3gatr0n/status/2103095348113924175
2026-09-24 12:12:59,TheM3gatr0n,url,http://nshtjscdn.beer,#ClearFake #ClickFix,https://x.com/TheM3gatr0n/status/2103095348113924175
2026-09-24 12:12:59,TheM3gatr0n,domain,dncloteam.beer,#ClearFake #ClickFix,https://x.com/TheM3gatr0n/status/2103095348113924175
2026-09-24 12:12:59,TheM3gatr0n,url,http://dncloteam.beer,#ClearFake #ClickFix,https://x.com/TheM3gatr0n/status/2103095348113924175
2026-09-24 12:12:59,TheM3gatr0n,domain,ns-claude-js.beer,#ClearFake #ClickFix,https://x.com/TheM3gatr0n/status/2103095348113924175
2026-09-24 12:12:59,TheM3gatr0n,url,http://ns-claude-js.beer,#ClearFake #ClickFix,https://x.com/TheM3gatr0n/status/2103095348113924175
2026-09-24 12:12:59,TheM3gatr0n,domain,teamcss.beer,#ClearFake #ClickFix,https://x.com/TheM3gatr0n/status/2103095348113924175
2026-09-24 12:12:59,TheM3gatr0n,url,http://teamcss.beer,#ClearFake #ClickFix,https://x.com/TheM3gatr0n/status/2103095348113924175
2026-09-24 12:12:59,TheM3gatr0n,domain,ns-server-jscdn.beer,#ClearFake #ClickFix,https://x.com/TheM3gatr0n/status/2103095348113924175
2026-09-24 12:12:59,TheM3gatr0n,url,http://ns-server-jscdn.beer,#ClearFake #ClickFix,https://x.com/TheM3gatr0n/status/2103095348113924175
2026-09-24 12:12:59,TheM3gatr0n,domain,nvbfcdnclaud.beer,#ClearFake #ClickFix,https://x.com/TheM3gatr0n/status/2103095348113924175
2026-09-24 12:12:59,TheM3gatr0n,url,http://nvbfcdnclaud.beer,#ClearFake #ClickFix,https://x.com/TheM3gatr0n/status/2103095348113924175
2026-09-24 12:12:59,TheM3gatr0n,domain,olnsclaud.beer,#ClearFake #ClickFix,https://x.com/TheM3gatr0n/status/2103095348113924175
2026-09-24 12:12:59,TheM3gatr0n,url,http://olnsclaud.beer,#ClearFake #ClickFix,https://x.com/TheM3gatr0n/status/2103095348113924175
2026-09-24 12:12:59,TheM3gatr0n,domain,mnoskemp.beer,#ClearFake #ClickFix,https://x.com/TheM3gatr0n/status/2103095348113924175
2026-09-24 12:12:59,TheM3gatr0n,url,http://mnoskemp.beer,#ClearFake #ClickFix,https://x.com/TheM3gatr0n/status/2103095348113924175
2026-09-24 12:12:59,TheM3gatr0n,domain,sr-hostes-js.beer,#ClearFake #ClickFix,https://x.com/TheM3gatr0n/status/2103095348113924175
2026-09-24 12:12:59,TheM3gatr0n,url,http://sr-hostes-js.beer,#ClearFake #ClickFix,https://x.com/TheM3gatr0n/status/2103095348113924175
2026-09-24 12:12:59,TheM3gatr0n,domain,viscdnclaud.beer,#ClearFake #ClickFix,https://x.com/TheM3gatr0n/status/2103095348113924175
2026-09-24 12:12:59,TheM3gatr0n,url,http://viscdnclaud.beer,#ClearFake #ClickFix,https://x.com/TheM3gatr0n/status/2103095348113924175
2026-09-24 12:12:59,TheM3gatr0n,domain,verico-de-id.beer,#ClearFake #ClickFix,https://x.com/TheM3gatr0n/status/2103095348113924175
2026-09-24 12:12:59,TheM3gatr0n,url,http://verico-de-id.beer,#ClearFake #ClickFix,https://x.com/TheM3gatr0n/status/2103095348113924175
2026-09-24 12:12:59,TheM3gatr0n,domain,srtydnnc.beer,#ClearFake #ClickFix,https://x.com/TheM3gatr0n/status/2103095348113924175
2026-09-24 12:12:59,TheM3gatr0n,url,http://srtydnnc.beer,#ClearFake #ClickFix,https://x.com/TheM3gatr0n/status/2103095348113924175
2026-09-24 12:12:59,TheM3gatr0n,domain,claufancdn.beer,#ClearFake #ClickFix,https://x.com/TheM3gatr0n/status/2103095348113924175
2026-09-24 12:12:59,TheM3gatr0n,url,http://claufancdn.beer,#ClearFake #ClickFix,https://x.com/TheM3gatr0n/status/2103095348113924175
2026-09-24 12:12:59,TheM3gatr0n,domain,framework-jsoncdn.beer,#ClearFake #ClickFix,https://x.com/TheM3gatr0n/status/2103095348113924175
2026-09-24 12:12:59,TheM3gatr0n,url,http://framework-jsoncdn.beer,#ClearFake #ClickFix,https://x.com/TheM3gatr0n/status/2103095348113924175
2026-09-24 12:12:59,TheM3gatr0n,domain,neiwteamcdn.beer,#ClearFake #ClickFix,https://x.com/TheM3gatr0n/status/2103095348113924175
2026-09-24 12:12:59,TheM3gatr0n,url,http://neiwteamcdn.beer,#ClearFake #ClickFix,https://x.com/TheM3gatr0n/status/2103095348113924175
2026-09-24 12:12:59,TheM3gatr0n,domain,hasmeverdcdn.beer,#ClearFake #ClickFix,https://x.com/TheM3gatr0n/status/2103095348113924175
2026-09-24 12:12:59,TheM3gatr0n,url,http://hasmeverdcdn.beer,#ClearFake #ClickFix,https://x.com/TheM3gatr0n/status/2103095348113924175
2026-09-24 12:12:59,TheM3gatr0n,domain,cloudcdnginx.beer,#ClearFake #ClickFix,https://x.com/TheM3gatr0n/status/2103095348113924175
2026-09-24 12:12:59,TheM3gatr0n,url,http://cloudcdnginx.beer,#ClearFake #ClickFix,https://x.com/TheM3gatr0n/status/2103095348113924175
2026-09-24 12:12:59,TheM3gatr0n,domain,las-js-claud.beer,#ClearFake #ClickFix,https://x.com/TheM3gatr0n/status/2103095348113924175
2026-09-24 12:12:59,TheM3gatr0n,url,http://las-js-claud.beer,#ClearFake #ClickFix,https://x.com/TheM3gatr0n/status/2103095348113924175
2026-09-24 12:12:59,TheM3gatr0n,domain,vnmstokns.beer,#ClearFake #ClickFix,https://x.com/TheM3gatr0n/status/2103095348113924175
2026-09-24 12:12:59,TheM3gatr0n,url,http://vnmstokns.beer,#ClearFake #ClickFix,https://x.com/TheM3gatr0n/status/2103095348113924175
2026-09-24 12:12:59,TheM3gatr0n,domain,smetana-js.beer,#ClearFake #ClickFix,https://x.com/TheM3gatr0n/status/2103095348113924175
2026-09-24 12:12:59,TheM3gatr0n,url,http://smetana-js.beer,#ClearFake #ClickFix,https://x.com/TheM3gatr0n/status/2103095348113924175
2026-09-24 12:12:59,TheM3gatr0n,domain,lnfcdnclad.beer,#ClearFake #ClickFix,https://x.com/TheM3gatr0n/status/2103095348113924175
2026-09-24 12:12:59,TheM3gatr0n,url,http://lnfcdnclad.beer,#ClearFake #ClickFix,https://x.com/TheM3gatr0n/status/2103095348113924175
2026-09-24 12:12:59,TheM3gatr0n,domain,workcdnmass.beer,#ClearFake #ClickFix,https://x.com/TheM3gatr0n/status/2103095348113924175
2026-09-24 12:12:59,TheM3gatr0n,url,http://workcdnmass.beer,#ClearFake #ClickFix,https://x.com/TheM3gatr0n/status/2103095348113924175
2026-09-24 12:12:59,TheM3gatr0n,domain,stabcdnvlc.beer,#ClearFake #ClickFix,https://x.com/TheM3gatr0n/status/2103095348113924175
2026-09-24 12:12:59,TheM3gatr0n,url,http://stabcdnvlc.beer,#ClearFake #ClickFix,https://x.com/TheM3gatr0n/status/2103095348113924175
2026-09-24 12:12:59,TheM3gatr0n,domain,nsservclod.beer,#ClearFake #ClickFix,https://x.com/TheM3gatr0n/status/2103095348113924175
2026-09-24 12:12:59,TheM3gatr0n,url,http://nsservclod.beer,#ClearFake #ClickFix,https://x.com/TheM3gatr0n/status/2103095348113924175
2026-09-24 12:12:59,TheM3gatr0n,domain,lckcdnjs.beer,#ClearFake #ClickFix,https://x.com/TheM3gatr0n/status/2103095348113924175
2026-09-24 12:12:59,TheM3gatr0n,url,http://lckcdnjs.beer,#ClearFake #ClickFix,https://x.com/TheM3gatr0n/status/2103095348113924175
2026-09-24 12:12:59,TheM3gatr0n,domain,bkscndclou.beer,#ClearFake #ClickFix,https://x.com/TheM3gatr0n/status/2103095348113924175
2026-09-24 12:12:59,TheM3gatr0n,url,http://bkscndclou.beer,#ClearFake #ClickFix,https://x.com/TheM3gatr0n/status/2103095348113924175
2026-09-24 12:12:59,TheM3gatr0n,domain,frameworkjsbns.beer,#ClearFake #ClickFix,https://x.com/TheM3gatr0n/status/2103095348113924175
2026-09-24 12:12:59,TheM3gatr0n,url,http://frameworkjsbns.beer,#ClearFake #ClickFix,https://x.com/TheM3gatr0n/status/2103095348113924175
2026-09-24 12:12:59,TheM3gatr0n,domain,fingerprint-veri.info,#ClearFake #ClickFix,https://x.com/TheM3gatr0n/status/2103095348113924175
2026-09-24 12:12:59,TheM3gatr0n,url,http://fingerprint-veri.info,#ClearFake #ClickFix,https://x.com/TheM3gatr0n/status/2103095348113924175
2026-09-24 12:12:59,TheM3gatr0n,domain,vsbnsbootstrup.beer,#ClearFake #ClickFix,https://x.com/TheM3gatr0n/status/2103095348113924175
2026-09-24 12:12:59,TheM3gatr0n,url,http://vsbnsbootstrup.beer,#ClearFake #ClickFix,https://x.com/TheM3gatr0n/status/2103095348113924175
2026-09-24 12:12:59,TheM3gatr0n,domain,claudesave.beer,#ClearFake #ClickFix,https://x.com/TheM3gatr0n/status/2103095348113924175
2026-09-24 12:12:59,TheM3gatr0n,url,http://claudesave.beer,#ClearFake #ClickFix,https://x.com/TheM3gatr0n/status/2103095348113924175
2026-09-24 12:12:59,TheM3gatr0n,domain,lcates-vs.beer,#ClearFake #ClickFix,https://x.com/TheM3gatr0n/status/2103095348113924175
2026-09-24 12:12:59,TheM3gatr0n,url,http://lcates-vs.beer,#ClearFake #ClickFix,https://x.com/TheM3gatr0n/status/2103095348113924175
2026-09-24 12:12:59,TheM3gatr0n,domain,aleverifocation.beer,#ClearFake #ClickFix,https://x.com/TheM3gatr0n/status/2103095348113924175
2026-09-24 12:12:59,TheM3gatr0n,url,http://aleverifocation.beer,#ClearFake #ClickFix,https://x.com/TheM3gatr0n/status/2103095348113924175
2026-09-24 12:12:59,TheM3gatr0n,domain,bnsclod.beer,#ClearFake #ClickFix,https://x.com/TheM3gatr0n/status/2103095348113924175
2026-09-24 12:12:59,TheM3gatr0n,url,http://bnsclod.beer,#ClearFake #ClickFix,https://x.com/TheM3gatr0n/status/2103095348113924175
2026-09-24 12:12:59,TheM3gatr0n,domain,exdanteam.beer,#ClearFake #ClickFix,https://x.com/TheM3gatr0n/status/2103095348113924175
2026-09-24 12:12:59,TheM3gatr0n,url,http://exdanteam.beer,#ClearFake #ClickFix,https://x.com/TheM3gatr0n/status/2103095348113924175
2026-09-24 12:12:59,TheM3gatr0n,domain,clhfgcomacdn.beer,#ClearFake #ClickFix,https://x.com/TheM3gatr0n/status/2103095348113924175
2026-09-24 12:12:59,TheM3gatr0n,url,http://clhfgcomacdn.beer,#ClearFake #ClickFix,https://x.com/TheM3gatr0n/status/2103095348113924175
2026-09-24 12:12:59,TheM3gatr0n,domain,ssg-cdn.beer,#ClearFake #ClickFix,https://x.com/TheM3gatr0n/status/2103095348113924175
2026-09-24 12:12:59,TheM3gatr0n,url,http://ssg-cdn.beer,#ClearFake #ClickFix,https://x.com/TheM3gatr0n/status/2103095348113924175
2026-09-24 12:12:59,TheM3gatr0n,domain,fijscdn.beer,#ClearFake #ClickFix,https://x.com/TheM3gatr0n/status/2103095348113924175
2026-09-24 12:12:59,TheM3gatr0n,url,http://fijscdn.beer,#ClearFake #ClickFix,https://x.com/TheM3gatr0n/status/2103095348113924175
2026-09-24 12:12:59,TheM3gatr0n,domain,bootstrup-cdnmaper.beer,#ClearFake #ClickFix,https://x.com/TheM3gatr0n/status/2103095348113924175
2026-09-24 12:12:59,TheM3gatr0n,url,http://bootstrup-cdnmaper.beer,#ClearFake #ClickFix,https://x.com/TheM3gatr0n/status/2103095348113924175
2026-09-24 12:12:59,TheM3gatr0n,domain,cdn-2faclov.sbs,#ClearFake #ClickFix,https://x.com/TheM3gatr0n/status/2103095348113924175
2026-09-24 12:12:59,TheM3gatr0n,url,http://cdn-2faclov.sbs,#ClearFake #ClickFix,https://x.com/TheM3gatr0n/status/2103095348113924175
2026-09-24 12:12:59,TheM3gatr0n,domain,awesomeisojs.beer,#ClearFake #ClickFix,https://x.com/TheM3gatr0n/status/2103095348113924175
2026-09-24 12:12:59,TheM3gatr0n,url,http://awesomeisojs.beer,#ClearFake #ClickFix,https://x.com/TheM3gatr0n/status/2103095348113924175
2026-09-24 12:12:59,TheM3gatr0n,domain,fontawesome-js-cdn.beer,#ClearFake #ClickFix,https://x.com/TheM3gatr0n/status/2103095348113924175
2026-09-24 12:12:59,TheM3gatr0n,url,http://fontawesome-js-cdn.beer,#ClearFake #ClickFix,https://x.com/TheM3gatr0n/status/2103095348113924175
2026-09-24 12:12:59,TheM3gatr0n,domain,nsserv-bootstru.beer,#ClearFake #ClickFix,https://x.com/TheM3gatr0n/status/2103095348113924175
2026-09-24 12:12:59,TheM3gatr0n,url,http://nsserv-bootstru.beer,#ClearFake #ClickFix,https://x.com/TheM3gatr0n/status/2103095348113924175
2026-09-24 12:12:59,TheM3gatr0n,domain,sdnssmdf-js.beer,#ClearFake #ClickFix,https://x.com/TheM3gatr0n/status/2103095348113924175
2026-09-24 12:12:59,TheM3gatr0n,url,http://sdnssmdf-js.beer,#ClearFake #ClickFix,https://x.com/TheM3gatr0n/status/2103095348113924175
2026-09-24 12:12:59,TheM3gatr0n,domain,npanssltejs.beer,#ClearFake #ClickFix,https://x.com/TheM3gatr0n/status/2103095348113924175
2026-09-24 12:12:59,TheM3gatr0n,url,http://npanssltejs.beer,#ClearFake #ClickFix,https://x.com/TheM3gatr0n/status/2103095348113924175
2026-09-24 12:12:59,TheM3gatr0n,domain,gppcdnns.beer,#ClearFake #ClickFix,https://x.com/TheM3gatr0n/status/2103095348113924175
2026-09-24 12:12:59,TheM3gatr0n,url,http://gppcdnns.beer,#ClearFake #ClickFix,https://x.com/TheM3gatr0n/status/2103095348113924175
2026-09-24 12:12:59,TheM3gatr0n,domain,claudjaframework.beer,#ClearFake #ClickFix,https://x.com/TheM3gatr0n/status/2103095348113924175
2026-09-24 12:12:59,TheM3gatr0n,url,http://claudjaframework.beer,#ClearFake #ClickFix,https://x.com/TheM3gatr0n/status/2103095348113924175
2026-09-24 12:12:59,TheM3gatr0n,domain,sns-clauder-cdn.beer,#ClearFake #ClickFix,https://x.com/TheM3gatr0n/status/2103095348113924175
2026-09-24 12:12:59,TheM3gatr0n,url,http://sns-clauder-cdn.beer,#ClearFake #ClickFix,https://x.com/TheM3gatr0n/status/2103095348113924175
2026-09-24 12:12:59,TheM3gatr0n,domain,ldnscreatejs.beer,#ClearFake #ClickFix,https://x.com/TheM3gatr0n/status/2103095348113924175
2026-09-24 12:12:59,TheM3gatr0n,url,http://ldnscreatejs.beer,#ClearFake #ClickFix,https://x.com/TheM3gatr0n/status/2103095348113924175
2026-09-24 12:12:59,TheM3gatr0n,domain,smfcdnbb.beer,#ClearFake #ClickFix,https://x.com/TheM3gatr0n/status/2103095348113924175
2026-09-24 12:12:59,TheM3gatr0n,url,http://smfcdnbb.beer,#ClearFake #ClickFix,https://x.com/TheM3gatr0n/status/2103095348113924175
2026-09-24 12:12:59,TheM3gatr0n,domain,bhfgtrns-js.beer,#ClearFake #ClickFix,https://x.com/TheM3gatr0n/status/2103095348113924175
2026-09-24 12:12:59,TheM3gatr0n,url,http://bhfgtrns-js.beer,#ClearFake #ClickFix,https://x.com/TheM3gatr0n/status/2103095348113924175
2026-09-24 12:12:59,TheM3gatr0n,domain,bnnsbdsdn-js.beer,#ClearFake #ClickFix,https://x.com/TheM3gatr0n/status/2103095348113924175
2026-09-24 12:12:59,TheM3gatr0n,url,http://bnnsbdsdn-js.beer,#ClearFake #ClickFix,https://x.com/TheM3gatr0n/status/2103095348113924175
2026-09-24 12:12:59,TheM3gatr0n,domain,nsserdns.beer,#ClearFake #ClickFix,https://x.com/TheM3gatr0n/status/2103095348113924175
2026-09-24 12:12:59,TheM3gatr0n,url,http://nsserdns.beer,#ClearFake #ClickFix,https://x.com/TheM3gatr0n/status/2103095348113924175
2026-09-24 12:12:59,TheM3gatr0n,domain,bbdsnssserver.beer,#ClearFake #ClickFix,https://x.com/TheM3gatr0n/status/2103095348113924175
2026-09-24 12:12:59,TheM3gatr0n,url,http://bbdsnssserver.beer,#ClearFake #ClickFix,https://x.com/TheM3gatr0n/status/2103095348113924175
2026-09-24 12:12:59,TheM3gatr0n,domain,sane-cdn-js.beer,#ClearFake #ClickFix,https://x.com/TheM3gatr0n/status/2103095348113924175
2026-09-24 12:12:59,TheM3gatr0n,url,http://sane-cdn-js.beer,#ClearFake #ClickFix,https://x.com/TheM3gatr0n/status/2103095348113924175
2026-09-24 12:12:59,TheM3gatr0n,domain,clainasns.beer,#ClearFake #ClickFix,https://x.com/TheM3gatr0n/status/2103095348113924175
2026-09-24 12:12:59,TheM3gatr0n,url,http://clainasns.beer,#ClearFake #ClickFix,https://x.com/TheM3gatr0n/status/2103095348113924175
2026-09-24 12:12:59,TheM3gatr0n,domain,bootstrap-maxcdn.beer,#ClearFake #ClickFix,https://x.com/TheM3gatr0n/status/2103095348113924175
2026-09-24 12:12:59,TheM3gatr0n,url,http://bootstrap-maxcdn.beer,#ClearFake #ClickFix,https://x.com/TheM3gatr0n/status/2103095348113924175
2026-09-24 12:12:59,TheM3gatr0n,domain,gdnssljs.beer,#ClearFake #ClickFix,https://x.com/TheM3gatr0n/status/2103095348113924175
2026-09-24 12:12:59,TheM3gatr0n,url,http://gdnssljs.beer,#ClearFake #ClickFix,https://x.com/TheM3gatr0n/status/2103095348113924175
2026-09-24 12:12:59,TheM3gatr0n,domain,hpscdn.beer,#ClearFake #ClickFix,https://x.com/TheM3gatr0n/status/2103095348113924175
2026-09-24 12:12:59,TheM3gatr0n,url,http://hpscdn.beer,#ClearFake #ClickFix,https://x.com/TheM3gatr0n/status/2103095348113924175
2026-09-24 12:12:59,TheM3gatr0n,domain,mistraljs.beer,#ClearFake #ClickFix,https://x.com/TheM3gatr0n/status/2103095348113924175
2026-09-24 12:12:59,TheM3gatr0n,url,http://mistraljs.beer,#ClearFake #ClickFix,https://x.com/TheM3gatr0n/status/2103095348113924175
2026-09-24 12:12:59,TheM3gatr0n,domain,lcstdnsns.beer,#ClearFake #ClickFix,https://x.com/TheM3gatr0n/status/2103095348113924175
2026-09-24 12:12:59,TheM3gatr0n,url,http://lcstdnsns.beer,#ClearFake #ClickFix,https://x.com/TheM3gatr0n/status/2103095348113924175
2026-09-24 12:12:59,TheM3gatr0n,domain,ssjscrybootstrup.beer,#ClearFake #ClickFix,https://x.com/TheM3gatr0n/status/2103095348113924175
2026-09-24 12:12:59,TheM3gatr0n,url,http://ssjscrybootstrup.beer,#ClearFake #ClickFix,https://x.com/TheM3gatr0n/status/2103095348113924175
2026-09-24 12:12:59,TheM3gatr0n,domain,bilfojsclod.beer,#ClearFake #ClickFix,https://x.com/TheM3gatr0n/status/2103095348113924175
2026-09-24 12:12:59,TheM3gatr0n,url,http://bilfojsclod.beer,#ClearFake #ClickFix,https://x.com/TheM3gatr0n/status/2103095348113924175
2026-09-24 12:12:59,TheM3gatr0n,domain,anlytic-js-cloud.beer,#ClearFake #ClickFix,https://x.com/TheM3gatr0n/status/2103095348113924175
2026-09-24 12:12:59,TheM3gatr0n,url,http://anlytic-js-cloud.beer,#ClearFake #ClickFix,https://x.com/TheM3gatr0n/status/2103095348113924175
2026-09-24 12:12:59,TheM3gatr0n,domain,cdn-plugin-js.beer,#ClearFake #ClickFix,https://x.com/TheM3gatr0n/status/2103095348113924175
2026-09-24 12:12:59,TheM3gatr0n,url,http://cdn-plugin-js.beer,#ClearFake #ClickFix,https://x.com/TheM3gatr0n/status/2103095348113924175
2026-09-24 12:12:59,TheM3gatr0n,domain,eng-electrum.org,#ClearFake #ClickFix,https://x.com/TheM3gatr0n/status/2103095348113924175
2026-09-24 12:12:59,TheM3gatr0n,url,http://eng-electrum.org,#ClearFake #ClickFix,https://x.com/TheM3gatr0n/status/2103095348113924175
2026-09-24 12:12:59,TheM3gatr0n,domain,smnsdns.beer,#ClearFake #ClickFix,https://x.com/TheM3gatr0n/status/2103095348113924175
2026-09-24 12:12:59,TheM3gatr0n,url,http://smnsdns.beer,#ClearFake #ClickFix,https://x.com/TheM3gatr0n/status/2103095348113924175
2026-09-24 12:12:59,TheM3gatr0n,domain,ethercdnns.beer,#ClearFake #ClickFix,https://x.com/TheM3gatr0n/status/2103095348113924175
2026-09-24 12:12:59,TheM3gatr0n,url,http://ethercdnns.beer,#ClearFake #ClickFix,https://x.com/TheM3gatr0n/status/2103095348113924175
2026-09-24 12:12:59,TheM3gatr0n,domain,biyaconserver.beer,#ClearFake #ClickFix,https://x.com/TheM3gatr0n/status/2103095348113924175
2026-09-24 12:12:59,TheM3gatr0n,url,http://biyaconserver.beer,#ClearFake #ClickFix,https://x.com/TheM3gatr0n/status/2103095348113924175
2026-09-24 12:12:59,TheM3gatr0n,domain,transmitpopfiletoday.monster,#ClearFake #ClickFix,https://x.com/TheM3gatr0n/status/2103095348113924175
2026-09-24 12:12:59,TheM3gatr0n,url,http://transmitpopfiletoday.monster,#ClearFake #ClickFix,https://x.com/TheM3gatr0n/status/2103095348113924175
2026-09-24 12:12:59,TheM3gatr0n,domain,transferpopdownloadnow.monster,#ClearFake #ClickFix,https://x.com/TheM3gatr0n/status/2103095348113924175
2026-09-24 12:12:59,TheM3gatr0n,url,http://transferpopdownloadnow.monster,#ClearFake #ClickFix,https://x.com/TheM3gatr0n/status/2103095348113924175
2026-09-24 12:12:59,TheM3gatr0n,domain,static.telegram-info.top,#ClearFake #ClickFix,https://x.com/TheM3gatr0n/status/2103095348113924175
2026-09-24 12:12:59,TheM3gatr0n,url,http://static.telegram-info.top,#ClearFake #ClickFix,https://x.com/TheM3gatr0n/status/2103095348113924175
2026-09-24 12:12:59,TheM3gatr0n,domain,ns1cdnclaude.beer,#ClearFake #ClickFix,https://x.com/TheM3gatr0n/status/2103095348113924175
2026-09-24 12:12:59,TheM3gatr0n,url,http://ns1cdnclaude.beer,#ClearFake #ClickFix,https://x.com/TheM3gatr0n/status/2103095348113924175
2026-09-24 12:12:59,TheM3gatr0n,domain,kawaiimechasoul.cfd,#ClearFake #ClickFix,https://x.com/TheM3gatr0n/status/2103095348113924175
2026-09-24 12:12:59,TheM3gatr0n,url,http://kawaiimechasoul.cfd,#ClearFake #ClickFix,https://x.com/TheM3gatr0n/status/2103095348113924175
2026-09-24 12:12:59,TheM3gatr0n,domain,toontitanlegends.cfd,#ClearFake #ClickFix,https://x.com/TheM3gatr0n/status/2103095348113924175
2026-09-24 12:12:59,TheM3gatr0n,url,http://toontitanlegends.cfd,#ClearFake #ClickFix,https://x.com/TheM3gatr0n/status/2103095348113924175
2026-09-24 12:12:59,TheM3gatr0n,sha256,f72a7ee555e80235a967fae2979a0b543db0b0e2bbe72d56e4eb886a8549aceb,#ClearFake #ClickFix,https://x.com/TheM3gatr0n/status/2103095348113924175
2026-09-24 12:12:59,TheM3gatr0n,sha256,8f48a5001d8baa3913359891d53870341d5a2eb345c7e19464ade2164b471fa2,#ClearFake #ClickFix,https://x.com/TheM3gatr0n/status/2103095348113924175
2026-09-24 12:23:24,masaomi346,domain,iuiut.nwfdk.com,#phishing,https://x.com/masaomi346/status/2103097972611502415
2026-09-24 12:23:24,masaomi346,url,https://iuiut.nwfdk.com,#phishing,https://x.com/masaomi346/status/2103097972611502415
2026-09-24 13:22:37,malwrhunterteam,domain,data-service.online,,https://x.com/malwrhunterteam/status/2103112873308455162
2026-09-24 13:22:37,malwrhunterteam,url,http://data-service.online,,https://x.com/malwrhunterteam/status/2103112873308455162
2026-09-24 13:30:56,sicehice,url,http://222.127.60.98:47898/Mozi.m,,https://x.com/sicehice/status/2103114964890271781
2026-09-24 13:30:56,sicehice,ip,222.127.60.98,,https://x.com/sicehice/status/2103114964890271781
2026-09-24 13:51:29,skocherhan,domain,bigbigvol.qd.je,,https://x.com/skocherhan/status/2103120137691750822
2026-09-24 13:51:29,skocherhan,url,http://bigbigvol.qd.je,,https://x.com/skocherhan/status/2103120137691750822
2026-09-24 14:00:48,scanmalware,domain,it-security-rho.vercel.app,#ransomware,https://x.com/scanmalware/status/2103122480445407544
2026-09-24 14:00:48,scanmalware,url,http://it-security-rho.vercel.app,#ransomware,https://x.com/scanmalware/status/2103122480445407544
2026-09-24 14:10:42,fbgwls245,domain,o6rtgcjdjqyimjxexpejddhdfbehsjn4fcsazfkgwydeb27gqhtdntyd.onion,#ransomware,https://x.com/fbgwls245/status/2103124973749678389
2026-09-24 14:10:42,fbgwls245,url,http://o6rtgcjdjqyimjxexpejddhdfbehsjn4fcsazfkgwydeb27gqhtdntyd.onion,#ransomware,https://x.com/fbgwls245/status/2103124973749678389
2026-09-24 15:54:07,TKemmerling,domain,products.trafobaule.com,#phishing,https://x.com/TKemmerling/status/2103151000941146116
2026-09-24 15:54:07,TKemmerling,url,http://products.trafobaule.com,#phishing,https://x.com/TKemmerling/status/2103151000941146116
2026-09-24 16:07:54,James_inthe_box,domain,interactions-according-reports-syndication.trycloudflare.com,#AsyncRAT #opendir,https://x.com/James_inthe_box/status/2103154466770010137
2026-09-24 16:07:54,James_inthe_box,url,https://interactions-according-reports-syndication.trycloudflare.com,#AsyncRAT #opendir,https://x.com/James_inthe_box/status/2103154466770010137
2026-09-24 16:07:54,James_inthe_box,domain,periods-genetic-stones-government.trycloudflare.com,#AsyncRAT #opendir,https://x.com/James_inthe_box/status/2103154466770010137
2026-09-24 16:07:54,James_inthe_box,url,https://periods-genetic-stones-government.trycloudflare.com,#AsyncRAT #opendir,https://x.com/James_inthe_box/status/2103154466770010137
2026-09-24 16:21:26,smica83,sha256,afcc9ef22dce6325cbb04fcc582018814025af6889e2bfc0278f28d176155c91,,https://x.com/smica83/status/2103157874377597339
2026-09-24 17:06:14,PhishStats,domain,dongwana.com,#phishing,https://x.com/PhishStats/status/2103169146108445044
2026-09-24 17:06:14,PhishStats,url,https://www.dongwana.com/amex_tgmail202609/turnstile-check,#phishing,https://x.com/PhishStats/status/2103169146108445044
2026-09-24 17:40:16,it4int,url,http://third-party.com,#malware #phishing,https://x.com/it4int/status/2103177711711916095
2026-09-24 17:55:11,TKemmerling,domain,wellnesscarenutri.com,#phishing,https://x.com/TKemmerling/status/2103181467308458058
2026-09-24 17:55:11,TKemmerling,url,http://wellnesscarenutri.com,#phishing,https://x.com/TKemmerling/status/2103181467308458058
2026-09-24 17:55:11,TKemmerling,domain,preventhealthsupport.com,#phishing,https://x.com/TKemmerling/status/2103181467308458058
2026-09-24 17:55:11,TKemmerling,url,http://preventhealthsupport.com,#phishing,https://x.com/TKemmerling/status/2103181467308458058
2026-09-24 17:57:34,malwrhunterteam,url,http://103.180.163.204,,https://x.com/malwrhunterteam/status/2103182067240485358
2026-09-24 17:57:34,malwrhunterteam,ip,103.180.163.204,,https://x.com/malwrhunterteam/status/2103182067240485358
2026-09-24 18:24:58,TKemmerling,domain,financerelaypoint.com,#phishing,https://x.com/TKemmerling/status/2103188962412204277
2026-09-24 18:24:58,TKemmerling,url,http://financerelaypoint.com,#phishing,https://x.com/TKemmerling/status/2103188962412204277
2026-09-24 18:24:58,TKemmerling,domain,altiora.fun,#phishing,https://x.com/TKemmerling/status/2103188962412204277
2026-09-24 18:24:58,TKemmerling,url,http://altiora.fun,#phishing,https://x.com/TKemmerling/status/2103188962412204277
2026-09-24 18:56:40,malwrhunterteam,domain,goodnfortunes.com,,https://x.com/malwrhunterteam/status/2103196939827433973
2026-09-24 18:56:40,malwrhunterteam,url,http://goodnfortunes.com,,https://x.com/malwrhunterteam/status/2103196939827433973
2026-09-24 18:59:36,TKemmerling,domain,help.financesolutiontips.com,#phishing,https://x.com/TKemmerling/status/2103197676594774195
2026-09-24 18:59:36,TKemmerling,url,http://help.financesolutiontips.com,#phishing,https://x.com/TKemmerling/status/2103197676594774195
2026-09-24 18:59:36,TKemmerling,domain,activehealthzone.com,#phishing,https://x.com/TKemmerling/status/2103197676594774195
2026-09-24 18:59:36,TKemmerling,url,http://activehealthzone.com,#phishing,https://x.com/TKemmerling/status/2103197676594774195
2026-09-24 20:05:12,smica83,sha256,c71e3a48ae93fba3a407d04430cf13234c843a10caa7b64081115c7b5aec89f4,,https://x.com/smica83/status/2103214186339934256
2026-09-24 21:33:26,TKemmerling,domain,buy.newarriveproduct.com,#phishing,https://x.com/TKemmerling/status/2103236390129664378
2026-09-24 21:33:26,TKemmerling,url,http://buy.newarriveproduct.com,#phishing,https://x.com/TKemmerling/status/2103236390129664378
2026-09-24 21:33:26,TKemmerling,domain,nestbuildhaven.com,#phishing,https://x.com/TKemmerling/status/2103236390129664378
2026-09-24 21:33:26,TKemmerling,url,http://nestbuildhaven.com,#phishing,https://x.com/TKemmerling/status/2103236390129664378
2026-09-24 22:00:27,masaomi346,domain,areldmonsho-jp-etzax.com,#malware #phishing,https://x.com/masaomi346/status/2103243191336284301
2026-09-24 22:00:27,masaomi346,url,https://areldmonsho-jp-etzax.com,#malware #phishing,https://x.com/masaomi346/status/2103243191336284301
2026-09-24 22:00:27,masaomi346,domain,reusabletaka-jp-etzax.com,#malware #phishing,https://x.com/masaomi346/status/2103243191336284301
2026-09-24 22:00:27,masaomi346,url,https://reusabletaka-jp-etzax.com,#malware #phishing,https://x.com/masaomi346/status/2103243191336284301
2026-09-24 22:00:27,masaomi346,domain,baoanhenan-jp-etzax.com,#malware #phishing,https://x.com/masaomi346/status/2103243191336284301
2026-09-24 22:00:27,masaomi346,url,https://baoanhenan-jp-etzax.com,#malware #phishing,https://x.com/masaomi346/status/2103243191336284301
2026-09-24 22:00:27,masaomi346,domain,tnttravelblo-jp-etzax.com,#malware #phishing,https://x.com/masaomi346/status/2103243191336284301
2026-09-24 22:00:27,masaomi346,url,https://tnttravelblo-jp-etzax.com,#malware #phishing,https://x.com/masaomi346/status/2103243191336284301
2026-09-24 22:00:27,masaomi346,sha256,fc1817240b995172722eca5727016ab5773d3f90c2a481e6a2e9449e3f162572,#malware #phishing,https://x.com/masaomi346/status/2103243191336284301
2026-09-24 22:09:07,TKemmerling,domain,info.nestfocushub.com,#phishing,https://x.com/TKemmerling/status/2103245371321516381
2026-09-24 22:09:07,TKemmerling,url,http://info.nestfocushub.com,#phishing,https://x.com/TKemmerling/status/2103245371321516381
2026-09-24 22:09:07,TKemmerling,domain,wealthfocushub.net,#phishing,https://x.com/TKemmerling/status/2103245371321516381
2026-09-24 22:09:07,TKemmerling,url,http://wealthfocushub.net,#phishing,https://x.com/TKemmerling/status/2103245371321516381
2026-09-24 23:27:05,TKemmerling,domain,youcanwinfriendswithsalad.com,#phishing,https://x.com/TKemmerling/status/2103264992468562261
2026-09-24 23:27:05,TKemmerling,url,http://youcanwinfriendswithsalad.com,#phishing,https://x.com/TKemmerling/status/2103264992468562261
2026-09-24 23:27:05,TKemmerling,domain,olympmarskiniailietuva.info,#phishing,https://x.com/TKemmerling/status/2103264992468562261
2026-09-24 23:27:05,TKemmerling,url,http://olympmarskiniailietuva.info,#phishing,https://x.com/TKemmerling/status/2103264992468562261
2026-09-24 23:40:04,muha2xmad,domain,lemon-1789655480294.staticrun.app,#phishing,https://x.com/muha2xmad/status/2103268261223596411
2026-09-24 23:40:04,muha2xmad,url,https://lemon-1789655480294.staticrun.app/index.htm#temp@microsoft.com,#phishing,https://x.com/muha2xmad/status/2103268261223596411
2026-09-24 23:40:04,muha2xmad,domain,jinong.shop,#phishing,https://x.com/muha2xmad/status/2103268261223596411
2026-09-24 23:40:04,muha2xmad,url,https://jinong.shop/iykk2/iykk2.php,#phishing,https://x.com/muha2xmad/status/2103268261223596411
2026-09-25 01:04:05,TKemmerling,domain,loancraftmarket.com,#phishing,https://x.com/TKemmerling/status/2103289402521010315
2026-09-25 01:04:05,TKemmerling,url,http://loancraftmarket.com,#phishing,https://x.com/TKemmerling/status/2103289402521010315
2026-09-25 01:04:05,TKemmerling,domain,westpointworks.space,#phishing,https://x.com/TKemmerling/status/2103289402521010315
2026-09-25 01:04:05,TKemmerling,url,http://westpointworks.space,#phishing,https://x.com/TKemmerling/status/2103289402521010315
2026-09-25 01:38:26,TKemmerling,domain,financeoakmont.com,#phishing,https://x.com/TKemmerling/status/2103298046390100303
2026-09-25 01:38:26,TKemmerling,url,http://financeoakmont.com,#phishing,https://x.com/TKemmerling/status/2103298046390100303
2026-09-25 01:38:26,TKemmerling,domain,moneycedarvale.com,#phishing,https://x.com/TKemmerling/status/2103298046390100303
2026-09-25 01:38:26,TKemmerling,url,http://moneycedarvale.com,#phishing,https://x.com/TKemmerling/status/2103298046390100303
2026-09-25 02:20:23,TKemmerling,domain,everyonesamentor.com,#phishing,https://x.com/TKemmerling/status/2103308605110071628
2026-09-25 02:20:23,TKemmerling,url,http://everyonesamentor.com,#phishing,https://x.com/TKemmerling/status/2103308605110071628
2026-09-25 02:20:23,TKemmerling,domain,vermontsolidsurface.info,#phishing,https://x.com/TKemmerling/status/2103308605110071628
2026-09-25 02:20:23,TKemmerling,url,http://vermontsolidsurface.info,#phishing,https://x.com/TKemmerling/status/2103308605110071628
2026-09-25 02:50:27,TKemmerling,domain,immersionhousing.com,#phishing,https://x.com/TKemmerling/status/2103316170741018756
2026-09-25 02:50:27,TKemmerling,url,http://immersionhousing.com,#phishing,https://x.com/TKemmerling/status/2103316170741018756
2026-09-25 02:50:27,TKemmerling,domain,missvalledeladrome.info,#phishing,https://x.com/TKemmerling/status/2103316170741018756
2026-09-25 02:50:27,TKemmerling,url,http://missvalledeladrome.info,#phishing,https://x.com/TKemmerling/status/2103316170741018756
2026-09-25 04:36:49,PhishStats,domain,help.financesolutiontips.com,#phishing,https://x.com/PhishStats/status/2103342940030714048
2026-09-25 04:36:49,PhishStats,url,https://help.financesolutiontips.com,#phishing,https://x.com/PhishStats/status/2103342940030714048
2026-09-25 04:36:49,PhishStats,ip,88.223.87.162,#phishing,https://x.com/PhishStats/status/2103342940030714048
2026-09-25 05:14:48,patialavii,domain,mauihost.qpon,#phishing,https://x.com/patialavii/status/2103352499017224656
2026-09-25 05:14:48,patialavii,url,https://mauihost.qpon/AdobeInstaller.html,#phishing,https://x.com/patialavii/status/2103352499017224656
2026-09-25 05:14:48,patialavii,domain,optonline22.screenconnect.com,#phishing,https://x.com/patialavii/status/2103352499017224656
2026-09-25 05:14:48,patialavii,url,https://optonline22.screenconnect.com/Bin/ScreenConnect.ClientSetup.msi,#phishing,https://x.com/patialavii/status/2103352499017224656
2026-09-25 05:20:42,patialavii,domain,pdfinstalls-2.vercel.app,#phishing,https://x.com/patialavii/status/2103353981447938261
2026-09-25 05:20:42,patialavii,url,https://pdfinstalls-2.vercel.app,#phishing,https://x.com/patialavii/status/2103353981447938261
2026-09-25 05:20:42,patialavii,domain,pub-6c532f29d3c34c6a910620ee29dd906a.r2.dev,#phishing,https://x.com/patialavii/status/2103353981447938261
2026-09-25 05:20:42,patialavii,url,https://pub-6c532f29d3c34c6a910620ee29dd906a.r2.dev/install-T7PBrn6YCAWJ9P4p2Licum.exe,#phishing,https://x.com/patialavii/status/2103353981447938261
2026-09-25 05:27:48,Fact_Finder03,ip,87.58.154.153,#C2,https://x.com/Fact_Finder03/status/2103355768234037399
2026-09-25 05:51:00,Fact_Finder03,ip,5.181.158.54,#C2,https://x.com/Fact_Finder03/status/2103361606407344343
2026-09-25 06:30:00,Fact_Finder03,ip,176.125.242.162,#C2,https://x.com/Fact_Finder03/status/2103371421045117248
2026-09-25 07:00:03,scanmalware,domain,authmail.edgeone.app,#ransomware,https://x.com/scanmalware/status/2103378984067080451
2026-09-25 07:00:03,scanmalware,url,http://authmail.edgeone.app,#ransomware,https://x.com/scanmalware/status/2103378984067080451
2026-09-25 07:04:07,smica83,sha256,10111b02ef35a94c8e8c1d42cf7870f20a59aeed1ddcc94eb592dd59c97bec5d,,https://x.com/smica83/status/2103380009830224069
2026-09-25 07:21:46,malwrhunterteam,url,http://178.16.53.67:8899/veilt/,,https://x.com/malwrhunterteam/status/2103384450927047026
2026-09-25 07:21:46,malwrhunterteam,ip,178.16.53.67,,https://x.com/malwrhunterteam/status/2103384450927047026
2026-09-25 08:10:42,TLP_R3D,domain,ssosettings.com,,https://x.com/TLP_R3D/status/2103396765684965662
2026-09-25 08:10:42,TLP_R3D,url,http://ssosettings.com,,https://x.com/TLP_R3D/status/2103396765684965662
2026-09-25 08:39:07,smica83,domain,image.becreativefest.com,,https://x.com/smica83/status/2103403916973015132
2026-09-25 08:39:07,smica83,url,http://image.becreativefest.com/images/dgfdgagad,,https://x.com/smica83/status/2103403916973015132
2026-09-25 08:39:07,smica83,sha256,9d5dae158e928f5c8c49d92a462d932a7e39f7c76510ab11b666e4e2d5783ca0,,https://x.com/smica83/status/2103403916973015132
2026-09-25 09:10:58,anyrun_app,domain,third-party.com,#ClickFix,https://x.com/anyrun_app/status/2103411932090831061
2026-09-25 09:10:58,anyrun_app,url,https://third-party.com,#ClickFix,https://x.com/anyrun_app/status/2103411932090831061
2026-09-25 09:10:58,anyrun_app,domain,rhodesquality.com,#ClickFix,https://x.com/anyrun_app/status/2103411932090831061
2026-09-25 09:10:58,anyrun_app,url,https://rhodesquality.com/about-rhodes/,#ClickFix,https://x.com/anyrun_app/status/2103411932090831061
2026-09-25 09:10:58,anyrun_app,domain,kayoanime.com,#ClickFix,https://x.com/anyrun_app/status/2103411932090831061
2026-09-25 09:10:58,anyrun_app,url,https://kayoanime.com,#ClickFix,https://x.com/anyrun_app/status/2103411932090831061
2026-09-25 09:10:58,anyrun_app,url,http://third-party.com,#ClickFix,https://x.com/anyrun_app/status/2103411932090831061
2026-09-25 09:10:58,anyrun_app,domain,elxxvvx.xyz,#ClickFix,https://x.com/anyrun_app/status/2103411932090831061
2026-09-25 09:10:58,anyrun_app,url,http://elxxvvx.xyz/i/,#ClickFix,https://x.com/anyrun_app/status/2103411932090831061
2026-09-25 09:10:58,anyrun_app,domain,chimefusion.com,#ClickFix,https://x.com/anyrun_app/status/2103411932090831061
2026-09-25 09:10:58,anyrun_app,url,http://chimefusion.com/u/,#ClickFix,https://x.com/anyrun_app/status/2103411932090831061
2026-09-25 09:10:58,anyrun_app,url,http://158.94.209.188:3333,#ClickFix,https://x.com/anyrun_app/status/2103411932090831061
2026-09-25 09:10:58,anyrun_app,ip,158.94.209.188,#ClickFix,https://x.com/anyrun_app/status/2103411932090831061
2026-09-25 09:39:21,malwrhunterteam,domain,surround-tough-method-zinc.trycloudflare.com,,https://x.com/malwrhunterteam/status/2103419074231583044
2026-09-25 09:39:21,malwrhunterteam,url,http://surround-tough-method-zinc.trycloudflare.com,,https://x.com/malwrhunterteam/status/2103419074231583044
2026-09-25 10:20:57,smica83,url,http://51.255.9.163/images/2.jpg,,https://x.com/smica83/status/2103429542509424706
2026-09-25 10:20:57,smica83,domain,ik.imagekit.io,,https://x.com/smica83/status/2103429542509424706
2026-09-25 10:20:57,smica83,url,https://ik.imagekit.io/xpml3eydq/kkdaikm.txt,,https://x.com/smica83/status/2103429542509424706
2026-09-25 10:20:57,smica83,ip,51.255.9.163,,https://x.com/smica83/status/2103429542509424706
2026-09-25 10:20:57,smica83,sha256,939a602b569d795a1bebace69b1f41843a5deb49f67fecb8b3a55dfea69524f4,,https://x.com/smica83/status/2103429542509424706
2026-09-25 10:21:22,malwrhunterteam,domain,corecloudwave.online,,https://x.com/malwrhunterteam/status/2103429649749680556
2026-09-25 10:21:22,malwrhunterteam,url,http://corecloudwave.online:7843/documents_more_authority_services/,,https://x.com/malwrhunterteam/status/2103429649749680556
2026-09-25 10:49:08,malwrhunterteam,url,http://94.26.83.69/panel,,https://x.com/malwrhunterteam/status/2103436636386435436
2026-09-25 10:49:08,malwrhunterteam,ip,94.26.83.69,,https://x.com/malwrhunterteam/status/2103436636386435436
2026-09-25 11:10:55,malwrhunterteam,domain,treboarkez.lol,,https://x.com/malwrhunterteam/status/2103442116022329539
2026-09-25 11:10:55,malwrhunterteam,url,http://treboarkez.lol,,https://x.com/malwrhunterteam/status/2103442116022329539
2026-09-25 11:15:27,OpcodeIntel,url,http://111.90.147.209,#ransomware,https://x.com/OpcodeIntel/status/2103443256835268676
2026-09-25 11:15:27,OpcodeIntel,domain,sarcomagroup.com,#ransomware,https://x.com/OpcodeIntel/status/2103443256835268676
2026-09-25 11:15:27,OpcodeIntel,url,http://sarcomagroup.com,#ransomware,https://x.com/OpcodeIntel/status/2103443256835268676
2026-09-25 11:15:27,OpcodeIntel,ip,111.90.147.209,#ransomware,https://x.com/OpcodeIntel/status/2103443256835268676
2026-09-25 12:05:27,malwrhunterteam,domain,gclsi-powers.org,,https://x.com/malwrhunterteam/status/2103455839835299980
2026-09-25 12:05:27,malwrhunterteam,url,http://gclsi-powers.org,,https://x.com/malwrhunterteam/status/2103455839835299980
2026-09-25 12:36:20,Q8CyberTi,domain,thenewsn-news.com,,https://x.com/Q8CyberTi/status/2103463614283649166
2026-09-25 12:36:20,Q8CyberTi,url,http://thenewsn-news.com/nlp/qdu,,https://x.com/Q8CyberTi/status/2103463614283649166
2026-09-25 12:48:57,TheM3gatr0n,domain,sso-justeattakeaway.com,,https://x.com/TheM3gatr0n/status/2103466787660820871
2026-09-25 12:48:57,TheM3gatr0n,url,http://sso-justeattakeaway.com,,https://x.com/TheM3gatr0n/status/2103466787660820871
2026-09-25 12:48:57,TheM3gatr0n,domain,internal-justeattakeaway.com,,https://x.com/TheM3gatr0n/status/2103466787660820871
2026-09-25 12:48:57,TheM3gatr0n,url,http://internal-justeattakeaway.com,,https://x.com/TheM3gatr0n/status/2103466787660820871
2026-09-25 12:48:57,TheM3gatr0n,domain,fffenterprisesinternal.com,,https://x.com/TheM3gatr0n/status/2103466787660820871
2026-09-25 12:48:57,TheM3gatr0n,url,http://fffenterprisesinternal.com,,https://x.com/TheM3gatr0n/status/2103466787660820871
2026-09-25 13:12:23,Fact_Finder03,ip,37.77.150.214,#C2,https://x.com/Fact_Finder03/status/2103472684869071261
2026-09-25 13:14:32,Fact_Finder03,sha256,18550b4058e42bce55ab7b285402be28f6b964735aef0bf46052d368f99b02af,#C2,https://x.com/Fact_Finder03/status/2103473226924040520
2026-09-25 13:30:47,masaomi346,domain,indigo-finch-misgoaen.life,#ClickFix #malware,https://x.com/masaomi346/status/2103477314034323742
2026-09-25 13:30:47,masaomi346,url,http://indigo-finch-misgoaen.life,#ClickFix #malware,https://x.com/masaomi346/status/2103477314034323742
2026-09-25 14:00:00,teamcymru_S2,ip,39.100.76.154,,https://x.com/teamcymru_S2/status/2103484670486659111
2026-09-25 14:00:00,teamcymru_S2,ip,47.108.208.69,,https://x.com/teamcymru_S2/status/2103484670486659111
2026-09-25 14:00:00,teamcymru_S2,ip,49.77.137.146,,https://x.com/teamcymru_S2/status/2103484670486659111
2026-09-25 14:00:00,teamcymru_S2,ip,109.172.94.188,,https://x.com/teamcymru_S2/status/2103484670486659111
2026-09-25 14:00:00,teamcymru_S2,ip,138.124.25.244,,https://x.com/teamcymru_S2/status/2103484670486659111
2026-09-25 14:00:00,teamcymru_S2,ip,147.45.76.131,,https://x.com/teamcymru_S2/status/2103484670486659111
2026-09-25 14:00:00,teamcymru_S2,ip,103.143.81.147,,https://x.com/teamcymru_S2/status/2103484670486659111
2026-09-25 14:00:00,teamcymru_S2,ip,103.143.81.167,,https://x.com/teamcymru_S2/status/2103484670486659111
2026-09-25 14:00:00,teamcymru_S2,ip,149.104.29.121,,https://x.com/teamcymru_S2/status/2103484670486659111
2026-09-25 14:12:56,sicehice,url,http://89.185.82.24/mass.sh,,https://x.com/sicehice/status/2103487922481578337
2026-09-25 14:12:56,sicehice,ip,91.92.40.236,,https://x.com/sicehice/status/2103487922481578337
2026-09-25 14:12:56,sicehice,ip,89.185.82.24,,https://x.com/sicehice/status/2103487922481578337
2026-09-25 14:12:56,sicehice,md5,885b31b786c3c3a6f8cc9dd8f654f272,,https://x.com/sicehice/status/2103487922481578337
2026-09-25 14:19:48,malwrhunterteam,url,http://8.216.48.50/s/l3.sh,,https://x.com/malwrhunterteam/status/2103489650967122186
2026-09-25 14:19:48,malwrhunterteam,ip,8.216.48.50,,https://x.com/malwrhunterteam/status/2103489650967122186
2026-09-25 14:31:15,SpiderLabs,domain,beacon-surge-sync.workers.dev,#phishing,https://x.com/SpiderLabs/status/2103492532810232027
2026-09-25 14:31:15,SpiderLabs,url,http://beacon-surge-sync.workers.dev,#phishing,https://x.com/SpiderLabs/status/2103492532810232027
2026-09-25 14:31:15,SpiderLabs,domain,beton-beton.eu,#phishing,https://x.com/SpiderLabs/status/2103492532810232027
2026-09-25 14:31:15,SpiderLabs,url,http://beton-beton.eu,#phishing,https://x.com/SpiderLabs/status/2103492532810232027
2026-09-25 14:31:15,SpiderLabs,domain,bike-msca.eu,#phishing,https://x.com/SpiderLabs/status/2103492532810232027
2026-09-25 14:31:15,SpiderLabs,url,http://bike-msca.eu,#phishing,https://x.com/SpiderLabs/status/2103492532810232027
2026-09-25 14:31:15,SpiderLabs,domain,bodi-project.eu,#phishing,https://x.com/SpiderLabs/status/2103492532810232027
2026-09-25 14:31:15,SpiderLabs,url,http://bodi-project.eu,#phishing,https://x.com/SpiderLabs/status/2103492532810232027
2026-09-25 14:31:15,SpiderLabs,domain,bruoth-family.eu,#phishing,https://x.com/SpiderLabs/status/2103492532810232027
2026-09-25 14:31:15,SpiderLabs,url,http://bruoth-family.eu,#phishing,https://x.com/SpiderLabs/status/2103492532810232027
2026-09-25 14:31:15,SpiderLabs,domain,cardamomo.eu,#phishing,https://x.com/SpiderLabs/status/2103492532810232027
2026-09-25 14:31:15,SpiderLabs,url,http://cardamomo.eu,#phishing,https://x.com/SpiderLabs/status/2103492532810232027
2026-09-25 14:31:15,SpiderLabs,domain,coppietersrecherche.eu,#phishing,https://x.com/SpiderLabs/status/2103492532810232027
2026-09-25 14:31:15,SpiderLabs,url,http://coppietersrecherche.eu,#phishing,https://x.com/SpiderLabs/status/2103492532810232027
2026-09-25 14:31:15,SpiderLabs,domain,diabetesnet.eu,#phishing,https://x.com/SpiderLabs/status/2103492532810232027
2026-09-25 14:31:15,SpiderLabs,url,http://diabetesnet.eu,#phishing,https://x.com/SpiderLabs/status/2103492532810232027
2026-09-25 14:31:15,SpiderLabs,domain,dymowski.eu,#phishing,https://x.com/SpiderLabs/status/2103492532810232027
2026-09-25 14:31:15,SpiderLabs,url,http://dymowski.eu,#phishing,https://x.com/SpiderLabs/status/2103492532810232027
2026-09-25 14:31:15,SpiderLabs,domain,euniverza.eu,#phishing,https://x.com/SpiderLabs/status/2103492532810232027
2026-09-25 14:31:15,SpiderLabs,url,http://euniverza.eu,#phishing,https://x.com/SpiderLabs/status/2103492532810232027
2026-09-25 14:31:15,SpiderLabs,domain,hutspotmaken.eu,#phishing,https://x.com/SpiderLabs/status/2103492532810232027
2026-09-25 14:31:15,SpiderLabs,url,http://hutspotmaken.eu,#phishing,https://x.com/SpiderLabs/status/2103492532810232027
2026-09-25 14:31:15,SpiderLabs,domain,illuminatedminds.eu,#phishing,https://x.com/SpiderLabs/status/2103492532810232027
2026-09-25 14:31:15,SpiderLabs,url,http://illuminatedminds.eu,#phishing,https://x.com/SpiderLabs/status/2103492532810232027
2026-09-25 14:31:15,SpiderLabs,domain,jetcapital.eu,#phishing,https://x.com/SpiderLabs/status/2103492532810232027
2026-09-25 14:31:15,SpiderLabs,url,http://jetcapital.eu,#phishing,https://x.com/SpiderLabs/status/2103492532810232027
2026-09-25 14:31:15,SpiderLabs,domain,languagesforwork.eu,#phishing,https://x.com/SpiderLabs/status/2103492532810232027
2026-09-25 14:31:15,SpiderLabs,url,http://languagesforwork.eu,#phishing,https://x.com/SpiderLabs/status/2103492532810232027
2026-09-25 14:31:15,SpiderLabs,domain,lesbolides.eu,#phishing,https://x.com/SpiderLabs/status/2103492532810232027
2026-09-25 14:31:15,SpiderLabs,url,http://lesbolides.eu,#phishing,https://x.com/SpiderLabs/status/2103492532810232027
2026-09-25 14:31:15,SpiderLabs,domain,mdiament.eu,#phishing,https://x.com/SpiderLabs/status/2103492532810232027
2026-09-25 14:31:15,SpiderLabs,url,http://mdiament.eu,#phishing,https://x.com/SpiderLabs/status/2103492532810232027
2026-09-25 14:31:15,SpiderLabs,domain,nbi-training.eu,#phishing,https://x.com/SpiderLabs/status/2103492532810232027
2026-09-25 14:31:15,SpiderLabs,url,http://nbi-training.eu,#phishing,https://x.com/SpiderLabs/status/2103492532810232027
2026-09-25 14:31:15,SpiderLabs,domain,nellarmonia.eu,#phishing,https://x.com/SpiderLabs/status/2103492532810232027
2026-09-25 14:31:15,SpiderLabs,url,http://nellarmonia.eu,#phishing,https://x.com/SpiderLabs/status/2103492532810232027
2026-09-25 14:31:15,SpiderLabs,domain,originalpizza.eu,#phishing,https://x.com/SpiderLabs/status/2103492532810232027
2026-09-25 14:31:15,SpiderLabs,url,http://originalpizza.eu,#phishing,https://x.com/SpiderLabs/status/2103492532810232027
2026-09-25 14:31:15,SpiderLabs,domain,polskaprezydencjacsr.eu,#phishing,https://x.com/SpiderLabs/status/2103492532810232027
2026-09-25 14:31:15,SpiderLabs,url,http://polskaprezydencjacsr.eu,#phishing,https://x.com/SpiderLabs/status/2103492532810232027
2026-09-25 14:31:15,SpiderLabs,domain,robologic.eu,#phishing,https://x.com/SpiderLabs/status/2103492532810232027
2026-09-25 14:31:15,SpiderLabs,url,http://robologic.eu,#phishing,https://x.com/SpiderLabs/status/2103492532810232027
2026-09-25 14:31:15,SpiderLabs,domain,safetystock.eu,#phishing,https://x.com/SpiderLabs/status/2103492532810232027
2026-09-25 14:31:15,SpiderLabs,url,http://safetystock.eu,#phishing,https://x.com/SpiderLabs/status/2103492532810232027
2026-09-25 14:31:15,SpiderLabs,domain,electroloys.com,#phishing,https://x.com/SpiderLabs/status/2103492532810232027
2026-09-25 14:31:15,SpiderLabs,url,http://electroloys.com,#phishing,https://x.com/SpiderLabs/status/2103492532810232027
2026-09-25 14:31:15,SpiderLabs,domain,hacsg.com,#phishing,https://x.com/SpiderLabs/status/2103492532810232027
2026-09-25 14:31:15,SpiderLabs,url,http://hacsg.com,#phishing,https://x.com/SpiderLabs/status/2103492532810232027
2026-09-25 14:31:15,SpiderLabs,url,http://sites.google.com/view/hgfdsqazxcvhjoswwqq/home,#phishing,https://x.com/SpiderLabs/status/2103492532810232027
2026-09-25 14:31:15,SpiderLabs,url,http://sites.google.com/view/adobe-docus/home,#phishing,https://x.com/SpiderLabs/status/2103492532810232027
2026-09-25 14:31:15,SpiderLabs,url,http://sites.google.com/view/miticabo/home,#phishing,https://x.com/SpiderLabs/status/2103492532810232027
2026-09-25 14:31:15,SpiderLabs,url,http://sites.google.com/view/ctfvygbuhgyftvbgyfpoiuytrftgyh/home,#phishing,https://x.com/SpiderLabs/status/2103492532810232027
2026-09-25 14:31:15,SpiderLabs,url,http://sites.google.com/view/kjvcfdswqazxcfvghjoplkjmnbvcf/home,#phishing,https://x.com/SpiderLabs/status/2103492532810232027
2026-09-25 14:31:15,SpiderLabs,url,http://sites.google.com/view/securespdf/home,#phishing,https://x.com/SpiderLabs/status/2103492532810232027
2026-09-25 14:31:15,SpiderLabs,url,http://sites.google.com/view/onwajuly/home,#phishing,https://x.com/SpiderLabs/status/2103492532810232027
2026-09-25 14:31:15,SpiderLabs,domain,dv0psh-purv3w-azfn-b2c0-msauth3-m365svc-s3ntln-4zrfn3x-cntnrx.workers.dev,#phishing,https://x.com/SpiderLabs/status/2103492532810232027
2026-09-25 14:31:15,SpiderLabs,url,http://dv0psh-purv3w-azfn-b2c0-msauth3-m365svc-s3ntln-4zrfn3x-cntnrx.workers.dev,#phishing,https://x.com/SpiderLabs/status/2103492532810232027
2026-09-25 14:31:15,SpiderLabs,domain,ssosvc-m365s-kvl-dv0pshb-s3ntln-c0mply-4zrmonx-apimgwx-evnthb.workers.dev,#phishing,https://x.com/SpiderLabs/status/2103492532810232027
2026-09-25 14:31:15,SpiderLabs,url,http://ssosvc-m365s-kvl-dv0pshb-s3ntln-c0mply-4zrmonx-apimgwx-evnthb.workers.dev,#phishing,https://x.com/SpiderLabs/status/2103492532810232027
2026-09-25 14:31:15,SpiderLabs,domain,wndws-pip3ln-sql3-waf3-purv3-gdprsx-dfn-azfn-appsvc-0ffapx.workers.dev,#phishing,https://x.com/SpiderLabs/status/2103492532810232027
2026-09-25 14:31:15,SpiderLabs,url,http://wndws-pip3ln-sql3-waf3-purv3-gdprsx-dfn-azfn-appsvc-0ffapx.workers.dev,#phishing,https://x.com/SpiderLabs/status/2103492532810232027
2026-09-25 14:31:15,SpiderLabs,domain,purv3w3-t3ms4pp-certs-intun3-sbussvx-4zredg-siemsv-pip3ln-0ffc3.workers.dev,#phishing,https://x.com/SpiderLabs/status/2103492532810232027
2026-09-25 14:31:15,SpiderLabs,url,http://purv3w3-t3ms4pp-certs-intun3-sbussvx-4zredg-siemsv-pip3ln-0ffc3.workers.dev,#phishing,https://x.com/SpiderLabs/status/2103492532810232027
2026-09-25 15:06:20,ShadowOpCode,domain,g-globalapp.com,#malvertising #scam,https://x.com/ShadowOpCode/status/2103501363007074656
2026-09-25 15:06:20,ShadowOpCode,url,https://g-globalapp.com,#malvertising #scam,https://x.com/ShadowOpCode/status/2103501363007074656
2026-09-25 16:45:18,TheM3gatr0n,domain,passkey-settings.com,,https://x.com/TheM3gatr0n/status/2103526269455671473
2026-09-25 16:45:18,TheM3gatr0n,url,http://passkey-settings.com,,https://x.com/TheM3gatr0n/status/2103526269455671473
2026-09-25 16:45:18,TheM3gatr0n,domain,accounts-auth.com,,https://x.com/TheM3gatr0n/status/2103526269455671473
2026-09-25 16:45:18,TheM3gatr0n,url,http://accounts-auth.com,,https://x.com/TheM3gatr0n/status/2103526269455671473
2026-09-25 16:48:00,PhishStats,domain,checkoutv2.inflowpay.com,#phishing,https://x.com/PhishStats/status/2103526948169494944
2026-09-25 16:48:00,PhishStats,url,https://checkoutv2.inflowpay.com/pay/sess_FsNHlEobXBntqBJRgAwXP,#phishing,https://x.com/PhishStats/status/2103526948169494944
2026-09-25 16:48:00,PhishStats,ip,216.24.57.18,#phishing,https://x.com/PhishStats/status/2103526948169494944
2026-09-25 17:21:30,TheM3gatr0n,domain,account-passkey.com,,https://x.com/TheM3gatr0n/status/2103535378162720830
2026-09-25 17:21:30,TheM3gatr0n,url,http://account-passkey.com,,https://x.com/TheM3gatr0n/status/2103535378162720830
2026-09-25 17:32:31,OpcodeIntel,domain,llamafile.info,#malware,https://x.com/OpcodeIntel/status/2103538148743782818
2026-09-25 17:32:31,OpcodeIntel,url,http://llamafile.info,#malware,https://x.com/OpcodeIntel/status/2103538148743782818
2026-09-25 17:32:31,OpcodeIntel,md5,d71efe357fcf18e057e377c675f8f773,#malware,https://x.com/OpcodeIntel/status/2103538148743782818
2026-09-25 17:32:31,OpcodeIntel,md5,05f9e93c26d193a5a227f4741a041d36,#malware,https://x.com/OpcodeIntel/status/2103538148743782818
2026-09-25 18:00:46,skocherhan,md5,ac52c45a93d452c8864a408e01ca74b3,,https://x.com/skocherhan/status/2103545259221557418
2026-09-25 18:14:06,malwrhunterteam,domain,mparivahan-gov.org,,https://x.com/malwrhunterteam/status/2103548616866722123
2026-09-25 18:14:06,malwrhunterteam,url,https://mparivahan-gov.org/3/,,https://x.com/malwrhunterteam/status/2103548616866722123
2026-09-25 19:35:14,BlinkzSec,sha256,046f16d9d267cbb5a97dc561ebc83062e3bd758c22da0eeab42ad17ef65c5087,#opendir,https://x.com/BlinkzSec/status/2103569032628556053
2026-09-25 20:14:52,0xb1lal,ip,189.49.3.54,#opendir,https://x.com/0xb1lal/status/2103579006142501350
2026-09-25 23:30:00,oroshi0064,domain,marblefallslake-etzax.com,#malware,https://x.com/oroshi0064/status/2103628112886116814
2026-09-25 23:30:00,oroshi0064,url,https://marblefallslake-etzax.com,#malware,https://x.com/oroshi0064/status/2103628112886116814
2026-09-25 23:30:00,oroshi0064,domain,alhotel-pau-etzax.com,#malware,https://x.com/oroshi0064/status/2103628112886116814
2026-09-25 23:30:00,oroshi0064,url,https://alhotel-pau-etzax.com,#malware,https://x.com/oroshi0064/status/2103628112886116814
2026-09-25 23:30:00,oroshi0064,domain,kingashotel-etzax.com,#malware,https://x.com/oroshi0064/status/2103628112886116814
2026-09-25 23:30:00,oroshi0064,url,https://kingashotel-etzax.com,#malware,https://x.com/oroshi0064/status/2103628112886116814
2026-09-25 23:30:00,oroshi0064,domain,sanpedrodejuj-etzax.com,#malware,https://x.com/oroshi0064/status/2103628112886116814
2026-09-25 23:30:00,oroshi0064,url,https://sanpedrodejuj-etzax.com,#malware,https://x.com/oroshi0064/status/2103628112886116814
2026-09-25 23:30:00,oroshi0064,domain,fastestwebbrows-etzax.com,#malware,https://x.com/oroshi0064/status/2103628112886116814
2026-09-25 23:30:00,oroshi0064,url,https://fastestwebbrows-etzax.com,#malware,https://x.com/oroshi0064/status/2103628112886116814
2026-09-25 23:30:00,oroshi0064,domain,southcoastshop-etzax.com,#malware,https://x.com/oroshi0064/status/2103628112886116814
2026-09-25 23:30:00,oroshi0064,url,https://southcoastshop-etzax.com,#malware,https://x.com/oroshi0064/status/2103628112886116814
2026-09-25 23:32:17,oroshi0064,domain,lozatechai-jprakutanziu.com,#malware #phishing,https://x.com/oroshi0064/status/2103628687077994552
2026-09-25 23:32:17,oroshi0064,url,https://lozatechai-jprakutanziu.com,#malware #phishing,https://x.com/oroshi0064/status/2103628687077994552
2026-09-25 23:32:17,oroshi0064,domain,crispyinfo-jprakutanziu.com,#malware #phishing,https://x.com/oroshi0064/status/2103628687077994552
2026-09-25 23:32:17,oroshi0064,url,https://crispyinfo-jprakutanziu.com,#malware #phishing,https://x.com/oroshi0064/status/2103628687077994552
2026-09-25 23:32:17,oroshi0064,domain,bhrconline-jprakutanziu.com,#malware #phishing,https://x.com/oroshi0064/status/2103628687077994552
2026-09-25 23:32:17,oroshi0064,url,https://bhrconline-jprakutanziu.com,#malware #phishing,https://x.com/oroshi0064/status/2103628687077994552
2026-09-25 23:32:17,oroshi0064,domain,visionvert-jprakutanziu.com,#malware #phishing,https://x.com/oroshi0064/status/2103628687077994552
2026-09-25 23:32:17,oroshi0064,url,https://visionvert-jprakutanziu.com,#malware #phishing,https://x.com/oroshi0064/status/2103628687077994552
2026-09-25 23:32:17,oroshi0064,domain,alaspapel-jprakutanziu.com,#malware #phishing,https://x.com/oroshi0064/status/2103628687077994552
2026-09-25 23:32:17,oroshi0064,url,https://alaspapel-jprakutanziu.com,#malware #phishing,https://x.com/oroshi0064/status/2103628687077994552
