2026-09-28 00:30:38,copy_and_paster,domain,gtib96.onlinewebshop.net,#Kimsuky,https://x.com/copy_and_paster/status/2104368146878693602
2026-09-28 00:30:38,copy_and_paster,url,http://gtib96.onlinewebshop.net,#Kimsuky,https://x.com/copy_and_paster/status/2104368146878693602
2026-09-28 00:30:38,copy_and_paster,domain,nyqxa4.scienceontheweb.net,#Kimsuky,https://x.com/copy_and_paster/status/2104368146878693602
2026-09-28 00:30:38,copy_and_paster,url,http://nyqxa4.scienceontheweb.net,#Kimsuky,https://x.com/copy_and_paster/status/2104368146878693602
2026-09-28 00:30:38,copy_and_paster,domain,tvzc49.sportsontheweb.net,#Kimsuky,https://x.com/copy_and_paster/status/2104368146878693602
2026-09-28 00:30:38,copy_and_paster,url,http://tvzc49.sportsontheweb.net,#Kimsuky,https://x.com/copy_and_paster/status/2104368146878693602
2026-09-28 03:54:34,masaomi346,domain,tjbiaoben.com,#phishing,https://x.com/masaomi346/status/2104419470542520341
2026-09-28 03:54:34,masaomi346,url,https://tjbiaoben.com/SvMLWCCf/,#phishing,https://x.com/masaomi346/status/2104419470542520341
2026-09-28 04:07:53,500mk500,url,http://104.192.2.46:443,,https://x.com/500mk500/status/2104422822890103051
2026-09-28 04:07:53,500mk500,domain,ferreteriadepot.com,,https://x.com/500mk500/status/2104422822890103051
2026-09-28 04:07:53,500mk500,url,http://ferreteriadepot.com,,https://x.com/500mk500/status/2104422822890103051
2026-09-28 04:07:53,500mk500,domain,soloferreteria.com,,https://x.com/500mk500/status/2104422822890103051
2026-09-28 04:07:53,500mk500,url,http://soloferreteria.com,,https://x.com/500mk500/status/2104422822890103051
2026-09-28 04:07:53,500mk500,ip,104.192.2.46,,https://x.com/500mk500/status/2104422822890103051
2026-09-28 04:07:53,DarkWebInformer,url,http://104.219.237.146,,https://x.com/DarkWebInformer/status/2104305103465587152
2026-09-28 04:07:53,DarkWebInformer,url,http://104.219.238.66,,https://x.com/DarkWebInformer/status/2104305103465587152
2026-09-28 04:07:53,DarkWebInformer,ip,104.219.237.146,,https://x.com/DarkWebInformer/status/2104305103465587152
2026-09-28 04:07:53,DarkWebInformer,ip,104.219.238.66,,https://x.com/DarkWebInformer/status/2104305103465587152
2026-09-28 04:14:20,patialavii,domain,dct-1t9.pages.dev,#phishing,https://x.com/patialavii/status/2104424444861300970
2026-09-28 04:14:20,patialavii,url,https://dct-1t9.pages.dev,#phishing,https://x.com/patialavii/status/2104424444861300970
2026-09-28 04:14:20,patialavii,domain,binmadi.screenconnect.com,#phishing,https://x.com/patialavii/status/2104424444861300970
2026-09-28 04:14:20,patialavii,url,https://binmadi.screenconnect.com/Bin/ScreenConnect.ClientSetup.msi,#phishing,https://x.com/patialavii/status/2104424444861300970
2026-09-28 04:19:47,patialavii,domain,aminacompliance.info,#phishing,https://x.com/patialavii/status/2104425815954108574
2026-09-28 04:19:47,patialavii,url,https://aminacompliance.info,#phishing,https://x.com/patialavii/status/2104425815954108574
2026-09-28 04:19:47,patialavii,domain,leiber.top,#phishing,https://x.com/patialavii/status/2104425815954108574
2026-09-28 04:19:47,patialavii,url,https://leiber.top/Bin/ScreenConnect.ClientSetup.msi,#phishing,https://x.com/patialavii/status/2104425815954108574
2026-09-28 04:33:23,patialavii,domain,vr.znbbmwqp.com,#phishing,https://x.com/patialavii/status/2104429238606786950
2026-09-28 04:33:23,patialavii,url,https://vr.znbbmwqp.com/inv/Adobe_Installer.html,#phishing,https://x.com/patialavii/status/2104429238606786950
2026-09-28 04:33:23,patialavii,domain,calvinsmithlaw.screenconnect.com,#phishing,https://x.com/patialavii/status/2104429238606786950
2026-09-28 04:33:23,patialavii,url,https://calvinsmithlaw.screenconnect.com/Bin/ScreenConnect.ClientSetup.exe,#phishing,https://x.com/patialavii/status/2104429238606786950
2026-09-28 05:21:59,byrne_emmy12099,domain,files.surveillance-online.com,#APT,https://x.com/byrne_emmy12099/status/2104441468777542141
2026-09-28 05:21:59,byrne_emmy12099,url,https://files.surveillance-online.com,#APT,https://x.com/byrne_emmy12099/status/2104441468777542141
2026-09-28 06:04:21,masaomi346,domain,rvmxsg.cfd,#phishing,https://x.com/masaomi346/status/2104452132170768704
2026-09-28 06:04:21,masaomi346,url,https://rvmxsg.cfd/mufg/#/index,#phishing,https://x.com/masaomi346/status/2104452132170768704
2026-09-28 06:22:43,harugasumi,sha256,9524d7051fde6bfcfb8a90c305994e66df20686bd06cdfa9173149db9eb05467,,https://x.com/harugasumi/status/2104456754784510159
2026-09-28 06:48:37,bomccss,domain,florida-yes.com,,https://x.com/bomccss/status/2104463269994082336
2026-09-28 06:48:37,bomccss,url,https://florida-yes.com/download.php?id=ab5e94b3c160f1c1b646b34e7c85d79f,,https://x.com/bomccss/status/2104463269994082336
2026-09-28 07:01:11,phishunt_io,domain,creyt.cl,#phishing,https://x.com/phishunt_io/status/2104466431748239829
2026-09-28 07:01:11,phishunt_io,url,http://creyt.cl/centennialcws/onedrive-verify-obf.html,#phishing,https://x.com/phishunt_io/status/2104466431748239829
2026-09-28 07:01:11,phishunt_io,ip,50.31.166.23,#phishing,https://x.com/phishunt_io/status/2104466431748239829
2026-09-28 07:27:58,masaomi346,domain,jwscaiwu.com,#phishing,https://x.com/masaomi346/status/2104473171688820902
2026-09-28 07:27:58,masaomi346,url,https://jwscaiwu.com/cash/downloadopwad,#phishing,https://x.com/masaomi346/status/2104473171688820902
2026-09-28 08:36:14,smica83,url,https://45.153.34.191/dl,,https://x.com/smica83/status/2104490353269096649
2026-09-28 08:36:14,smica83,ip,45.153.34.191,,https://x.com/smica83/status/2104490353269096649
2026-09-28 08:36:14,smica83,sha256,09f4aea042513c473737693f35f7a120ada9520f0dae2322c60d1049a9fc6250,,https://x.com/smica83/status/2104490353269096649
2026-09-28 08:40:16,Metemcyber,domain,20x8rk.info,#phishing,https://x.com/Metemcyber/status/2104491366952886353
2026-09-28 08:40:16,Metemcyber,url,https://20x8rk.info/shisei/menu/ZjaHJvbWUqEQgDEAAYA,#phishing,https://x.com/Metemcyber/status/2104491366952886353
2026-09-28 08:43:41,Metemcyber,domain,accoun.jvenher.cn,#phishing,https://x.com/Metemcyber/status/2104492229998109084
2026-09-28 08:43:41,Metemcyber,url,https://accoun.jvenher.cn/x196bch6nu,#phishing,https://x.com/Metemcyber/status/2104492229998109084
2026-09-28 08:43:41,Metemcyber,url,http://43.133.198.196,#phishing,https://x.com/Metemcyber/status/2104492229998109084
2026-09-28 08:43:41,Metemcyber,ip,43.133.198.196,#phishing,https://x.com/Metemcyber/status/2104492229998109084
2026-09-28 08:45:50,malwrhunterteam,url,http://109.238.87.111/login,,https://x.com/malwrhunterteam/status/2104492768827732396
2026-09-28 08:45:50,malwrhunterteam,ip,109.238.87.111,,https://x.com/malwrhunterteam/status/2104492768827732396
2026-09-28 08:56:46,malwrhunterteam,url,http://156.238.123.182:7294,,https://x.com/malwrhunterteam/status/2104495522702589957
2026-09-28 08:56:46,malwrhunterteam,ip,156.238.123.182,,https://x.com/malwrhunterteam/status/2104495522702589957
2026-09-28 08:59:44,Metemcyber,domain,aniv.cjlnzrn.cn,#phishing,https://x.com/Metemcyber/status/2104496266273259755
2026-09-28 08:59:44,Metemcyber,url,https://aniv.cjlnzrn.cn/ap/signin,#phishing,https://x.com/Metemcyber/status/2104496266273259755
2026-09-28 08:59:44,Metemcyber,url,http://43.165.128.22,#phishing,https://x.com/Metemcyber/status/2104496266273259755
2026-09-28 08:59:44,Metemcyber,ip,43.165.128.22,#phishing,https://x.com/Metemcyber/status/2104496266273259755
2026-09-28 10:26:29,smica83,url,https://discord.com/api/webhooks/1553670043521392720/bvXv3s__6_bB7jhYJTkdt36D7qOo27qgiD4K7xhhJ40sjzhbmcjrYH260wqQFOhY2g6V,,https://x.com/smica83/status/2104518100427088021
2026-09-28 10:26:29,smica83,sha256,90c2d0c3d721aac9e7feb1b4402ad1c1e6b049ff0981835a14d6cc595bfe37de,,https://x.com/smica83/status/2104518100427088021
2026-09-28 10:29:46,smica83,sha256,99a4f65abf325fde65795e2a7f215c0e30a57e5e8485da2a09e9aa89fa892c25,#Havoc,https://x.com/smica83/status/2104518925023117479
2026-09-28 10:33:20,smica83,sha256,c1bb8d783e18a05c2d797c3c19de1b514ff6a0d9a0f44ecafc3629547f02edf5,,https://x.com/smica83/status/2104519821996015697
2026-09-28 10:37:02,smica83,url,https://raw.githubusercontent.com/up-827/update/main/udt.bat,,https://x.com/smica83/status/2104520755157299274
2026-09-28 10:37:02,smica83,sha256,f8858159e22788a89e2f4e1a6dc498a542ffbe439453cc8b1ebc51f052163463,,https://x.com/smica83/status/2104520755157299274
2026-09-28 10:52:29,malwrhunterteam,domain,hallo.jiaoyang677.sbs,,https://x.com/malwrhunterteam/status/2104524643097096547
2026-09-28 10:52:29,malwrhunterteam,url,https://hallo.jiaoyang677.sbs,,https://x.com/malwrhunterteam/status/2104524643097096547
2026-09-28 11:21:34,Fact_Finder03,ip,158.255.208.239,#C2,https://x.com/Fact_Finder03/status/2104531961943626059
2026-09-28 11:26:52,Fact_Finder03,ip,167.99.72.191,#C2,https://x.com/Fact_Finder03/status/2104533296361382275
2026-09-28 11:41:43,malwrhunterteam,domain,xxxmu.top,,https://x.com/malwrhunterteam/status/2104537034107077026
2026-09-28 11:41:43,malwrhunterteam,url,https://xxxmu.top,,https://x.com/malwrhunterteam/status/2104537034107077026
2026-09-28 12:11:49,TheM3gatr0n,domain,report-uhs.com,,https://x.com/TheM3gatr0n/status/2104544608378364313
2026-09-28 12:11:49,TheM3gatr0n,url,http://report-uhs.com,,https://x.com/TheM3gatr0n/status/2104544608378364313
2026-09-28 12:26:42,HackProtectLabs,domain,posta-hr.live,#phishing,https://x.com/HackProtectLabs/status/2104548354307015082
2026-09-28 12:26:42,HackProtectLabs,url,http://posta-hr.live,#phishing,https://x.com/HackProtectLabs/status/2104548354307015082
2026-09-28 12:32:48,PhishStats,domain,ca-ndaxcdn.framer.media,#phishing,https://x.com/PhishStats/status/2104549887732048255
2026-09-28 12:32:48,PhishStats,url,https://ca-ndaxcdn.framer.media,#phishing,https://x.com/PhishStats/status/2104549887732048255
2026-09-28 12:32:48,PhishStats,ip,31.43.160.6,#phishing,https://x.com/PhishStats/status/2104549887732048255
2026-09-28 12:36:30,masaomi346,domain,cove-koi-hk753.xyz,#ClickFix #malware,https://x.com/masaomi346/status/2104550819219886321
2026-09-28 12:36:30,masaomi346,url,http://cove-koi-hk753.xyz,#ClickFix #malware,https://x.com/masaomi346/status/2104550819219886321
2026-09-28 12:52:00,Fact_Finder03,ip,169.58.33.122,#C2,https://x.com/Fact_Finder03/status/2104554718165127577
2026-09-28 13:02:51,masaomi346,url,https://raw.githubusercontent.com/om5678774/kt4567/main/landing2.txt,#ClickFix #malware,https://x.com/masaomi346/status/2104557449722351921
2026-09-28 13:11:58,suyog41,domain,lewokodwqko.icu,,https://x.com/suyog41/status/2104559745839579303
2026-09-28 13:11:58,suyog41,url,http://lewokodwqko.icu,,https://x.com/suyog41/status/2104559745839579303
2026-09-28 13:11:58,suyog41,md5,f634cf73d9541c0c5233e0f05265e0ad,,https://x.com/suyog41/status/2104559745839579303
2026-09-28 13:35:41,Coolcarlos17,domain,lnferragens.com,#phishing #scam,https://x.com/Coolcarlos17/status/2104565712396472820
2026-09-28 13:35:41,Coolcarlos17,url,http://lnferragens.com,#phishing #scam,https://x.com/Coolcarlos17/status/2104565712396472820
2026-09-28 13:56:17,James_inthe_box,domain,delphiaonline.top,#Remcos #opendir,https://x.com/James_inthe_box/status/2104570898124812499
2026-09-28 13:56:17,James_inthe_box,url,https://delphiaonline.top,#Remcos #opendir,https://x.com/James_inthe_box/status/2104570898124812499
2026-09-28 13:56:17,James_inthe_box,sha256,9d9f149a0052999587be2078375bb4530b351f3cda1b343c7f81a5d13b02ac45,#Remcos #opendir,https://x.com/James_inthe_box/status/2104570898124812499
2026-09-28 15:32:21,LupovisDefence,url,http://138.28.234.38,,https://x.com/LupovisDefence/status/2104595071362326680
2026-09-28 18:03:24,etugenio,url,http://172.86.118.111,,https://x.com/etugenio/status/2104633083945205937
2026-09-28 18:03:24,etugenio,ip,172.86.118.111,,https://x.com/etugenio/status/2104633083945205937
2026-09-28 18:50:29,Wilmichels,domain,nildex.com,#cryptoscam #scam,https://x.com/Wilmichels/status/2104644935974539319
2026-09-28 18:50:29,Wilmichels,url,http://Nildex.com,#cryptoscam #scam,https://x.com/Wilmichels/status/2104644935974539319
2026-09-28 19:20:21,L0Psec,sha256,b0cb369029a7dd7de6510d60caac154a0bd91ad6b9a08d69c90227627743ec71,,https://x.com/L0Psec/status/2104652451378790793
2026-09-28 19:26:14,smica83,domain,luckyprint52.ru,,https://x.com/smica83/status/2104653930567434431
2026-09-28 19:26:14,smica83,url,https://luckyprint52.ru/abdjlkflasdfjgdfkadflg,,https://x.com/smica83/status/2104653930567434431
2026-09-28 19:26:14,smica83,domain,pso-ngd.ru,,https://x.com/smica83/status/2104653930567434431
2026-09-28 19:26:14,smica83,url,https://pso-ngd.ru:8443,,https://x.com/smica83/status/2104653930567434431
2026-09-28 19:26:14,smica83,sha256,a59e3fb800f833d0228ad60929ace5cc080a00edb45a62e98a6ddebeff15f93b,,https://x.com/smica83/status/2104653930567434431
2026-09-28 20:58:33,smica83,domain,jcanskjihdajio.cyou,,https://x.com/smica83/status/2104677165618851900
2026-09-28 20:58:33,smica83,url,https://jcanskjihdajio.cyou:8443,,https://x.com/smica83/status/2104677165618851900
2026-09-28 20:58:33,smica83,sha256,4fa7e28489d578b320723fedd5c5e8ce19e908ef7e2b9aaf843d77487d814f15,,https://x.com/smica83/status/2104677165618851900
2026-09-28 21:15:32,0xb1lal,ip,104.233.217.108,#opendir,https://x.com/0xb1lal/status/2104681438268252598
2026-09-28 23:14:02,masaomi346,domain,worldprimenew-jp.com,#malware #phishing,https://x.com/masaomi346/status/2104711260235612200
2026-09-28 23:14:02,masaomi346,url,https://worldprimenew-jp.com,#malware #phishing,https://x.com/masaomi346/status/2104711260235612200
2026-09-28 23:14:02,masaomi346,sha256,1f65ad3dd99bbec1818ca9e27ce9d0689efee1dd3fd76def27fc7327eee46b17,#malware #phishing,https://x.com/masaomi346/status/2104711260235612200
2026-09-28 23:20:24,masaomi346,domain,hasoadwaznqps.com,#malware #phishing,https://x.com/masaomi346/status/2104712860890976420
2026-09-28 23:20:24,masaomi346,url,https://hasoadwaznqps.com/transtioncash/,#malware #phishing,https://x.com/masaomi346/status/2104712860890976420
2026-09-28 23:20:24,masaomi346,domain,hhmjjdfwzx.com,#malware #phishing,https://x.com/masaomi346/status/2104712860890976420
2026-09-28 23:20:24,masaomi346,url,https://hhmjjdfwzx.com/transtioncash/,#malware #phishing,https://x.com/masaomi346/status/2104712860890976420
2026-09-28 23:20:24,masaomi346,domain,poiwaldsas.com,#malware #phishing,https://x.com/masaomi346/status/2104712860890976420
2026-09-28 23:20:24,masaomi346,url,https://poiwaldsas.com/transtioncash/,#malware #phishing,https://x.com/masaomi346/status/2104712860890976420
2026-09-28 23:20:24,masaomi346,domain,posidwaksd.com,#malware #phishing,https://x.com/masaomi346/status/2104712860890976420
2026-09-28 23:20:24,masaomi346,url,https://posidwaksd.com/transtioncash/,#malware #phishing,https://x.com/masaomi346/status/2104712860890976420
2026-09-28 23:20:24,masaomi346,sha256,7c7f8c8a4a817d7affa27a6c0ac34ba9ed4e96e748c6894dc7fa2ac5b30b2903,#malware #phishing,https://x.com/masaomi346/status/2104712860890976420
2026-09-29 00:07:13,cyberwar_15,domain,oppsite.dothome.co.kr,#C2 #Kimsuky,https://x.com/cyberwar_15/status/2104724643420754209
2026-09-29 00:07:13,cyberwar_15,url,https://oppsite.dothome.co.kr,#C2 #Kimsuky,https://x.com/cyberwar_15/status/2104724643420754209
2026-09-29 00:34:59,masaomi346,domain,tnfqjy.cfd,#phishing,https://x.com/masaomi346/status/2104731632213311895
2026-09-29 00:34:59,masaomi346,url,https://tnfqjy.cfd/sumitclub/#/index,#phishing,https://x.com/masaomi346/status/2104731632213311895
2026-09-29 01:02:09,scanmalware,domain,tqi21.vercel.app,#malware #ransomware,https://x.com/scanmalware/status/2104738468362432676
2026-09-29 01:02:09,scanmalware,url,http://www.tqi21.vercel.app,#malware #ransomware,https://x.com/scanmalware/status/2104738468362432676
2026-09-29 02:43:23,scanmalware,domain,pub-780cf773478848a69b30738c3423d481.r2.dev,#phishing #ransomware,https://x.com/scanmalware/status/2104763943306576205
2026-09-29 02:43:23,scanmalware,url,http://pub-780cf773478848a69b30738c3423d481.r2.dev,#phishing #ransomware,https://x.com/scanmalware/status/2104763943306576205
2026-09-29 04:27:34,patialavii,domain,dcmentservceportl.sbs,#phishing,https://x.com/patialavii/status/2104790163209797846
2026-09-29 04:27:34,patialavii,url,https://dcmentservceportl.sbs/adobe/adbeinstllar.html,#phishing,https://x.com/patialavii/status/2104790163209797846
2026-09-29 04:27:34,patialavii,domain,etu-sbe.screenconnect.com,#phishing,https://x.com/patialavii/status/2104790163209797846
2026-09-29 04:27:34,patialavii,url,https://etu-sbe.screenconnect.com/Bin/ScreenConnect.ClientSetup.exe,#phishing,https://x.com/patialavii/status/2104790163209797846
2026-09-29 04:36:31,patialavii,domain,get-acrobat-adobe.pages.dev,#phishing,https://x.com/patialavii/status/2104792413810352313
2026-09-29 04:36:31,patialavii,url,https://get-acrobat-adobe.pages.dev,#phishing,https://x.com/patialavii/status/2104792413810352313
2026-09-29 04:45:08,patialavii,domain,docu-sign.click,#phishing,https://x.com/patialavii/status/2104794581653152183
2026-09-29 04:45:08,patialavii,url,http://docu-sign.click,#phishing,https://x.com/patialavii/status/2104794581653152183
2026-09-29 04:48:09,patialavii,domain,outlookinboxmessage.com,#phishing,https://x.com/patialavii/status/2104795343481401554
2026-09-29 04:48:09,patialavii,url,http://outlookinboxmessage.com,#phishing,https://x.com/patialavii/status/2104795343481401554
2026-09-29 05:06:56,patialavii,domain,documentsonlineaccessonedrivelinksreview.top,#phishing,https://x.com/patialavii/status/2104800071388922143
2026-09-29 05:06:56,patialavii,url,http://documentsonlineaccessonedrivelinksreview.top,#phishing,https://x.com/patialavii/status/2104800071388922143
2026-09-29 05:06:56,patialavii,domain,accessonline989876653783documentation.cloud-storage-0935784.workers.dev,#phishing,https://x.com/patialavii/status/2104800071388922143
2026-09-29 05:06:56,patialavii,url,http://accessonline989876653783documentation.cloud-storage-0935784.workers.dev,#phishing,https://x.com/patialavii/status/2104800071388922143
2026-09-29 05:11:49,Fact_Finder03,ip,2.26.154.5,#C2,https://x.com/Fact_Finder03/status/2104801297056800789
2026-09-29 05:12:40,Fact_Finder03,ip,181.224.24.45,#C2,https://x.com/Fact_Finder03/status/2104801511629074851
2026-09-29 05:14:34,patialavii,domain,inviteteamsmeeting.fit,#phishing,https://x.com/patialavii/status/2104801988894732660
2026-09-29 05:14:34,patialavii,url,https://inviteteamsmeeting.fit,#phishing,https://x.com/patialavii/status/2104801988894732660
2026-09-29 05:14:34,patialavii,url,https://inviteteamsmeeting.fit/Teamsetup.msi,#phishing,https://x.com/patialavii/status/2104801988894732660
2026-09-29 05:18:05,patialavii,domain,esign-document.help,,https://x.com/patialavii/status/2104802876413677948
2026-09-29 05:18:05,patialavii,url,http://esign-document.help,,https://x.com/patialavii/status/2104802876413677948
2026-09-29 05:24:10,Metemcyber,domain,dpfuhk.cfd,#phishing,https://x.com/Metemcyber/status/2104804405107380333
2026-09-29 05:24:10,Metemcyber,url,https://dpfuhk.cfd/pocketcard/#/index,#phishing,https://x.com/Metemcyber/status/2104804405107380333
2026-09-29 05:32:23,patialavii,domain,zo0mnneet.top,#phishing,https://x.com/patialavii/status/2104806473905901936
2026-09-29 05:32:23,patialavii,url,http://zo0mnneet.top/inv/,#phishing,https://x.com/patialavii/status/2104806473905901936
2026-09-29 06:29:12,PhishStats,domain,sergiomarshall.com,#phishing,https://x.com/PhishStats/status/2104820773005545489
2026-09-29 06:29:12,PhishStats,url,https://sergiomarshall.com/inc/index.html,#phishing,https://x.com/PhishStats/status/2104820773005545489
2026-09-29 06:29:12,PhishStats,ip,162.244.94.46,#phishing,https://x.com/PhishStats/status/2104820773005545489
2026-09-29 07:01:22,phishunt_io,domain,xfinity-security-update.webflow.io,#phishing,https://x.com/phishunt_io/status/2104828866401288663
2026-09-29 07:01:22,phishunt_io,url,http://xfinity-security-update.webflow.io,#phishing,https://x.com/phishunt_io/status/2104828866401288663
2026-09-29 08:01:01,smica83,url,https://ik.imagekit.io/xpml3eydq/mdjarbA.txt,,https://x.com/smica83/status/2104843880038273319
2026-09-29 08:01:01,smica83,url,http://107.172.209.126/img/3.jpg,,https://x.com/smica83/status/2104843880038273319
2026-09-29 08:01:01,smica83,ip,107.172.209.126,,https://x.com/smica83/status/2104843880038273319
2026-09-29 08:01:01,smica83,sha256,cabb31719b9297b71e446fcdd4bdf4dcb9fb3f93f4d7eb8054cd7e82d11372b3,,https://x.com/smica83/status/2104843880038273319
2026-09-29 08:02:49,malwrhunterteam,url,http://131.123.43.239:8123,,https://x.com/malwrhunterteam/status/2104844330569695340
2026-09-29 08:02:49,malwrhunterteam,ip,131.123.43.239,,https://x.com/malwrhunterteam/status/2104844330569695340
2026-09-29 08:02:50,smica83,sha256,abc492db031c7a2cbbab178dbfba63eeb0520ad7dc72fd62c2e74c8b6f59f42d,#NetSupport,https://x.com/smica83/status/2104844337326497899
2026-09-29 08:27:46,masaomi346,domain,gzmingan.com,#malware #phishing,https://x.com/masaomi346/status/2104850609606394190
2026-09-29 08:27:46,masaomi346,url,https://gzmingan.com/transtioncash/,#malware #phishing,https://x.com/masaomi346/status/2104850609606394190
2026-09-29 08:27:46,masaomi346,domain,jzqixing.com,#malware #phishing,https://x.com/masaomi346/status/2104850609606394190
2026-09-29 08:27:46,masaomi346,url,https://jzqixing.com/transtioncash/,#malware #phishing,https://x.com/masaomi346/status/2104850609606394190
2026-09-29 08:27:46,masaomi346,sha256,4cc2358fb2c3155b5d61a4ea69a4836a0ca4cb9ed014e1c0782e3c6725ae5531,#malware #phishing,https://x.com/masaomi346/status/2104850609606394190
2026-09-29 08:37:32,smica83,url,http://43.248.172.115,,https://x.com/smica83/status/2104853068995031219
2026-09-29 08:37:32,smica83,ip,43.248.172.115,,https://x.com/smica83/status/2104853068995031219
2026-09-29 08:37:32,smica83,sha256,7a4dcfa6f8c24150bb6f751e7c8c6b3a628cfac25dd6989c3b5b050c56259bc1,,https://x.com/smica83/status/2104853068995031219
2026-09-29 10:06:07,OpcodeIntel,url,http://jzqixing.com/transtioncash,#malware,https://x.com/OpcodeIntel/status/2104875361725252012
2026-09-29 10:06:07,OpcodeIntel,md5,7f9bac80fbb44bc60e4ec9e85c875d33,#malware,https://x.com/OpcodeIntel/status/2104875361725252012
2026-09-29 10:13:33,smica83,domain,pub-b42d42acf73b4e5887636c7e58ea9500.r2.dev,,https://x.com/smica83/status/2104877232539717752
2026-09-29 10:13:33,smica83,url,https://pub-b42d42acf73b4e5887636c7e58ea9500.r2.dev/payload/8965054312/39baec965fdb/nova_ai51vsqphr0e8_v24407.msi,,https://x.com/smica83/status/2104877232539717752
2026-09-29 10:13:33,smica83,url,https://api.telegram.org/bot8736466448:AAFGUORHLlQmV_3iRkg7Crj7PRlYVAoC-HY/sendMessage,,https://x.com/smica83/status/2104877232539717752
2026-09-29 10:13:33,smica83,sha256,789ba8885841786c1b3aeb4c1c5c75a3757155d160029f490dbfe724dce61fe9,,https://x.com/smica83/status/2104877232539717752
2026-09-29 10:16:41,smica83,domain,controedatoerpestanavidroslat.com,,https://x.com/smica83/status/2104878022037737479
2026-09-29 10:16:41,smica83,url,https://controedatoerpestanavidroslat.com/conte/contador2/5mNuEntity.php,,https://x.com/smica83/status/2104878022037737479
2026-09-29 10:16:41,smica83,sha256,faab81c3d9a11a52b6d1e8e9621e340419303184060bed30cf972e6f30f1bedb,,https://x.com/smica83/status/2104878022037737479
2026-09-29 11:18:58,Fact_Finder03,ip,45.158.199.112,#C2,https://x.com/Fact_Finder03/status/2104893695816573241
2026-09-29 11:29:51,Fact_Finder03,ip,64.188.91.136,#C2,https://x.com/Fact_Finder03/status/2104896435292606832
2026-09-29 12:32:00,Fact_Finder03,ip,167.71.206.185,#C2,https://x.com/Fact_Finder03/status/2104912073469641089
2026-09-29 12:59:43,harugasumi,domain,labinuri.z23.web.core.windows.net,#phishing,https://x.com/harugasumi/status/2104919050166182179
2026-09-29 12:59:43,harugasumi,url,https://labinuri.z23.web.core.windows.net?phone=050-3095-4311,#phishing,https://x.com/harugasumi/status/2104919050166182179
2026-09-29 13:02:51,OpcodeIntel,domain,ciksecrets.net,#malware,https://x.com/OpcodeIntel/status/2104919836463976616
2026-09-29 13:02:51,OpcodeIntel,url,http://ciksecrets.net,#malware,https://x.com/OpcodeIntel/status/2104919836463976616
2026-09-29 13:24:52,suyog41,domain,lewokodwqko.icu,,https://x.com/suyog41/status/2104925378641018892
2026-09-29 13:24:52,suyog41,url,http://lewokodwqko.icu,,https://x.com/suyog41/status/2104925378641018892
2026-09-29 13:24:52,suyog41,md5,7c4e5232b9d924a0807743caa3c1bc33,,https://x.com/suyog41/status/2104925378641018892
2026-09-29 14:06:13,smica83,domain,nationalcollaborationinitiative.info,,https://x.com/smica83/status/2104935782431523157
2026-09-29 14:06:13,smica83,url,https://nationalcollaborationinitiative.info/uploads/ISSI/ISSI_Industry_Engagement_Session_Details_5_October_2026.zip,,https://x.com/smica83/status/2104935782431523157
2026-09-29 14:06:13,smica83,url,http://5.252.177.210:8090/test.bat,,https://x.com/smica83/status/2104935782431523157
2026-09-29 14:06:13,smica83,ip,5.252.177.210,,https://x.com/smica83/status/2104935782431523157
2026-09-29 14:06:13,smica83,sha256,43a5fbead56ffab9262bcb1c400dc2079028c2e4cf76a5ddc1c96bc779eb0dab,,https://x.com/smica83/status/2104935782431523157
2026-09-29 14:37:55,Threatlabz,url,http://45.142.182.137:5544,,https://x.com/Threatlabz/status/2104943760643903722
2026-09-29 14:37:55,Threatlabz,ip,45.142.182.137,,https://x.com/Threatlabz/status/2104943760643903722
2026-09-29 14:37:55,Threatlabz,sha256,fa4061fb528c90ce6f327cfd89f42a6646f8c3c7f2a4e02230435e5db32e3d80,,https://x.com/Threatlabz/status/2104943760643903722
2026-09-29 14:41:47,webamon_search,domain,nexus-mods.net,,https://x.com/webamon_search/status/2104944733378195885
2026-09-29 14:41:47,webamon_search,url,http://nexus-mods.net,,https://x.com/webamon_search/status/2104944733378195885
2026-09-29 14:41:47,webamon_search,domain,nexus-mods.biz,,https://x.com/webamon_search/status/2104944733378195885
2026-09-29 14:41:47,webamon_search,url,http://nexus-mods.biz,,https://x.com/webamon_search/status/2104944733378195885
2026-09-29 14:53:54,TKemmerling,domain,immersionhousing.com,#phishing,https://x.com/TKemmerling/status/2104947785808441624
2026-09-29 14:53:54,TKemmerling,url,http://immersionhousing.com,#phishing,https://x.com/TKemmerling/status/2104947785808441624
2026-09-29 14:53:54,TKemmerling,domain,watermarkatgatewayplace.info,#phishing,https://x.com/TKemmerling/status/2104947785808441624
2026-09-29 14:53:54,TKemmerling,url,http://watermarkatgatewayplace.info,#phishing,https://x.com/TKemmerling/status/2104947785808441624
2026-09-29 14:58:44,TKemmerling,domain,curehealthway.com,#phishing,https://x.com/TKemmerling/status/2104949002118771076
2026-09-29 14:58:44,TKemmerling,url,http://curehealthway.com,#phishing,https://x.com/TKemmerling/status/2104949002118771076
2026-09-29 14:58:44,TKemmerling,domain,myonlinemarkets.com,#phishing,https://x.com/TKemmerling/status/2104949002118771076
2026-09-29 14:58:44,TKemmerling,url,http://myonlinemarkets.com,#phishing,https://x.com/TKemmerling/status/2104949002118771076
2026-09-29 15:07:13,TLP_R3D,domain,insigniafinancial.ssosettings.com,,https://x.com/TLP_R3D/status/2104951134385213505
2026-09-29 15:07:13,TLP_R3D,url,http://insigniafinancial.ssosettings.com,,https://x.com/TLP_R3D/status/2104951134385213505
2026-09-29 15:16:17,TKemmerling,domain,shopmagnetism.info,#phishing,https://x.com/TKemmerling/status/2104953416237887981
2026-09-29 15:16:17,TKemmerling,url,http://shopmagnetism.info,#phishing,https://x.com/TKemmerling/status/2104953416237887981
2026-09-29 15:16:17,TKemmerling,domain,equitygrandview.com,#phishing,https://x.com/TKemmerling/status/2104953416237887981
2026-09-29 15:16:17,TKemmerling,url,http://equitygrandview.com,#phishing,https://x.com/TKemmerling/status/2104953416237887981
2026-09-29 15:18:10,fr0s7_,ip,8.215.17.221,#ValleyRAT,https://x.com/fr0s7_/status/2104953889514824075
2026-09-29 15:18:10,fr0s7_,ip,8.210.231.207,#ValleyRAT,https://x.com/fr0s7_/status/2104953889514824075
2026-09-29 15:28:03,TKemmerling,domain,cinematicjazzorchestra.info,#phishing,https://x.com/TKemmerling/status/2104956379509526729
2026-09-29 15:28:03,TKemmerling,url,http://cinematicjazzorchestra.info,#phishing,https://x.com/TKemmerling/status/2104956379509526729
2026-09-29 15:33:39,TKemmerling,domain,treeservicekingstonil.info,#phishing,https://x.com/TKemmerling/status/2104957788313289212
2026-09-29 15:33:39,TKemmerling,url,http://treeservicekingstonil.info,#phishing,https://x.com/TKemmerling/status/2104957788313289212
2026-09-29 15:46:47,TKemmerling,domain,debtriversideledger.info,#phishing,https://x.com/TKemmerling/status/2104961092757987331
2026-09-29 15:46:47,TKemmerling,url,http://debtriversideledger.info,#phishing,https://x.com/TKemmerling/status/2104961092757987331
2026-09-29 15:46:47,TKemmerling,domain,harborstonegroup.shop,#phishing,https://x.com/TKemmerling/status/2104961092757987331
2026-09-29 15:46:47,TKemmerling,url,http://harborstonegroup.shop,#phishing,https://x.com/TKemmerling/status/2104961092757987331
2026-09-29 15:52:37,sakaijjang,domain,third-party.com,#ClickFix,https://x.com/sakaijjang/status/2104962559870943710
2026-09-29 15:52:37,sakaijjang,url,http://third-party.com,#ClickFix,https://x.com/sakaijjang/status/2104962559870943710
2026-09-29 16:02:34,RansoMonitor,domain,globalco44t2yl6ltgj74cwthr6b6olggl3srg7engqfhx72f6ni3cyd.onion,#ransomware,https://x.com/RansoMonitor/status/2104965065229369358
2026-09-29 16:02:34,RansoMonitor,url,http://globalco44t2yl6ltgj74cwthr6b6olggl3srg7engqfhx72f6ni3cyd.onion,#ransomware,https://x.com/RansoMonitor/status/2104965065229369358
2026-09-29 16:06:37,TKemmerling,domain,treasurywisechoice.com,#phishing,https://x.com/TKemmerling/status/2104966083006672950
2026-09-29 16:06:37,TKemmerling,url,http://treasurywisechoice.com,#phishing,https://x.com/TKemmerling/status/2104966083006672950
2026-09-29 16:06:37,TKemmerling,domain,financeoakmont.com,#phishing,https://x.com/TKemmerling/status/2104966083006672950
2026-09-29 16:06:37,TKemmerling,url,http://financeoakmont.com,#phishing,https://x.com/TKemmerling/status/2104966083006672950
2026-09-29 17:01:03,RansoMonitor,domain,o6rtgcjdjqyimjxexpejddhdfbehsjn4fcsazfkgwydeb27gqhtdntyd.onion,#ransomware,https://x.com/RansoMonitor/status/2104979782710784491
2026-09-29 17:01:03,RansoMonitor,url,http://o6rtgcjdjqyimjxexpejddhdfbehsjn4fcsazfkgwydeb27gqhtdntyd.onion,#ransomware,https://x.com/RansoMonitor/status/2104979782710784491
2026-09-29 17:46:40,malwrhunterteam,url,http://51.68.34.78:20109/login,,https://x.com/malwrhunterteam/status/2104991264106000850
2026-09-29 17:46:40,malwrhunterteam,ip,51.68.34.78,,https://x.com/malwrhunterteam/status/2104991264106000850
2026-09-29 17:59:57,smica83,url,http://77.110.114.115:3008,,https://x.com/smica83/status/2104994606144205223
2026-09-29 17:59:57,smica83,ip,77.110.114.115,,https://x.com/smica83/status/2104994606144205223
2026-09-29 17:59:57,smica83,sha256,2940b74b3ede610b86359c4fd6bc9abd069a6060db3aa2f62439aaea782d2c3d,,https://x.com/smica83/status/2104994606144205223
2026-09-29 18:55:59,PhishStats,domain,alexis17capit.cc,#phishing,https://x.com/PhishStats/status/2105008708434514249
2026-09-29 18:55:59,PhishStats,url,https://alexis17capit.cc/CUSERS/,#phishing,https://x.com/PhishStats/status/2105008708434514249
2026-09-29 18:55:59,PhishStats,ip,67.205.150.245,#phishing,https://x.com/PhishStats/status/2105008708434514249
2026-09-29 19:00:02,Hunters_Ledger,url,http://202.71.14.31,#ClickFix,https://x.com/Hunters_Ledger/status/2105009725926424684
2026-09-29 19:00:02,Hunters_Ledger,ip,202.71.14.31,#ClickFix,https://x.com/Hunters_Ledger/status/2105009725926424684
2026-09-29 20:03:57,TIE__SUN,domain,proceso-personal-inf2026ac.hstn.me,#phishing,https://x.com/TIE__SUN/status/2105025810092724389
2026-09-29 20:03:57,TIE__SUN,url,https://proceso-personal-inf2026ac.hstn.me/?i=2,#phishing,https://x.com/TIE__SUN/status/2105025810092724389
2026-09-29 20:03:57,TIE__SUN,ip,185.27.134.57,#phishing,https://x.com/TIE__SUN/status/2105025810092724389
2026-09-29 20:05:43,smica83,url,https://raw.githubusercontent.com/butterscotch6969/serving_url/refs/heads/main/,,https://x.com/smica83/status/2105026256282566948
2026-09-29 20:05:43,smica83,sha256,b74cab9d6eac63c8aa8bc5b022405ca71c24ad0386014c2e7d4a7d9fa82d0d71,,https://x.com/smica83/status/2105026256282566948
2026-09-29 20:09:40,malwrhunterteam,url,http://209.250.241.80:8080/cloud/,,https://x.com/malwrhunterteam/status/2105027247702688121
2026-09-29 20:09:40,malwrhunterteam,ip,209.250.241.80,,https://x.com/malwrhunterteam/status/2105027247702688121
2026-09-29 20:25:10,malwrhunterteam,domain,fa.windows32.men,,https://x.com/malwrhunterteam/status/2105031150032896105
2026-09-29 20:25:10,malwrhunterteam,url,https://fa.windows32.men/webdav/,,https://x.com/malwrhunterteam/status/2105031150032896105
2026-09-29 22:00:56,scanmalware,domain,pub-2deedb30aff5494b826a955e4e27f0d5.r2.dev,#ransomware,https://x.com/scanmalware/status/2105055249861873709
2026-09-29 22:00:56,scanmalware,url,http://pub-2deedb30aff5494b826a955e4e27f0d5.r2.dev,#ransomware,https://x.com/scanmalware/status/2105055249861873709
2026-09-29 22:19:08,masaomi346,domain,uzivebwt.cn,#malware #phishing,https://x.com/masaomi346/status/2105059829924728939
2026-09-29 22:19:08,masaomi346,url,https://uzivebwt.cn,#malware #phishing,https://x.com/masaomi346/status/2105059829924728939
2026-09-29 22:19:08,masaomi346,domain,qbitetmt.cn,#malware #phishing,https://x.com/masaomi346/status/2105059829924728939
2026-09-29 22:19:08,masaomi346,url,https://qbitetmt.cn,#malware #phishing,https://x.com/masaomi346/status/2105059829924728939
2026-09-29 22:19:08,masaomi346,domain,eurhynqq.cn,#malware #phishing,https://x.com/masaomi346/status/2105059829924728939
2026-09-29 22:19:08,masaomi346,url,https://eurhynqq.cn,#malware #phishing,https://x.com/masaomi346/status/2105059829924728939
2026-09-29 22:19:08,masaomi346,domain,jokqumkm.cn,#malware #phishing,https://x.com/masaomi346/status/2105059829924728939
2026-09-29 22:19:08,masaomi346,url,https://jokqumkm.cn,#malware #phishing,https://x.com/masaomi346/status/2105059829924728939
2026-09-29 22:19:08,masaomi346,domain,mfqyqprt.cn,#malware #phishing,https://x.com/masaomi346/status/2105059829924728939
2026-09-29 22:19:08,masaomi346,url,https://mfqyqprt.cn,#malware #phishing,https://x.com/masaomi346/status/2105059829924728939
2026-09-29 22:19:08,masaomi346,domain,daxcwczu.cn,#malware #phishing,https://x.com/masaomi346/status/2105059829924728939
2026-09-29 22:19:08,masaomi346,url,https://daxcwczu.cn,#malware #phishing,https://x.com/masaomi346/status/2105059829924728939
2026-09-29 22:19:08,masaomi346,domain,n1if3c.cn,#malware #phishing,https://x.com/masaomi346/status/2105059829924728939
2026-09-29 22:19:08,masaomi346,url,https://n1if3c.cn,#malware #phishing,https://x.com/masaomi346/status/2105059829924728939
2026-09-29 22:19:08,masaomi346,domain,8l0cpp.cn,#malware #phishing,https://x.com/masaomi346/status/2105059829924728939
2026-09-29 22:19:08,masaomi346,url,https://8l0cpp.cn,#malware #phishing,https://x.com/masaomi346/status/2105059829924728939
2026-09-29 22:19:08,masaomi346,domain,u5v4o3.cn,#malware #phishing,https://x.com/masaomi346/status/2105059829924728939
2026-09-29 22:19:08,masaomi346,url,https://u5v4o3.cn,#malware #phishing,https://x.com/masaomi346/status/2105059829924728939
2026-09-29 22:19:08,masaomi346,sha256,1992f08fcd07061db15e402f22728b9d958c7b3168e1ce396b8c6f6e3acc8368,#malware #phishing,https://x.com/masaomi346/status/2105059829924728939
2026-09-29 22:33:36,masaomi346,domain,feibidawuli-jp.com,#malware #phishing,https://x.com/masaomi346/status/2105063473227170171
2026-09-29 22:33:36,masaomi346,url,https://feibidawuli-jp.com,#malware #phishing,https://x.com/masaomi346/status/2105063473227170171
2026-09-29 22:33:36,masaomi346,domain,haoniuzibe-jp.com,#malware #phishing,https://x.com/masaomi346/status/2105063473227170171
2026-09-29 22:33:36,masaomi346,url,https://haoniuzibe-jp.com,#malware #phishing,https://x.com/masaomi346/status/2105063473227170171
2026-09-29 22:33:36,masaomi346,domain,nbablazersz-jp.com,#malware #phishing,https://x.com/masaomi346/status/2105063473227170171
2026-09-29 22:33:36,masaomi346,url,https://nbablazersz-jp.com,#malware #phishing,https://x.com/masaomi346/status/2105063473227170171
2026-09-29 22:33:36,masaomi346,sha256,8a4d5f17b0615000f640700eb9e434aa67aefa68656976cf2a58619dc5093015,#malware #phishing,https://x.com/masaomi346/status/2105063473227170171
2026-09-29 22:49:03,masaomi346,domain,loin-annzn.mydw88.com,#malware #phishing,https://x.com/masaomi346/status/2105067361443430627
2026-09-29 22:49:03,masaomi346,url,https://loin-annzn.mydw88.com/Shopping-App,#malware #phishing,https://x.com/masaomi346/status/2105067361443430627
2026-09-29 22:49:03,masaomi346,sha256,f1d3d99a9a56e4daaf53ea8cc20a4c0ffbf1697076e08a9b0649663e9502118f,#malware #phishing,https://x.com/masaomi346/status/2105067361443430627
2026-09-30 00:01:07,RansoMonitor,domain,dr5beljvyqljgq5ppro57pgetg4yeslcsexmuhvv3p46wod3odsh3fid.onion,#ransomware,https://x.com/RansoMonitor/status/2105085494073966969
2026-09-30 00:01:07,RansoMonitor,url,http://dr5beljvyqljgq5ppro57pgetg4yeslcsexmuhvv3p46wod3odsh3fid.onion,#ransomware,https://x.com/RansoMonitor/status/2105085494073966969
2026-09-30 00:10:01,Gesturepul_,domain,nildex.com,#cryptoscam #scam,https://x.com/Gesturepul_/status/2105087734251712774
2026-09-30 00:10:01,Gesturepul_,url,http://Nildex.com,#cryptoscam #scam,https://x.com/Gesturepul_/status/2105087734251712774
2026-09-30 02:01:35,scanmalware,domain,pub-313b636324fd4678a4a5d96493f238eb.r2.dev,#phishing,https://x.com/scanmalware/status/2105115811534762095
2026-09-30 02:01:35,scanmalware,url,http://pub-313b636324fd4678a4a5d96493f238eb.r2.dev,#phishing,https://x.com/scanmalware/status/2105115811534762095
2026-09-30 03:53:00,patialavii,domain,ptai.in,#phishing,https://x.com/patialavii/status/2105143852848062756
2026-09-30 03:53:00,patialavii,url,https://ptai.in/dsb/page.html,#phishing,https://x.com/patialavii/status/2105143852848062756
2026-09-30 03:57:00,patialavii,domain,dndair.com,#phishing,https://x.com/patialavii/status/2105144857832607863
2026-09-30 03:57:00,patialavii,url,https://dndair.com/iv/doc.html,#phishing,https://x.com/patialavii/status/2105144857832607863
2026-09-30 03:57:00,patialavii,domain,naomiwellness.screenconnect.com,#phishing,https://x.com/patialavii/status/2105144857832607863
2026-09-30 03:57:00,patialavii,url,https://naomiwellness.screenconnect.com/Bin/ScreenConnect.ClientSetup.exe,#phishing,https://x.com/patialavii/status/2105144857832607863
2026-09-30 04:03:39,patialavii,domain,zoommeeting-7m2.pages.dev,#phishing,https://x.com/patialavii/status/2105146531129221434
2026-09-30 04:03:39,patialavii,url,https://zoommeeting-7m2.pages.dev,#phishing,https://x.com/patialavii/status/2105146531129221434
2026-09-30 04:03:39,patialavii,domain,zoominvite-9ld.pages.dev,#phishing,https://x.com/patialavii/status/2105146531129221434
2026-09-30 04:03:39,patialavii,url,https://zoominvite-9ld.pages.dev,#phishing,https://x.com/patialavii/status/2105146531129221434
2026-09-30 04:09:42,patialavii,domain,pdfsharepoint.top,#phishing,https://x.com/patialavii/status/2105148054286504197
2026-09-30 04:09:42,patialavii,url,http://pdfsharepoint.top,#phishing,https://x.com/patialavii/status/2105148054286504197
2026-09-30 04:09:42,patialavii,domain,docsharepoint.top,#phishing,https://x.com/patialavii/status/2105148054286504197
2026-09-30 04:09:42,patialavii,url,http://docsharepoint.top,#phishing,https://x.com/patialavii/status/2105148054286504197
2026-09-30 04:10:47,scanmalware,domain,pub-cfed504c29ce4abfb436fd9297bceb4e.r2.dev,#ransomware,https://x.com/scanmalware/status/2105148324592386075
2026-09-30 04:10:47,scanmalware,url,http://pub-cfed504c29ce4abfb436fd9297bceb4e.r2.dev,#ransomware,https://x.com/scanmalware/status/2105148324592386075
2026-09-30 05:04:29,solostalking,ip,179.43.175.54,,https://x.com/solostalking/status/2105161841186062543
2026-09-30 05:04:29,solostalking,ip,31.7.61.62,,https://x.com/solostalking/status/2105161841186062543
2026-09-30 05:31:17,TKemmerling,domain,home.productforhome.info,#phishing,https://x.com/TKemmerling/status/2105168586428059933
2026-09-30 05:31:17,TKemmerling,url,http://home.productforhome.info,#phishing,https://x.com/TKemmerling/status/2105168586428059933
2026-09-30 05:31:17,TKemmerling,domain,dealcartdirect.com,#phishing,https://x.com/TKemmerling/status/2105168586428059933
2026-09-30 05:31:17,TKemmerling,url,http://dealcartdirect.com,#phishing,https://x.com/TKemmerling/status/2105168586428059933
2026-09-30 05:31:17,TKemmerling,domain,elitewealthdaily.com,#phishing,https://x.com/TKemmerling/status/2105168586428059933
2026-09-30 05:31:17,TKemmerling,url,http://elitewealthdaily.com,#phishing,https://x.com/TKemmerling/status/2105168586428059933
2026-09-30 05:41:04,TKemmerling,domain,capitalwillowgate.com,#phishing,https://x.com/TKemmerling/status/2105171045133271345
2026-09-30 05:41:04,TKemmerling,url,http://capitalwillowgate.com,#phishing,https://x.com/TKemmerling/status/2105171045133271345
2026-09-30 05:41:04,TKemmerling,domain,pinebridgedigital.shop,#phishing,https://x.com/TKemmerling/status/2105171045133271345
2026-09-30 05:41:04,TKemmerling,url,http://pinebridgedigital.shop,#phishing,https://x.com/TKemmerling/status/2105171045133271345
2026-09-30 05:41:13,Fact_Finder03,ip,193.41.68.190,#C2,https://x.com/Fact_Finder03/status/2105171086359019527
2026-09-30 05:41:13,Fact_Finder03,sha256,7b8a66e7e7800cd9fb36c97d658d7e63878395b15700c0d4fb60a5c6314456c8,#C2,https://x.com/Fact_Finder03/status/2105171086359019527
2026-09-30 05:42:56,CyberUpdates365,domain,7zip.com,#malware,https://x.com/CyberUpdates365/status/2105171518422732827
2026-09-30 05:42:56,CyberUpdates365,url,http://7zip.com,#malware,https://x.com/CyberUpdates365/status/2105171518422732827
2026-09-30 06:11:22,JAMESWT_WT,ip,51.255.9.163,,https://x.com/JAMESWT_WT/status/2105178672420323406
2026-09-30 06:11:22,JAMESWT_WT,ip,107.175.148.115,,https://x.com/JAMESWT_WT/status/2105178672420323406
2026-09-30 06:11:22,JAMESWT_WT,ip,64.224.17.115,,https://x.com/JAMESWT_WT/status/2105178672420323406
2026-09-30 06:11:22,JAMESWT_WT,ip,216.9.224.48,,https://x.com/JAMESWT_WT/status/2105178672420323406
2026-09-30 06:11:22,JAMESWT_WT,md5,1a2eb4add748ffbe552d2bbc9d289bab,,https://x.com/JAMESWT_WT/status/2105178672420323406
2026-09-30 06:11:22,JAMESWT_WT,md5,82fa22bc4ac39d06a41cef104b9255c4,,https://x.com/JAMESWT_WT/status/2105178672420323406
2026-09-30 06:22:16,Metemcyber,domain,lzqhvj.cfd,#phishing,https://x.com/Metemcyber/status/2105181414744605116
2026-09-30 06:22:16,Metemcyber,url,https://lzqhvj.cfd/uccard,#phishing,https://x.com/Metemcyber/status/2105181414744605116
2026-09-30 06:25:35,Fact_Finder03,ip,89.125.214.22,#C2,https://x.com/Fact_Finder03/status/2105182249469763715
2026-09-30 06:25:35,Fact_Finder03,ip,213.32.27.63,#C2,https://x.com/Fact_Finder03/status/2105182249469763715
2026-09-30 06:25:35,Fact_Finder03,ip,150.241.85.39,#C2,https://x.com/Fact_Finder03/status/2105182249469763715
2026-09-30 06:40:38,Metemcyber,domain,mbrgwn.cfd,#phishing,https://x.com/Metemcyber/status/2105186038369120528
2026-09-30 06:40:38,Metemcyber,url,https://mbrgwn.cfd/uccard,#phishing,https://x.com/Metemcyber/status/2105186038369120528
2026-09-30 07:00:58,phishunt_io,domain,facebook.sioll.net,#phishing,https://x.com/phishunt_io/status/2105191155314925728
2026-09-30 07:00:58,phishunt_io,url,http://facebook.sioll.net,#phishing,https://x.com/phishunt_io/status/2105191155314925728
2026-09-30 07:00:58,phishunt_io,ip,137.184.98.116,#phishing,https://x.com/phishunt_io/status/2105191155314925728
2026-09-30 07:05:39,malwrhunterteam,domain,mikoblico.xyz,,https://x.com/malwrhunterteam/status/2105192333234831688
2026-09-30 07:05:39,malwrhunterteam,url,https://mikoblico.xyz/login,,https://x.com/malwrhunterteam/status/2105192333234831688
2026-09-30 07:17:32,Fact_Finder03,ip,216.109.177.105,#C2,https://x.com/Fact_Finder03/status/2105195323526369743
2026-09-30 07:20:04,AddressIntel,domain,old.cricketpavers.com,#phishing,https://x.com/AddressIntel/status/2105195962511556826
2026-09-30 07:20:04,AddressIntel,url,https://old.cricketpavers.com/isrtaex/it/persone-e-famiglie,#phishing,https://x.com/AddressIntel/status/2105195962511556826
2026-09-30 07:42:00,Fact_Finder03,ip,167.254.241.215,#C2,https://x.com/Fact_Finder03/status/2105201479896416424
2026-09-30 07:42:00,Fact_Finder03,sha256,d575fa0c29d6dd4cc063246d0e26d75e795b9751f2a9d1193c4ec01d59a5cd28,#C2,https://x.com/Fact_Finder03/status/2105201479896416424
2026-09-30 07:54:08,smica83,url,http://217.60.76.249:8080/3.jpg,,https://x.com/smica83/status/2105204533378916819
2026-09-30 07:54:08,smica83,ip,217.60.76.249,,https://x.com/smica83/status/2105204533378916819
2026-09-30 07:54:08,smica83,sha256,2b9434c7259c147977de103258084b375cbd8e13e02d0f25dd5876e1cc840a0a,,https://x.com/smica83/status/2105204533378916819
2026-09-30 08:05:23,smica83,sha256,1aaf44d350c37535c7bc8b3345f1c626c847ebfb50e74ee6781cab848fad70c1,,https://x.com/smica83/status/2105207365989478409
2026-09-30 08:13:54,smica83,domain,karkarkar.top,,https://x.com/smica83/status/2105209508901347460
2026-09-30 08:13:54,smica83,url,http://karkarkar.top,,https://x.com/smica83/status/2105209508901347460
2026-09-30 08:13:54,smica83,domain,riverglasstop.top,,https://x.com/smica83/status/2105209508901347460
2026-09-30 08:13:54,smica83,url,http://riverglasstop.top,,https://x.com/smica83/status/2105209508901347460
2026-09-30 08:13:54,smica83,sha256,cac69561dbd3ef68e15c80be25b754f8a19e3f0849ffaf99af64de4d8118e63c,,https://x.com/smica83/status/2105209508901347460
2026-09-30 08:19:00,Fact_Finder03,ip,31.76.111.41,#C2,https://x.com/Fact_Finder03/status/2105210791465202035
2026-09-30 08:30:01,Fact_Finder03,ip,13.143.234.166,,https://x.com/Fact_Finder03/status/2105213563212382311
2026-09-30 08:30:01,Fact_Finder03,sha256,411e119adc7462f016b4fd4236fccf83d93f2141906faea458e231c9a8ce49fd,,https://x.com/Fact_Finder03/status/2105213563212382311
2026-09-30 08:30:01,Fact_Finder03,sha256,8e5188aff471eb7bdfd64db59f544453fe85aca351671c4e01c6fcc6593f23e9,,https://x.com/Fact_Finder03/status/2105213563212382311
2026-09-30 08:30:01,Fact_Finder03,sha256,9ca98eb44775a5bca631a4f7ddc6590542cd8d5a660bdeb3b8fef36446c4fac0,,https://x.com/Fact_Finder03/status/2105213563212382311
2026-09-30 08:58:27,smica83,sha256,a822227f2722e9fedd3ef522e13a328cde19b4dca39c1f4c3963f1ed2aa430bf,,https://x.com/smica83/status/2105220719000900083
2026-09-30 09:49:28,smica83,domain,facai.mwkwnnn.click,,https://x.com/smica83/status/2105233557711093938
2026-09-30 09:49:28,smica83,url,http://facai.mwkwnnn.click,,https://x.com/smica83/status/2105233557711093938
2026-09-30 09:49:28,smica83,url,http://134.122.128.120,,https://x.com/smica83/status/2105233557711093938
2026-09-30 09:49:28,smica83,ip,134.122.128.120,,https://x.com/smica83/status/2105233557711093938
2026-09-30 09:49:28,smica83,sha256,a9624ad50037e49f5d2e9ba37d079ba4c71341745649e43841ea9612fc21c089,,https://x.com/smica83/status/2105233557711093938
2026-09-30 10:27:09,skocherhan,domain,galaxycoinmix.com,,https://x.com/skocherhan/status/2105243041342923196
2026-09-30 10:27:09,skocherhan,url,http://galaxycoinmix.com,,https://x.com/skocherhan/status/2105243041342923196
2026-09-30 10:32:06,OpcodeIntel,domain,egm34gsyx65wb6jyqds4esvkskl34barx4robuebjhqpc4dfeavg7fyd.onion,#ransomware,https://x.com/OpcodeIntel/status/2105244290138112088
2026-09-30 10:32:06,OpcodeIntel,url,http://egm34gsyx65wb6jyqds4esvkskl34barx4robuebjhqpc4dfeavg7fyd.onion,#ransomware,https://x.com/OpcodeIntel/status/2105244290138112088
2026-09-30 10:32:06,OpcodeIntel,ip,64.227.132.179,#ransomware,https://x.com/OpcodeIntel/status/2105244290138112088
2026-09-30 11:41:27,nextronresearch,domain,bleodw.wisp.uno,,https://x.com/nextronresearch/status/2105261740308992400
2026-09-30 11:41:27,nextronresearch,url,http://bleodw.wisp.uno,,https://x.com/nextronresearch/status/2105261740308992400
2026-09-30 11:41:27,nextronresearch,sha256,1702f7ad2a56ef7fca815a01ce5d0ebb43328043d2dbd5cfb4b3f71d0605310c,,https://x.com/nextronresearch/status/2105261740308992400
2026-09-30 12:01:21,phishunt_io,domain,https-roblox.com,#phishing,https://x.com/phishunt_io/status/2105266748341530927
2026-09-30 12:01:21,phishunt_io,url,http://https-roblox.com/login?returnUrl=1961065750,#phishing,https://x.com/phishunt_io/status/2105266748341530927
2026-09-30 12:06:55,Fact_Finder03,ip,104.192.2.46,,https://x.com/Fact_Finder03/status/2105268148681507272
2026-09-30 12:36:54,PhishStats,domain,optservicenote.myallvalue.com,#phishing,https://x.com/PhishStats/status/2105275694179913752
2026-09-30 12:36:54,PhishStats,url,https://optservicenote.myallvalue.com/link/optsercive,#phishing,https://x.com/PhishStats/status/2105275694179913752
2026-09-30 12:36:54,PhishStats,ip,162.62.82.128,#phishing,https://x.com/PhishStats/status/2105275694179913752
2026-09-30 12:52:28,masaomi346,domain,cgongseq.com,#phishing,https://x.com/masaomi346/status/2105279613614330291
2026-09-30 12:52:28,masaomi346,url,https://cgongseq.com/point/download/,#phishing,https://x.com/masaomi346/status/2105279613614330291
2026-09-30 12:52:28,masaomi346,domain,jwscaiwu.com,#phishing,https://x.com/masaomi346/status/2105279613614330291
2026-09-30 12:52:28,masaomi346,url,https://jwscaiwu.com/point/download/,#phishing,https://x.com/masaomi346/status/2105279613614330291
2026-09-30 12:52:28,masaomi346,domain,lysxcyy.com,#phishing,https://x.com/masaomi346/status/2105279613614330291
2026-09-30 12:52:28,masaomi346,url,https://lysxcyy.com/point/download/,#phishing,https://x.com/masaomi346/status/2105279613614330291
2026-09-30 12:52:28,masaomi346,domain,oiuwaksdiw.com,#phishing,https://x.com/masaomi346/status/2105279613614330291
2026-09-30 12:52:28,masaomi346,url,https://oiuwaksdiw.com/point/download/,#phishing,https://x.com/masaomi346/status/2105279613614330291
2026-09-30 12:52:28,masaomi346,domain,poiwaksuwa.com,#phishing,https://x.com/masaomi346/status/2105279613614330291
2026-09-30 12:52:28,masaomi346,url,https://poiwaksuwa.com/point/download/,#phishing,https://x.com/masaomi346/status/2105279613614330291
2026-09-30 12:56:48,Kb4Threatlabs,domain,send.smnambijabajo.com,,https://x.com/Kb4Threatlabs/status/2105280704661647398
2026-09-30 12:56:48,Kb4Threatlabs,url,http://send.smnambijabajo.com,,https://x.com/Kb4Threatlabs/status/2105280704661647398
2026-09-30 12:56:48,Kb4Threatlabs,domain,cp.preparationguru.com,,https://x.com/Kb4Threatlabs/status/2105280704661647398
2026-09-30 12:56:48,Kb4Threatlabs,url,http://cp.preparationguru.com,,https://x.com/Kb4Threatlabs/status/2105280704661647398
2026-09-30 12:56:48,Kb4Threatlabs,url,http://209.94.57.48,,https://x.com/Kb4Threatlabs/status/2105280704661647398
2026-09-30 12:56:48,Kb4Threatlabs,domain,preparationguru.com,,https://x.com/Kb4Threatlabs/status/2105280704661647398
2026-09-30 12:56:48,Kb4Threatlabs,url,http://preparationguru.com,,https://x.com/Kb4Threatlabs/status/2105280704661647398
2026-09-30 13:01:16,masaomi346,domain,lnsygjswxx.com,#malware #phishing,https://x.com/masaomi346/status/2105281828890492957
2026-09-30 13:01:16,masaomi346,url,https://lnsygjswxx.com,#malware #phishing,https://x.com/masaomi346/status/2105281828890492957
2026-09-30 13:01:16,masaomi346,sha256,d6a014c7f9637f652116dc49ff3696c3ab6b8c6f9e8be03f2d2ed828a431cc5d,#malware #phishing,https://x.com/masaomi346/status/2105281828890492957
2026-09-30 13:11:29,smica83,domain,xv57j3d.scienceontheweb.net,,https://x.com/smica83/status/2105284398446731348
2026-09-30 13:11:29,smica83,url,http://xv57j3d.scienceontheweb.net/setting.php?aaaaaa=DESKTOP-ET51AJO&bbbbbb=Bruno&cccccc=alpha,,https://x.com/smica83/status/2105284398446731348
2026-09-30 13:11:29,smica83,sha256,df74f2f8eb8d707411ffb8ee8f9c9fb1881fe1cc38978e8c743de393d4ce0b9d,,https://x.com/smica83/status/2105284398446731348
2026-09-30 13:15:06,TheDFIRReport,url,http://67.207.81.22:443,,https://x.com/TheDFIRReport/status/2105285307780243502
2026-09-30 13:15:06,TheDFIRReport,domain,sunyotech.com,,https://x.com/TheDFIRReport/status/2105285307780243502
2026-09-30 13:15:06,TheDFIRReport,url,http://sunyotech.com,,https://x.com/TheDFIRReport/status/2105285307780243502
2026-09-30 13:15:06,TheDFIRReport,ip,67.207.81.22,,https://x.com/TheDFIRReport/status/2105285307780243502
2026-09-30 13:15:06,TheDFIRReport,sha256,ec9ada555d6dffa2fed08e86e26e29e7c6d15d90e0323cdf44e06e75461a04bf,,https://x.com/TheDFIRReport/status/2105285307780243502
2026-09-30 13:45:30,smica83,url,http://202.61.140.66:7771,,https://x.com/smica83/status/2105292957372801064
2026-09-30 13:45:30,smica83,ip,202.61.140.66,,https://x.com/smica83/status/2105292957372801064
2026-09-30 13:45:30,smica83,sha256,6a93861d9d3604a31a32485a317d5056b54b530588fdebe935b6e23d85272de7,,https://x.com/smica83/status/2105292957372801064
2026-09-30 13:49:59,smica83,domain,hdhdandan.duckdns.org,,https://x.com/smica83/status/2105294087913914589
2026-09-30 13:49:59,smica83,url,http://hdhdandan.duckdns.org,,https://x.com/smica83/status/2105294087913914589
2026-09-30 13:49:59,smica83,url,http://45.149.153.141,,https://x.com/smica83/status/2105294087913914589
2026-09-30 13:49:59,smica83,ip,45.149.153.141,,https://x.com/smica83/status/2105294087913914589
2026-09-30 13:49:59,smica83,sha256,e0814b26359c1e8dacd53e16fd847afc9f1c2d9ec2ddd3606b219a7041357e66,,https://x.com/smica83/status/2105294087913914589
2026-09-30 16:57:46,malwrhunterteam,url,http://96.62.71.5:8080/bots/,,https://x.com/malwrhunterteam/status/2105341343677477082
2026-09-30 16:57:46,malwrhunterteam,ip,96.62.71.5,,https://x.com/malwrhunterteam/status/2105341343677477082
2026-09-30 18:26:31,smica83,sha256,a8ed949b21b7319d39204965112d61b9f695d9cf1f9fb17e1394e54a08dfdd16,,https://x.com/smica83/status/2105363677746549042
2026-09-30 18:33:09,James_inthe_box,sha256,1eb51e82267b2ea1d3216919dbac9d5297ca8565baf8e39ccfc07323136b1849,#stealer,https://x.com/James_inthe_box/status/2105365350380605455
2026-09-30 18:37:11,smica83,domain,ssossossosss.duckdns.org,,https://x.com/smica83/status/2105366365024731532
2026-09-30 18:37:11,smica83,url,http://ssossossosss.duckdns.org,,https://x.com/smica83/status/2105366365024731532
2026-09-30 18:37:11,smica83,sha256,0bcfe23086c43e9ee6e61942583c9db5fc8a40c64ba39e8199b730e7cfd2b8c6,,https://x.com/smica83/status/2105366365024731532
2026-09-30 20:10:31,TKemmerling,domain,missvalledeladrome.info,#phishing,https://x.com/TKemmerling/status/2105389852959392208
2026-09-30 20:10:31,TKemmerling,url,http://missvalledeladrome.info,#phishing,https://x.com/TKemmerling/status/2105389852959392208
2026-09-30 20:16:43,TKemmerling,domain,greenerpasturetrading.info,#phishing,https://x.com/TKemmerling/status/2105391409931186501
2026-09-30 20:16:43,TKemmerling,url,http://greenerpasturetrading.info,#phishing,https://x.com/TKemmerling/status/2105391409931186501
2026-09-30 23:30:14,masaomi346,domain,fxxma.cn,#malware #phishing,https://x.com/masaomi346/status/2105440112989630614
2026-09-30 23:30:14,masaomi346,url,https://fxxma.cn,#malware #phishing,https://x.com/masaomi346/status/2105440112989630614
2026-09-30 23:30:14,masaomi346,domain,ggctb.cn,#malware #phishing,https://x.com/masaomi346/status/2105440112989630614
2026-09-30 23:30:14,masaomi346,url,https://ggctb.cn,#malware #phishing,https://x.com/masaomi346/status/2105440112989630614
2026-09-30 23:30:14,masaomi346,domain,gxgiu.cn,#malware #phishing,https://x.com/masaomi346/status/2105440112989630614
2026-09-30 23:30:14,masaomi346,url,https://gxgiu.cn,#malware #phishing,https://x.com/masaomi346/status/2105440112989630614
2026-09-30 23:30:14,masaomi346,domain,hbyqq.cn,#malware #phishing,https://x.com/masaomi346/status/2105440112989630614
2026-09-30 23:30:14,masaomi346,url,https://hbyqq.cn,#malware #phishing,https://x.com/masaomi346/status/2105440112989630614
2026-09-30 23:30:14,masaomi346,domain,hmcot.cn,#malware #phishing,https://x.com/masaomi346/status/2105440112989630614
2026-09-30 23:30:14,masaomi346,url,https://hmcot.cn,#malware #phishing,https://x.com/masaomi346/status/2105440112989630614
2026-09-30 23:30:14,masaomi346,domain,hwjwz.cn,#malware #phishing,https://x.com/masaomi346/status/2105440112989630614
2026-09-30 23:30:14,masaomi346,url,https://hwjwz.cn,#malware #phishing,https://x.com/masaomi346/status/2105440112989630614
2026-09-30 23:30:14,masaomi346,domain,hwspp.cn,#malware #phishing,https://x.com/masaomi346/status/2105440112989630614
2026-09-30 23:30:14,masaomi346,url,https://hwspp.cn,#malware #phishing,https://x.com/masaomi346/status/2105440112989630614
2026-09-30 23:30:14,masaomi346,domain,ifexa.cn,#malware #phishing,https://x.com/masaomi346/status/2105440112989630614
2026-09-30 23:30:14,masaomi346,url,https://ifexa.cn,#malware #phishing,https://x.com/masaomi346/status/2105440112989630614
2026-09-30 23:30:14,masaomi346,domain,isqbb.cn,#malware #phishing,https://x.com/masaomi346/status/2105440112989630614
2026-09-30 23:30:14,masaomi346,url,https://isqbb.cn,#malware #phishing,https://x.com/masaomi346/status/2105440112989630614
2026-09-30 23:30:14,masaomi346,domain,jinsm.cn,#malware #phishing,https://x.com/masaomi346/status/2105440112989630614
2026-09-30 23:30:14,masaomi346,url,https://jinsm.cn,#malware #phishing,https://x.com/masaomi346/status/2105440112989630614
2026-09-30 23:30:14,masaomi346,sha256,2b2de48e0f4e0f678c9e0a324358238937237e76357b6cd29f52192835bac970,#malware #phishing,https://x.com/masaomi346/status/2105440112989630614
2026-10-01 00:32:46,PhishStats,domain,hazelnut.co.rs,#phishing,https://x.com/PhishStats/status/2105455850022179195
2026-10-01 00:32:46,PhishStats,url,https://www.hazelnut.co.rs,#phishing,https://x.com/PhishStats/status/2105455850022179195
2026-10-01 02:15:13,masaomi346,domain,teruid.com,#phishing,https://x.com/masaomi346/status/2105481630345494930
2026-10-01 02:15:13,masaomi346,url,https://teruid.com/docomo/st/dcard_gold/index.html#/,#phishing,https://x.com/masaomi346/status/2105481630345494930
2026-10-01 02:25:40,TKemmerling,domain,stylishhomegallery.com,#phishing,https://x.com/TKemmerling/status/2105484262049005931
2026-10-01 02:25:40,TKemmerling,url,http://stylishhomegallery.com,#phishing,https://x.com/TKemmerling/status/2105484262049005931
2026-10-01 02:30:27,TKemmerling,domain,iphonelocatorpro.com,#phishing,https://x.com/TKemmerling/status/2105485465063469506
2026-10-01 02:30:27,TKemmerling,url,http://iphonelocatorpro.com,#phishing,https://x.com/TKemmerling/status/2105485465063469506
2026-10-01 02:30:27,TKemmerling,domain,sdonaghylactationservices.info,#phishing,https://x.com/TKemmerling/status/2105485465063469506
2026-10-01 02:30:27,TKemmerling,url,http://sdonaghylactationservices.info,#phishing,https://x.com/TKemmerling/status/2105485465063469506
2026-10-01 03:06:03,patialavii,domain,laboratoires-azbane.com,#phishing,https://x.com/patialavii/status/2105494422804996111
2026-10-01 03:06:03,patialavii,url,https://laboratoires-azbane.com/ftx/,#phishing,https://x.com/patialavii/status/2105494422804996111
2026-10-01 03:06:03,patialavii,domain,valeriediedrich13.screenconnect.com,#phishing,https://x.com/patialavii/status/2105494422804996111
2026-10-01 03:06:03,patialavii,url,https://valeriediedrich13.screenconnect.com/Bin/ScreenConnect.ClientSetup.exe,#phishing,https://x.com/patialavii/status/2105494422804996111
2026-10-01 03:12:36,patialavii,domain,strutsupportsystems.com,#phishing,https://x.com/patialavii/status/2105496072785453421
2026-10-01 03:12:36,patialavii,url,https://strutsupportsystems.com/Adobe_Installer.html,#phishing,https://x.com/patialavii/status/2105496072785453421
2026-10-01 03:12:36,patialavii,domain,logiccorporation.screenconnect.com,#phishing,https://x.com/patialavii/status/2105496072785453421
2026-10-01 03:12:36,patialavii,url,https://logiccorporation.screenconnect.com/Bin/ScreenConnect.ClientSetup.exe,#phishing,https://x.com/patialavii/status/2105496072785453421
2026-10-01 03:18:08,patialavii,domain,thiswoodeno.com,#phishing,https://x.com/patialavii/status/2105497466040926462
2026-10-01 03:18:08,patialavii,url,https://thiswoodeno.com/aa/,#phishing,https://x.com/patialavii/status/2105497466040926462
2026-10-01 03:18:08,patialavii,domain,strafordhomes.screenconnect.com,#phishing,https://x.com/patialavii/status/2105497466040926462
2026-10-01 03:18:08,patialavii,url,https://strafordhomes.screenconnect.com/Bin/ScreenConnect.ClientSetup.exe,#phishing,https://x.com/patialavii/status/2105497466040926462
2026-10-01 03:25:11,patialavii,domain,nilehost.cloud,#phishing,https://x.com/patialavii/status/2105499238566355071
2026-10-01 03:25:11,patialavii,url,https://nilehost.cloud/Adobe_Inz.html,#phishing,https://x.com/patialavii/status/2105499238566355071
2026-10-01 03:25:11,patialavii,domain,gpcom1.screenconnect.com,#phishing,https://x.com/patialavii/status/2105499238566355071
2026-10-01 03:25:11,patialavii,url,https://gpcom1.screenconnect.com/Bin/ScreenConnect.ClientSetup.msi,#phishing,https://x.com/patialavii/status/2105499238566355071
2026-10-01 03:29:37,patialavii,domain,docusignauthentication.xyz,#phishing,https://x.com/patialavii/status/2105500355908009998
2026-10-01 03:29:37,patialavii,url,http://docusignauthentication.xyz,#phishing,https://x.com/patialavii/status/2105500355908009998
2026-10-01 04:09:46,powermeza,domain,shieldmetasetup.com,#cryptoscam #phishing,https://x.com/powermeza/status/2105510460653244682
2026-10-01 04:09:46,powermeza,url,http://shieldmetasetup.com,#cryptoscam #phishing,https://x.com/powermeza/status/2105510460653244682
2026-10-01 07:00:59,phishunt_io,domain,ants.redirecthelp.com,#phishing,https://x.com/phishunt_io/status/2105553544690426039
2026-10-01 07:00:59,phishunt_io,url,http://ants.redirecthelp.com/linkedin.com/52abdba7-2710-4fc3-a0bf-a66546964fbc?psid=85482a12-0597-45fd-b029,#phishing,https://x.com/phishunt_io/status/2105553544690426039
2026-10-01 07:00:59,phishunt_io,ip,3.141.207.60,#phishing,https://x.com/phishunt_io/status/2105553544690426039
2026-10-01 07:41:36,Metemcyber,domain,zggangban.com,#phishing,https://x.com/Metemcyber/status/2105563769825063193
2026-10-01 07:41:36,Metemcyber,url,https://zggangban.com/qxvotdd8#/login,#phishing,https://x.com/Metemcyber/status/2105563769825063193
2026-10-01 07:54:45,Metemcyber,domain,accoun.kgjxupm.cn,#phishing,https://x.com/Metemcyber/status/2105567078883434798
2026-10-01 07:54:45,Metemcyber,url,https://accoun.kgjxupm.cn/d1498rp4v2,#phishing,https://x.com/Metemcyber/status/2105567078883434798
2026-10-01 07:54:45,Metemcyber,url,http://43.128.253.47,#phishing,https://x.com/Metemcyber/status/2105567078883434798
2026-10-01 07:54:45,Metemcyber,ip,43.128.253.47,#phishing,https://x.com/Metemcyber/status/2105567078883434798
2026-10-01 08:00:03,fr0s7_,url,https://212.80.205.63,,https://x.com/fr0s7_/status/2105568410935665032
2026-10-01 08:00:03,fr0s7_,ip,212.80.205.63,,https://x.com/fr0s7_/status/2105568410935665032
2026-10-01 08:00:03,fr0s7_,sha256,b7d8572c7e4fe577a29299e1089f85def9d6cfda192135681f8c111e5b3acd15,,https://x.com/fr0s7_/status/2105568410935665032
2026-10-01 08:00:40,nextronresearch,domain,hardwood-studio-obviously-briefing.trycloudflare.com,,https://x.com/nextronresearch/status/2105568565281563057
2026-10-01 08:00:40,nextronresearch,url,http://hardwood-studio-obviously-briefing.trycloudflare.com,,https://x.com/nextronresearch/status/2105568565281563057
2026-10-01 08:00:40,nextronresearch,domain,manufacturers-arrested-acre-foods.trycloudflare.com,,https://x.com/nextronresearch/status/2105568565281563057
2026-10-01 08:00:40,nextronresearch,url,http://manufacturers-arrested-acre-foods.trycloudflare.com,,https://x.com/nextronresearch/status/2105568565281563057
2026-10-01 08:00:40,nextronresearch,domain,campus-petite-timothy-gulf.trycloudflare.com,,https://x.com/nextronresearch/status/2105568565281563057
2026-10-01 08:00:40,nextronresearch,url,http://campus-petite-timothy-gulf.trycloudflare.com,,https://x.com/nextronresearch/status/2105568565281563057
2026-10-01 08:00:40,nextronresearch,sha256,2a001e4ef9933701b3d93e1a7e1e7ef67d481fac5febc96f951beabe68022322,,https://x.com/nextronresearch/status/2105568565281563057
2026-10-01 08:00:40,nextronresearch,sha256,196f6b820aaf094b8728a11699e4e91cea464623ab0c3acebdde3d1adab59fb6,,https://x.com/nextronresearch/status/2105568565281563057
2026-10-01 08:00:40,nextronresearch,sha256,79121c5d9ddfafd532c30b9c20644b9a45fadadee9163eb2e5678e4efceb4312,,https://x.com/nextronresearch/status/2105568565281563057
2026-10-01 08:00:40,nextronresearch,sha256,4a439412a37048f7c4e18c5a6b6763258e6358aa77693802dccc9d9d506ebc44,,https://x.com/nextronresearch/status/2105568565281563057
2026-10-01 08:17:34,Metemcyber,domain,wxhuan.com,#phishing,https://x.com/Metemcyber/status/2105572818612359564
2026-10-01 08:17:34,Metemcyber,url,https://wxhuan.com/rZBhairl/,#phishing,https://x.com/Metemcyber/status/2105572818612359564
2026-10-01 08:17:34,Metemcyber,url,http://156.226.182.245,#phishing,https://x.com/Metemcyber/status/2105572818612359564
2026-10-01 08:17:34,Metemcyber,ip,156.226.182.245,#phishing,https://x.com/Metemcyber/status/2105572818612359564
2026-10-01 08:34:26,malwrhunterteam,url,http://23.94.145.224/login,,https://x.com/malwrhunterteam/status/2105577064761852336
2026-10-01 08:34:26,malwrhunterteam,ip,23.94.145.224,,https://x.com/malwrhunterteam/status/2105577064761852336
2026-10-01 09:03:04,_AkatsukiLegion,url,http://51.144.45.141,#AsyncRAT #Xworm,https://x.com/_AkatsukiLegion/status/2105584268680507901
2026-10-01 09:03:04,_AkatsukiLegion,ip,51.144.45.141,#AsyncRAT #Xworm,https://x.com/_AkatsukiLegion/status/2105584268680507901
2026-10-01 09:44:25,byrne_emmy12099,url,http://31.59.138.144/aes.js,#APT,https://x.com/byrne_emmy12099/status/2105594677894512955
2026-10-01 09:44:25,byrne_emmy12099,ip,31.59.138.144,#APT,https://x.com/byrne_emmy12099/status/2105594677894512955
2026-10-01 10:01:50,smica83,domain,faithbiglovered.opik.net,,https://x.com/smica83/status/2105599060056944813
2026-10-01 10:01:50,smica83,url,http://faithbiglovered.opik.net,,https://x.com/smica83/status/2105599060056944813
2026-10-01 10:01:50,smica83,sha256,4cb4f92d8b9314725ba5c0b3f40259442b50f2f18b6ed1517abc338480703fee,,https://x.com/smica83/status/2105599060056944813
2026-10-01 10:08:18,SansLimit3,domain,emaliyekontrol.com,#phishing,https://x.com/SansLimit3/status/2105600685693604263
2026-10-01 10:08:18,SansLimit3,url,http://emaliyekontrol.com,#phishing,https://x.com/SansLimit3/status/2105600685693604263
2026-10-01 10:19:35,malwrhunterteam,domain,ai-education-msk.com,,https://x.com/malwrhunterteam/status/2105603527959601312
2026-10-01 10:19:35,malwrhunterteam,url,http://ai-education-msk.com,,https://x.com/malwrhunterteam/status/2105603527959601312
2026-10-01 10:22:29,smica83,domain,rajug.eu,#DPRK,https://x.com/smica83/status/2105604256757694867
2026-10-01 10:22:29,smica83,url,http://rajug.eu,#DPRK,https://x.com/smica83/status/2105604256757694867
2026-10-01 10:22:29,smica83,sha256,4f954c7c6228ca4eb0e6b7c3d5f2d025467996866c2d9ae4dd1f005cb6cb1f19,#DPRK,https://x.com/smica83/status/2105604256757694867
2026-10-01 10:28:51,smica83,domain,efine-post.com,,https://x.com/smica83/status/2105605859384426760
2026-10-01 10:28:51,smica83,url,https://efine-post.com/d/FIatZY3MAdgna9qKkHu9uQ,,https://x.com/smica83/status/2105605859384426760
2026-10-01 10:28:51,smica83,sha256,a6fff495c6b4a3b9414d31bbe1058aa204b949c36bd60f54f1f0df2f0a189635,,https://x.com/smica83/status/2105605859384426760
2026-10-01 11:20:23,TheM3gatr0n,url,http://script.google.com/macros/s/AKfycbz9TPijgR8aU3W1yM2yimSruhRgk5Yn0pvsVZEDWJ2r4xSO97thYYxihmR5ma9N4Z1Z/exec,,https://x.com/TheM3gatr0n/status/2105618824859161060
2026-10-01 11:20:23,TheM3gatr0n,domain,mmasunandrajat.com,,https://x.com/TheM3gatr0n/status/2105618824859161060
2026-10-01 11:20:23,TheM3gatr0n,url,http://mmasunandrajat.com,,https://x.com/TheM3gatr0n/status/2105618824859161060
2026-10-01 11:20:23,TheM3gatr0n,domain,ibtuxr641i.c4-explosive-workshops.de,,https://x.com/TheM3gatr0n/status/2105618824859161060
2026-10-01 11:20:23,TheM3gatr0n,url,http://ibtuxr641i.c4-explosive-workshops.de/l/dN8uUIAgPm0,,https://x.com/TheM3gatr0n/status/2105618824859161060
2026-10-01 11:20:23,TheM3gatr0n,url,http://login.microsoftonline.com/common/oauth2/deviceauth,,https://x.com/TheM3gatr0n/status/2105618824859161060
2026-10-01 11:46:13,TheM3gatr0n,domain,bug-ucheti.online,#ClickFix,https://x.com/TheM3gatr0n/status/2105625326839906782
2026-10-01 11:46:13,TheM3gatr0n,url,http://bug-ucheti.online,#ClickFix,https://x.com/TheM3gatr0n/status/2105625326839906782
2026-10-01 11:46:13,TheM3gatr0n,domain,bug-uchetov.online,#ClickFix,https://x.com/TheM3gatr0n/status/2105625326839906782
2026-10-01 11:46:13,TheM3gatr0n,url,http://bug-uchetov.online,#ClickFix,https://x.com/TheM3gatr0n/status/2105625326839906782
2026-10-01 11:46:13,TheM3gatr0n,domain,buhgalteri-uchet.online,#ClickFix,https://x.com/TheM3gatr0n/status/2105625326839906782
2026-10-01 11:46:13,TheM3gatr0n,url,http://buhgalteri-uchet.online,#ClickFix,https://x.com/TheM3gatr0n/status/2105625326839906782
2026-10-01 11:46:13,TheM3gatr0n,domain,buhgalterov-uchet.online,#ClickFix,https://x.com/TheM3gatr0n/status/2105625326839906782
2026-10-01 11:46:13,TheM3gatr0n,url,http://buhgalterov-uchet.online,#ClickFix,https://x.com/TheM3gatr0n/status/2105625326839906782
2026-10-01 11:46:13,TheM3gatr0n,domain,buhgalterskiy-uchet.online,#ClickFix,https://x.com/TheM3gatr0n/status/2105625326839906782
2026-10-01 11:46:13,TheM3gatr0n,url,http://buhgalterskiy-uchet.online,#ClickFix,https://x.com/TheM3gatr0n/status/2105625326839906782
2026-10-01 11:46:13,TheM3gatr0n,domain,buhuchetss.online,#ClickFix,https://x.com/TheM3gatr0n/status/2105625326839906782
2026-10-01 11:46:13,TheM3gatr0n,url,http://buhuchetss.online,#ClickFix,https://x.com/TheM3gatr0n/status/2105625326839906782
2026-10-01 11:46:13,TheM3gatr0n,domain,cloudflare-protect.net,#ClickFix,https://x.com/TheM3gatr0n/status/2105625326839906782
2026-10-01 11:46:13,TheM3gatr0n,url,http://cloudflare-protect.net,#ClickFix,https://x.com/TheM3gatr0n/status/2105625326839906782
2026-10-01 11:46:13,TheM3gatr0n,domain,cloudflare.vc,#ClickFix,https://x.com/TheM3gatr0n/status/2105625326839906782
2026-10-01 11:46:13,TheM3gatr0n,url,http://cloudflare.vc,#ClickFix,https://x.com/TheM3gatr0n/status/2105625326839906782
2026-10-01 11:46:13,TheM3gatr0n,domain,computerrepairme.com,#ClickFix,https://x.com/TheM3gatr0n/status/2105625326839906782
2026-10-01 11:46:13,TheM3gatr0n,url,http://computerrepairme.com,#ClickFix,https://x.com/TheM3gatr0n/status/2105625326839906782
2026-10-01 11:46:13,TheM3gatr0n,domain,copiose.org,#ClickFix,https://x.com/TheM3gatr0n/status/2105625326839906782
2026-10-01 11:46:13,TheM3gatr0n,url,http://copiose.org,#ClickFix,https://x.com/TheM3gatr0n/status/2105625326839906782
2026-10-01 11:46:13,TheM3gatr0n,domain,cupiakleanav.com,#ClickFix,https://x.com/TheM3gatr0n/status/2105625326839906782
2026-10-01 11:46:13,TheM3gatr0n,url,http://cupiakleanav.com,#ClickFix,https://x.com/TheM3gatr0n/status/2105625326839906782
2026-10-01 11:46:13,TheM3gatr0n,domain,ebutrat.digital,#ClickFix,https://x.com/TheM3gatr0n/status/2105625326839906782
2026-10-01 11:46:13,TheM3gatr0n,url,http://ebutrat.digital,#ClickFix,https://x.com/TheM3gatr0n/status/2105625326839906782
2026-10-01 11:46:13,TheM3gatr0n,domain,emali.net,#ClickFix,https://x.com/TheM3gatr0n/status/2105625326839906782
2026-10-01 11:46:13,TheM3gatr0n,url,http://emali.net,#ClickFix,https://x.com/TheM3gatr0n/status/2105625326839906782
2026-10-01 11:46:13,TheM3gatr0n,domain,enganem.digital,#ClickFix,https://x.com/TheM3gatr0n/status/2105625326839906782
2026-10-01 11:46:13,TheM3gatr0n,url,http://enganem.digital,#ClickFix,https://x.com/TheM3gatr0n/status/2105625326839906782
2026-10-01 11:46:13,TheM3gatr0n,domain,finance-information.online,#ClickFix,https://x.com/TheM3gatr0n/status/2105625326839906782
2026-10-01 11:46:13,TheM3gatr0n,url,http://finance-information.online,#ClickFix,https://x.com/TheM3gatr0n/status/2105625326839906782
2026-10-01 11:46:13,TheM3gatr0n,domain,finance-informations.online,#ClickFix,https://x.com/TheM3gatr0n/status/2105625326839906782
2026-10-01 11:46:13,TheM3gatr0n,url,http://finance-informations.online,#ClickFix,https://x.com/TheM3gatr0n/status/2105625326839906782
2026-10-01 11:46:13,TheM3gatr0n,domain,finances-information.online,#ClickFix,https://x.com/TheM3gatr0n/status/2105625326839906782
2026-10-01 11:46:13,TheM3gatr0n,url,http://finances-information.online,#ClickFix,https://x.com/TheM3gatr0n/status/2105625326839906782
2026-10-01 11:46:13,TheM3gatr0n,domain,financesco.online,#ClickFix,https://x.com/TheM3gatr0n/status/2105625326839906782
2026-10-01 11:46:13,TheM3gatr0n,url,http://financesco.online,#ClickFix,https://x.com/TheM3gatr0n/status/2105625326839906782
2026-10-01 11:46:13,TheM3gatr0n,domain,flispax.digital,#ClickFix,https://x.com/TheM3gatr0n/status/2105625326839906782
2026-10-01 11:46:13,TheM3gatr0n,url,http://flispax.digital,#ClickFix,https://x.com/TheM3gatr0n/status/2105625326839906782
2026-10-01 11:46:13,TheM3gatr0n,domain,get-entry.to,#ClickFix,https://x.com/TheM3gatr0n/status/2105625326839906782
2026-10-01 11:46:13,TheM3gatr0n,url,http://get-entry.to,#ClickFix,https://x.com/TheM3gatr0n/status/2105625326839906782
2026-10-01 11:46:13,TheM3gatr0n,domain,get-verification.to,#ClickFix,https://x.com/TheM3gatr0n/status/2105625326839906782
2026-10-01 11:46:13,TheM3gatr0n,url,http://get-verification.to,#ClickFix,https://x.com/TheM3gatr0n/status/2105625326839906782
2026-10-01 11:46:13,TheM3gatr0n,domain,ghadita.digital,#ClickFix,https://x.com/TheM3gatr0n/status/2105625326839906782
2026-10-01 11:46:13,TheM3gatr0n,url,http://ghadita.digital,#ClickFix,https://x.com/TheM3gatr0n/status/2105625326839906782
2026-10-01 11:46:13,TheM3gatr0n,domain,grinosp.digital,#ClickFix,https://x.com/TheM3gatr0n/status/2105625326839906782
2026-10-01 11:46:13,TheM3gatr0n,url,http://grinosp.digital,#ClickFix,https://x.com/TheM3gatr0n/status/2105625326839906782
2026-10-01 11:46:13,TheM3gatr0n,domain,iddmd.com,#ClickFix,https://x.com/TheM3gatr0n/status/2105625326839906782
2026-10-01 11:46:13,TheM3gatr0n,url,http://iddmd.com,#ClickFix,https://x.com/TheM3gatr0n/status/2105625326839906782
2026-10-01 11:46:13,TheM3gatr0n,domain,imacos.cc,#ClickFix,https://x.com/TheM3gatr0n/status/2105625326839906782
2026-10-01 11:46:13,TheM3gatr0n,url,http://imacos.cc,#ClickFix,https://x.com/TheM3gatr0n/status/2105625326839906782
2026-10-01 11:46:13,TheM3gatr0n,domain,immmerhency.com,#ClickFix,https://x.com/TheM3gatr0n/status/2105625326839906782
2026-10-01 11:46:13,TheM3gatr0n,url,http://immmerhency.com,#ClickFix,https://x.com/TheM3gatr0n/status/2105625326839906782
2026-10-01 11:46:13,TheM3gatr0n,domain,internetserchinkas.co,#ClickFix,https://x.com/TheM3gatr0n/status/2105625326839906782
2026-10-01 11:46:13,TheM3gatr0n,url,http://internetserchinkas.co,#ClickFix,https://x.com/TheM3gatr0n/status/2105625326839906782
2026-10-01 11:46:13,TheM3gatr0n,domain,poyanercold.top,#ClickFix,https://x.com/TheM3gatr0n/status/2105625326839906782
2026-10-01 11:46:13,TheM3gatr0n,url,http://poyanercold.top,#ClickFix,https://x.com/TheM3gatr0n/status/2105625326839906782
2026-10-01 11:46:13,TheM3gatr0n,domain,record-video.online,#ClickFix,https://x.com/TheM3gatr0n/status/2105625326839906782
2026-10-01 11:46:13,TheM3gatr0n,url,http://record-video.online,#ClickFix,https://x.com/TheM3gatr0n/status/2105625326839906782
2026-10-01 11:46:13,TheM3gatr0n,domain,records-video.online,#ClickFix,https://x.com/TheM3gatr0n/status/2105625326839906782
2026-10-01 11:46:13,TheM3gatr0n,url,http://records-video.online,#ClickFix,https://x.com/TheM3gatr0n/status/2105625326839906782
2026-10-01 11:46:13,TheM3gatr0n,domain,skididks.com,#ClickFix,https://x.com/TheM3gatr0n/status/2105625326839906782
2026-10-01 11:46:13,TheM3gatr0n,url,http://skididks.com,#ClickFix,https://x.com/TheM3gatr0n/status/2105625326839906782
2026-10-01 11:46:13,TheM3gatr0n,domain,unknownbuddy.com,#ClickFix,https://x.com/TheM3gatr0n/status/2105625326839906782
2026-10-01 11:46:13,TheM3gatr0n,url,http://unknownbuddy.com,#ClickFix,https://x.com/TheM3gatr0n/status/2105625326839906782
2026-10-01 11:46:13,TheM3gatr0n,domain,video-click.online,#ClickFix,https://x.com/TheM3gatr0n/status/2105625326839906782
2026-10-01 11:46:13,TheM3gatr0n,url,http://video-click.online,#ClickFix,https://x.com/TheM3gatr0n/status/2105625326839906782
2026-10-01 11:46:13,TheM3gatr0n,domain,video-clicks.online,#ClickFix,https://x.com/TheM3gatr0n/status/2105625326839906782
2026-10-01 11:46:13,TheM3gatr0n,url,http://video-clicks.online,#ClickFix,https://x.com/TheM3gatr0n/status/2105625326839906782
2026-10-01 11:46:13,TheM3gatr0n,domain,video-hostinger.online,#ClickFix,https://x.com/TheM3gatr0n/status/2105625326839906782
2026-10-01 11:46:13,TheM3gatr0n,url,http://video-hostinger.online,#ClickFix,https://x.com/TheM3gatr0n/status/2105625326839906782
2026-10-01 11:46:13,TheM3gatr0n,domain,video-hostingers.online,#ClickFix,https://x.com/TheM3gatr0n/status/2105625326839906782
2026-10-01 11:46:13,TheM3gatr0n,url,http://video-hostingers.online,#ClickFix,https://x.com/TheM3gatr0n/status/2105625326839906782
2026-10-01 11:46:13,TheM3gatr0n,domain,video-hostings.online,#ClickFix,https://x.com/TheM3gatr0n/status/2105625326839906782
2026-10-01 11:46:13,TheM3gatr0n,url,http://video-hostings.online,#ClickFix,https://x.com/TheM3gatr0n/status/2105625326839906782
2026-10-01 11:46:13,TheM3gatr0n,domain,video-wide.online,#ClickFix,https://x.com/TheM3gatr0n/status/2105625326839906782
2026-10-01 11:46:13,TheM3gatr0n,url,http://video-wide.online,#ClickFix,https://x.com/TheM3gatr0n/status/2105625326839906782
2026-10-01 11:46:13,TheM3gatr0n,domain,videoclick.online,#ClickFix,https://x.com/TheM3gatr0n/status/2105625326839906782
2026-10-01 11:46:13,TheM3gatr0n,url,http://videoclick.online,#ClickFix,https://x.com/TheM3gatr0n/status/2105625326839906782
2026-10-01 11:46:13,TheM3gatr0n,domain,xursod.com,#ClickFix,https://x.com/TheM3gatr0n/status/2105625326839906782
2026-10-01 11:46:13,TheM3gatr0n,url,http://xursod.com,#ClickFix,https://x.com/TheM3gatr0n/status/2105625326839906782
2026-10-01 11:46:13,TheM3gatr0n,domain,actskillhub.com,#ClickFix,https://x.com/TheM3gatr0n/status/2105625326839906782
2026-10-01 11:46:13,TheM3gatr0n,url,http://actskillhub.com,#ClickFix,https://x.com/TheM3gatr0n/status/2105625326839906782
2026-10-01 11:46:13,TheM3gatr0n,domain,pohon4donly.art,#ClickFix,https://x.com/TheM3gatr0n/status/2105625326839906782
2026-10-01 11:46:13,TheM3gatr0n,url,http://pohon4donly.art,#ClickFix,https://x.com/TheM3gatr0n/status/2105625326839906782
2026-10-01 11:46:13,TheM3gatr0n,domain,user308.workers.dev,#ClickFix,https://x.com/TheM3gatr0n/status/2105625326839906782
2026-10-01 11:46:13,TheM3gatr0n,url,http://user308.workers.dev,#ClickFix,https://x.com/TheM3gatr0n/status/2105625326839906782
2026-10-01 11:46:13,TheM3gatr0n,domain,old-shadow-803d.user308.workers.dev,#ClickFix,https://x.com/TheM3gatr0n/status/2105625326839906782
2026-10-01 11:46:13,TheM3gatr0n,url,http://old-shadow-803d.user308.workers.dev,#ClickFix,https://x.com/TheM3gatr0n/status/2105625326839906782
2026-10-01 12:01:19,phishunt_io,domain,m.facebook.itlandfz.com,#phishing,https://x.com/phishunt_io/status/2105629126698680327
2026-10-01 12:01:19,phishunt_io,url,http://m.facebook.itlandfz.com,#phishing,https://x.com/phishunt_io/status/2105629126698680327
2026-10-01 12:01:19,phishunt_io,ip,62.171.168.66,#phishing,https://x.com/phishunt_io/status/2105629126698680327
2026-10-01 12:13:19,ShiinaaM,domain,omniflowmatrix8.lol,#ClickFix #infostealer #malware,https://x.com/ShiinaaM/status/2105632149303177247
2026-10-01 12:13:19,ShiinaaM,url,https://omniflowmatrix8.lol/?c=AJm9u2qPdgUAd4oCAElEOQAMAAAAAACg,#ClickFix #infostealer #malware,https://x.com/ShiinaaM/status/2105632149303177247
2026-10-01 12:20:25,masaomi346,domain,wudaksldas.com,#phishing,https://x.com/masaomi346/status/2105633933203578986
2026-10-01 12:20:25,masaomi346,url,https://wudaksldas.com/point/download/,#phishing,https://x.com/masaomi346/status/2105633933203578986
2026-10-01 12:20:25,masaomi346,domain,wauskjdas.com,#phishing,https://x.com/masaomi346/status/2105633933203578986
2026-10-01 12:20:25,masaomi346,url,https://wauskjdas.com/point/download/,#phishing,https://x.com/masaomi346/status/2105633933203578986
2026-10-01 12:20:25,masaomi346,url,https://wudaksldas.com/cash/downloadopwad,#phishing,https://x.com/masaomi346/status/2105633933203578986
2026-10-01 12:20:25,masaomi346,url,https://wauskjdas.com/cash/downloadopwad,#phishing,https://x.com/masaomi346/status/2105633933203578986
2026-10-01 12:46:23,TheM3gatr0n,url,http://94.154.43.201/iran.%s,,https://x.com/TheM3gatr0n/status/2105640470101791099
2026-10-01 12:46:23,TheM3gatr0n,url,http://94.154.43.201:80,,https://x.com/TheM3gatr0n/status/2105640470101791099
2026-10-01 12:46:23,TheM3gatr0n,ip,94.154.43.201,,https://x.com/TheM3gatr0n/status/2105640470101791099
2026-10-01 12:46:23,TheM3gatr0n,sha256,1b1d27c505ec561285ce1e5a5816c96256e3abd551ad1ad5d5c7af73f440a518,,https://x.com/TheM3gatr0n/status/2105640470101791099
2026-10-01 12:46:23,TheM3gatr0n,sha256,55e1adcf7b552f67f7d15a5982f1617cdc522430b3d9c2b5a45e0829d5620272,,https://x.com/TheM3gatr0n/status/2105640470101791099
2026-10-01 12:46:23,TheM3gatr0n,sha256,e879bd752c4883b158d41ebb242aeca1912515233e861f5350bd2de23556c517,,https://x.com/TheM3gatr0n/status/2105640470101791099
2026-10-01 13:00:07,scanmalware,domain,sp33ct-varelo-biz-faneki-zumaro.pages.dev,#phishing,https://x.com/scanmalware/status/2105643924295414171
2026-10-01 13:00:07,scanmalware,url,http://sp33ct-varelo-biz-faneki-zumaro.pages.dev,#phishing,https://x.com/scanmalware/status/2105643924295414171
2026-10-01 14:15:00,spamrats,domain,indeedinternationals.com,#phishing,https://x.com/spamrats/status/2105662771899863457
2026-10-01 14:15:00,spamrats,url,http://indeedinternationals.com,#phishing,https://x.com/spamrats/status/2105662771899863457
2026-10-01 14:42:09,PhishStats,domain,xfmdnsr.com,#phishing,https://x.com/PhishStats/status/2105669601698759163
2026-10-01 14:42:09,PhishStats,url,http://xfmdnsr.com/index.php,#phishing,https://x.com/PhishStats/status/2105669601698759163
2026-10-01 14:42:09,PhishStats,ip,51.161.21.1,#phishing,https://x.com/PhishStats/status/2105669601698759163
2026-10-01 15:00:00,phatomcandle,domain,requires5.dynu.org,#APT #C2 #Kimsuky #malware,https://x.com/phatomcandle/status/2105674095941554234
2026-10-01 15:00:00,phatomcandle,url,http://requires5.dynu.org,#APT #C2 #Kimsuky #malware,https://x.com/phatomcandle/status/2105674095941554234
2026-10-01 15:00:00,phatomcandle,url,http://152.32.243.238,#APT #C2 #Kimsuky #malware,https://x.com/phatomcandle/status/2105674095941554234
2026-10-01 15:00:00,phatomcandle,ip,152.32.243.238,#APT #C2 #Kimsuky #malware,https://x.com/phatomcandle/status/2105674095941554234
2026-10-01 15:30:30,Coolcarlos17,domain,obracertaatacado.com,#phishing #scam,https://x.com/Coolcarlos17/status/2105681770460893207
2026-10-01 15:30:30,Coolcarlos17,url,http://obracertaatacado.com,#phishing #scam,https://x.com/Coolcarlos17/status/2105681770460893207
2026-10-01 16:32:46,SquiblydooBlog,sha256,b25c9e7e793a86965779a71a8e8f81a2d43f40db54b7c252768faff306071fd6,,https://x.com/SquiblydooBlog/status/2105697441857065322
2026-10-01 16:55:39,teamcymru_S2,ip,8.210.67.79,,https://x.com/teamcymru_S2/status/2105703199189475676
2026-10-01 16:55:39,teamcymru_S2,ip,35.203.134.133,,https://x.com/teamcymru_S2/status/2105703199189475676
2026-10-01 16:55:39,teamcymru_S2,ip,38.60.125.123,,https://x.com/teamcymru_S2/status/2105703199189475676
2026-10-01 16:55:39,teamcymru_S2,ip,38.181.56.130,,https://x.com/teamcymru_S2/status/2105703199189475676
2026-10-01 16:55:39,teamcymru_S2,ip,43.98.165.114,,https://x.com/teamcymru_S2/status/2105703199189475676
2026-10-01 16:55:39,teamcymru_S2,ip,43.108.57.27,,https://x.com/teamcymru_S2/status/2105703199189475676
2026-10-01 16:55:39,teamcymru_S2,ip,43.136.35.215,,https://x.com/teamcymru_S2/status/2105703199189475676
2026-10-01 16:55:39,teamcymru_S2,ip,43.160.231.87,,https://x.com/teamcymru_S2/status/2105703199189475676
2026-10-01 16:55:39,teamcymru_S2,ip,43.165.167.94,,https://x.com/teamcymru_S2/status/2105703199189475676
2026-10-01 16:55:39,teamcymru_S2,ip,43.255.28.208,,https://x.com/teamcymru_S2/status/2105703199189475676
2026-10-01 16:55:39,teamcymru_S2,ip,45.192.110.60,,https://x.com/teamcymru_S2/status/2105703199189475676
2026-10-01 16:55:39,teamcymru_S2,ip,47.236.83.240,,https://x.com/teamcymru_S2/status/2105703199189475676
2026-10-01 16:55:39,teamcymru_S2,ip,47.254.120.61,,https://x.com/teamcymru_S2/status/2105703199189475676
2026-10-01 16:55:39,teamcymru_S2,ip,64.90.13.176,,https://x.com/teamcymru_S2/status/2105703199189475676
2026-10-01 16:55:39,teamcymru_S2,ip,89.125.43.163,,https://x.com/teamcymru_S2/status/2105703199189475676
2026-10-01 16:55:39,teamcymru_S2,ip,103.27.79.231,,https://x.com/teamcymru_S2/status/2105703199189475676
2026-10-01 16:55:39,teamcymru_S2,ip,103.30.78.49,,https://x.com/teamcymru_S2/status/2105703199189475676
2026-10-01 16:55:39,teamcymru_S2,ip,103.52.153.142,,https://x.com/teamcymru_S2/status/2105703199189475676
2026-10-01 16:55:39,teamcymru_S2,ip,103.230.240.83,,https://x.com/teamcymru_S2/status/2105703199189475676
2026-10-01 16:55:39,teamcymru_S2,ip,103.242.2.144,,https://x.com/teamcymru_S2/status/2105703199189475676
2026-10-01 16:55:39,teamcymru_S2,ip,103.254.148.169,,https://x.com/teamcymru_S2/status/2105703199189475676
2026-10-01 16:55:39,teamcymru_S2,ip,107.149.129.212,,https://x.com/teamcymru_S2/status/2105703199189475676
2026-10-01 16:55:39,teamcymru_S2,ip,107.175.49.181,,https://x.com/teamcymru_S2/status/2105703199189475676
2026-10-01 16:55:39,teamcymru_S2,ip,112.213.103.111,,https://x.com/teamcymru_S2/status/2105703199189475676
2026-10-01 16:55:39,teamcymru_S2,ip,112.213.108.85,,https://x.com/teamcymru_S2/status/2105703199189475676
2026-10-01 16:55:39,teamcymru_S2,ip,112.213.110.214,,https://x.com/teamcymru_S2/status/2105703199189475676
2026-10-01 16:55:39,teamcymru_S2,ip,118.107.35.196,,https://x.com/teamcymru_S2/status/2105703199189475676
2026-10-01 16:55:39,teamcymru_S2,ip,118.107.35.248,,https://x.com/teamcymru_S2/status/2105703199189475676
2026-10-01 16:55:39,teamcymru_S2,ip,154.18.187.160,,https://x.com/teamcymru_S2/status/2105703199189475676
2026-10-01 16:55:39,teamcymru_S2,ip,154.23.141.210,,https://x.com/teamcymru_S2/status/2105703199189475676
2026-10-01 16:55:39,teamcymru_S2,ip,154.36.167.198,,https://x.com/teamcymru_S2/status/2105703199189475676
2026-10-01 16:55:39,teamcymru_S2,ip,156.238.120.147,,https://x.com/teamcymru_S2/status/2105703199189475676
2026-10-01 16:55:39,teamcymru_S2,ip,157.119.103.204,,https://x.com/teamcymru_S2/status/2105703199189475676
2026-10-01 16:55:39,teamcymru_S2,ip,162.4.136.30,,https://x.com/teamcymru_S2/status/2105703199189475676
2026-10-01 16:55:39,teamcymru_S2,ip,162.251.94.208,,https://x.com/teamcymru_S2/status/2105703199189475676
2026-10-01 16:55:39,teamcymru_S2,ip,167.104.101.115,,https://x.com/teamcymru_S2/status/2105703199189475676
2026-10-01 16:55:39,teamcymru_S2,ip,186.244.231.115,,https://x.com/teamcymru_S2/status/2105703199189475676
2026-10-01 16:55:39,teamcymru_S2,ip,191.40.37.39,,https://x.com/teamcymru_S2/status/2105703199189475676
2026-10-01 16:55:39,teamcymru_S2,ip,192.253.229.191,,https://x.com/teamcymru_S2/status/2105703199189475676
2026-10-01 16:55:39,teamcymru_S2,ip,206.238.20.42,,https://x.com/teamcymru_S2/status/2105703199189475676
2026-10-01 16:55:39,teamcymru_S2,ip,208.87.200.68,,https://x.com/teamcymru_S2/status/2105703199189475676
2026-10-01 16:55:39,teamcymru_S2,ip,209.222.251.117,,https://x.com/teamcymru_S2/status/2105703199189475676
2026-10-01 16:55:39,teamcymru_S2,ip,210.126.235.135,,https://x.com/teamcymru_S2/status/2105703199189475676
2026-10-01 17:02:50,Fact_Finder03,ip,31.77.112.209,#C2,https://x.com/Fact_Finder03/status/2105705007421256071
2026-10-01 17:23:05,0xb1lal,domain,h4x.tv,,https://x.com/0xb1lal/status/2105710102703390781
2026-10-01 17:23:05,0xb1lal,url,http://h4x.tv/back,,https://x.com/0xb1lal/status/2105710102703390781
2026-10-01 17:23:05,0xb1lal,url,http://h4x.tv,,https://x.com/0xb1lal/status/2105710102703390781
2026-10-01 17:23:05,0xb1lal,url,http://h4x.tv:6363,,https://x.com/0xb1lal/status/2105710102703390781
2026-10-01 17:23:05,0xb1lal,ip,46.101.197.32,,https://x.com/0xb1lal/status/2105710102703390781
2026-10-01 17:47:39,marcandrebeaul1,domain,arcadiacoffee.ie,#phishing,https://x.com/marcandrebeaul1/status/2105716285006909652
2026-10-01 17:47:39,marcandrebeaul1,url,http://arcadiacoffee.ie/plan,#phishing,https://x.com/marcandrebeaul1/status/2105716285006909652
2026-10-01 18:01:22,TKemmerling,domain,updates.nmwatchman.com,#phishing,https://x.com/TKemmerling/status/2105719736717963345
2026-10-01 18:01:22,TKemmerling,url,http://updates.nmwatchman.com,#phishing,https://x.com/TKemmerling/status/2105719736717963345
2026-10-01 18:01:22,TKemmerling,domain,paramontdeltosinn.s3.us-east-1.amazonaws.com,#phishing,https://x.com/TKemmerling/status/2105719736717963345
2026-10-01 18:01:22,TKemmerling,url,http://paramontdeltosinn.s3.us-east-1.amazonaws.com,#phishing,https://x.com/TKemmerling/status/2105719736717963345
2026-10-01 19:31:14,smica83,domain,guach.net,,https://x.com/smica83/status/2105742352727810345
2026-10-01 19:31:14,smica83,url,http://guach.net,,https://x.com/smica83/status/2105742352727810345
2026-10-01 19:31:14,smica83,sha256,105e97b7db3e3398416f5e73b91a408a6dcea54f1049ff581353984fcfbeda1f,,https://x.com/smica83/status/2105742352727810345
2026-10-01 20:06:38,TKemmerling,domain,burysslipway.com,#phishing,https://x.com/TKemmerling/status/2105751260632879572
2026-10-01 20:06:38,TKemmerling,url,http://burysslipway.com,#phishing,https://x.com/TKemmerling/status/2105751260632879572
2026-10-01 20:06:38,TKemmerling,domain,cs21613.s3.us-east-1.amazonaws.com,#phishing,https://x.com/TKemmerling/status/2105751260632879572
2026-10-01 20:06:38,TKemmerling,url,http://cs21613.s3.us-east-1.amazonaws.com,#phishing,https://x.com/TKemmerling/status/2105751260632879572
2026-10-01 20:10:14,TKemmerling,domain,health.vitalhealthportal.com,#phishing,https://x.com/TKemmerling/status/2105752168737513828
2026-10-01 20:10:14,TKemmerling,url,http://health.vitalhealthportal.com,#phishing,https://x.com/TKemmerling/status/2105752168737513828
2026-10-01 20:10:14,TKemmerling,domain,wealthstepguide.com,#phishing,https://x.com/TKemmerling/status/2105752168737513828
2026-10-01 20:10:14,TKemmerling,url,http://wealthstepguide.com,#phishing,https://x.com/TKemmerling/status/2105752168737513828
2026-10-01 20:24:00,500mk500,url,http://213.145.86.42:8080,,https://x.com/500mk500/status/2105755632083120279
2026-10-01 20:24:00,500mk500,url,http://79.110.49.138:8080,,https://x.com/500mk500/status/2105755632083120279
2026-10-01 20:24:00,500mk500,ip,213.145.86.42,,https://x.com/500mk500/status/2105755632083120279
2026-10-01 20:24:00,500mk500,ip,79.110.49.138,,https://x.com/500mk500/status/2105755632083120279
2026-10-01 21:04:54,malwrhunterteam,domain,c2.teamzeroday.net,,https://x.com/malwrhunterteam/status/2105765925324763153
2026-10-01 21:04:54,malwrhunterteam,url,http://c2.teamzeroday.net/bin/,,https://x.com/malwrhunterteam/status/2105765925324763153
2026-10-01 21:25:22,malwrhunterteam,domain,download.tender-confirmation.com,,https://x.com/malwrhunterteam/status/2105771076219535499
2026-10-01 21:25:22,malwrhunterteam,url,http://download.tender-confirmation.com:8080/file/,,https://x.com/malwrhunterteam/status/2105771076219535499
2026-10-01 22:04:37,PhishStats,ip,3.120.154.17,#phishing,https://x.com/PhishStats/status/2105780953872527760
2026-10-01 22:40:51,masaomi346,domain,xasltqmhggfw-jp.com,#malware #phishing,https://x.com/masaomi346/status/2105790071987425610
2026-10-01 22:40:51,masaomi346,url,https://xasltqmhggfw-jp.com,#malware #phishing,https://x.com/masaomi346/status/2105790071987425610
2026-10-01 22:40:51,masaomi346,domain,hushedplai-jp.com,#malware #phishing,https://x.com/masaomi346/status/2105790071987425610
2026-10-01 22:40:51,masaomi346,url,https://hushedplai-jp.com,#malware #phishing,https://x.com/masaomi346/status/2105790071987425610
2026-10-01 22:40:51,masaomi346,domain,xiyuegongju-jp.com,#malware #phishing,https://x.com/masaomi346/status/2105790071987425610
2026-10-01 22:40:51,masaomi346,url,https://xiyuegongju-jp.com,#malware #phishing,https://x.com/masaomi346/status/2105790071987425610
2026-10-01 22:40:51,masaomi346,domain,weifenqianbao-jp.com,#malware #phishing,https://x.com/masaomi346/status/2105790071987425610
2026-10-01 22:40:51,masaomi346,url,https://weifenqianbao-jp.com,#malware #phishing,https://x.com/masaomi346/status/2105790071987425610
2026-10-01 22:40:51,masaomi346,domain,jiangchashi-jp.com,#malware #phishing,https://x.com/masaomi346/status/2105790071987425610
2026-10-01 22:40:51,masaomi346,url,https://jiangchashi-jp.com,#malware #phishing,https://x.com/masaomi346/status/2105790071987425610
2026-10-01 22:40:51,masaomi346,domain,yaojinhouse-jp.com,#malware #phishing,https://x.com/masaomi346/status/2105790071987425610
2026-10-01 22:40:51,masaomi346,url,https://yaojinhouse-jp.com,#malware #phishing,https://x.com/masaomi346/status/2105790071987425610
2026-10-01 22:40:51,masaomi346,sha256,c84508ae0813faef6ad59dde56c648f327b162938ff3e7c7526b7ab81ff82ea7,#malware #phishing,https://x.com/masaomi346/status/2105790071987425610
2026-10-01 23:17:27,TKemmerling,domain,investkursonline.com,#phishing,https://x.com/TKemmerling/status/2105799281378766907
2026-10-01 23:17:27,TKemmerling,url,http://investkursonline.com,#phishing,https://x.com/TKemmerling/status/2105799281378766907
2026-10-01 23:17:27,TKemmerling,domain,pridemodularhomesllc.info,#phishing,https://x.com/TKemmerling/status/2105799281378766907
2026-10-01 23:17:27,TKemmerling,url,http://pridemodularhomesllc.info,#phishing,https://x.com/TKemmerling/status/2105799281378766907
2026-10-02 00:30:46,scanmalware,domain,get-fix-here-got.vercel.app,#ransomware,https://x.com/scanmalware/status/2105817733233328320
2026-10-02 00:30:46,scanmalware,url,http://get-fix-here-got.vercel.app,#ransomware,https://x.com/scanmalware/status/2105817733233328320
2026-10-02 02:31:41,aulap_id,domain,docsport.vercel.app,#phishing,https://x.com/aulap_id/status/2105848161856328187
2026-10-02 02:31:41,aulap_id,url,http://docsport.vercel.app,#phishing,https://x.com/aulap_id/status/2105848161856328187
2026-10-02 02:31:41,aulap_id,domain,portlcoedu.com,#phishing,https://x.com/aulap_id/status/2105848161856328187
2026-10-02 02:31:41,aulap_id,url,http://portlcoedu.com,#phishing,https://x.com/aulap_id/status/2105848161856328187
2026-10-02 02:50:03,scanmalware,domain,neww-project-pdffiles.vercel.app,#ransomware,https://x.com/scanmalware/status/2105852786411729375
2026-10-02 02:50:03,scanmalware,url,http://www.neww-project-pdffiles.vercel.app,#ransomware,https://x.com/scanmalware/status/2105852786411729375
2026-10-02 04:06:13,masaomi346,domain,thalassaix.cfd,#phishing,https://x.com/masaomi346/status/2105871953664102552
2026-10-02 04:06:13,masaomi346,url,https://thalassaix.cfd/menkyo/#/index,#phishing,https://x.com/masaomi346/status/2105871953664102552
2026-10-02 04:06:15,patialavii,domain,boxercourier.com,#phishing,https://x.com/patialavii/status/2105871963109703880
2026-10-02 04:06:15,patialavii,url,https://boxercourier.com/en/,#phishing,https://x.com/patialavii/status/2105871963109703880
2026-10-02 04:06:15,patialavii,domain,hl-ltd.screenconnect.com,#phishing,https://x.com/patialavii/status/2105871963109703880
2026-10-02 04:06:15,patialavii,url,https://hl-ltd.screenconnect.com/Bin/ScreenConnect.ClientSetup.exe,#phishing,https://x.com/patialavii/status/2105871963109703880
2026-10-02 04:08:56,patialavii,domain,onixone.com.co,#phishing,https://x.com/patialavii/status/2105872637608255523
2026-10-02 04:08:56,patialavii,url,https://onixone.com.co/UPDATE/download.html,#phishing,https://x.com/patialavii/status/2105872637608255523
2026-10-02 04:08:56,patialavii,url,https://onixone.com.co/UPDATE/ScreenConnect.ClientSetup.exe,#phishing,https://x.com/patialavii/status/2105872637608255523
2026-10-02 04:20:19,patialavii,domain,luxfab.luxe,,https://x.com/patialavii/status/2105875500057165923
2026-10-02 04:20:19,patialavii,url,https://luxfab.luxe/Adobe_Installer.html,,https://x.com/patialavii/status/2105875500057165923
2026-10-02 04:20:19,patialavii,domain,fdp122.nyc3.digitaloceanspaces.com,,https://x.com/patialavii/status/2105875500057165923
2026-10-02 04:20:19,patialavii,url,https://fdp122.nyc3.digitaloceanspaces.com/fileshared/Fileshared.msi,,https://x.com/patialavii/status/2105875500057165923
2026-10-02 04:20:19,patialavii,sha256,e2a34605b9b59bac25a77ee77d0ae62dea9b441a0b2018af8dea570bc40af23f,,https://x.com/patialavii/status/2105875500057165923
2026-10-02 04:25:44,patialavii,domain,cloud.repeatcarrental.com,#phishing,https://x.com/patialavii/status/2105876866750095552
2026-10-02 04:25:44,patialavii,url,https://cloud.repeatcarrental.com/meeting/,#phishing,https://x.com/patialavii/status/2105876866750095552
2026-10-02 05:51:18,masaomi346,domain,hanvior.cfd,#phishing,https://x.com/masaomi346/status/2105898396632711639
2026-10-02 05:51:18,masaomi346,url,https://hanvior.cfd/resonabank,#phishing,https://x.com/masaomi346/status/2105898396632711639
2026-10-02 06:21:05,bomccss,sha256,c309560c0a8af7daf1e9aa170f5e5d3149fee6e5306be673716dc6a4cebdc4c0,#Formbook,https://x.com/bomccss/status/2105905893011542444
2026-10-02 06:21:44,skocherhan,domain,openai-credit.com,,https://x.com/skocherhan/status/2105906058723995764
2026-10-02 06:21:44,skocherhan,url,http://openai-credit.com,,https://x.com/skocherhan/status/2105906058723995764
2026-10-02 06:21:44,skocherhan,domain,openai-credits.com,,https://x.com/skocherhan/status/2105906058723995764
2026-10-02 06:21:44,skocherhan,url,http://openai-credits.com,,https://x.com/skocherhan/status/2105906058723995764
2026-10-02 06:21:44,skocherhan,domain,openai-bonus.com,,https://x.com/skocherhan/status/2105906058723995764
2026-10-02 06:21:44,skocherhan,url,http://openai-bonus.com,,https://x.com/skocherhan/status/2105906058723995764
2026-10-02 06:21:44,skocherhan,domain,openeii.com,,https://x.com/skocherhan/status/2105906058723995764
2026-10-02 06:21:44,skocherhan,url,http://openeii.com,,https://x.com/skocherhan/status/2105906058723995764
2026-10-02 06:21:44,skocherhan,domain,openaaii.com,,https://x.com/skocherhan/status/2105906058723995764
2026-10-02 06:21:44,skocherhan,url,http://openaaii.com,,https://x.com/skocherhan/status/2105906058723995764
2026-10-02 06:21:44,skocherhan,domain,careers-openai.com,,https://x.com/skocherhan/status/2105906058723995764
2026-10-02 06:21:44,skocherhan,url,http://careers-openai.com,,https://x.com/skocherhan/status/2105906058723995764
2026-10-02 06:29:01,suyog41,md5,9a30c5d73737a637058fcf8468541a2f,,https://x.com/suyog41/status/2105907888183025669
2026-10-02 07:16:35,bomccss,sha256,e9e6a9d8a06d7be611be2a8f4a6f53388e01512c76e2d222ce39d737705a28a1,#AgentTesla,https://x.com/bomccss/status/2105919862317175185
2026-10-02 07:44:48,TLP_R3D,domain,settingsportal.com,,https://x.com/TLP_R3D/status/2105926962833498606
2026-10-02 07:44:48,TLP_R3D,url,http://settingsportal.com,,https://x.com/TLP_R3D/status/2105926962833498606
2026-10-02 08:04:43,Fact_Finder03,ip,155.117.20.119,#C2,https://x.com/Fact_Finder03/status/2105931973499986036
2026-10-02 09:04:56,tdatwja,md5,ee0bbb719b48c7b166d5c228290e72c9,#Formbook,https://x.com/tdatwja/status/2105947127755223200
2026-10-02 09:04:56,tdatwja,sha256,0eb380a4609662b66d946d0991e810aa47b80dc3733aee4e59cfba1bd1107ce7,#Formbook,https://x.com/tdatwja/status/2105947127755223200
2026-10-02 09:10:53,tdatwja,md5,e12a3fe0030d91570c651c4615899962,#AgentTesla,https://x.com/tdatwja/status/2105948626317193465
2026-10-02 09:10:53,tdatwja,sha256,b15494c671395c45978800229a26fbfcb1af47337974e120e6885cab21b6578c,#AgentTesla,https://x.com/tdatwja/status/2105948626317193465
2026-10-02 10:02:26,_AkatsukiLegion,url,http://50.114.5.38:9996,#phishing,https://x.com/_AkatsukiLegion/status/2105961597311287297
2026-10-02 10:02:26,_AkatsukiLegion,ip,50.114.5.38,#phishing,https://x.com/_AkatsukiLegion/status/2105961597311287297
2026-10-02 10:25:40,suyog41,md5,7486440545d208eea86382204d2a92a8,,https://x.com/suyog41/status/2105967446138179905
2026-10-02 10:27:53,PhishStats,domain,dmuchawa-do-lisci-pl.com,#phishing,https://x.com/PhishStats/status/2105968003712258547
2026-10-02 10:27:53,PhishStats,url,https://dmuchawa-do-lisci-pl.com,#phishing,https://x.com/PhishStats/status/2105968003712258547
2026-10-02 10:27:53,PhishStats,ip,208.187.244.6,#phishing,https://x.com/PhishStats/status/2105968003712258547
2026-10-02 11:00:54,malwrhunterteam,domain,expirience.icu,,https://x.com/malwrhunterteam/status/2105976312867459087
2026-10-02 11:00:54,malwrhunterteam,url,https://expirience.icu,,https://x.com/malwrhunterteam/status/2105976312867459087
2026-10-02 11:54:16,Fact_Finder03,ip,87.121.104.154,,https://x.com/Fact_Finder03/status/2105989740147437891
2026-10-02 11:54:31,webamon_search,sha256,b4c50a84aa052aaa602ff8ffd516ff38b3ffb91d7a6d672b7906a897a7ff6bcc,,https://x.com/webamon_search/status/2105989803715989712
2026-10-02 12:00:36,Fact_Finder03,ip,5.181.156.136,#C2,https://x.com/Fact_Finder03/status/2105991333806829910
2026-10-02 12:19:10,Fact_Finder03,ip,212.80.205.63,#C2,https://x.com/Fact_Finder03/status/2105996008685748361
2026-10-02 12:19:10,Fact_Finder03,ip,80.97.160.90,#C2,https://x.com/Fact_Finder03/status/2105996008685748361
2026-10-02 12:19:10,Fact_Finder03,ip,49.51.50.66,#C2,https://x.com/Fact_Finder03/status/2105996008685748361
2026-10-02 12:24:54,masaomi346,domain,interseq.at,#ClickFix #malware,https://x.com/masaomi346/status/2105997452524519452
2026-10-02 12:24:54,masaomi346,url,http://interseq.at,#ClickFix #malware,https://x.com/masaomi346/status/2105997452524519452
2026-10-02 12:33:12,masaomi346,url,https://openai-credit.com,#ClickFix #malware,https://x.com/masaomi346/status/2105999540436472089
2026-10-02 12:48:50,skocherhan,domain,coral-thistle-kilmkruon.top,,https://x.com/skocherhan/status/2106003473783525555
2026-10-02 12:48:50,skocherhan,url,http://coral-thistle-kilmkruon.top,,https://x.com/skocherhan/status/2106003473783525555
2026-10-02 12:48:50,skocherhan,url,http://77.221.143.224,,https://x.com/skocherhan/status/2106003473783525555
2026-10-02 12:48:50,skocherhan,ip,77.221.143.224,,https://x.com/skocherhan/status/2106003473783525555
2026-10-02 13:51:37,teamcymru_S2,domain,1419993777.cyou,,https://x.com/teamcymru_S2/status/2106019274342986023
2026-10-02 13:51:37,teamcymru_S2,url,http://1419993777.cyou,,https://x.com/teamcymru_S2/status/2106019274342986023
2026-10-02 13:51:37,teamcymru_S2,domain,1606837286.cyou,,https://x.com/teamcymru_S2/status/2106019274342986023
2026-10-02 13:51:37,teamcymru_S2,url,http://1606837286.cyou,,https://x.com/teamcymru_S2/status/2106019274342986023
2026-10-02 13:51:37,teamcymru_S2,domain,1874912064.cyou,,https://x.com/teamcymru_S2/status/2106019274342986023
2026-10-02 13:51:37,teamcymru_S2,url,http://1874912064.cyou,,https://x.com/teamcymru_S2/status/2106019274342986023
2026-10-02 13:51:37,teamcymru_S2,domain,2071486361jhute45r.cyou,,https://x.com/teamcymru_S2/status/2106019274342986023
2026-10-02 13:51:37,teamcymru_S2,url,http://2071486361jhute45r.cyou,,https://x.com/teamcymru_S2/status/2106019274342986023
2026-10-02 13:51:37,teamcymru_S2,domain,5043990463kjh.cyou,,https://x.com/teamcymru_S2/status/2106019274342986023
2026-10-02 13:51:37,teamcymru_S2,url,http://5043990463kjh.cyou,,https://x.com/teamcymru_S2/status/2106019274342986023
2026-10-02 13:51:37,teamcymru_S2,domain,5044298614.cyou,,https://x.com/teamcymru_S2/status/2106019274342986023
2026-10-02 13:51:37,teamcymru_S2,url,http://5044298614.cyou,,https://x.com/teamcymru_S2/status/2106019274342986023
2026-10-02 13:51:37,teamcymru_S2,domain,5140390597.cyou,,https://x.com/teamcymru_S2/status/2106019274342986023
2026-10-02 13:51:37,teamcymru_S2,url,http://5140390597.cyou,,https://x.com/teamcymru_S2/status/2106019274342986023
2026-10-02 13:51:37,teamcymru_S2,domain,5247145664.cyou,,https://x.com/teamcymru_S2/status/2106019274342986023
2026-10-02 13:51:37,teamcymru_S2,url,http://5247145664.cyou,,https://x.com/teamcymru_S2/status/2106019274342986023
2026-10-02 13:51:37,teamcymru_S2,domain,2008377162.cfd,,https://x.com/teamcymru_S2/status/2106019274342986023
2026-10-02 13:51:37,teamcymru_S2,url,http://2008377162.cfd,,https://x.com/teamcymru_S2/status/2106019274342986023
2026-10-02 13:51:37,teamcymru_S2,domain,460595718.cfd,,https://x.com/teamcymru_S2/status/2106019274342986023
2026-10-02 13:51:37,teamcymru_S2,url,http://460595718.cfd,,https://x.com/teamcymru_S2/status/2106019274342986023
2026-10-02 13:51:37,teamcymru_S2,domain,5889631857.cfd,,https://x.com/teamcymru_S2/status/2106019274342986023
2026-10-02 13:51:37,teamcymru_S2,url,http://5889631857.cfd,,https://x.com/teamcymru_S2/status/2106019274342986023
2026-10-02 13:51:37,teamcymru_S2,domain,1035362455.sbs,,https://x.com/teamcymru_S2/status/2106019274342986023
2026-10-02 13:51:37,teamcymru_S2,url,http://1035362455.sbs,,https://x.com/teamcymru_S2/status/2106019274342986023
2026-10-02 13:51:37,teamcymru_S2,domain,5767896359.sbs,,https://x.com/teamcymru_S2/status/2106019274342986023
2026-10-02 13:51:37,teamcymru_S2,url,http://5767896359.sbs,,https://x.com/teamcymru_S2/status/2106019274342986023
2026-10-02 13:51:37,teamcymru_S2,domain,adaptableinfrastructure.de,,https://x.com/teamcymru_S2/status/2106019274342986023
2026-10-02 13:51:37,teamcymru_S2,url,http://adaptableinfrastructure.de,,https://x.com/teamcymru_S2/status/2106019274342986023
2026-10-02 13:51:37,teamcymru_S2,domain,architectureinnovationhub.de,,https://x.com/teamcymru_S2/status/2106019274342986023
2026-10-02 13:51:37,teamcymru_S2,url,http://architectureinnovationhub.de,,https://x.com/teamcymru_S2/status/2106019274342986023
2026-10-02 13:51:37,teamcymru_S2,domain,boostingcustomerjoy.de,,https://x.com/teamcymru_S2/status/2106019274342986023
2026-10-02 13:51:37,teamcymru_S2,url,http://boostingcustomerjoy.de,,https://x.com/teamcymru_S2/status/2106019274342986023
2026-10-02 13:51:37,teamcymru_S2,domain,brandstrengththroughconsistency.de,,https://x.com/teamcymru_S2/status/2106019274342986023
2026-10-02 13:51:37,teamcymru_S2,url,http://brandstrengththroughconsistency.de,,https://x.com/teamcymru_S2/status/2106019274342986023
2026-10-02 13:51:37,teamcymru_S2,domain,brewingwithoutagenda.de,,https://x.com/teamcymru_S2/status/2106019274342986023
2026-10-02 13:51:37,teamcymru_S2,url,http://brewingwithoutagenda.de,,https://x.com/teamcymru_S2/status/2106019274342986023
2026-10-02 13:51:37,teamcymru_S2,domain,buildforgrowth.de,,https://x.com/teamcymru_S2/status/2106019274342986023
2026-10-02 13:51:37,teamcymru_S2,url,http://buildforgrowth.de,,https://x.com/teamcymru_S2/status/2106019274342986023
2026-10-02 13:51:37,teamcymru_S2,domain,chartwells-consulting.com,,https://x.com/teamcymru_S2/status/2106019274342986023
2026-10-02 13:51:37,teamcymru_S2,url,http://chartwells-consulting.com,,https://x.com/teamcymru_S2/status/2106019274342986023
2026-10-02 14:30:33,fr0s7_,url,http://107.175.82.242:9000/wilow/,,https://x.com/fr0s7_/status/2106029073407377799
2026-10-02 14:30:33,fr0s7_,ip,107.175.82.242,,https://x.com/fr0s7_/status/2106029073407377799
2026-10-02 14:40:44,byrne_emmy12099,url,http://31.59.138.144/aes.js,#APT,https://x.com/byrne_emmy12099/status/2106031636030902298
2026-10-02 14:40:44,byrne_emmy12099,ip,31.59.138.144,#APT,https://x.com/byrne_emmy12099/status/2106031636030902298
2026-10-02 14:59:25,Coolcarlos17,domain,ricoldimateriaisparaconstrucoes.com,#phishing #scam,https://x.com/Coolcarlos17/status/2106036337589522626
2026-10-02 14:59:25,Coolcarlos17,url,https://www.ricoldimateriaisparaconstrucoes.com,#phishing #scam,https://x.com/Coolcarlos17/status/2106036337589522626
2026-10-02 14:59:25,Coolcarlos17,domain,jomaconstrucao.com,#phishing #scam,https://x.com/Coolcarlos17/status/2106036337589522626
2026-10-02 14:59:25,Coolcarlos17,url,http://jomaconstrucao.com,#phishing #scam,https://x.com/Coolcarlos17/status/2106036337589522626
2026-10-02 15:38:18,teamcymru_S2,ip,38.11.173.1,,https://x.com/teamcymru_S2/status/2106046121827037599
2026-10-02 15:38:18,teamcymru_S2,ip,38.11.173.5,,https://x.com/teamcymru_S2/status/2106046121827037599
2026-10-02 15:38:18,teamcymru_S2,ip,38.11.173.10,,https://x.com/teamcymru_S2/status/2106046121827037599
2026-10-02 15:38:18,teamcymru_S2,ip,38.11.173.14,,https://x.com/teamcymru_S2/status/2106046121827037599
2026-10-02 15:38:18,teamcymru_S2,ip,38.11.173.19,,https://x.com/teamcymru_S2/status/2106046121827037599
2026-10-02 15:38:18,teamcymru_S2,ip,38.11.173.23,,https://x.com/teamcymru_S2/status/2106046121827037599
2026-10-02 15:38:18,teamcymru_S2,ip,38.11.173.28,,https://x.com/teamcymru_S2/status/2106046121827037599
2026-10-02 15:38:18,teamcymru_S2,ip,38.11.173.32,,https://x.com/teamcymru_S2/status/2106046121827037599
2026-10-02 15:38:18,teamcymru_S2,ip,38.11.173.37,,https://x.com/teamcymru_S2/status/2106046121827037599
2026-10-02 15:38:18,teamcymru_S2,ip,38.11.173.41,,https://x.com/teamcymru_S2/status/2106046121827037599
2026-10-02 15:38:18,teamcymru_S2,ip,38.11.173.46,,https://x.com/teamcymru_S2/status/2106046121827037599
2026-10-02 15:38:18,teamcymru_S2,ip,38.11.173.50,,https://x.com/teamcymru_S2/status/2106046121827037599
2026-10-02 15:38:18,teamcymru_S2,ip,38.11.173.59,,https://x.com/teamcymru_S2/status/2106046121827037599
2026-10-02 15:38:18,teamcymru_S2,ip,38.11.173.68,,https://x.com/teamcymru_S2/status/2106046121827037599
2026-10-02 15:38:18,teamcymru_S2,ip,38.11.173.77,,https://x.com/teamcymru_S2/status/2106046121827037599
2026-10-02 15:38:18,teamcymru_S2,ip,38.11.173.86,,https://x.com/teamcymru_S2/status/2106046121827037599
2026-10-02 15:38:18,teamcymru_S2,ip,38.11.173.95,,https://x.com/teamcymru_S2/status/2106046121827037599
2026-10-02 15:38:18,teamcymru_S2,ip,38.11.173.104,,https://x.com/teamcymru_S2/status/2106046121827037599
2026-10-02 15:38:18,teamcymru_S2,ip,38.11.173.108,,https://x.com/teamcymru_S2/status/2106046121827037599
2026-10-02 15:38:18,teamcymru_S2,ip,38.11.173.113,,https://x.com/teamcymru_S2/status/2106046121827037599
2026-10-02 15:38:18,teamcymru_S2,ip,38.11.173.117,,https://x.com/teamcymru_S2/status/2106046121827037599
2026-10-02 15:38:18,teamcymru_S2,ip,38.11.173.122,,https://x.com/teamcymru_S2/status/2106046121827037599
2026-10-02 15:38:18,teamcymru_S2,ip,38.11.221.9,,https://x.com/teamcymru_S2/status/2106046121827037599
2026-10-02 15:38:18,teamcymru_S2,ip,38.11.221.18,,https://x.com/teamcymru_S2/status/2106046121827037599
2026-10-02 15:38:18,teamcymru_S2,ip,38.11.221.27,,https://x.com/teamcymru_S2/status/2106046121827037599
2026-10-02 15:38:18,teamcymru_S2,ip,38.11.221.36,,https://x.com/teamcymru_S2/status/2106046121827037599
2026-10-02 15:38:18,teamcymru_S2,ip,38.11.221.45,,https://x.com/teamcymru_S2/status/2106046121827037599
2026-10-02 15:38:18,teamcymru_S2,ip,38.11.221.49,,https://x.com/teamcymru_S2/status/2106046121827037599
2026-10-02 15:38:18,teamcymru_S2,ip,38.11.221.54,,https://x.com/teamcymru_S2/status/2106046121827037599
2026-10-02 15:38:18,teamcymru_S2,ip,38.11.221.58,,https://x.com/teamcymru_S2/status/2106046121827037599
2026-10-02 15:38:18,teamcymru_S2,ip,38.11.221.63,,https://x.com/teamcymru_S2/status/2106046121827037599
2026-10-02 15:38:18,teamcymru_S2,ip,38.11.221.72,,https://x.com/teamcymru_S2/status/2106046121827037599
2026-10-02 15:38:18,teamcymru_S2,ip,38.11.221.76,,https://x.com/teamcymru_S2/status/2106046121827037599
2026-10-02 15:38:18,teamcymru_S2,ip,38.11.221.81,,https://x.com/teamcymru_S2/status/2106046121827037599
2026-10-02 15:38:18,teamcymru_S2,ip,38.11.221.85,,https://x.com/teamcymru_S2/status/2106046121827037599
2026-10-02 15:38:18,teamcymru_S2,ip,38.11.221.90,,https://x.com/teamcymru_S2/status/2106046121827037599
2026-10-02 15:38:18,teamcymru_S2,ip,38.11.221.94,,https://x.com/teamcymru_S2/status/2106046121827037599
2026-10-02 15:38:18,teamcymru_S2,ip,38.11.221.103,,https://x.com/teamcymru_S2/status/2106046121827037599
2026-10-02 15:38:18,teamcymru_S2,ip,38.11.221.112,,https://x.com/teamcymru_S2/status/2106046121827037599
2026-10-02 15:38:18,teamcymru_S2,ip,38.11.221.121,,https://x.com/teamcymru_S2/status/2106046121827037599
2026-10-02 15:38:18,teamcymru_S2,ip,198.46.198.206,,https://x.com/teamcymru_S2/status/2106046121827037599
2026-10-02 15:38:18,teamcymru_S2,ip,173.254.220.78,,https://x.com/teamcymru_S2/status/2106046121827037599
2026-10-02 15:38:18,teamcymru_S2,ip,47.253.69.182,,https://x.com/teamcymru_S2/status/2106046121827037599
2026-10-02 15:38:18,teamcymru_S2,ip,47.82.118.105,,https://x.com/teamcymru_S2/status/2106046121827037599
2026-10-02 15:38:18,teamcymru_S2,ip,103.117.121.13,,https://x.com/teamcymru_S2/status/2106046121827037599
2026-10-02 15:38:18,teamcymru_S2,ip,198.200.59.86,,https://x.com/teamcymru_S2/status/2106046121827037599
2026-10-02 15:38:18,teamcymru_S2,ip,14.103.211.223,,https://x.com/teamcymru_S2/status/2106046121827037599
2026-10-02 15:38:18,teamcymru_S2,ip,103.116.247.42,,https://x.com/teamcymru_S2/status/2106046121827037599
2026-10-02 15:38:18,teamcymru_S2,ip,81.71.120.246,,https://x.com/teamcymru_S2/status/2106046121827037599
2026-10-02 15:38:18,teamcymru_S2,ip,154.12.94.223,,https://x.com/teamcymru_S2/status/2106046121827037599
2026-10-02 15:38:18,teamcymru_S2,ip,192.236.166.73,,https://x.com/teamcymru_S2/status/2106046121827037599
2026-10-02 15:38:18,teamcymru_S2,ip,149.104.24.91,,https://x.com/teamcymru_S2/status/2106046121827037599
2026-10-02 17:17:43,malwrhunterteam,url,http://213.209.159.55:443/t/906b4f,,https://x.com/malwrhunterteam/status/2106071140896481663
2026-10-02 17:17:43,malwrhunterteam,ip,213.209.159.55,,https://x.com/malwrhunterteam/status/2106071140896481663
2026-10-02 17:55:25,TKemmerling,domain,fusionshoppingworks.info,#phishing,https://x.com/TKemmerling/status/2106080627091251408
2026-10-02 17:55:25,TKemmerling,url,http://fusionshoppingworks.info,#phishing,https://x.com/TKemmerling/status/2106080627091251408
2026-10-02 17:55:25,TKemmerling,domain,equitygrandview.com,#phishing,https://x.com/TKemmerling/status/2106080627091251408
2026-10-02 17:55:25,TKemmerling,url,http://equitygrandview.com,#phishing,https://x.com/TKemmerling/status/2106080627091251408
2026-10-02 18:54:30,TKemmerling,domain,jfkjetblue.com,#phishing,https://x.com/TKemmerling/status/2106095497970954724
2026-10-02 18:54:30,TKemmerling,url,http://jfkjetblue.com,#phishing,https://x.com/TKemmerling/status/2106095497970954724
2026-10-02 18:54:30,TKemmerling,domain,barnstormfarmfermentory.info,#phishing,https://x.com/TKemmerling/status/2106095497970954724
2026-10-02 18:54:30,TKemmerling,url,http://barnstormfarmfermentory.info,#phishing,https://x.com/TKemmerling/status/2106095497970954724
2026-10-02 19:53:30,TKemmerling,domain,homeadvicezone.com,#phishing,https://x.com/TKemmerling/status/2106110345400160486
2026-10-02 19:53:30,TKemmerling,url,http://homeadvicezone.com,#phishing,https://x.com/TKemmerling/status/2106110345400160486
2026-10-02 19:53:30,TKemmerling,domain,ultradealsbuy.com,#phishing,https://x.com/TKemmerling/status/2106110345400160486
2026-10-02 19:53:30,TKemmerling,url,http://ultradealsbuy.com,#phishing,https://x.com/TKemmerling/status/2106110345400160486
2026-10-02 20:55:10,L0Psec,sha256,7392bccd63277bc5dec54f97384bb956a1c138bde6d519bc87ff104c86a3dda7,,https://x.com/L0Psec/status/2106125865696309574
2026-10-02 20:55:36,TKemmerling,domain,healthy.smarthealthhabit.com,#phishing,https://x.com/TKemmerling/status/2106125971430777092
2026-10-02 20:55:36,TKemmerling,url,http://healthy.smarthealthhabit.com,#phishing,https://x.com/TKemmerling/status/2106125971430777092
2026-10-02 20:55:36,TKemmerling,domain,dealcartdirect.com,#phishing,https://x.com/TKemmerling/status/2106125971430777092
2026-10-02 20:55:36,TKemmerling,url,http://dealcartdirect.com,#phishing,https://x.com/TKemmerling/status/2106125971430777092
2026-10-02 21:24:33,smica83,sha256,30a54c0221e7ade433636c205e508aaa1006f4df93870ade8fb15db995b98704,,https://x.com/smica83/status/2106133260061257980
2026-10-02 21:31:20,smica83,domain,kanuis2.duckdns.org,,https://x.com/smica83/status/2106134963691110599
2026-10-02 21:31:20,smica83,url,http://kanuis2.duckdns.org,,https://x.com/smica83/status/2106134963691110599
2026-10-02 21:31:20,smica83,url,http://18.231.77.234,,https://x.com/smica83/status/2106134963691110599
2026-10-02 21:31:20,smica83,ip,18.231.77.234,,https://x.com/smica83/status/2106134963691110599
2026-10-02 21:31:20,smica83,sha256,00575262fc54fb8a46fe59c5abc2b9c5229491da480df9f74aa6acb6954b24f7,,https://x.com/smica83/status/2106134963691110599
2026-10-02 21:35:57,smica83,url,http://172.111.138.100,,https://x.com/smica83/status/2106136128579670352
2026-10-02 21:35:57,smica83,ip,172.111.138.100,,https://x.com/smica83/status/2106136128579670352
2026-10-02 21:35:57,smica83,sha256,51538a2683287a88871c37be515268c34048e1e84b30eecea23164f864e4ecd4,,https://x.com/smica83/status/2106136128579670352
2026-10-02 21:39:49,smica83,sha256,99a4f10d374c096e576e6b2e82594ce53ff1d429c545d10dbf3647c4ae79ac9a,,https://x.com/smica83/status/2106137098331779564
2026-10-02 21:48:24,smica83,domain,tttkkkssww.com,,https://x.com/smica83/status/2106139261699338639
2026-10-02 21:48:24,smica83,url,http://tttkkkssww.com,,https://x.com/smica83/status/2106139261699338639
2026-10-02 21:48:24,smica83,sha256,4b214e0daccfe228a0d281775d6a7f01580598f51a6b15e6a668851b313abe68,,https://x.com/smica83/status/2106139261699338639
2026-10-02 21:53:40,TKemmerling,domain,library.alexanderscourby.com,#phishing,https://x.com/TKemmerling/status/2106140584738263112
2026-10-02 21:53:40,TKemmerling,url,http://library.alexanderscourby.com,#phishing,https://x.com/TKemmerling/status/2106140584738263112
2026-10-02 21:53:40,TKemmerling,domain,cloudeltostwoin.s3.us-east-1.amazonaws.com,#phishing,https://x.com/TKemmerling/status/2106140584738263112
2026-10-02 21:53:40,TKemmerling,url,http://cloudeltostwoin.s3.us-east-1.amazonaws.com,#phishing,https://x.com/TKemmerling/status/2106140584738263112
2026-10-02 22:54:02,TKemmerling,domain,eye.theeyecenterofcolumbus.com,#phishing,https://x.com/TKemmerling/status/2106155777866276877
2026-10-02 22:54:02,TKemmerling,url,http://eye.theeyecenterofcolumbus.com,#phishing,https://x.com/TKemmerling/status/2106155777866276877
2026-10-02 22:54:02,TKemmerling,domain,mmmychar2.s3.us-east-1.amazonaws.com,#phishing,https://x.com/TKemmerling/status/2106155777866276877
2026-10-02 22:54:02,TKemmerling,url,http://mmmychar2.s3.us-east-1.amazonaws.com,#phishing,https://x.com/TKemmerling/status/2106155777866276877
2026-10-02 23:06:02,masaomi346,domain,ghostlightcoff-jp.com,#malware #phishing,https://x.com/masaomi346/status/2106158796326515043
2026-10-02 23:06:02,masaomi346,url,https://ghostlightcoff-jp.com,#malware #phishing,https://x.com/masaomi346/status/2106158796326515043
2026-10-02 23:06:02,masaomi346,domain,processassocia-jp.com,#malware #phishing,https://x.com/masaomi346/status/2106158796326515043
2026-10-02 23:06:02,masaomi346,url,https://processassocia-jp.com,#malware #phishing,https://x.com/masaomi346/status/2106158796326515043
2026-10-02 23:06:02,masaomi346,domain,narragansett-jp.com,#malware #phishing,https://x.com/masaomi346/status/2106158796326515043
2026-10-02 23:06:02,masaomi346,url,https://narragansett-jp.com,#malware #phishing,https://x.com/masaomi346/status/2106158796326515043
2026-10-02 23:06:02,masaomi346,domain,mediumdifficult-jp.com,#malware #phishing,https://x.com/masaomi346/status/2106158796326515043
2026-10-02 23:06:02,masaomi346,url,https://mediumdifficult-jp.com,#malware #phishing,https://x.com/masaomi346/status/2106158796326515043
2026-10-02 23:06:02,masaomi346,domain,clearalternat-jp.com,#malware #phishing,https://x.com/masaomi346/status/2106158796326515043
2026-10-02 23:06:02,masaomi346,url,https://clearalternat-jp.com,#malware #phishing,https://x.com/masaomi346/status/2106158796326515043
2026-10-02 23:06:02,masaomi346,domain,izakayafujiy-jp.com,#malware #phishing,https://x.com/masaomi346/status/2106158796326515043
2026-10-02 23:06:02,masaomi346,url,https://izakayafujiy-jp.com,#malware #phishing,https://x.com/masaomi346/status/2106158796326515043
2026-10-02 23:06:02,masaomi346,sha256,1ac8f4d8af26e08e2d646cb6e77b50d5a73921f9adf768f486684c70b99049d0,#malware #phishing,https://x.com/masaomi346/status/2106158796326515043
2026-10-02 23:54:35,TKemmerling,domain,healthorazone.com,#phishing,https://x.com/TKemmerling/status/2106171017370705986
2026-10-02 23:54:35,TKemmerling,url,http://healthorazone.com,#phishing,https://x.com/TKemmerling/status/2106171017370705986
2026-10-02 23:54:35,TKemmerling,domain,newfinancetips.io,#phishing,https://x.com/TKemmerling/status/2106171017370705986
2026-10-02 23:54:35,TKemmerling,url,http://newfinancetips.io,#phishing,https://x.com/TKemmerling/status/2106171017370705986
2026-10-03 00:43:08,PhishStats,domain,ww17.cic-sfr-credit-mutuel-espace-client.direct-ing-online.site,#phishing,https://x.com/PhishStats/status/2106183232610091488
2026-10-03 00:43:08,PhishStats,url,https://ww17.cic-sfr-credit-mutuel-espace-client.direct-ing-online.site,#phishing,https://x.com/PhishStats/status/2106183232610091488
2026-10-03 00:43:08,PhishStats,ip,199.191.50.190,#phishing,https://x.com/PhishStats/status/2106183232610091488
2026-10-03 00:54:14,TKemmerling,domain,littledogdesigngoods.com,#phishing,https://x.com/TKemmerling/status/2106186027211911261
2026-10-03 00:54:14,TKemmerling,url,http://littledogdesigngoods.com,#phishing,https://x.com/TKemmerling/status/2106186027211911261
2026-10-03 00:54:14,TKemmerling,domain,costcodeltosin.s3.us-east-1.amazonaws.com,#phishing,https://x.com/TKemmerling/status/2106186027211911261
2026-10-03 00:54:14,TKemmerling,url,http://costcodeltosin.s3.us-east-1.amazonaws.com,#phishing,https://x.com/TKemmerling/status/2106186027211911261
2026-10-03 01:03:45,scanmalware,domain,agas6-szl-rh1a-y71b1-17-09-2026-aa.pages.dev,#phishing,https://x.com/scanmalware/status/2106188420917686612
2026-10-03 01:03:45,scanmalware,url,http://agas6-szl-rh1a-y71b1-17-09-2026-aa.pages.dev,#phishing,https://x.com/scanmalware/status/2106188420917686612
2026-10-03 01:12:01,masaomi346,domain,aosasw.com,#phishing,https://x.com/masaomi346/status/2106190503675085052
2026-10-03 01:12:01,masaomi346,url,https://www.aosasw.com/UP/Webmasters/MyAccounts/iss/,#phishing,https://x.com/masaomi346/status/2106190503675085052
2026-10-03 01:39:45,MsftSecIntel,domain,cocojambo.us.com,,https://x.com/MsftSecIntel/status/2106197481960706155
2026-10-03 01:39:45,MsftSecIntel,url,http://cocojambo.us.com/alfa,,https://x.com/MsftSecIntel/status/2106197481960706155
2026-10-03 01:39:45,MsftSecIntel,domain,capsysnet.vg,,https://x.com/MsftSecIntel/status/2106197481960706155
2026-10-03 01:39:45,MsftSecIntel,url,http://capsysnet.vg,,https://x.com/MsftSecIntel/status/2106197481960706155
2026-10-03 01:39:45,MsftSecIntel,domain,ciliabula.cc,,https://x.com/MsftSecIntel/status/2106197481960706155
2026-10-03 01:39:45,MsftSecIntel,url,http://ciliabula.cc,,https://x.com/MsftSecIntel/status/2106197481960706155
2026-10-03 01:53:17,TKemmerling,domain,collateralvalueassessment.info,#phishing,https://x.com/TKemmerling/status/2106200887240859805
2026-10-03 01:53:17,TKemmerling,url,http://collateralvalueassessment.info,#phishing,https://x.com/TKemmerling/status/2106200887240859805
2026-10-03 01:53:17,TKemmerling,domain,harborstonegroup.shop,#phishing,https://x.com/TKemmerling/status/2106200887240859805
2026-10-03 01:53:17,TKemmerling,url,http://harborstonegroup.shop,#phishing,https://x.com/TKemmerling/status/2106200887240859805
2026-10-03 02:55:24,TKemmerling,domain,trustedhomeimprove.com,#phishing,https://x.com/TKemmerling/status/2106216520250790217
2026-10-03 02:55:24,TKemmerling,url,http://trustedhomeimprove.com,#phishing,https://x.com/TKemmerling/status/2106216520250790217
2026-10-03 03:54:47,TKemmerling,domain,bestdiscountzone.com,#phishing,https://x.com/TKemmerling/status/2106231465059217644
2026-10-03 03:54:47,TKemmerling,url,http://bestdiscountzone.com,#phishing,https://x.com/TKemmerling/status/2106231465059217644
2026-10-03 03:54:47,TKemmerling,domain,grabthedeals.net,#phishing,https://x.com/TKemmerling/status/2106231465059217644
2026-10-03 03:54:47,TKemmerling,url,http://grabthedeals.net,#phishing,https://x.com/TKemmerling/status/2106231465059217644
2026-10-03 04:54:07,TKemmerling,domain,lifewithmyfriend.com,#phishing,https://x.com/TKemmerling/status/2106246397318287518
2026-10-03 04:54:07,TKemmerling,url,http://lifewithmyfriend.com,#phishing,https://x.com/TKemmerling/status/2106246397318287518
2026-10-03 04:54:07,TKemmerling,domain,greenerpasturetrading.info,#phishing,https://x.com/TKemmerling/status/2106246397318287518
2026-10-03 04:54:07,TKemmerling,url,http://greenerpasturetrading.info,#phishing,https://x.com/TKemmerling/status/2106246397318287518
2026-10-03 05:54:19,TKemmerling,domain,news.healthnutrihubs.com,#phishing,https://x.com/TKemmerling/status/2106261545911230666
2026-10-03 05:54:19,TKemmerling,url,http://news.healthnutrihubs.com,#phishing,https://x.com/TKemmerling/status/2106261545911230666
2026-10-03 05:54:19,TKemmerling,domain,healthbalancegrow.net,#phishing,https://x.com/TKemmerling/status/2106261545911230666
2026-10-03 05:54:19,TKemmerling,url,http://healthbalancegrow.net,#phishing,https://x.com/TKemmerling/status/2106261545911230666
2026-10-03 07:01:15,phishunt_io,domain,facebook.hosweb.online,#phishing,https://x.com/phishunt_io/status/2106278390986641848
2026-10-03 07:01:15,phishunt_io,url,http://facebook.hosweb.online,#phishing,https://x.com/phishunt_io/status/2106278390986641848
2026-10-03 07:01:15,phishunt_io,ip,3.107.75.193,#phishing,https://x.com/phishunt_io/status/2106278390986641848
2026-10-03 08:46:30,masaomi346,domain,vale-quaeum-a4hc9.top,#ClickFix #malware,https://x.com/masaomi346/status/2106304875802001582
2026-10-03 08:46:30,masaomi346,url,http://vale-quaeum-a4hc9.top,#ClickFix #malware,https://x.com/masaomi346/status/2106304875802001582
2026-10-03 08:46:30,masaomi346,domain,amber-ridge-bruixsioi.pro,#ClickFix #malware,https://x.com/masaomi346/status/2106304875802001582
2026-10-03 08:46:30,masaomi346,url,http://amber-ridge-bruixsioi.pro,#ClickFix #malware,https://x.com/masaomi346/status/2106304875802001582
2026-10-03 10:33:42,malwrhunterteam,domain,linksdocumentation001.blob.core.windows.net,,https://x.com/malwrhunterteam/status/2106331856040055264
2026-10-03 10:33:42,malwrhunterteam,url,https://linksdocumentation001.blob.core.windows.net/00111/Scan020825_0608202622001,,https://x.com/malwrhunterteam/status/2106331856040055264
2026-10-03 10:33:42,malwrhunterteam,domain,nettcasters.com,,https://x.com/malwrhunterteam/status/2106331856040055264
2026-10-03 10:33:42,malwrhunterteam,url,https://nettcasters.com/connect/,,https://x.com/malwrhunterteam/status/2106331856040055264
2026-10-03 10:47:58,malwrhunterteam,url,http://147.45.39.43:7771,,https://x.com/malwrhunterteam/status/2106335444946542920
2026-10-03 10:47:58,malwrhunterteam,ip,147.45.39.43,,https://x.com/malwrhunterteam/status/2106335444946542920
2026-10-03 11:10:59,scanmalware,domain,fullpowerproperties.uk,#malware,https://x.com/scanmalware/status/2106341235518534072
2026-10-03 11:10:59,scanmalware,url,http://fullpowerproperties.uk,#malware,https://x.com/scanmalware/status/2106341235518534072
2026-10-03 12:14:38,PhishStats,ip,155.138.162.205,#phishing,https://x.com/PhishStats/status/2106357254077534225
2026-10-03 13:27:35,petrovic082,url,https://github.com/idm643-script/IDM-6.43-Free,#malware,https://x.com/petrovic082/status/2106375612718039407
2026-10-03 13:29:09,smica83,domain,tradingengineers.in,,https://x.com/smica83/status/2106376009654145461
2026-10-03 13:29:09,smica83,url,https://tradingengineers.in/Indgravendes.csv,,https://x.com/smica83/status/2106376009654145461
2026-10-03 13:29:09,smica83,sha256,d3fd27b5a26302626d8eac3b2fea3ab0370b5918b97f5f3e310137ad00bdebcc,,https://x.com/smica83/status/2106376009654145461
2026-10-03 13:42:40,momomopas,url,http://5.188.230.120,#opendir,https://x.com/momomopas/status/2106379407455928827
2026-10-03 13:42:40,momomopas,url,http://5.188.230.121,#opendir,https://x.com/momomopas/status/2106379407455928827
2026-10-03 13:42:40,momomopas,url,http://5.188.230.123,#opendir,https://x.com/momomopas/status/2106379407455928827
2026-10-03 13:42:40,momomopas,url,http://5.188.230.130,#opendir,https://x.com/momomopas/status/2106379407455928827
2026-10-03 13:42:40,momomopas,url,http://5.188.230.139,#opendir,https://x.com/momomopas/status/2106379407455928827
2026-10-03 13:42:40,momomopas,url,http://5.188.230.140,#opendir,https://x.com/momomopas/status/2106379407455928827
2026-10-03 13:42:40,momomopas,url,http://5.188.230.141,#opendir,https://x.com/momomopas/status/2106379407455928827
2026-10-03 13:42:40,momomopas,url,http://5.188.230.16,#opendir,https://x.com/momomopas/status/2106379407455928827
2026-10-03 13:42:40,momomopas,url,http://5.188.230.52,#opendir,https://x.com/momomopas/status/2106379407455928827
2026-10-03 13:42:40,momomopas,url,http://5.188.230.88,#opendir,https://x.com/momomopas/status/2106379407455928827
2026-10-03 13:42:40,momomopas,ip,5.188.230.120,#opendir,https://x.com/momomopas/status/2106379407455928827
2026-10-03 13:42:40,momomopas,ip,5.188.230.121,#opendir,https://x.com/momomopas/status/2106379407455928827
2026-10-03 13:42:40,momomopas,ip,5.188.230.123,#opendir,https://x.com/momomopas/status/2106379407455928827
2026-10-03 13:42:40,momomopas,ip,5.188.230.130,#opendir,https://x.com/momomopas/status/2106379407455928827
2026-10-03 13:42:40,momomopas,ip,5.188.230.139,#opendir,https://x.com/momomopas/status/2106379407455928827
2026-10-03 13:42:40,momomopas,ip,5.188.230.140,#opendir,https://x.com/momomopas/status/2106379407455928827
2026-10-03 13:42:40,momomopas,ip,5.188.230.141,#opendir,https://x.com/momomopas/status/2106379407455928827
2026-10-03 13:42:40,momomopas,ip,5.188.230.16,#opendir,https://x.com/momomopas/status/2106379407455928827
2026-10-03 13:42:40,momomopas,ip,5.188.230.52,#opendir,https://x.com/momomopas/status/2106379407455928827
2026-10-03 13:42:40,momomopas,ip,5.188.230.88,#opendir,https://x.com/momomopas/status/2106379407455928827
2026-10-03 15:10:12,scanmalware,domain,update-ssl.netlify.app,#phishing #ransomware,https://x.com/scanmalware/status/2106401436426764356
2026-10-03 15:10:12,scanmalware,url,http://update-ssl.netlify.app,#phishing #ransomware,https://x.com/scanmalware/status/2106401436426764356
2026-10-03 18:32:57,malwrhunterteam,domain,suckmydick.implantsity.pro,,https://x.com/malwrhunterteam/status/2106452459996708873
2026-10-03 18:32:57,malwrhunterteam,url,http://suckmydick.implantsity.pro,,https://x.com/malwrhunterteam/status/2106452459996708873
2026-10-03 18:47:56,malwrhunterteam,url,https://github.com/dotnet-runtime-libs/vcredist-packages/releases,,https://x.com/malwrhunterteam/status/2106456234207375699
2026-10-03 19:25:49,malwrhunterteam,domain,nationaladvertagency.space,,https://x.com/malwrhunterteam/status/2106465765792649719
2026-10-03 19:25:49,malwrhunterteam,url,http://nationaladvertagency.space:8080/share/,,https://x.com/malwrhunterteam/status/2106465765792649719
2026-10-03 19:53:15,malwrhunterteam,url,http://194.113.194.39:10311/portal/login,,https://x.com/malwrhunterteam/status/2106472668824219693
2026-10-03 19:53:15,malwrhunterteam,ip,194.113.194.39,,https://x.com/malwrhunterteam/status/2106472668824219693
2026-10-03 20:11:52,smica83,url,http://188.40.225.137,,https://x.com/smica83/status/2106477353056587841
2026-10-03 20:11:52,smica83,ip,188.40.225.137,,https://x.com/smica83/status/2106477353056587841
2026-10-03 20:11:52,smica83,sha256,8712159d2a29a5744a75c280952194af128b1136e061e2021f184515cb3625b4,,https://x.com/smica83/status/2106477353056587841
2026-10-03 20:15:40,smica83,domain,champions-authorization-operates-ongoing.trycloudflare.com,,https://x.com/smica83/status/2106478312075964532
2026-10-03 20:15:40,smica83,url,http://champions-authorization-operates-ongoing.trycloudflare.com,,https://x.com/smica83/status/2106478312075964532
2026-10-03 20:15:40,smica83,sha256,ff1a30cebc507977f916aa47cd3cfbcb134867361737f0f79f56349475af8c1a,,https://x.com/smica83/status/2106478312075964532
2026-10-03 20:18:21,smica83,sha256,a93d937f22335318e23a564ae42a16d8f6d0fa64305846980af77ef8965463bc,,https://x.com/smica83/status/2106478985328865531
2026-10-03 20:22:10,smica83,sha256,382d3d26bf4988a9a28cf67cc69cec4fd474e38b31179ae5ffc3d4b388667782,,https://x.com/smica83/status/2106479948550819984
2026-10-03 21:30:28,TKemmerling,domain,servers.ihostall.com,#phishing,https://x.com/TKemmerling/status/2106497137005744603
2026-10-03 21:30:28,TKemmerling,url,http://servers.ihostall.com,#phishing,https://x.com/TKemmerling/status/2106497137005744603
2026-10-03 22:37:23,TKemmerling,domain,lepiceriemarket.com,#phishing,https://x.com/TKemmerling/status/2106513976452694514
2026-10-03 22:37:23,TKemmerling,url,http://lepiceriemarket.com,#phishing,https://x.com/TKemmerling/status/2106513976452694514
2026-10-03 22:37:23,TKemmerling,domain,ktcinvesting.com,#phishing,https://x.com/TKemmerling/status/2106513976452694514
2026-10-03 22:37:23,TKemmerling,url,http://ktcinvesting.com,#phishing,https://x.com/TKemmerling/status/2106513976452694514
2026-10-03 23:15:14,masaomi346,domain,southportlane-jp.com,#malware #phishing,https://x.com/masaomi346/status/2106523500064481449
2026-10-03 23:15:14,masaomi346,url,https://southportlane-jp.com,#malware #phishing,https://x.com/masaomi346/status/2106523500064481449
2026-10-03 23:15:14,masaomi346,domain,zhangyexinx-jp.com,#malware #phishing,https://x.com/masaomi346/status/2106523500064481449
2026-10-03 23:15:14,masaomi346,url,https://zhangyexinx-jp.com,#malware #phishing,https://x.com/masaomi346/status/2106523500064481449
2026-10-03 23:15:14,masaomi346,domain,pemfinsideo-jp.com,#malware #phishing,https://x.com/masaomi346/status/2106523500064481449
2026-10-03 23:15:14,masaomi346,url,https://pemfinsideo-jp.com,#malware #phishing,https://x.com/masaomi346/status/2106523500064481449
2026-10-03 23:15:14,masaomi346,domain,turismodem-jp.com,#malware #phishing,https://x.com/masaomi346/status/2106523500064481449
2026-10-03 23:15:14,masaomi346,url,https://turismodem-jp.com,#malware #phishing,https://x.com/masaomi346/status/2106523500064481449
2026-10-03 23:15:14,masaomi346,domain,shenzhenmk-jp.com,#malware #phishing,https://x.com/masaomi346/status/2106523500064481449
2026-10-03 23:15:14,masaomi346,url,https://shenzhenmk-jp.com,#malware #phishing,https://x.com/masaomi346/status/2106523500064481449
2026-10-03 23:15:14,masaomi346,domain,rivalcastmed-jp.com,#malware #phishing,https://x.com/masaomi346/status/2106523500064481449
2026-10-03 23:15:14,masaomi346,url,https://rivalcastmed-jp.com,#malware #phishing,https://x.com/masaomi346/status/2106523500064481449
2026-10-03 23:15:14,masaomi346,sha256,80656cdb810bf40686f6f6da9731addf210d93f8cc417d8b43a3794b57b61010,#malware #phishing,https://x.com/masaomi346/status/2106523500064481449
2026-10-03 23:41:41,TKemmerling,domain,creditashfield.info,#phishing,https://x.com/TKemmerling/status/2106530156462621107
2026-10-03 23:41:41,TKemmerling,url,http://creditashfield.info,#phishing,https://x.com/TKemmerling/status/2106530156462621107
2026-10-03 23:41:41,TKemmerling,domain,stylishhomegallery.com,#phishing,https://x.com/TKemmerling/status/2106530156462621107
2026-10-03 23:41:41,TKemmerling,url,http://stylishhomegallery.com,#phishing,https://x.com/TKemmerling/status/2106530156462621107
