fd3c9ff083269d62c03207bee4b231da,429dbba0-b155-5156-927e-ba1f1ce3b717
894687f05f5dfc789718e348108af962,429dbba0-b155-5156-927e-ba1f1ce3b717
eda0cc743d9dd6f0cb59d68e81618aac,429dbba0-b155-5156-927e-ba1f1ce3b717
9c9912f8cbc1d9e7682777428b7a8580,429dbba0-b155-5156-927e-ba1f1ce3b717
03ac910f6600a87f0ed24134baa2118c,429dbba0-b155-5156-927e-ba1f1ce3b717
cad3c9e85c7fd568ba03a47d68264db9,429dbba0-b155-5156-927e-ba1f1ce3b717
9bb242ffca33c67b97c06dfd5570c946,429dbba0-b155-5156-927e-ba1f1ce3b717
bc1c3ad5b63490f3bd8e7a214a60a07a,429dbba0-b155-5156-927e-ba1f1ce3b717
cd247686d022754839873fdcd113a868,429dbba0-b155-5156-927e-ba1f1ce3b717
5ed52aeeaf3995f1e15f35302cb1e53c,429dbba0-b155-5156-927e-ba1f1ce3b717
781a6ff02075b4facc5e6d1a9a5764b4,429dbba0-b155-5156-927e-ba1f1ce3b717
3b509647066f39e43dcb43483a1a0d58,429dbba0-b155-5156-927e-ba1f1ce3b717
1843ee10c4ed24869869025502afec30,429dbba0-b155-5156-927e-ba1f1ce3b717
042e856f0a96acf84a63f1f42021377c,429dbba0-b155-5156-927e-ba1f1ce3b717
e1f6bf363fbe287a3b49b0961cb63293,429dbba0-b155-5156-927e-ba1f1ce3b717
cf77ca1daf9502f97e7622c69199da24,429dbba0-b155-5156-927e-ba1f1ce3b717
f1df2a8072933098f3f7d0698b759852,429dbba0-b155-5156-927e-ba1f1ce3b717
f88ebf5a01cc826b9e54b78ae9e80332,429dbba0-b155-5156-927e-ba1f1ce3b717
e3cacbe5fa0fc25e7e4c0000b27b2b55,429dbba0-b155-5156-927e-ba1f1ce3b717
0a257234b21994a60ff41ceb800b715f,429dbba0-b155-5156-927e-ba1f1ce3b717
99164b6a48d1dcc27ff259bd2de0945c,429dbba0-b155-5156-927e-ba1f1ce3b717
1fdc2b2ae11283c212f18d6a40e8cca1,429dbba0-b155-5156-927e-ba1f1ce3b717
174503fd8e977f8aa36cfe5bcffc1efb,429dbba0-b155-5156-927e-ba1f1ce3b717
b3e00766eb73b18ed1e67432415e2541,429dbba0-b155-5156-927e-ba1f1ce3b717
7a51fbcb4164978b3fdf7e97fc6c09be,429dbba0-b155-5156-927e-ba1f1ce3b717
89469ebf5e5486109bd508085bcf4320,429dbba0-b155-5156-927e-ba1f1ce3b717
44aef4a1e69d8b3214ae81bd6d170d72,429dbba0-b155-5156-927e-ba1f1ce3b717
867a3da78c11c35a3eeb52b9a46d0010,429dbba0-b155-5156-927e-ba1f1ce3b717
9e4f3fe1762b445fc5b7df37c1ddc559,429dbba0-b155-5156-927e-ba1f1ce3b717
0f50ebff4090f553f320879eccd1ffd0,429dbba0-b155-5156-927e-ba1f1ce3b717
bfe1cb886bf9f8bd9d11ad04bdc1610b,429dbba0-b155-5156-927e-ba1f1ce3b717
240e60f1e1e48453925a73d43431d09f,429dbba0-b155-5156-927e-ba1f1ce3b717
2b287d01000fa922b086d26f20e05b48,429dbba0-b155-5156-927e-ba1f1ce3b717
1c5645dd3f8c590db62504d87431e5b8,429dbba0-b155-5156-927e-ba1f1ce3b717
931a27d2fd7e61f4d1400d46c2316de9,429dbba0-b155-5156-927e-ba1f1ce3b717
35b4e04870b70323da0365dd00c9bb25,429dbba0-b155-5156-927e-ba1f1ce3b717
9fc94a727e9538894be882d4fb988662,429dbba0-b155-5156-927e-ba1f1ce3b717
1dba813bfb5e6a5e758cf14e61edbf17,429dbba0-b155-5156-927e-ba1f1ce3b717
d7c166da549dee16b21c36d219b06a80,429dbba0-b155-5156-927e-ba1f1ce3b717
f01cf43c4462a62f1fe668d390995016,429dbba0-b155-5156-927e-ba1f1ce3b717
513ba249cac26112311f1dc9f2dcbc8f,429dbba0-b155-5156-927e-ba1f1ce3b717
2f0452b5d498fc652b03b79e716580e5,429dbba0-b155-5156-927e-ba1f1ce3b717
9e4f3fe1762b445fc5b7df37c1ddc559,a1455704-2dfa-5ee9-92d3-df142e465dcc
0f50ebff4090f553f320879eccd1ffd0,a1455704-2dfa-5ee9-92d3-df142e465dcc
9ec3364411bcaee1331ca7a2fe86b922,a1455704-2dfa-5ee9-92d3-df142e465dcc
035a17deb1ff3e049c76ed78bcca143d,a1455704-2dfa-5ee9-92d3-df142e465dcc
1dc9c4331c29e940510d603ad470b8ea,a1455704-2dfa-5ee9-92d3-df142e465dcc
51991d1398361b43ad72e86ab898a065,a1455704-2dfa-5ee9-92d3-df142e465dcc
970fd495394a849f0625f6521d603d33,a1455704-2dfa-5ee9-92d3-df142e465dcc
86752513a3b1c6d78e2a76a328d58583,a1455704-2dfa-5ee9-92d3-df142e465dcc
3b6ca22f777913f3cead45c07c4e2c8d,a1455704-2dfa-5ee9-92d3-df142e465dcc
a7886d7fd864a861e03bf4d54e389a26,a1455704-2dfa-5ee9-92d3-df142e465dcc
620696bfed18e26d8670e06a091e6de3,a1455704-2dfa-5ee9-92d3-df142e465dcc
9e6e24eeca70d88cf764795163bc3dc8,a1455704-2dfa-5ee9-92d3-df142e465dcc
b8e29f47080aca087db9173042d4319e,a1455704-2dfa-5ee9-92d3-df142e465dcc
190f77978ee8e7599c9b6d8a32a8f208,a1455704-2dfa-5ee9-92d3-df142e465dcc
4c9bfcba1bac691e749fdb327f584f0f,a1455704-2dfa-5ee9-92d3-df142e465dcc
68fde65e7beeabac4df1748de75b7ee5,a1455704-2dfa-5ee9-92d3-df142e465dcc
5c98eb89e286b886ae01f0177768df14,a1455704-2dfa-5ee9-92d3-df142e465dcc
3729c06238adaf420a81db6f7060895c,a1455704-2dfa-5ee9-92d3-df142e465dcc
97f8f1a8ec912d940add75620bd157e2,a1455704-2dfa-5ee9-92d3-df142e465dcc
431d26232f062b1525f2525ef22368d5,a1455704-2dfa-5ee9-92d3-df142e465dcc
9acf0d26b461edb35b3757b9cdd8f686,a1455704-2dfa-5ee9-92d3-df142e465dcc
37d12389df362a7cd3e48eb65fabb75d,a1455704-2dfa-5ee9-92d3-df142e465dcc
af1ad5122475360200ffb729f0ecc169,a1455704-2dfa-5ee9-92d3-df142e465dcc
b1f3632bb1b88e0cf70a6ec503525e6c,a1455704-2dfa-5ee9-92d3-df142e465dcc
7cdc5808bb46652ae3e7df028ee944f5,a1455704-2dfa-5ee9-92d3-df142e465dcc
590212544e3478cb672ccd3887bc8789,a1455704-2dfa-5ee9-92d3-df142e465dcc
15bdd3d4bb1ca6614a1a89bf30a731b7,a1455704-2dfa-5ee9-92d3-df142e465dcc
391f72be9183204f93f6be4bd51dd512,a1455704-2dfa-5ee9-92d3-df142e465dcc
66189ce67b99899f715d089305312ee2,a1455704-2dfa-5ee9-92d3-df142e465dcc
b2c9c7041416e60d00e016c35a662be0,a1455704-2dfa-5ee9-92d3-df142e465dcc
21a6f62e3317ed5fd6166bbefab1f401,a1455704-2dfa-5ee9-92d3-df142e465dcc
1b7e00770489b840af6e01ababd1df8c,a1455704-2dfa-5ee9-92d3-df142e465dcc
7c256baf31b684e09073bba8e5d158d8,a1455704-2dfa-5ee9-92d3-df142e465dcc
5a100c0f4c550ee096e64704c4b15e32,a1455704-2dfa-5ee9-92d3-df142e465dcc
1f9c3fc5f696f58c37a495ede317b88a,a1455704-2dfa-5ee9-92d3-df142e465dcc
a428b19ba3c108cf9cbb75e5a463944e,a1455704-2dfa-5ee9-92d3-df142e465dcc
b03a4d6f4b59cee832a44cf97759fd56,a1455704-2dfa-5ee9-92d3-df142e465dcc
cb93cff516848a07c47e95745fc71b84,a1455704-2dfa-5ee9-92d3-df142e465dcc
0daf2392920c989489de6ad9dfda4bbe,a1455704-2dfa-5ee9-92d3-df142e465dcc
77da8984618fb797766e8d61989edb64,a1455704-2dfa-5ee9-92d3-df142e465dcc
fb69bdb98407273fd6e35749c62ad9ff,a1455704-2dfa-5ee9-92d3-df142e465dcc
9478f88255d2cc4fb07ba4604571878a,a1455704-2dfa-5ee9-92d3-df142e465dcc
e1acb01ae8031a9b455d34657cf98734,a1455704-2dfa-5ee9-92d3-df142e465dcc
cda57f45ca6dc3507465dc1eed6b2c0f,78135813-1492-5efa-835f-7b3de61050e3
edf865813c455f88b4941933600a3809,78135813-1492-5efa-835f-7b3de61050e3
f6d423e7dd628a20daa5b4cf0d9b81cb,78135813-1492-5efa-835f-7b3de61050e3
6ac2f24744382190e078dfa6b3555ed4,78135813-1492-5efa-835f-7b3de61050e3
b4425448dc7693f9ca8a8808d8c813ea,78135813-1492-5efa-835f-7b3de61050e3
74470f760d51413adf8d137984c62efa,78135813-1492-5efa-835f-7b3de61050e3
d3736f042c38ccfe24f4bd0652f89317,78135813-1492-5efa-835f-7b3de61050e3
d189779ffae4c949b889bb6d2fef7b04,78135813-1492-5efa-835f-7b3de61050e3
a34930cf70e522e73ceb7ecfb29abfb9,78135813-1492-5efa-835f-7b3de61050e3
e0461b23734f567696f682eac95efd5d,78135813-1492-5efa-835f-7b3de61050e3
186fbc4862a6ddfbc28362cc99cde2c8,78135813-1492-5efa-835f-7b3de61050e3
28e8a5d476892a7cab5dfd0009fba12e,78135813-1492-5efa-835f-7b3de61050e3
72208ec66355c78819883429fcd74d2a,78135813-1492-5efa-835f-7b3de61050e3
8ea6ec092f4ae21d5f50b9c4b310497e,78135813-1492-5efa-835f-7b3de61050e3
e596d5681cc7b5f0035ea67ba1891b62,78135813-1492-5efa-835f-7b3de61050e3
ab5b37644888a5771ac2bf093b681d8d,78135813-1492-5efa-835f-7b3de61050e3
3a8f14ac89044045e9f4ca388a71229e,78135813-1492-5efa-835f-7b3de61050e3
d9928cb2b62c1cbf219d2dd3bc720fed,78135813-1492-5efa-835f-7b3de61050e3
edcb311b2729335047a70f92be668435,78135813-1492-5efa-835f-7b3de61050e3
68a8b106317fdb91a49c308be21971c2,78135813-1492-5efa-835f-7b3de61050e3
0125b50d2196ccc17d637ad3f6ff7c99,78135813-1492-5efa-835f-7b3de61050e3
d5e443295c91ee56715f6c46ff1870ba,78135813-1492-5efa-835f-7b3de61050e3
8956d9d753150bdf6f991ae64726c72d,78135813-1492-5efa-835f-7b3de61050e3
c721c06215b12756d3718e232858aae2,78135813-1492-5efa-835f-7b3de61050e3
0021bc8655242923b30ed6b15f502476,78135813-1492-5efa-835f-7b3de61050e3
db09e6a8d4412400d17803cae295777b,78135813-1492-5efa-835f-7b3de61050e3
24408bd908e78536ad844631cf33e57f,78135813-1492-5efa-835f-7b3de61050e3
10b38bb9f753957595a1e03ce2be4edd,78135813-1492-5efa-835f-7b3de61050e3
c4f2eb1128c8978beed7413d90897d41,78135813-1492-5efa-835f-7b3de61050e3
85be24f82663c2a5685f938c270c6302,78135813-1492-5efa-835f-7b3de61050e3
9a0a8684a5ec0e3a6c7560113818dc7c,78135813-1492-5efa-835f-7b3de61050e3
1417d0d71cbaa109915ceabef549c309,78135813-1492-5efa-835f-7b3de61050e3
a37b5c19d35f9bb4f69b24d26be3a183,78135813-1492-5efa-835f-7b3de61050e3
6d2b17c45f5fd1cd855952f6839a8444,78135813-1492-5efa-835f-7b3de61050e3
c4e30ee6693891771796f185c439d091,78135813-1492-5efa-835f-7b3de61050e3
6fd1f6d6f32d7154dd955fb9ada5cf78,78135813-1492-5efa-835f-7b3de61050e3
b5893408cfc43d8b33431ad96d06266d,78135813-1492-5efa-835f-7b3de61050e3
84c9236a36cc69d582eecae303ae85ce,78135813-1492-5efa-835f-7b3de61050e3
b5df935c328bdb5ecec1a5709dffea63,78135813-1492-5efa-835f-7b3de61050e3
e1df7b96827f3c36dd8536d28de8dee1,78135813-1492-5efa-835f-7b3de61050e3
d62064d6fe00361e80ac0240eca728ca,78135813-1492-5efa-835f-7b3de61050e3
0b645c4a680f3354a0ff319137ec7da0,78135813-1492-5efa-835f-7b3de61050e3
9a66eeb84be2c258f94a62aebfb5a4bb,78135813-1492-5efa-835f-7b3de61050e3
f802f9e5ae822bedf8757a819e608db2,78135813-1492-5efa-835f-7b3de61050e3
551a64b74cf0d31c778b950fdba74507,78135813-1492-5efa-835f-7b3de61050e3
67162130871dcdbd20bd2fd27ef2e668,78135813-1492-5efa-835f-7b3de61050e3
89fe280b17098348dc0984560fb059d8,78135813-1492-5efa-835f-7b3de61050e3
269618a66f904013f9cdfcc0bb320146,78135813-1492-5efa-835f-7b3de61050e3
d3a5bb3535455dbbfabac306259cca83,78135813-1492-5efa-835f-7b3de61050e3
79bf171e84b54787ece0569ca12b1fb1,78135813-1492-5efa-835f-7b3de61050e3
f17b97b7e0fdfb9b962c1f5e1eafba98,78135813-1492-5efa-835f-7b3de61050e3
bb7688d696bf4a1bfa6bb1448fb4f8f2,5d7a9792-48d3-50d9-9b25-fdd0fcf1e4ea
dcaaab8a7782e44effb74510bb14cec2,5d7a9792-48d3-50d9-9b25-fdd0fcf1e4ea
a8f5622118654f95ba87cee1bfb0f33b,5d7a9792-48d3-50d9-9b25-fdd0fcf1e4ea
bfc8bed8dc4911ad0ff21f4ba206a2ee,5d7a9792-48d3-50d9-9b25-fdd0fcf1e4ea
5822f1421ebd85b0791d97d49873ea6a,5d7a9792-48d3-50d9-9b25-fdd0fcf1e4ea
5394720308c7dda8d00e0990fa565aad,5d7a9792-48d3-50d9-9b25-fdd0fcf1e4ea
970148f130c60c5834c4fdfca4225c2c,5d7a9792-48d3-50d9-9b25-fdd0fcf1e4ea
f6e02e49dadcf4702dd033e190b1924c,5d7a9792-48d3-50d9-9b25-fdd0fcf1e4ea
ad48c0d8bfea932a470751c00a0e665c,5d7a9792-48d3-50d9-9b25-fdd0fcf1e4ea
e1a21621eb5b56f50b6a336edb377cca,5d7a9792-48d3-50d9-9b25-fdd0fcf1e4ea
b47258fe339b3734502b55eb8dd485d0,5d7a9792-48d3-50d9-9b25-fdd0fcf1e4ea
5d6c496e7f52db71a3f9250a2ea724ee,5d7a9792-48d3-50d9-9b25-fdd0fcf1e4ea
dbaa2bd717f6ee5bdcb41156e68147eb,5d7a9792-48d3-50d9-9b25-fdd0fcf1e4ea
6b93e59abf6148b77e1a81c46761c6a6,5d7a9792-48d3-50d9-9b25-fdd0fcf1e4ea
1496584b9bbf7d181a3c5ed26958a9ff,5d7a9792-48d3-50d9-9b25-fdd0fcf1e4ea
6b367766c0ff4c20c27023d0541c9f4d,5d7a9792-48d3-50d9-9b25-fdd0fcf1e4ea
5c5b3199911f02ef819524921d3d57b0,5d7a9792-48d3-50d9-9b25-fdd0fcf1e4ea
0ab23c85118dcd6fc0ec49b5ba887ff3,5d7a9792-48d3-50d9-9b25-fdd0fcf1e4ea
6e4c9a6906514aea31386a7c3c1077da,5d7a9792-48d3-50d9-9b25-fdd0fcf1e4ea
58e38ecaf5c7fbe41698ebded199b5bb,5d7a9792-48d3-50d9-9b25-fdd0fcf1e4ea
22bbbb70b0baa44351e5c3fa7dacc926,5d7a9792-48d3-50d9-9b25-fdd0fcf1e4ea
ebc27dcd116afe227fec344ce38dc039,5d7a9792-48d3-50d9-9b25-fdd0fcf1e4ea
d97ab61ff93fd6ddea238fe03a2c5e6e,5d7a9792-48d3-50d9-9b25-fdd0fcf1e4ea
02d4bc3999a0260458d73011a30b2c32,5d7a9792-48d3-50d9-9b25-fdd0fcf1e4ea
02bcc6bcdce939737c05de61e0a45d34,5d7a9792-48d3-50d9-9b25-fdd0fcf1e4ea
602c8a535b53e0f03df4fbbefcbc3337,5d7a9792-48d3-50d9-9b25-fdd0fcf1e4ea
1cd1bb60ebde651e06cab76121d64a79,5d7a9792-48d3-50d9-9b25-fdd0fcf1e4ea
19393859acb4b43a827b5cc759b7f793,5d7a9792-48d3-50d9-9b25-fdd0fcf1e4ea
4b5c1572665b3586dd6268bf8cbb402b,5d7a9792-48d3-50d9-9b25-fdd0fcf1e4ea
811b4af387e0adf179eed7b4ad1d881c,5d7a9792-48d3-50d9-9b25-fdd0fcf1e4ea
620696bfed18e26d8670e06a091e6de3,5d7a9792-48d3-50d9-9b25-fdd0fcf1e4ea
9e6e24eeca70d88cf764795163bc3dc8,5d7a9792-48d3-50d9-9b25-fdd0fcf1e4ea
b79eee2a8dea2a24542d4975bf536e08,5d7a9792-48d3-50d9-9b25-fdd0fcf1e4ea
9adf82cdef0436f996d17c88623bd691,5d7a9792-48d3-50d9-9b25-fdd0fcf1e4ea
f99d621105ee546c8abffdef64329cc8,5d7a9792-48d3-50d9-9b25-fdd0fcf1e4ea
302b278e662f05b99248232821c6599f,5d7a9792-48d3-50d9-9b25-fdd0fcf1e4ea
f53286bbca2b8d78b33662329e332f8c,5d7a9792-48d3-50d9-9b25-fdd0fcf1e4ea
bebe12a90dc7281aca2b66740ea60e65,5d7a9792-48d3-50d9-9b25-fdd0fcf1e4ea
8e723925386fb27a7b33d1c6e59242f2,5d7a9792-48d3-50d9-9b25-fdd0fcf1e4ea
2cc5e75d9972fb464bc511aa7d81d074,5d7a9792-48d3-50d9-9b25-fdd0fcf1e4ea
9ef4ceba3ba2bb347f161ddc2247d564,5d7a9792-48d3-50d9-9b25-fdd0fcf1e4ea
9c58824edb4563825bb03f66e6adcd99,5d7a9792-48d3-50d9-9b25-fdd0fcf1e4ea
40bda2d406e60c00cd13db3071d4bdac,5d7a9792-48d3-50d9-9b25-fdd0fcf1e4ea
28718c496e1749a61ef5fc60ef95ed7c,5d7a9792-48d3-50d9-9b25-fdd0fcf1e4ea
ed8a4febddcad7418f4c2e1e121964eb,5d7a9792-48d3-50d9-9b25-fdd0fcf1e4ea
fa1485c8a3e547f9a065ef45a4fc519d,5d7a9792-48d3-50d9-9b25-fdd0fcf1e4ea
ee1e2c2fb18e5341b24fa1d79717ed0a,5d7a9792-48d3-50d9-9b25-fdd0fcf1e4ea
54f5d75617875cd477e1929be0b373d5,5d7a9792-48d3-50d9-9b25-fdd0fcf1e4ea
d210a72376b84d9003c17b5775d99c61,5d7a9792-48d3-50d9-9b25-fdd0fcf1e4ea
ab11983d6bf17c3f644089592272bd85,5d7a9792-48d3-50d9-9b25-fdd0fcf1e4ea
cde74a16c69797c76282d198ee90ee67,5d7a9792-48d3-50d9-9b25-fdd0fcf1e4ea
d8137abcadf79baa88a9f43a39e1e5f8,5d7a9792-48d3-50d9-9b25-fdd0fcf1e4ea
b09dac7d07ac0254006fc563bdf341d3,5d7a9792-48d3-50d9-9b25-fdd0fcf1e4ea
24d047a8c03af5aa3cb24ba981cafadb,5d7a9792-48d3-50d9-9b25-fdd0fcf1e4ea
ef28c5be92ddfc6572c4630f1f40ebc2,92026ed0-c7c9-52d4-ba68-c058a8d1713c
a77a2c98a495d078675e64ec730ef933,92026ed0-c7c9-52d4-ba68-c058a8d1713c
a13b7e1a95a48dd8af29cd7fe9d4f822,92026ed0-c7c9-52d4-ba68-c058a8d1713c
5a25530da10afa20ae2429673546b46b,92026ed0-c7c9-52d4-ba68-c058a8d1713c
f8d1298ab0dfdd60e285b2c1ed58a475,92026ed0-c7c9-52d4-ba68-c058a8d1713c
3bd31a954810189e44f75471407d2725,92026ed0-c7c9-52d4-ba68-c058a8d1713c
6bb4cf42f156261709debad2d0ea9e7e,92026ed0-c7c9-52d4-ba68-c058a8d1713c
70a8c043399412539b4e49170256b525,92026ed0-c7c9-52d4-ba68-c058a8d1713c
7a78c7554befe0944d66548a56c8eb9b,92026ed0-c7c9-52d4-ba68-c058a8d1713c
1eb95ee20c8d73f5b4f1f3f192e0cad0,92026ed0-c7c9-52d4-ba68-c058a8d1713c
ca01bde138093a9abf8fef6dca0d2a3d,92026ed0-c7c9-52d4-ba68-c058a8d1713c
87bbc5459017c22ebff0f432918b6f2a,92026ed0-c7c9-52d4-ba68-c058a8d1713c
74e6e9c77ef3d853087992a05a455734,92026ed0-c7c9-52d4-ba68-c058a8d1713c
7ba0e6a2f06964e210f22657fc473157,92026ed0-c7c9-52d4-ba68-c058a8d1713c
cb6d78c4fd91308bd5c45247cc6678c3,92026ed0-c7c9-52d4-ba68-c058a8d1713c
3f86a1989e30216497cc3c9c940703f5,92026ed0-c7c9-52d4-ba68-c058a8d1713c
c97aa1b03f18bbdd344f7ee8aeec9bff,92026ed0-c7c9-52d4-ba68-c058a8d1713c
2fec5781668be2fdea15d439805e4b61,92026ed0-c7c9-52d4-ba68-c058a8d1713c
c78337b4d83a42a5bdde33d3979e905a,92026ed0-c7c9-52d4-ba68-c058a8d1713c
a8824aca960df5d34bf7ea477e9b49f5,92026ed0-c7c9-52d4-ba68-c058a8d1713c
292ec362625b94b3d51c934b54cb40f6,92026ed0-c7c9-52d4-ba68-c058a8d1713c
20400b74662589c8530903af2f23ea87,92026ed0-c7c9-52d4-ba68-c058a8d1713c
082b43592e2b31a965ddd66fa4160816,92026ed0-c7c9-52d4-ba68-c058a8d1713c
647757898480775d73560302f5ac2239,92026ed0-c7c9-52d4-ba68-c058a8d1713c
defb07903099784345f3a38dfc08b270,92026ed0-c7c9-52d4-ba68-c058a8d1713c
405497baee2199343de0c121038f27a8,92026ed0-c7c9-52d4-ba68-c058a8d1713c
028c34ad34fd176eca042d6e8ed15ef2,92026ed0-c7c9-52d4-ba68-c058a8d1713c
a175f1838dd19314cbdfb62bc612ea96,92026ed0-c7c9-52d4-ba68-c058a8d1713c
e4dcf86f7d32d02d806c610ee138b051,92026ed0-c7c9-52d4-ba68-c058a8d1713c
d567d733f24864de70e270d87b505abd,92026ed0-c7c9-52d4-ba68-c058a8d1713c
f07588a2634ede5d71bc6c66e60e514a,92026ed0-c7c9-52d4-ba68-c058a8d1713c
273c92a44a13bb7892d2ada88a76e759,92026ed0-c7c9-52d4-ba68-c058a8d1713c
70eed0578dcc66cb1da5a293e0ee2971,92026ed0-c7c9-52d4-ba68-c058a8d1713c
3527609ba3795f42aa4cc77113f4c1cf,92026ed0-c7c9-52d4-ba68-c058a8d1713c
b10e94072190e8b6c940474490d5a44e,92026ed0-c7c9-52d4-ba68-c058a8d1713c
ba905218a20c5b4d784a62a96f68bd2f,92026ed0-c7c9-52d4-ba68-c058a8d1713c
39a8cbcd8c08dd50d17cb2620a206c3c,92026ed0-c7c9-52d4-ba68-c058a8d1713c
31f8014c4221fa52fd68c167f19bd289,92026ed0-c7c9-52d4-ba68-c058a8d1713c
40667da1038e43b181b57585801d5a06,92026ed0-c7c9-52d4-ba68-c058a8d1713c
a9df0aa5dae2e85bd1ccbb0f75a3a6e1,92026ed0-c7c9-52d4-ba68-c058a8d1713c
bf6ce434792f3085cbc5d3884bbdbdce,92026ed0-c7c9-52d4-ba68-c058a8d1713c
953698b51a823b3aa289eccee8578fc3,92026ed0-c7c9-52d4-ba68-c058a8d1713c
f114748df4b4c7f3fdbcd6e13c16eda3,92026ed0-c7c9-52d4-ba68-c058a8d1713c
b9cbeb1292e5c55a8eb0398cef9962f4,92026ed0-c7c9-52d4-ba68-c058a8d1713c
1f115bda7ed53ed7135c5ea1485f5290,92026ed0-c7c9-52d4-ba68-c058a8d1713c
a557f60986ed0e8a5997c37584d5a44a,92026ed0-c7c9-52d4-ba68-c058a8d1713c
2fbc840a72fc7ca5d2a8c0bdf253e637,92026ed0-c7c9-52d4-ba68-c058a8d1713c
6af94d281b50641bc8ae26d583b8045f,92026ed0-c7c9-52d4-ba68-c058a8d1713c
d508ee02ac5422ccaafcf8ebf35fb63e,92026ed0-c7c9-52d4-ba68-c058a8d1713c
7203c06ab278b297dea6b80f5d543405,92026ed0-c7c9-52d4-ba68-c058a8d1713c
e315e217359c18d99086d91b42080720,92026ed0-c7c9-52d4-ba68-c058a8d1713c
70f27e532c3c09712e99a433c60630ff,92026ed0-c7c9-52d4-ba68-c058a8d1713c
9cf244a7a7089e7486183bbcd2d238c0,92026ed0-c7c9-52d4-ba68-c058a8d1713c
c4ab2c649f90ac623c8358f19269fc6d,92026ed0-c7c9-52d4-ba68-c058a8d1713c
cf384955b3716a8b841fdc15d07937ca,92026ed0-c7c9-52d4-ba68-c058a8d1713c
030e5c12cb939d5fc9a11d091dad04d5,92026ed0-c7c9-52d4-ba68-c058a8d1713c
026c4b25c50038e8bc663232c91b515f,92026ed0-c7c9-52d4-ba68-c058a8d1713c
07016dee1367ade89288438ca243a196,92026ed0-c7c9-52d4-ba68-c058a8d1713c
54007cfb4996c931c48902f7cf1d3460,92026ed0-c7c9-52d4-ba68-c058a8d1713c
4fb42da8862c0292340a9059606150fc,92026ed0-c7c9-52d4-ba68-c058a8d1713c
9013b7f9ecdb1c2e0ac2c4a02d663c48,92026ed0-c7c9-52d4-ba68-c058a8d1713c
43ff90bf31068f3e52698a28188ca3b5,92026ed0-c7c9-52d4-ba68-c058a8d1713c
78d5a95af83bbe7c42d18fe2f81e50d2,92026ed0-c7c9-52d4-ba68-c058a8d1713c
3b0010de0c23b2f67ca1ffbd81e970b2,92026ed0-c7c9-52d4-ba68-c058a8d1713c
6a017f8d215bd5deddb16d710262d0eb,92026ed0-c7c9-52d4-ba68-c058a8d1713c
1192ca507d65e1be3572968aff6636fe,92026ed0-c7c9-52d4-ba68-c058a8d1713c
3fc3e1aaf1b1fb3d739f9fc33ee85306,92026ed0-c7c9-52d4-ba68-c058a8d1713c
f8345a2b0be11cef0a51490e611044bd,92026ed0-c7c9-52d4-ba68-c058a8d1713c
059d075139efe039256a12dd3223a494,92026ed0-c7c9-52d4-ba68-c058a8d1713c
7b0c106705cd9e4ced1dc60601d10ca8,92026ed0-c7c9-52d4-ba68-c058a8d1713c
f3d77b36bd5653c448453c25221a4b80,92026ed0-c7c9-52d4-ba68-c058a8d1713c
260136e4bf591f0189a479ce36d79b6c,92026ed0-c7c9-52d4-ba68-c058a8d1713c
a9e5d7b386db3c120a034b5bf33d2819,92026ed0-c7c9-52d4-ba68-c058a8d1713c
336e957284504fd61aef7761170838e7,92026ed0-c7c9-52d4-ba68-c058a8d1713c
ddf617b64deec72cfdbcc4f089b7eaba,92026ed0-c7c9-52d4-ba68-c058a8d1713c
e5ae2d46c8bb3312feef8c050b0fc862,92026ed0-c7c9-52d4-ba68-c058a8d1713c
a43aadef71eb8110eedab536963ccd8c,92026ed0-c7c9-52d4-ba68-c058a8d1713c
170643452047d18143d8280cf4a2eee2,92026ed0-c7c9-52d4-ba68-c058a8d1713c
a8a68189ad81afae0ebb16a115f75bef,92026ed0-c7c9-52d4-ba68-c058a8d1713c
17d9f8c29b9e6a16b5af4b71434d8f42,92026ed0-c7c9-52d4-ba68-c058a8d1713c
5dfef705194740362aac44e29962f8f0,92026ed0-c7c9-52d4-ba68-c058a8d1713c
14ae2626ff7e2212dc13b291268bed56,92026ed0-c7c9-52d4-ba68-c058a8d1713c
7c388583ef04cb6f8fc4c9bf0ddac71c,92026ed0-c7c9-52d4-ba68-c058a8d1713c
565470b958084d32f38b00cdd5113728,92026ed0-c7c9-52d4-ba68-c058a8d1713c
7143bebd5ca963b4b9dff45dc6b65455,d88fbf4a-937b-5863-80fb-bf02ad842da1
db1193d51c66a460bca5279b0bb1dccd,d88fbf4a-937b-5863-80fb-bf02ad842da1
78edb01447afe645e2feea01b110c211,d88fbf4a-937b-5863-80fb-bf02ad842da1
6ff0ec87b52d9744475fee9ba88a71c1,d88fbf4a-937b-5863-80fb-bf02ad842da1
ff56fa945be0c3c9ad1bcf43a48c01de,d88fbf4a-937b-5863-80fb-bf02ad842da1
f49f4aa918778305c67dfb5bf74e72bb,d88fbf4a-937b-5863-80fb-bf02ad842da1
22bbbb70b0baa44351e5c3fa7dacc926,d88fbf4a-937b-5863-80fb-bf02ad842da1
ebc27dcd116afe227fec344ce38dc039,d88fbf4a-937b-5863-80fb-bf02ad842da1
7ab8b45174517bd5a7a968f58e38c874,d88fbf4a-937b-5863-80fb-bf02ad842da1
5b37fd2f3207ad2f2c299c88172808b5,d88fbf4a-937b-5863-80fb-bf02ad842da1
281b7fe2330861d6d8ce8693c6ecfc30,d88fbf4a-937b-5863-80fb-bf02ad842da1
7d61420a4bd993dcab1a190debfe0391,d88fbf4a-937b-5863-80fb-bf02ad842da1
2bc90d7b51dc75eeb6c481e684c5fae9,d88fbf4a-937b-5863-80fb-bf02ad842da1
0ace19025c47addb77320cacbf6f0f11,d88fbf4a-937b-5863-80fb-bf02ad842da1
2e29ab4309703a7d35e219c1366e1570,d88fbf4a-937b-5863-80fb-bf02ad842da1
ec5b9760cc370c4e344558dcef2f59e4,d88fbf4a-937b-5863-80fb-bf02ad842da1
2e4fd61e4f6e027bfa7f445bc1bbef81,d88fbf4a-937b-5863-80fb-bf02ad842da1
48c2b51b7cf39ab90cd4c755895af60e,d88fbf4a-937b-5863-80fb-bf02ad842da1
df8988a3903057a7da5bb0b83379b8bc,d88fbf4a-937b-5863-80fb-bf02ad842da1
bbc2265de50f615c6525d5a6d4a67112,d88fbf4a-937b-5863-80fb-bf02ad842da1
e67e19cc961250fe51db01611f0ee72b,d88fbf4a-937b-5863-80fb-bf02ad842da1
d28bf6a905d3415bf281d492130b7251,d88fbf4a-937b-5863-80fb-bf02ad842da1
cb63080faf2fdb9f4b6fc2be15ec7ff2,d88fbf4a-937b-5863-80fb-bf02ad842da1
995a3da6e82d70f37b99c1095fe6fe94,d88fbf4a-937b-5863-80fb-bf02ad842da1
7655a3292b45e4bf2fa0efac902a09d1,d88fbf4a-937b-5863-80fb-bf02ad842da1
289771953e89e22ca7f0396f6ab115e4,d88fbf4a-937b-5863-80fb-bf02ad842da1
620696bfed18e26d8670e06a091e6de3,d88fbf4a-937b-5863-80fb-bf02ad842da1
9e6e24eeca70d88cf764795163bc3dc8,d88fbf4a-937b-5863-80fb-bf02ad842da1
c3593a1a326eb1661c46978d05c214a3,d88fbf4a-937b-5863-80fb-bf02ad842da1
96852af685a21052b870d78404f8d2dc,d88fbf4a-937b-5863-80fb-bf02ad842da1
d07fd27e556c9d90c40dbedd44204887,d88fbf4a-937b-5863-80fb-bf02ad842da1
1b916df273c938dfeb1044e907efe998,d88fbf4a-937b-5863-80fb-bf02ad842da1
aa53038e5e1956828759ddc540dcc1d0,d88fbf4a-937b-5863-80fb-bf02ad842da1
eb06b10fa3681c4f2a078c5a84471ad6,d88fbf4a-937b-5863-80fb-bf02ad842da1
1a72efdf230b659729c149a3b5d31685,d88fbf4a-937b-5863-80fb-bf02ad842da1
1c8a970848593d24b69133a38a03f725,d88fbf4a-937b-5863-80fb-bf02ad842da1
0827acbc4998db1bee8fccd46187ac65,d88fbf4a-937b-5863-80fb-bf02ad842da1
9b2e6165013d555a99eb0aca1e1a20c1,d88fbf4a-937b-5863-80fb-bf02ad842da1
e0f14b19735c2e63db4d333646ee301f,d88fbf4a-937b-5863-80fb-bf02ad842da1
3be3884e2ce606ae304e3c4532b890e0,d88fbf4a-937b-5863-80fb-bf02ad842da1
4480a1d007e81f77ad4211f5ecff6396,d88fbf4a-937b-5863-80fb-bf02ad842da1
892df8d9557587980ce339daaebb0ce3,d88fbf4a-937b-5863-80fb-bf02ad842da1
21564686bfb7b8e0032c395cd35fec71,d88fbf4a-937b-5863-80fb-bf02ad842da1
1a362c522c466a3b53ff21e75aaa8884,d88fbf4a-937b-5863-80fb-bf02ad842da1
30af40f01671cd6899351a33307147e6,d88fbf4a-937b-5863-80fb-bf02ad842da1
7698f1a57c79e05f3b648957b27ac2cb,d88fbf4a-937b-5863-80fb-bf02ad842da1
ff1867a91e8f843db7c4aee42aa45e8f,d88fbf4a-937b-5863-80fb-bf02ad842da1
9d165683ef71c96ecae6f0b88c761407,d88fbf4a-937b-5863-80fb-bf02ad842da1
f1a336258690acd9df6c20cd308645d2,d88fbf4a-937b-5863-80fb-bf02ad842da1
2abc01910e494848ab19dac2d09965c5,d88fbf4a-937b-5863-80fb-bf02ad842da1
19750fcb184dd9b97ba3cbdc924f2f17,d88fbf4a-937b-5863-80fb-bf02ad842da1
964aec59532686585e6472258d28beef,d88fbf4a-937b-5863-80fb-bf02ad842da1
6f757ae6a752bcbe3abbbacf92b6986b,d88fbf4a-937b-5863-80fb-bf02ad842da1
47b40918eddcba9bde8ce8e4a172ebbd,d88fbf4a-937b-5863-80fb-bf02ad842da1
6b3cb147eb7f002e8a609b6c41aebbd3,d88fbf4a-937b-5863-80fb-bf02ad842da1
b7da4f0b48afe325903c9d727e809a27,d88fbf4a-937b-5863-80fb-bf02ad842da1
da736e71a948f0d8a9396667e7e29aba,d88fbf4a-937b-5863-80fb-bf02ad842da1
3f8dc3d94aaf1d4f7e399078b64f0d38,d88fbf4a-937b-5863-80fb-bf02ad842da1
a5c5ba1c106e2c61c81f2de04e6cd2e4,d88fbf4a-937b-5863-80fb-bf02ad842da1
b44bacbbd14232a3f3a5a35b238252c1,d88fbf4a-937b-5863-80fb-bf02ad842da1
237938dc4584efc17ee27bcc88820fc4,d88fbf4a-937b-5863-80fb-bf02ad842da1
74a73885a3a38f1362c6ca56fbedae1b,d88fbf4a-937b-5863-80fb-bf02ad842da1
f8674cb3f1b0d28c348f171ff94eb73e,d88fbf4a-937b-5863-80fb-bf02ad842da1
3c0f3eac0eb47a5b86ffe98bcf3fde63,d88fbf4a-937b-5863-80fb-bf02ad842da1
51705a0060f885030011fb4d4a295973,d88fbf4a-937b-5863-80fb-bf02ad842da1
932b493e4125e3ee8931737d13d5356e,d88fbf4a-937b-5863-80fb-bf02ad842da1
1692d038e3da250494a891b3103f2193,d88fbf4a-937b-5863-80fb-bf02ad842da1
2cfe1a19f4dd25a635809c6dabf72d22,d88fbf4a-937b-5863-80fb-bf02ad842da1
1ef8656a47f67c2dc929eb3f32737d70,d88fbf4a-937b-5863-80fb-bf02ad842da1
32e92ca987479a0c6765214876241275,d88fbf4a-937b-5863-80fb-bf02ad842da1
607e168a85a42ee1e398df7abf06f025,d88fbf4a-937b-5863-80fb-bf02ad842da1
cef23e9665a315d8aa651c5355d5d8f0,d88fbf4a-937b-5863-80fb-bf02ad842da1
c4caf9d45a09a8f362295e1813d49eef,d88fbf4a-937b-5863-80fb-bf02ad842da1
d9690c487399aac143bd44f0758e2b5b,d88fbf4a-937b-5863-80fb-bf02ad842da1
3d3819a24371bbdba145f7b795bb53a5,d88fbf4a-937b-5863-80fb-bf02ad842da1
0a2225e38f1ad8d73db21d9f46154e64,d88fbf4a-937b-5863-80fb-bf02ad842da1
930f64fb63b081755ed96d4a1a1183d5,d88fbf4a-937b-5863-80fb-bf02ad842da1
2c75f6e421ba40045578aff408827a82,d88fbf4a-937b-5863-80fb-bf02ad842da1
a7152e13c5e075a91861d84021ab09e9,e6dce9b2-aef3-5d81-891a-575e3a3b558c
5737dfdd0a6ba9a5bf7d708af4a67d6c,e6dce9b2-aef3-5d81-891a-575e3a3b558c
10a90de708272f1e1695870080d372a4,e6dce9b2-aef3-5d81-891a-575e3a3b558c
19c1e11c0c92534c54f48c75e3716594,e6dce9b2-aef3-5d81-891a-575e3a3b558c
0c99900b37f133143fed66d699fc186d,e6dce9b2-aef3-5d81-891a-575e3a3b558c
9c14f60bafab2a791880109930cd42a5,e6dce9b2-aef3-5d81-891a-575e3a3b558c
ab5ba7fa7b3fa827903aa80ad086fd01,e6dce9b2-aef3-5d81-891a-575e3a3b558c
e23496de4469055546fda2161abdcc0b,e6dce9b2-aef3-5d81-891a-575e3a3b558c
e945095774749c633b557c3f6e03914b,e6dce9b2-aef3-5d81-891a-575e3a3b558c
55b5521f2f41b9c47168ca7f49f5259f,e6dce9b2-aef3-5d81-891a-575e3a3b558c
f3855ecd07e590fdd88bb4ad060e4af7,e6dce9b2-aef3-5d81-891a-575e3a3b558c
8f5b3fea264a81863dfaa650502afd29,e6dce9b2-aef3-5d81-891a-575e3a3b558c
bfe1cb886bf9f8bd9d11ad04bdc1610b,e6dce9b2-aef3-5d81-891a-575e3a3b558c
240e60f1e1e48453925a73d43431d09f,e6dce9b2-aef3-5d81-891a-575e3a3b558c
bbc07615428961ec940a6d7437b546c1,e6dce9b2-aef3-5d81-891a-575e3a3b558c
dd876718d75834e85a3541fb1d82ecbf,e6dce9b2-aef3-5d81-891a-575e3a3b558c
92cd84196b0af83dc78b7c69186efb3d,e6dce9b2-aef3-5d81-891a-575e3a3b558c
05f33e6ea39d72ea9e6fbe817c03924a,e6dce9b2-aef3-5d81-891a-575e3a3b558c
9ec3364411bcaee1331ca7a2fe86b922,e6dce9b2-aef3-5d81-891a-575e3a3b558c
035a17deb1ff3e049c76ed78bcca143d,e6dce9b2-aef3-5d81-891a-575e3a3b558c
61ed277be57d0353ca49553bd16be768,e6dce9b2-aef3-5d81-891a-575e3a3b558c
719e0f75ee6e95192e6c659d04f643bd,e6dce9b2-aef3-5d81-891a-575e3a3b558c
e67e19cc961250fe51db01611f0ee72b,e6dce9b2-aef3-5d81-891a-575e3a3b558c
d28bf6a905d3415bf281d492130b7251,e6dce9b2-aef3-5d81-891a-575e3a3b558c
7ab8b45174517bd5a7a968f58e38c874,e6dce9b2-aef3-5d81-891a-575e3a3b558c
5b37fd2f3207ad2f2c299c88172808b5,e6dce9b2-aef3-5d81-891a-575e3a3b558c
2ad1319ae8fb6b503914dc50700ed479,e6dce9b2-aef3-5d81-891a-575e3a3b558c
71cbe13ed2c1963d4d0365adf5f571b0,e6dce9b2-aef3-5d81-891a-575e3a3b558c
5c0d6a0f2c916fe8907f3c02c8694104,e6dce9b2-aef3-5d81-891a-575e3a3b558c
831ec97b6c0efe334dfc053f76841994,e6dce9b2-aef3-5d81-891a-575e3a3b558c
35fae1dd14a6ee72e0ef1aa7f03bb207,e6dce9b2-aef3-5d81-891a-575e3a3b558c
ccddb1bd0740cf9854beab989a1ab7f4,e6dce9b2-aef3-5d81-891a-575e3a3b558c
5c5b3199911f02ef819524921d3d57b0,e6dce9b2-aef3-5d81-891a-575e3a3b558c
0ab23c85118dcd6fc0ec49b5ba887ff3,e6dce9b2-aef3-5d81-891a-575e3a3b558c
30a9700754dbcfdd9e52c9a6c0b535ae,e6dce9b2-aef3-5d81-891a-575e3a3b558c
6c9af53fc4b7d16763bbfbd4cbb6b83d,e6dce9b2-aef3-5d81-891a-575e3a3b558c
14615a0008bb02bee40e7c92d0d26837,e6dce9b2-aef3-5d81-891a-575e3a3b558c
3c475a01024a21b7d53feb018f295c64,e6dce9b2-aef3-5d81-891a-575e3a3b558c
fea8781395b8347121c34a65a690d051,e6dce9b2-aef3-5d81-891a-575e3a3b558c
fa1638278eca10004cdc560642d1901e,e6dce9b2-aef3-5d81-891a-575e3a3b558c
fe51637689ace448989f81cf98100fe8,e6dce9b2-aef3-5d81-891a-575e3a3b558c
4aaebceea70a50df5c783d304a4f552f,e6dce9b2-aef3-5d81-891a-575e3a3b558c
dbf22c190926d1458cc99408ef9f454e,e6dce9b2-aef3-5d81-891a-575e3a3b558c
19586d1abf5802fca0b6ff5b5d34476d,e6dce9b2-aef3-5d81-891a-575e3a3b558c
0c58f514c41bb3e810478fb997d7abc1,e6dce9b2-aef3-5d81-891a-575e3a3b558c
31ad27bca3ee8c2c88a1d18569a094c5,e6dce9b2-aef3-5d81-891a-575e3a3b558c
97967ffb0f9edaf2dddd7d64385ec388,e6dce9b2-aef3-5d81-891a-575e3a3b558c
456d61ee6093f28bd1bbe1231da81273,e6dce9b2-aef3-5d81-891a-575e3a3b558c
86a53fe67688e53fc34243a0b7cccb7d,e6dce9b2-aef3-5d81-891a-575e3a3b558c
b8a9239a4da4324064d660ce5412d2a2,e6dce9b2-aef3-5d81-891a-575e3a3b558c
5fe807598b495e6202b78763265f94ed,e6dce9b2-aef3-5d81-891a-575e3a3b558c
1be7939d0f887519beb07820d26be616,e6dce9b2-aef3-5d81-891a-575e3a3b558c
acf5fe9a52a74d08485b787bb7a68d96,e6dce9b2-aef3-5d81-891a-575e3a3b558c
48ce4c75f636afdd95b6f67056ea753e,e6dce9b2-aef3-5d81-891a-575e3a3b558c
cebc42867ed720674ba4bd15decd4916,e6dce9b2-aef3-5d81-891a-575e3a3b558c
7ce2841381eb157275240fcc94a64b0a,e6dce9b2-aef3-5d81-891a-575e3a3b558c
a5b45bb723bc25501ee47b76a42924f8,e6dce9b2-aef3-5d81-891a-575e3a3b558c
7a51fbcb4164978b3fdf7e97fc6c09be,e6dce9b2-aef3-5d81-891a-575e3a3b558c
89469ebf5e5486109bd508085bcf4320,e6dce9b2-aef3-5d81-891a-575e3a3b558c
64ff33da88cc6e0f74cae3c75f3d1cc1,e6dce9b2-aef3-5d81-891a-575e3a3b558c
27fb3c7f4f67dac96a976354eeb615a3,e6dce9b2-aef3-5d81-891a-575e3a3b558c
dd3ac0814c99040ccf7acccf1598d259,e6dce9b2-aef3-5d81-891a-575e3a3b558c
0e0bf74430e1f39c461ef4b60c67a821,e6dce9b2-aef3-5d81-891a-575e3a3b558c
f852e5751216f8c0c960e24ede3aa330,e6dce9b2-aef3-5d81-891a-575e3a3b558c
00ffd467bc7c3ded5dc498c13a77cd8c,e6dce9b2-aef3-5d81-891a-575e3a3b558c
ab7fc564e1f407a8ffbc89fce023e968,e6dce9b2-aef3-5d81-891a-575e3a3b558c
89e741d5e84bafeaba43fe4232d05930,e6dce9b2-aef3-5d81-891a-575e3a3b558c
c41e8bcbbda9e6c2f0271606eab3080c,e6dce9b2-aef3-5d81-891a-575e3a3b558c
14c6d6b0be30623589313f84bd13dd83,e6dce9b2-aef3-5d81-891a-575e3a3b558c
3f78e366aff5b76de0316e26f7e1d0c0,e6dce9b2-aef3-5d81-891a-575e3a3b558c
b2a914602b62438632c2a961a121cd32,e6dce9b2-aef3-5d81-891a-575e3a3b558c
089a6c2e94ee55dfff27fe0553f97ab4,e6dce9b2-aef3-5d81-891a-575e3a3b558c
890e7b0f02027146364ebc7d03a73f5e,e6dce9b2-aef3-5d81-891a-575e3a3b558c
99645b62adc5fb4c23733a23b6e7f3de,e6dce9b2-aef3-5d81-891a-575e3a3b558c
da6d79b721e71e7e50b453bc4f081b2b,e6dce9b2-aef3-5d81-891a-575e3a3b558c
767d4d317fc567a02d2a1b47e8484b87,e6dce9b2-aef3-5d81-891a-575e3a3b558c
f99d621105ee546c8abffdef64329cc8,e6dce9b2-aef3-5d81-891a-575e3a3b558c
302b278e662f05b99248232821c6599f,e6dce9b2-aef3-5d81-891a-575e3a3b558c
48f4eb9c7d5712646b893c00dc9fc6d2,e6dce9b2-aef3-5d81-891a-575e3a3b558c
1f61df1fed2fab27a8a1780bbf2b454c,e6dce9b2-aef3-5d81-891a-575e3a3b558c
b5176401dee848773f1d294262a21a13,e6dce9b2-aef3-5d81-891a-575e3a3b558c
54bb208098a17af5d00fbdaadd715243,e6dce9b2-aef3-5d81-891a-575e3a3b558c
c83ff9f354667dc503cae43b4cc19705,e6dce9b2-aef3-5d81-891a-575e3a3b558c
028c34ad34fd176eca042d6e8ed15ef2,e6dce9b2-aef3-5d81-891a-575e3a3b558c
ba5cd19126f6740287ba2dee6d6facb0,e6dce9b2-aef3-5d81-891a-575e3a3b558c
8620b1a4f325155ac2e9534c9c9b7459,e6dce9b2-aef3-5d81-891a-575e3a3b558c
9cad0abed8d3c5f9403bb2c2f5ddd018,e6dce9b2-aef3-5d81-891a-575e3a3b558c
a112d5d2cc25f4f6a056d33e4cb71b38,e6dce9b2-aef3-5d81-891a-575e3a3b558c
ec19e0ad366b3090d6396712f0417f60,e6dce9b2-aef3-5d81-891a-575e3a3b558c
d2b61b78e5aae94f11397f3b182bd574,e6dce9b2-aef3-5d81-891a-575e3a3b558c
d0c037095a9c9b9df56be3dc87715e7a,e6dce9b2-aef3-5d81-891a-575e3a3b558c
30fa9c403ebcb0c89a45731ada03286f,e6dce9b2-aef3-5d81-891a-575e3a3b558c
10e036a6ea0dcef1f3eaf44ced21ba9b,e6dce9b2-aef3-5d81-891a-575e3a3b558c
996bb2d82aa7d8b3c5d1cd5c0d4e40f5,e6dce9b2-aef3-5d81-891a-575e3a3b558c
a1f1068fac8514f962335e25a874ef11,e6dce9b2-aef3-5d81-891a-575e3a3b558c
47b40918eddcba9bde8ce8e4a172ebbd,e6dce9b2-aef3-5d81-891a-575e3a3b558c
6b3cb147eb7f002e8a609b6c41aebbd3,e6dce9b2-aef3-5d81-891a-575e3a3b558c
e02c680bf44d077536816601d9230dcb,e6dce9b2-aef3-5d81-891a-575e3a3b558c
502ee8a6527d0afc77ff2f3f713f52a6,e6dce9b2-aef3-5d81-891a-575e3a3b558c
2601d05f474ceca8db2032307b13373c,e6dce9b2-aef3-5d81-891a-575e3a3b558c
00c314e397a515d67ed77387f9aa33f6,e6dce9b2-aef3-5d81-891a-575e3a3b558c
76b0c9894c8fdf67be215099d1c6453f,e6dce9b2-aef3-5d81-891a-575e3a3b558c
2fec5781668be2fdea15d439805e4b61,e6dce9b2-aef3-5d81-891a-575e3a3b558c
081d5a6ed7cfee12634f43223147f012,e6dce9b2-aef3-5d81-891a-575e3a3b558c
5f8bf8a82acc37e79e67005b0b5d32f7,e6dce9b2-aef3-5d81-891a-575e3a3b558c
ef7bc38f6bc445d5626923ad44ee4643,e6dce9b2-aef3-5d81-891a-575e3a3b558c
dec6052bfa57290d10d6f83d1dfddc21,e6dce9b2-aef3-5d81-891a-575e3a3b558c
4b9563b033a2983580386713ca45eefe,e6dce9b2-aef3-5d81-891a-575e3a3b558c
d7038b4f6d607c910e26e8da200246eb,e6dce9b2-aef3-5d81-891a-575e3a3b558c
09cd16425a591fc71d788b9c197a3e31,e6dce9b2-aef3-5d81-891a-575e3a3b558c
23c060b88b52dfc5675886803765e12b,e6dce9b2-aef3-5d81-891a-575e3a3b558c
2266f3886cc2340f3203b2a88ec542e5,e6dce9b2-aef3-5d81-891a-575e3a3b558c
c8a8f565050a3cf44c9757d84329de5a,e6dce9b2-aef3-5d81-891a-575e3a3b558c
02bcc6bcdce939737c05de61e0a45d34,e6dce9b2-aef3-5d81-891a-575e3a3b558c
602c8a535b53e0f03df4fbbefcbc3337,e6dce9b2-aef3-5d81-891a-575e3a3b558c
b79eee2a8dea2a24542d4975bf536e08,e6dce9b2-aef3-5d81-891a-575e3a3b558c
9adf82cdef0436f996d17c88623bd691,e6dce9b2-aef3-5d81-891a-575e3a3b558c
d473a6d238f70071b6462efd98f1c53f,e6dce9b2-aef3-5d81-891a-575e3a3b558c
c275f345d115d5056196a44f3d971ce3,e6dce9b2-aef3-5d81-891a-575e3a3b558c
8242d081463fc8c6cb0473e78bb30ddf,e6dce9b2-aef3-5d81-891a-575e3a3b558c
a1d83f82411968a86be559e551f13223,e6dce9b2-aef3-5d81-891a-575e3a3b558c
f238699b9e94c6369852d164be1187b6,e6dce9b2-aef3-5d81-891a-575e3a3b558c
64baa1cfa535cc0cccb3153d73414d29,e6dce9b2-aef3-5d81-891a-575e3a3b558c
8bb04a5284f273d3d70e0aa1dd46c04e,e6dce9b2-aef3-5d81-891a-575e3a3b558c
f7d04b2d207539f8e977d44da208dc49,e6dce9b2-aef3-5d81-891a-575e3a3b558c
3a429d3bdc782425f857caed73b5f55d,e6dce9b2-aef3-5d81-891a-575e3a3b558c
a31429ab0d8684ab787554c319825f6e,e6dce9b2-aef3-5d81-891a-575e3a3b558c
6953b49bf7fa28da2b8edcaa6fc31bf7,e6dce9b2-aef3-5d81-891a-575e3a3b558c
331e43088d6b078d002f5a89339391f4,e6dce9b2-aef3-5d81-891a-575e3a3b558c
dd338b7f7f14afc99749f30562626eb0,e6dce9b2-aef3-5d81-891a-575e3a3b558c
287c9c221492c9f0373a4d716a177d70,e6dce9b2-aef3-5d81-891a-575e3a3b558c
aed7023b1d4c8e4ab7e0891cfa377f18,e6dce9b2-aef3-5d81-891a-575e3a3b558c
0ab7b3f727cf97d97b1df08f7c89ed84,e6dce9b2-aef3-5d81-891a-575e3a3b558c
4d4f63fb83ff11f90d45cda64ef827a4,e6dce9b2-aef3-5d81-891a-575e3a3b558c
c416cb4c4003af66651ee7ac5c525fd4,e6dce9b2-aef3-5d81-891a-575e3a3b558c
443fdb60eaa5714cb2623b776c0c8b99,e4da9228-78cd-5ba6-82e6-64aa3f4c579c
9dba261547d05a795d00b9be08434572,e4da9228-78cd-5ba6-82e6-64aa3f4c579c
ef79ae630eec2b22e9404a41db886491,e4da9228-78cd-5ba6-82e6-64aa3f4c579c
a38078b221595f48741a805e7e5c97fc,e4da9228-78cd-5ba6-82e6-64aa3f4c579c
f44a663111e66400f1da67133fcab198,e4da9228-78cd-5ba6-82e6-64aa3f4c579c
21bd25f1f5ec8643927ca53372a84e46,e4da9228-78cd-5ba6-82e6-64aa3f4c579c
a6d8f29caa86d4dac91e5437c34a6af9,e4da9228-78cd-5ba6-82e6-64aa3f4c579c
d99d0d0bbc6a6b32dd0bcbc0b979d1ed,e4da9228-78cd-5ba6-82e6-64aa3f4c579c
7ce2841381eb157275240fcc94a64b0a,e4da9228-78cd-5ba6-82e6-64aa3f4c579c
a5b45bb723bc25501ee47b76a42924f8,e4da9228-78cd-5ba6-82e6-64aa3f4c579c
e7403ba712f12d32ffa26c8f1d17082e,e4da9228-78cd-5ba6-82e6-64aa3f4c579c
9f4834965556adc6b45139adc97087a8,e4da9228-78cd-5ba6-82e6-64aa3f4c579c
ff56fa945be0c3c9ad1bcf43a48c01de,e4da9228-78cd-5ba6-82e6-64aa3f4c579c
f49f4aa918778305c67dfb5bf74e72bb,e4da9228-78cd-5ba6-82e6-64aa3f4c579c
02ba2ee13da8da6bca18b7e1d218988b,e4da9228-78cd-5ba6-82e6-64aa3f4c579c
5f73f11e4958217ac4d5e290fe3a1789,e4da9228-78cd-5ba6-82e6-64aa3f4c579c
a1301b154e4759167b2391186634a149,e4da9228-78cd-5ba6-82e6-64aa3f4c579c
1f55f5cf904bbe7b381e4858a11829e6,e4da9228-78cd-5ba6-82e6-64aa3f4c579c
f93d2f088b7976aa6942522cd85f4a69,e4da9228-78cd-5ba6-82e6-64aa3f4c579c
1795763387fac0a56fe98bca9bd6176c,e4da9228-78cd-5ba6-82e6-64aa3f4c579c
22bbbb70b0baa44351e5c3fa7dacc926,e4da9228-78cd-5ba6-82e6-64aa3f4c579c
ebc27dcd116afe227fec344ce38dc039,e4da9228-78cd-5ba6-82e6-64aa3f4c579c
fad51be4dbf218071ee2a98afed99c47,e4da9228-78cd-5ba6-82e6-64aa3f4c579c
9493df0f9d1429a3f851ae71d4de4cfb,e4da9228-78cd-5ba6-82e6-64aa3f4c579c
87c0ae1a094c1e4f592abe7e5dc5b27c,e4da9228-78cd-5ba6-82e6-64aa3f4c579c
84bfce6849593c6d59e7dd47e35e5548,e4da9228-78cd-5ba6-82e6-64aa3f4c579c
bc5bd6ad4093a35064db5e53947f18af,e4da9228-78cd-5ba6-82e6-64aa3f4c579c
9c936ce37b2264e39e50f8c588c332b5,e4da9228-78cd-5ba6-82e6-64aa3f4c579c
de5d47d711aa366b280038928aa30904,e4da9228-78cd-5ba6-82e6-64aa3f4c579c
7c9ab13867f9c5ad4d2fe3e770547c3d,e4da9228-78cd-5ba6-82e6-64aa3f4c579c
9a3a54f512990a8789a620e87a8b853c,e4da9228-78cd-5ba6-82e6-64aa3f4c579c
8c832ff8a1ff2f08626813a7229043ab,e4da9228-78cd-5ba6-82e6-64aa3f4c579c
c50a36e63b7a143d60a8baaedab3d5ae,e4da9228-78cd-5ba6-82e6-64aa3f4c579c
35d60d5e312dc3dc927a68f65fabc243,e4da9228-78cd-5ba6-82e6-64aa3f4c579c
1da6dbf954169c396c80f05c56900f71,e4da9228-78cd-5ba6-82e6-64aa3f4c579c
c4561d4cef20789eeae26b9c15fcf2aa,e4da9228-78cd-5ba6-82e6-64aa3f4c579c
f5f2775a941503a79a41c2dac4955f9d,e4da9228-78cd-5ba6-82e6-64aa3f4c579c
2f8312559fc3aa9530c8367a323a591d,e4da9228-78cd-5ba6-82e6-64aa3f4c579c
61b0d162836ab09275e1c481278367d7,e4da9228-78cd-5ba6-82e6-64aa3f4c579c
347f3d823dea7529f56153b9dc494ff4,e4da9228-78cd-5ba6-82e6-64aa3f4c579c
d0f1d0dde834deddb4a7c35d56c86b4c,e4da9228-78cd-5ba6-82e6-64aa3f4c579c
c3593a1a326eb1661c46978d05c214a3,e4da9228-78cd-5ba6-82e6-64aa3f4c579c
96852af685a21052b870d78404f8d2dc,e4da9228-78cd-5ba6-82e6-64aa3f4c579c
90322977fee1bbd747b4c98b669d0c3e,e4da9228-78cd-5ba6-82e6-64aa3f4c579c
fc13a04954abf801863005d984dbad9d,e4da9228-78cd-5ba6-82e6-64aa3f4c579c
2c136c6a9e046a9793d00531a8900756,e4da9228-78cd-5ba6-82e6-64aa3f4c579c
bea0f7d829bf839bd230ad9d93cf164a,e4da9228-78cd-5ba6-82e6-64aa3f4c579c
0359279d0fd37a9da8e32f3d7ede21d9,e4da9228-78cd-5ba6-82e6-64aa3f4c579c
c7e417e620665a537b5e74a12a4ebc31,e4da9228-78cd-5ba6-82e6-64aa3f4c579c
a4779052abb4d780ed5d8010fe57446a,e4da9228-78cd-5ba6-82e6-64aa3f4c579c
2b076edebeb5c074349c25f13516c0de,e4da9228-78cd-5ba6-82e6-64aa3f4c579c
f7f79683d2035bad3e9c4beff44242ba,e4da9228-78cd-5ba6-82e6-64aa3f4c579c
d8d14fe52745f10cbd87580d1f1d5677,e4da9228-78cd-5ba6-82e6-64aa3f4c579c
6d27bc4a32d582f15f136d1a12ce3b86,e4da9228-78cd-5ba6-82e6-64aa3f4c579c
a9d3f4b67e26c31b4b70021d70bad4be,e4da9228-78cd-5ba6-82e6-64aa3f4c579c
7a51fbcb4164978b3fdf7e97fc6c09be,e4da9228-78cd-5ba6-82e6-64aa3f4c579c
89469ebf5e5486109bd508085bcf4320,e4da9228-78cd-5ba6-82e6-64aa3f4c579c
4f91045090a89d07e628521d9eeed15d,e4da9228-78cd-5ba6-82e6-64aa3f4c579c
0636b0af5f22bfdd071fdf51f421fdb4,e4da9228-78cd-5ba6-82e6-64aa3f4c579c
ab215bd123de127e4df5e5f8a56d018f,e4da9228-78cd-5ba6-82e6-64aa3f4c579c
43dd3116dd3b08dcc7830014aa84ff3d,e4da9228-78cd-5ba6-82e6-64aa3f4c579c
c41e8bcbbda9e6c2f0271606eab3080c,e4da9228-78cd-5ba6-82e6-64aa3f4c579c
14c6d6b0be30623589313f84bd13dd83,e4da9228-78cd-5ba6-82e6-64aa3f4c579c
620696bfed18e26d8670e06a091e6de3,e4da9228-78cd-5ba6-82e6-64aa3f4c579c
9e6e24eeca70d88cf764795163bc3dc8,e4da9228-78cd-5ba6-82e6-64aa3f4c579c
00cf5234a0285976e3c63dfbb151deb3,e4da9228-78cd-5ba6-82e6-64aa3f4c579c
d5475cc2acb619778df2a51f04eafea0,e4da9228-78cd-5ba6-82e6-64aa3f4c579c
4902da6cc883b92fbfce2422dc531b89,e4da9228-78cd-5ba6-82e6-64aa3f4c579c
da4c37ed192e28e60c4c8588b636f17b,e4da9228-78cd-5ba6-82e6-64aa3f4c579c
2ce5c2aa07d203cabcabf3475458e1cf,e4da9228-78cd-5ba6-82e6-64aa3f4c579c
7156262ee099c146f7d7871698d73c47,e4da9228-78cd-5ba6-82e6-64aa3f4c579c
1638f832b581c3ddb9210c81d281f000,e4da9228-78cd-5ba6-82e6-64aa3f4c579c
a18e889e27cfa5c0906f6f19d5ed79a0,e4da9228-78cd-5ba6-82e6-64aa3f4c579c
4c4ccd4dcf87f62d0da3c1c7b2c2a980,e4da9228-78cd-5ba6-82e6-64aa3f4c579c
4c527bd0e6106c9324a70d8f522eaa43,e4da9228-78cd-5ba6-82e6-64aa3f4c579c
1e36bd7224ba9fd94c3928b583022afb,e4da9228-78cd-5ba6-82e6-64aa3f4c579c
8da808a6eb40590d3c9080868511e980,e4da9228-78cd-5ba6-82e6-64aa3f4c579c
8fb5ea7349991a9f1d8c0bd4f2743081,e4da9228-78cd-5ba6-82e6-64aa3f4c579c
fd87cb5ea779051e4d96f6bfbe7a3030,e4da9228-78cd-5ba6-82e6-64aa3f4c579c
593f18f2de1abaa5f61d130f2f46a412,e4da9228-78cd-5ba6-82e6-64aa3f4c579c
da6d79b721e71e7e50b453bc4f081b2b,e4da9228-78cd-5ba6-82e6-64aa3f4c579c
767d4d317fc567a02d2a1b47e8484b87,e4da9228-78cd-5ba6-82e6-64aa3f4c579c
685494602c00f0b1f852bfd7d37d6184,e4da9228-78cd-5ba6-82e6-64aa3f4c579c
0e33177481b37503f59c6142056d2272,e4da9228-78cd-5ba6-82e6-64aa3f4c579c
1adbf67ec8d39f7d576c08c14815528d,e4da9228-78cd-5ba6-82e6-64aa3f4c579c
b1d1a010108212bd8228ec80819a3efa,e4da9228-78cd-5ba6-82e6-64aa3f4c579c
8b55056bfd0bdb37ba1ce833c8435122,e4da9228-78cd-5ba6-82e6-64aa3f4c579c
7d88cf52c0793d9e73c776695669086f,e4da9228-78cd-5ba6-82e6-64aa3f4c579c
ae8173f47afa92143c32d161f86ad390,e4da9228-78cd-5ba6-82e6-64aa3f4c579c
6ed0cdad2832cfabc06e89452d5f7211,e4da9228-78cd-5ba6-82e6-64aa3f4c579c
772df192fe5830792519c68fd10b3c20,e4da9228-78cd-5ba6-82e6-64aa3f4c579c
f99d621105ee546c8abffdef64329cc8,e4da9228-78cd-5ba6-82e6-64aa3f4c579c
302b278e662f05b99248232821c6599f,e4da9228-78cd-5ba6-82e6-64aa3f4c579c
6c521b38bde5ec0711d01653a281a199,e4da9228-78cd-5ba6-82e6-64aa3f4c579c
7e535c08384a745ba8b1a3cb85392071,e4da9228-78cd-5ba6-82e6-64aa3f4c579c
711e8ab060173f59ef10c9532e1e2141,e4da9228-78cd-5ba6-82e6-64aa3f4c579c
a4c4c763185315cabab95471180700f3,e4da9228-78cd-5ba6-82e6-64aa3f4c579c
6bf9053925fe158b6ceb5b2944b5d585,e4da9228-78cd-5ba6-82e6-64aa3f4c579c
0c408d0fc4acf8e2b2799b9012312147,e4da9228-78cd-5ba6-82e6-64aa3f4c579c
a8ee0cb72315f7b47cd80d84e01e0c89,e4da9228-78cd-5ba6-82e6-64aa3f4c579c
8342b1b7cabab840772546c9d84d6ec4,e4da9228-78cd-5ba6-82e6-64aa3f4c579c
56e1ec5605d74cb80e0db2af95abd445,e4da9228-78cd-5ba6-82e6-64aa3f4c579c
bdecf5d4d85c84a448b62e28c3f69fae,e4da9228-78cd-5ba6-82e6-64aa3f4c579c
2fbf58df7bf692b6500e279f204a2c50,e4da9228-78cd-5ba6-82e6-64aa3f4c579c
16a8aaf841048793148ac2709b71ad5e,e4da9228-78cd-5ba6-82e6-64aa3f4c579c
51071d714a5a63a5499659b5f548cba9,e4da9228-78cd-5ba6-82e6-64aa3f4c579c
dd13e95748ae7228a390fcfcbfe5efd6,e4da9228-78cd-5ba6-82e6-64aa3f4c579c
cc6dba9ef7ae9371283c24be1fc4c029,e4da9228-78cd-5ba6-82e6-64aa3f4c579c
88a240de07424033eb3e5b8513c93762,e4da9228-78cd-5ba6-82e6-64aa3f4c579c
67680d100cf9ebbb50f1442d88d24cb3,e4da9228-78cd-5ba6-82e6-64aa3f4c579c
29b925d96a894a951c84552575195fd9,e4da9228-78cd-5ba6-82e6-64aa3f4c579c
f9a2a5c9bea47461b21659c9705ca18b,e4da9228-78cd-5ba6-82e6-64aa3f4c579c
7c43ea921196f1229f4eeb85bb79a0e2,e4da9228-78cd-5ba6-82e6-64aa3f4c579c
cec3a25aed67ce012fa51fa3ed173aeb,e4da9228-78cd-5ba6-82e6-64aa3f4c579c
d6acbc25e0bd548b53e0ee7e9ea39d8f,e4da9228-78cd-5ba6-82e6-64aa3f4c579c
1d8df1e437e4b70f4bb25e9d2ea677ea,e4da9228-78cd-5ba6-82e6-64aa3f4c579c
f4d2ce2c0f03249c0512947967dffe0d,e4da9228-78cd-5ba6-82e6-64aa3f4c579c
c7edb4b1db70aa2aa67decc32b8fb0ab,e4da9228-78cd-5ba6-82e6-64aa3f4c579c
e528a767621b260c9a5e4e723a1bc47b,e4da9228-78cd-5ba6-82e6-64aa3f4c579c
26254e6739aea88cb838d585584305c1,e4da9228-78cd-5ba6-82e6-64aa3f4c579c
73ccf4ad0499f33f379238a88190b235,e4da9228-78cd-5ba6-82e6-64aa3f4c579c
f39ff5e1571744d543cf15cdb3a74c27,e4da9228-78cd-5ba6-82e6-64aa3f4c579c
f23d7f14c4c95f190f9fe68ba5215971,d5a3ac8a-dc81-555c-88d3-c65343591b4d
6d1f9cefe444f63346ac4d3e0b528dbe,d5a3ac8a-dc81-555c-88d3-c65343591b4d
bd271c935eefddb1a185f2ddb022d95d,d5a3ac8a-dc81-555c-88d3-c65343591b4d
ff8160b4d30ecaef5f4dcd4b1b85752b,d5a3ac8a-dc81-555c-88d3-c65343591b4d
6df4a0de0838e100d7df516fcda3cf14,d5a3ac8a-dc81-555c-88d3-c65343591b4d
7b30339483ba1ea9e26c26be42e17d27,d5a3ac8a-dc81-555c-88d3-c65343591b4d
cadf5bba14bc9dc41610110c96d83d0c,d5a3ac8a-dc81-555c-88d3-c65343591b4d
8d848c58949c47c5d711cecd530b8be4,d5a3ac8a-dc81-555c-88d3-c65343591b4d
7066ea66e3457a4d8acba0571fe79fd7,d5a3ac8a-dc81-555c-88d3-c65343591b4d
7655a3292b45e4bf2fa0efac902a09d1,d5a3ac8a-dc81-555c-88d3-c65343591b4d
289771953e89e22ca7f0396f6ab115e4,d5a3ac8a-dc81-555c-88d3-c65343591b4d
02bcc6bcdce939737c05de61e0a45d34,d5a3ac8a-dc81-555c-88d3-c65343591b4d
602c8a535b53e0f03df4fbbefcbc3337,d5a3ac8a-dc81-555c-88d3-c65343591b4d
b01e88dbf29e89e5e92c300e802eb1ed,d5a3ac8a-dc81-555c-88d3-c65343591b4d
b9dc23905d103f43872c21c32f3f8a44,d5a3ac8a-dc81-555c-88d3-c65343591b4d
703cfe576cb4132c39114411ee6aff59,d5a3ac8a-dc81-555c-88d3-c65343591b4d
d6ae4c61e02c7700a0be42abf26284de,d5a3ac8a-dc81-555c-88d3-c65343591b4d
e96ff5006ca85d98ae64d8c6d3dbed61,d5a3ac8a-dc81-555c-88d3-c65343591b4d
94af27b428155b9dd4429c3b87f14ca8,d5a3ac8a-dc81-555c-88d3-c65343591b4d
ce6aa0c45751cfe1c9401b36ff566336,d5a3ac8a-dc81-555c-88d3-c65343591b4d
775979bdfab764d3b38a9c4827759c5b,d5a3ac8a-dc81-555c-88d3-c65343591b4d
971ea36e0e98fa3b83b0ae397933cc24,d5a3ac8a-dc81-555c-88d3-c65343591b4d
bdab880b2d0bf1e5bf2114f557c90bac,d5a3ac8a-dc81-555c-88d3-c65343591b4d
c50a763621abb91e79ae24642d5d24ea,d5a3ac8a-dc81-555c-88d3-c65343591b4d
b6c95f7818d0b1dc6153072a514f57f9,d5a3ac8a-dc81-555c-88d3-c65343591b4d
5fead42b61e78706c5c6161d9fbe4e38,d5a3ac8a-dc81-555c-88d3-c65343591b4d
c69e9833bf60fafab102e0571efe1649,d5a3ac8a-dc81-555c-88d3-c65343591b4d
b1b886040b56364772fc098623773c0f,d5a3ac8a-dc81-555c-88d3-c65343591b4d
a4e92a653036f4c38e65713cc1cd2e5e,d5a3ac8a-dc81-555c-88d3-c65343591b4d
60987e35b6f36edac56f39ef2f0241ca,d5a3ac8a-dc81-555c-88d3-c65343591b4d
be1c35227eb904825738d5ab256365aa,d5a3ac8a-dc81-555c-88d3-c65343591b4d
28ce5c43e907707d44e83a01a66bc92f,d5a3ac8a-dc81-555c-88d3-c65343591b4d
06592246adf17a423de3ff04be8e0f74,d5a3ac8a-dc81-555c-88d3-c65343591b4d
34f5e8d8858d01fce11ca5675c2ba54a,d5a3ac8a-dc81-555c-88d3-c65343591b4d
8c143dab366b66e643849892d12ecbde,d5a3ac8a-dc81-555c-88d3-c65343591b4d
c34cfa7531836e0a883813f7d08bb3c3,d5a3ac8a-dc81-555c-88d3-c65343591b4d
50589e88657b668418ad72d72a7d4f2a,d5a3ac8a-dc81-555c-88d3-c65343591b4d
54263cbfe0cc415951ecc3c5754ed086,d5a3ac8a-dc81-555c-88d3-c65343591b4d
09351e8266218232b0dadbf98bb1a852,d5a3ac8a-dc81-555c-88d3-c65343591b4d
4d6d0caf71cb1c624d2ad11aaf36b103,d5a3ac8a-dc81-555c-88d3-c65343591b4d
a22e7a00afc21c9c9c447680696eef7f,d5a3ac8a-dc81-555c-88d3-c65343591b4d
a7949492a06658256375027bbf4cbc21,d5a3ac8a-dc81-555c-88d3-c65343591b4d
a92313554c9b3872dc81e95dde472412,d5a3ac8a-dc81-555c-88d3-c65343591b4d
d4a753e4e2dcd595b7ff9b278bd5843d,d5a3ac8a-dc81-555c-88d3-c65343591b4d
056c6043d8f819f0fb919fbf748ad738,d5a3ac8a-dc81-555c-88d3-c65343591b4d
e95c5fd9e491b975cabebe1c92567e41,d5a3ac8a-dc81-555c-88d3-c65343591b4d
80179aadf8ae3a6ef2c07419149d2d23,d5a3ac8a-dc81-555c-88d3-c65343591b4d
4bb0c6eaf06b0866da876e84297c817f,d5a3ac8a-dc81-555c-88d3-c65343591b4d
60c0a8280c8c28ade0894e12a51fbb85,d5a3ac8a-dc81-555c-88d3-c65343591b4d
7b09ff39da4c722a78c2cd1f6e0c1eb1,d5a3ac8a-dc81-555c-88d3-c65343591b4d
1d91a75e4c52a3a9543cf74f1b26d5dd,d5a3ac8a-dc81-555c-88d3-c65343591b4d
389f804a64c9aac36fd26609eb39d7f4,d5a3ac8a-dc81-555c-88d3-c65343591b4d
c15bdb5cc9e9d1cbf480deba38c87e12,d5a3ac8a-dc81-555c-88d3-c65343591b4d
8467452183843517b414f6463ed16c42,d5a3ac8a-dc81-555c-88d3-c65343591b4d
a2b6ab3af46f30d42bdf8d1a6d4114d5,d5a3ac8a-dc81-555c-88d3-c65343591b4d
09bdfbddabad2d3cd0a6987d42178ff2,d5a3ac8a-dc81-555c-88d3-c65343591b4d
8191c7d96d06037018ac8c8a7073bce3,72aadc30-d5dd-5778-aa77-0a0dbb88b551
f9371c024ed6723119f4a1ba768e209a,72aadc30-d5dd-5778-aa77-0a0dbb88b551
e06dc6467b488996d84a56394e885040,72aadc30-d5dd-5778-aa77-0a0dbb88b551
be0ea66115f1f4b37ee4f3e2821f54d2,72aadc30-d5dd-5778-aa77-0a0dbb88b551
c13aa61f280983d25c002ad40ab3b17a,72aadc30-d5dd-5778-aa77-0a0dbb88b551
74a7ee0a6027f2d6f8d25f5c34089dfb,72aadc30-d5dd-5778-aa77-0a0dbb88b551
8ba7f32c2c305203df71e57a0fd28aa2,72aadc30-d5dd-5778-aa77-0a0dbb88b551
774de8e40ed4f17517d223683be65eff,72aadc30-d5dd-5778-aa77-0a0dbb88b551
947a6093c06be8a8c889dd263f6da83c,72aadc30-d5dd-5778-aa77-0a0dbb88b551
bb350699e1423336fd39c40fd1c56264,72aadc30-d5dd-5778-aa77-0a0dbb88b551
542b4a754dfcbae1511fb1de5ff3a273,72aadc30-d5dd-5778-aa77-0a0dbb88b551
df54a1a5c03d7debbe4d45109ee55907,72aadc30-d5dd-5778-aa77-0a0dbb88b551
1fe7318dd20a65cef509827401f4f92e,72aadc30-d5dd-5778-aa77-0a0dbb88b551
da970ca57b1968d6633889014eea6924,72aadc30-d5dd-5778-aa77-0a0dbb88b551
447ee3773e7fa68a07a3a498547ec71e,72aadc30-d5dd-5778-aa77-0a0dbb88b551
b45ee236cf038cd5b669162a16f2e5c6,72aadc30-d5dd-5778-aa77-0a0dbb88b551
69373a9b958159d43e2dcd0f16689e48,72aadc30-d5dd-5778-aa77-0a0dbb88b551
9b9edc963c38487cd3697f6d6967165c,72aadc30-d5dd-5778-aa77-0a0dbb88b551
48787b56f3856cd327a4f8361756cdc6,72aadc30-d5dd-5778-aa77-0a0dbb88b551
f61362de1461b3c7b46d0668b9e32849,72aadc30-d5dd-5778-aa77-0a0dbb88b551
273068326492c8a63a75683f2b7de51c,72aadc30-d5dd-5778-aa77-0a0dbb88b551
69f9fdbdaec01eb01967b271831d9091,72aadc30-d5dd-5778-aa77-0a0dbb88b551
180025eb31a1f27f44d10d56d2dac23c,72aadc30-d5dd-5778-aa77-0a0dbb88b551
041991085bb9da73d44c839d47713131,72aadc30-d5dd-5778-aa77-0a0dbb88b551
320def0b3b64aaa5955896c8f6feb0eb,72aadc30-d5dd-5778-aa77-0a0dbb88b551
d628f4b9ecc158ed6e359d3545633880,72aadc30-d5dd-5778-aa77-0a0dbb88b551
0a01fc9948badce29afb19edbb6c3d63,72aadc30-d5dd-5778-aa77-0a0dbb88b551
857d42ef0d093d0867947f3535a72f82,72aadc30-d5dd-5778-aa77-0a0dbb88b551
b473136baa72093e0f6c0b77b47d1281,72aadc30-d5dd-5778-aa77-0a0dbb88b551
01bf2d8e30a6bc7e4c2ca448baec6505,72aadc30-d5dd-5778-aa77-0a0dbb88b551
330ac90b329be3979d899c950cc2cfae,72aadc30-d5dd-5778-aa77-0a0dbb88b551
ad33aa98bc0b9dd68150c8af0a1225dc,72aadc30-d5dd-5778-aa77-0a0dbb88b551
60a0962c82949fe282e33d1bbace3003,72aadc30-d5dd-5778-aa77-0a0dbb88b551
884f45e74fb0ac0be16747c28ef8c7cd,72aadc30-d5dd-5778-aa77-0a0dbb88b551
bc507abf047c5227aec8df778922127c,72aadc30-d5dd-5778-aa77-0a0dbb88b551
0a5352149bf71cb40215f35ea0d6d203,72aadc30-d5dd-5778-aa77-0a0dbb88b551
d07e9d5a977dd1b102a91942d3d49d16,72aadc30-d5dd-5778-aa77-0a0dbb88b551
8a1a5d7453df079a5568edff46a484e6,72aadc30-d5dd-5778-aa77-0a0dbb88b551
6637ab2a42bda7ee175ce2ea73bcbadd,72aadc30-d5dd-5778-aa77-0a0dbb88b551
fce9285cbb8eb40da09a7fb6573cf35d,72aadc30-d5dd-5778-aa77-0a0dbb88b551
0ff62916669f8d1a822b3db2252aed9d,72aadc30-d5dd-5778-aa77-0a0dbb88b551
f0bb537bc1adeebc03902f7a4a70a941,72aadc30-d5dd-5778-aa77-0a0dbb88b551
09e11c2d313bf5fdaafeb906c0fbd75f,72aadc30-d5dd-5778-aa77-0a0dbb88b551
ddfe5d40d83249edcc1b4232a81cadd4,72aadc30-d5dd-5778-aa77-0a0dbb88b551
fc5eaeef1b53a39d88ca7468b21d4cb3,72aadc30-d5dd-5778-aa77-0a0dbb88b551
6d509ff55adaba6bd090cce5239688e8,72aadc30-d5dd-5778-aa77-0a0dbb88b551
d11da2244ce8256df67150b0538a7547,72aadc30-d5dd-5778-aa77-0a0dbb88b551
ceaa786fa7afeab52e94a31dd69543aa,0ea45f09-2bd9-5539-a3c9-b9c8fc17e57d
2f4c8bbcc90867c261e76cc3539b06e3,0ea45f09-2bd9-5539-a3c9-b9c8fc17e57d
d7cce5690c60ec87ff48c89d23a108af,0ea45f09-2bd9-5539-a3c9-b9c8fc17e57d
7ee3f894b79b2fbf1d8ca039af76e61b,0ea45f09-2bd9-5539-a3c9-b9c8fc17e57d
372da74db39e07c6ad19bc743c99ede2,0ea45f09-2bd9-5539-a3c9-b9c8fc17e57d
3dfe098316208e91b39662c803bd5b5f,0ea45f09-2bd9-5539-a3c9-b9c8fc17e57d
a7131bd02521559ef94a4242cf6c5bfd,0ea45f09-2bd9-5539-a3c9-b9c8fc17e57d
6c59d0245785275f20c1036620a645d4,0ea45f09-2bd9-5539-a3c9-b9c8fc17e57d
eb6073ae038a83d4322656a977fedcbb,0ea45f09-2bd9-5539-a3c9-b9c8fc17e57d
d5a7e6eb0919649721e341fcde978c67,0ea45f09-2bd9-5539-a3c9-b9c8fc17e57d
c3efae37e71a8c0c53d0d24ba1ebb558,0ea45f09-2bd9-5539-a3c9-b9c8fc17e57d
952e94cd640d2276caea4c72fbb37237,0ea45f09-2bd9-5539-a3c9-b9c8fc17e57d
90c64686dfab667cb18cd750864491be,0ea45f09-2bd9-5539-a3c9-b9c8fc17e57d
5ebbc15c9986f1389b10f6292be23223,0ea45f09-2bd9-5539-a3c9-b9c8fc17e57d
c175b338eabe45243286c678235dc3f5,0ea45f09-2bd9-5539-a3c9-b9c8fc17e57d
bf65d200e94af39b418a1437ab220243,0ea45f09-2bd9-5539-a3c9-b9c8fc17e57d
d5defb3d72044444f68ea119642c9888,0ea45f09-2bd9-5539-a3c9-b9c8fc17e57d
090867ea7722cd83e67c42e9c0ef11f1,0ea45f09-2bd9-5539-a3c9-b9c8fc17e57d
399ee216d9eb1a4e4fa1ae0426a55eb0,0ea45f09-2bd9-5539-a3c9-b9c8fc17e57d
fbec2e46982c32d344d00c1cbf8ee987,0ea45f09-2bd9-5539-a3c9-b9c8fc17e57d
35dac68fa2f57d786b7d3af2c3ed90cd,0ea45f09-2bd9-5539-a3c9-b9c8fc17e57d
4f4f84241e2cb9887f23215ecd627e87,0ea45f09-2bd9-5539-a3c9-b9c8fc17e57d
07290f145f1758ef3295855be82029a2,0ea45f09-2bd9-5539-a3c9-b9c8fc17e57d
96a2b84ee0f83549d4a089a3a5c93bfd,0ea45f09-2bd9-5539-a3c9-b9c8fc17e57d
dd3f5590996311c042e7c80e7438847e,0ea45f09-2bd9-5539-a3c9-b9c8fc17e57d
5c19a90e495f905eaea99f324c983669,0ea45f09-2bd9-5539-a3c9-b9c8fc17e57d
91a02072b9eb91cb8419f8b7e5b624e1,0ea45f09-2bd9-5539-a3c9-b9c8fc17e57d
5445144c6b0cfd757a3784ee900a5a7b,0ea45f09-2bd9-5539-a3c9-b9c8fc17e57d
4e2c60b6254af040325593324dcc46df,0ea45f09-2bd9-5539-a3c9-b9c8fc17e57d
f0dea933a7a345d608d0cc79eb871fd8,0ea45f09-2bd9-5539-a3c9-b9c8fc17e57d
fad89884dd3538fbfcf88776d36f659c,0ea45f09-2bd9-5539-a3c9-b9c8fc17e57d
723674416bf9c84ee60e5d7ab9eb48c4,0ea45f09-2bd9-5539-a3c9-b9c8fc17e57d
7cce4f6fca39bddef5385611a188e356,0ea45f09-2bd9-5539-a3c9-b9c8fc17e57d
eaf0c1ae9067e8fff5643038be842b44,0ea45f09-2bd9-5539-a3c9-b9c8fc17e57d
48cc4a6f10eab1596d667c2847a4059e,0ea45f09-2bd9-5539-a3c9-b9c8fc17e57d
5b8499cf5633933c3072b6583d756ba7,0ea45f09-2bd9-5539-a3c9-b9c8fc17e57d
640bb587ab7928050cb5318ebb7cd292,0ea45f09-2bd9-5539-a3c9-b9c8fc17e57d
b4afbdd51a5536b1389aee6b3876cc3a,0ea45f09-2bd9-5539-a3c9-b9c8fc17e57d
df67129645a0107cad13422a96d09fb6,0ea45f09-2bd9-5539-a3c9-b9c8fc17e57d
6048d91f80f83c4eec68f15d54063c9c,c09e7131-3dc6-5b2a-be17-f252009ed95b
289a85f4d236a50e3aa749f864cbec89,c09e7131-3dc6-5b2a-be17-f252009ed95b
9385fb9be8a019748135dcf88e23d77c,c09e7131-3dc6-5b2a-be17-f252009ed95b
440216ad46d028b1c3e2fcefd2be535a,c09e7131-3dc6-5b2a-be17-f252009ed95b
947969461825133f53148491c8feb94e,c09e7131-3dc6-5b2a-be17-f252009ed95b
8ea1a08827deb5bc666edfcebfe0ecf5,c09e7131-3dc6-5b2a-be17-f252009ed95b
524a26816f1bbdd17f9b0df5e6f3d8f2,c09e7131-3dc6-5b2a-be17-f252009ed95b
9e2e1958cd78ff35f404cfc6d5a11d31,c09e7131-3dc6-5b2a-be17-f252009ed95b
856fcc0de098f31f192b347276c24a31,c09e7131-3dc6-5b2a-be17-f252009ed95b
6224b046d19df5989c2affc54f279819,c09e7131-3dc6-5b2a-be17-f252009ed95b
9420f1eb40c309cd805a4dca7cc8a285,c09e7131-3dc6-5b2a-be17-f252009ed95b
5a5bf5b5ca7d3638d35507816c01bd2a,c09e7131-3dc6-5b2a-be17-f252009ed95b
3c9129bb7d2b36dd926e9f15416e1061,c09e7131-3dc6-5b2a-be17-f252009ed95b
9823219c060287a06abd582777dfe150,c09e7131-3dc6-5b2a-be17-f252009ed95b
f72162845aac150e6bb9fac4ed29b2e8,c09e7131-3dc6-5b2a-be17-f252009ed95b
a6b019d9aba4c964d3c1d7632df98c62,c09e7131-3dc6-5b2a-be17-f252009ed95b
cc210a9629415cd2ba513ebe15443500,c09e7131-3dc6-5b2a-be17-f252009ed95b
369861583bd703f904f276c6151269cf,c09e7131-3dc6-5b2a-be17-f252009ed95b
70e212bcdd16ac1553fd15603dae4aad,c09e7131-3dc6-5b2a-be17-f252009ed95b
d53fcee3dd5d7fbbb3113461ceeb8de0,c09e7131-3dc6-5b2a-be17-f252009ed95b
a39c7d082fd61420dcdd0dbbf8d36e1c,c09e7131-3dc6-5b2a-be17-f252009ed95b
69a7284ee090a4f5081a30d16a908f58,c09e7131-3dc6-5b2a-be17-f252009ed95b
7e70a30ae252402a34d1247e0762ce5b,c09e7131-3dc6-5b2a-be17-f252009ed95b
792f2752432d5ee9a989bd936796f9fa,c09e7131-3dc6-5b2a-be17-f252009ed95b
8ea8fa06e04cfa8035fec6ed83f50b55,c09e7131-3dc6-5b2a-be17-f252009ed95b
f3ee18ea9e69a4eceb4e30a51f2f86c8,c09e7131-3dc6-5b2a-be17-f252009ed95b
b7b8bb1b5bb7d8fade8197a7a45574de,c09e7131-3dc6-5b2a-be17-f252009ed95b
effa2c3602d91f75d071da11ec54c7ce,c09e7131-3dc6-5b2a-be17-f252009ed95b
73ccf4ad0499f33f379238a88190b235,c09e7131-3dc6-5b2a-be17-f252009ed95b
f8ee55c7d7d6242f7fd8b588992322f0,c09e7131-3dc6-5b2a-be17-f252009ed95b
d1f40e3f7075e2c5776903aef1a3400b,c09e7131-3dc6-5b2a-be17-f252009ed95b
28704e0bc58da7ad5748518ded91d648,c09e7131-3dc6-5b2a-be17-f252009ed95b
2df3e306de27f404d61e7dc56553ecf6,c09e7131-3dc6-5b2a-be17-f252009ed95b
341473c506159ef850b75b1c0b0fcae3,c09e7131-3dc6-5b2a-be17-f252009ed95b
7d74d2facb185c868b33242de302945c,c09e7131-3dc6-5b2a-be17-f252009ed95b
4658e1c868c6589b068c3792e70ce6d7,c09e7131-3dc6-5b2a-be17-f252009ed95b
d9a31fa91166c226f04c499e19beab7a,c09e7131-3dc6-5b2a-be17-f252009ed95b
102798abe0c40605f47a22d36e19151c,c09e7131-3dc6-5b2a-be17-f252009ed95b
a4277f260da1fe2672ef84170e927550,c09e7131-3dc6-5b2a-be17-f252009ed95b
51f6ad79695cbcbd3c1368833dfcd202,c09e7131-3dc6-5b2a-be17-f252009ed95b
50961d39c662ed23f0b3cb5f646ab6de,c09e7131-3dc6-5b2a-be17-f252009ed95b
f46fae9c3ec7d78de1921a28bf1f8165,c09e7131-3dc6-5b2a-be17-f252009ed95b
38cbed403d47e50b72fb6faf558228cd,c09e7131-3dc6-5b2a-be17-f252009ed95b
d50eb34893cd2326fdf8d7ca240e77f8,c09e7131-3dc6-5b2a-be17-f252009ed95b
437d85ab75d6fab9137aa58641e19d5a,c09e7131-3dc6-5b2a-be17-f252009ed95b
2254bde520305deff64d7bdd7c58d03d,c09e7131-3dc6-5b2a-be17-f252009ed95b
71811b792f3b8ff6f9a6b88a49c9703f,c09e7131-3dc6-5b2a-be17-f252009ed95b
a34a9b0e1657203410b526cd62568f5c,c09e7131-3dc6-5b2a-be17-f252009ed95b
9eb81c7fa97e48d7b95926748a60a87c,c09e7131-3dc6-5b2a-be17-f252009ed95b
8c066268dfd13e5416834839664d052e,c09e7131-3dc6-5b2a-be17-f252009ed95b
7e38adc54fa8c7a51719b437b69f1ae1,c09e7131-3dc6-5b2a-be17-f252009ed95b
74b9c7cfc91df5df586a45a7d55c6238,c09e7131-3dc6-5b2a-be17-f252009ed95b
616bdd58e4bdc67216dd03f5647c12e2,c09e7131-3dc6-5b2a-be17-f252009ed95b
26ca19beff83440bd91083f261e8707d,c09e7131-3dc6-5b2a-be17-f252009ed95b
b831617bb705568c90c73cf52ba8af85,c09e7131-3dc6-5b2a-be17-f252009ed95b
13c7016f4f0544d23ac2c00d64c13c2b,c09e7131-3dc6-5b2a-be17-f252009ed95b
081d5a6ed7cfee12634f43223147f012,c09e7131-3dc6-5b2a-be17-f252009ed95b
5f8bf8a82acc37e79e67005b0b5d32f7,c09e7131-3dc6-5b2a-be17-f252009ed95b
7ce2841381eb157275240fcc94a64b0a,c09e7131-3dc6-5b2a-be17-f252009ed95b
a5b45bb723bc25501ee47b76a42924f8,c09e7131-3dc6-5b2a-be17-f252009ed95b
950b81a3efe6132c10e09eb983ef1cb9,c09e7131-3dc6-5b2a-be17-f252009ed95b
40428cbe6f149b34dda1f691654039d9,c09e7131-3dc6-5b2a-be17-f252009ed95b
366fc89e86cd49884f2d122d5c50c9ca,c09e7131-3dc6-5b2a-be17-f252009ed95b
37c19a6a7384e899aa31daaa9e90a116,c09e7131-3dc6-5b2a-be17-f252009ed95b
1658cec66b24d978995cd9efe840a225,c09e7131-3dc6-5b2a-be17-f252009ed95b
f96163ba56dda04bb8e3e8359157ca1b,c09e7131-3dc6-5b2a-be17-f252009ed95b
e8844c8f8e23a87456c5e7036a9070ae,804eedd1-d08b-5456-9798-76d1d39c67cc
b6430bc07e7ba69d4baa890ac3a48231,804eedd1-d08b-5456-9798-76d1d39c67cc
a3e6787d59b0d9ab538cb4a738a8b02e,804eedd1-d08b-5456-9798-76d1d39c67cc
2da30dc4648abc6e1ce3ceb209db56cc,804eedd1-d08b-5456-9798-76d1d39c67cc
778ffc5efba32da57a4648113bf54642,804eedd1-d08b-5456-9798-76d1d39c67cc
15d3f8d692bb94f7cb51d6e5708cc99f,804eedd1-d08b-5456-9798-76d1d39c67cc
3d5cad064209a6f2ee7cf7560856297c,804eedd1-d08b-5456-9798-76d1d39c67cc
6442b171463f40fb2a4a8d9a0e9718bf,804eedd1-d08b-5456-9798-76d1d39c67cc
923f8cb0ff1f24073a42e87ee1098acd,804eedd1-d08b-5456-9798-76d1d39c67cc
858aa3143034f76c26044a3882b3bdc5,804eedd1-d08b-5456-9798-76d1d39c67cc
d321534cd5dced3b2fe0f9ee6056481f,804eedd1-d08b-5456-9798-76d1d39c67cc
02a1c0d0dc5256ce19bfe54de5773b10,804eedd1-d08b-5456-9798-76d1d39c67cc
9fd76e7fc356a8f7583a006f50dac71c,804eedd1-d08b-5456-9798-76d1d39c67cc
f5e63323b61a3b954b13d099ce875b30,804eedd1-d08b-5456-9798-76d1d39c67cc
ad4cd3fde11bfa6b532da3f40e45d0f4,804eedd1-d08b-5456-9798-76d1d39c67cc
73b4deecb365b5e9ec4875dabedb6c97,804eedd1-d08b-5456-9798-76d1d39c67cc
78751f63ada96053e93096fd96bb6935,804eedd1-d08b-5456-9798-76d1d39c67cc
3bf175662492dbcd5df33c96dd4916b0,804eedd1-d08b-5456-9798-76d1d39c67cc
7395fc0ce9be9c860bd8ccfaf60472fc,804eedd1-d08b-5456-9798-76d1d39c67cc
398e81a84f74ff2d0053e34f4772516b,804eedd1-d08b-5456-9798-76d1d39c67cc
0e94e948b5579510d7355468f5f891d4,804eedd1-d08b-5456-9798-76d1d39c67cc
0b9e19e31386ef7b051e79150253dfc0,804eedd1-d08b-5456-9798-76d1d39c67cc
1dc9c4331c29e940510d603ad470b8ea,804eedd1-d08b-5456-9798-76d1d39c67cc
51991d1398361b43ad72e86ab898a065,804eedd1-d08b-5456-9798-76d1d39c67cc
a4f57cfcf4b0f9739965b20a507ddcfe,804eedd1-d08b-5456-9798-76d1d39c67cc
ace847dcec5d64a901a1a44d6b2b1058,804eedd1-d08b-5456-9798-76d1d39c67cc
ab215bd123de127e4df5e5f8a56d018f,804eedd1-d08b-5456-9798-76d1d39c67cc
43dd3116dd3b08dcc7830014aa84ff3d,804eedd1-d08b-5456-9798-76d1d39c67cc
dd4c7f34f096b6ab933a9e7f6db13459,804eedd1-d08b-5456-9798-76d1d39c67cc
e05ceb1ea91a8bb8757bd812e3999e9f,804eedd1-d08b-5456-9798-76d1d39c67cc
cea955744cea481a0c834bf64cd385da,804eedd1-d08b-5456-9798-76d1d39c67cc
ba6c53f30d5f26a5d2e9b19ca08c6b39,804eedd1-d08b-5456-9798-76d1d39c67cc
b6776869209c41c3d7641e388cb3d7d2,804eedd1-d08b-5456-9798-76d1d39c67cc
e95c18f1df3838461991f5c4f66e0443,804eedd1-d08b-5456-9798-76d1d39c67cc
e2e4c1dd44f7d274f7387ca5fbeff25e,804eedd1-d08b-5456-9798-76d1d39c67cc
9823219c060287a06abd582777dfe150,804eedd1-d08b-5456-9798-76d1d39c67cc
f72162845aac150e6bb9fac4ed29b2e8,804eedd1-d08b-5456-9798-76d1d39c67cc
e06dc6467b488996d84a56394e885040,804eedd1-d08b-5456-9798-76d1d39c67cc
be0ea66115f1f4b37ee4f3e2821f54d2,804eedd1-d08b-5456-9798-76d1d39c67cc
8191c7d96d06037018ac8c8a7073bce3,804eedd1-d08b-5456-9798-76d1d39c67cc
f9371c024ed6723119f4a1ba768e209a,804eedd1-d08b-5456-9798-76d1d39c67cc
56eab0003d9df21f41a0ed65671707ca,804eedd1-d08b-5456-9798-76d1d39c67cc
b3e24cac282d69b0615c0dda1e6945af,804eedd1-d08b-5456-9798-76d1d39c67cc
b769fda772b296b6cb23510d178b218c,804eedd1-d08b-5456-9798-76d1d39c67cc
32d256829a03e4e2a7433dfda0720b7b,804eedd1-d08b-5456-9798-76d1d39c67cc
9ba4aec867e6e2ae96376a58b5b81131,804eedd1-d08b-5456-9798-76d1d39c67cc
601c1b62d83652a273cc2d7ab93cc871,804eedd1-d08b-5456-9798-76d1d39c67cc
5c0492625e1e7264913ddf9ee3f65cc3,804eedd1-d08b-5456-9798-76d1d39c67cc
fc2f67104f8d12bc716832d124aaac61,804eedd1-d08b-5456-9798-76d1d39c67cc
83445f1763248d2c6d9344c28b800446,804eedd1-d08b-5456-9798-76d1d39c67cc
fb35f9895c8b9f5159546c446de6e23d,804eedd1-d08b-5456-9798-76d1d39c67cc
3ee909df59acc25590feab9f3c82555e,804eedd1-d08b-5456-9798-76d1d39c67cc
8b46c8a322edf1ebb6c60824c1470314,804eedd1-d08b-5456-9798-76d1d39c67cc
f9f2dfc957b3b30d2a8b15511293ec2a,804eedd1-d08b-5456-9798-76d1d39c67cc
1c98202188c1d5d42e264dbfcb1743f3,804eedd1-d08b-5456-9798-76d1d39c67cc
fc8bc83e52cbbcbbf648bd793edd909d,804eedd1-d08b-5456-9798-76d1d39c67cc
aa5332dce7c15c05c7cba1630ecfad00,804eedd1-d08b-5456-9798-76d1d39c67cc
9620f3568475c4a9162c8401ae11d65e,804eedd1-d08b-5456-9798-76d1d39c67cc
ce46f5ba7bf1c3304e232f1ca487e1b5,804eedd1-d08b-5456-9798-76d1d39c67cc
6f359f95f80dd475218a96b4ee265c0f,804eedd1-d08b-5456-9798-76d1d39c67cc
c22b75d8ad134367df4697276d093564,804eedd1-d08b-5456-9798-76d1d39c67cc
1af486f44442658494fd25cd8f29c092,804eedd1-d08b-5456-9798-76d1d39c67cc
3eb5fe0a813ec9623467bfce7041d52a,804eedd1-d08b-5456-9798-76d1d39c67cc
fde22e81ad2b84cb0f1b95665eb976e0,804eedd1-d08b-5456-9798-76d1d39c67cc
b8c7fa998b229102ae90ecbe1ea9c399,804eedd1-d08b-5456-9798-76d1d39c67cc
7809ef036f28530e1b1cbabb3f94d823,804eedd1-d08b-5456-9798-76d1d39c67cc
f4d48e906748716010d888fda79af3dc,804eedd1-d08b-5456-9798-76d1d39c67cc
2d01f1f079fad62da16ca127f21c77d3,804eedd1-d08b-5456-9798-76d1d39c67cc
6fd00cfe2238cf39eb3e3c319a0e43e5,804eedd1-d08b-5456-9798-76d1d39c67cc
4b0752ada564393b0f64f38d8ec07770,804eedd1-d08b-5456-9798-76d1d39c67cc
1e4e221203b788cd002407d46987193c,804eedd1-d08b-5456-9798-76d1d39c67cc
292485eff51fd0ebed5e6df24df77005,804eedd1-d08b-5456-9798-76d1d39c67cc
1fd0dcc114f0b04ff6e897178b6c4cd2,804eedd1-d08b-5456-9798-76d1d39c67cc
4f81d15a5f0b63112cff02ba043931a4,804eedd1-d08b-5456-9798-76d1d39c67cc
ca699d61a488fc292225af5e91c48849,804eedd1-d08b-5456-9798-76d1d39c67cc
c50a36e63b7a143d60a8baaedab3d5ae,804eedd1-d08b-5456-9798-76d1d39c67cc
35d60d5e312dc3dc927a68f65fabc243,804eedd1-d08b-5456-9798-76d1d39c67cc
a39c7d082fd61420dcdd0dbbf8d36e1c,804eedd1-d08b-5456-9798-76d1d39c67cc
69a7284ee090a4f5081a30d16a908f58,804eedd1-d08b-5456-9798-76d1d39c67cc
be69426427843653260a07abde0a36a0,804eedd1-d08b-5456-9798-76d1d39c67cc
165cad6121ad53bb0e82f19ff278f10a,804eedd1-d08b-5456-9798-76d1d39c67cc
70e212bcdd16ac1553fd15603dae4aad,804eedd1-d08b-5456-9798-76d1d39c67cc
d53fcee3dd5d7fbbb3113461ceeb8de0,804eedd1-d08b-5456-9798-76d1d39c67cc
14579154d3c3b3bee3c8c5a332d5a90c,804eedd1-d08b-5456-9798-76d1d39c67cc
a2a5d90a50bb345bdd54f15c025e6681,804eedd1-d08b-5456-9798-76d1d39c67cc
bbe71713566a879337622021b4b18ebd,804eedd1-d08b-5456-9798-76d1d39c67cc
6d68298423c55a7b0c20db72882e9122,804eedd1-d08b-5456-9798-76d1d39c67cc
b92e81f51fdb632837f48354ce14321f,804eedd1-d08b-5456-9798-76d1d39c67cc
786bff70f985f1180fc121668a95c28b,804eedd1-d08b-5456-9798-76d1d39c67cc
6eb4e5082de83104aae8e859fd753d6a,804eedd1-d08b-5456-9798-76d1d39c67cc
c8ea926328b645b4581dc40ce736fe44,804eedd1-d08b-5456-9798-76d1d39c67cc
a3c0033cb98414058f7a246658077d29,804eedd1-d08b-5456-9798-76d1d39c67cc
d81143d75c8dbda1d81d5c0ac5adee27,804eedd1-d08b-5456-9798-76d1d39c67cc
771c213e72794ce4ca6c5da8d8d372d3,804eedd1-d08b-5456-9798-76d1d39c67cc
e917b5332306f466731137fa0b515907,804eedd1-d08b-5456-9798-76d1d39c67cc
b9904d9084a0df93860121b38a046de0,804eedd1-d08b-5456-9798-76d1d39c67cc
d8303bf3cd4babaca500ac46e44ac19b,804eedd1-d08b-5456-9798-76d1d39c67cc
e2b649f1dd7aada0ff27370a3ec02e37,804eedd1-d08b-5456-9798-76d1d39c67cc
1620731ec75444ff3df4b27ddd7a9154,804eedd1-d08b-5456-9798-76d1d39c67cc
104855e0eddad1c0db3c2a1d14019254,804eedd1-d08b-5456-9798-76d1d39c67cc
e8d8ef5df626eb11f6cbadff844c6ca5,804eedd1-d08b-5456-9798-76d1d39c67cc
f69ba26d461134c8d879f0b8d838eb14,804eedd1-d08b-5456-9798-76d1d39c67cc
4d4663247fd9fe138265fbf9dc5c5bd9,804eedd1-d08b-5456-9798-76d1d39c67cc
800a3b448507baa976aa9e620e1d39d1,804eedd1-d08b-5456-9798-76d1d39c67cc
99af9604c88ad808bb1816f00c1771b4,804eedd1-d08b-5456-9798-76d1d39c67cc
5a5bf5b5ca7d3638d35507816c01bd2a,804eedd1-d08b-5456-9798-76d1d39c67cc
3c9129bb7d2b36dd926e9f15416e1061,804eedd1-d08b-5456-9798-76d1d39c67cc
592924958b65b864c6d5b44dceee34ef,804eedd1-d08b-5456-9798-76d1d39c67cc
5016d2b15c7eab1b7a5006bb0d1bc65e,804eedd1-d08b-5456-9798-76d1d39c67cc
02d45f272ceb409657db57e8022d4ccb,804eedd1-d08b-5456-9798-76d1d39c67cc
af9b825e93f05f41b68074506116b8e9,804eedd1-d08b-5456-9798-76d1d39c67cc
56b79c7e45e0b697c6f786a17ac897a7,804eedd1-d08b-5456-9798-76d1d39c67cc
b3b5e3c3351b2c337ec65d5e87215b1e,804eedd1-d08b-5456-9798-76d1d39c67cc
daecf0afcba3f31561c72205a365e1e0,804eedd1-d08b-5456-9798-76d1d39c67cc
9481f8d9f847861f54baf76b5fb5a7bb,804eedd1-d08b-5456-9798-76d1d39c67cc
b6e3e5e4e0bbba9d78202f789ac27413,804eedd1-d08b-5456-9798-76d1d39c67cc
720dc19288027449be83e449aabc6579,804eedd1-d08b-5456-9798-76d1d39c67cc
f6484f0d64c65ccf94bc20c67b29cb72,804eedd1-d08b-5456-9798-76d1d39c67cc
e02c680bf44d077536816601d9230dcb,804eedd1-d08b-5456-9798-76d1d39c67cc
502ee8a6527d0afc77ff2f3f713f52a6,804eedd1-d08b-5456-9798-76d1d39c67cc
70cc6d7c832ab3b1ca65012960eb89de,804eedd1-d08b-5456-9798-76d1d39c67cc
c939d2031401ff02a4faccbe0b6561f4,804eedd1-d08b-5456-9798-76d1d39c67cc
20b20c0b323126c73c6e58026fa9633d,804eedd1-d08b-5456-9798-76d1d39c67cc
d8e82119bf0ba8efa540a8633d1cd075,804eedd1-d08b-5456-9798-76d1d39c67cc
35eeeb7201780215ea58d7a7752f8c09,804eedd1-d08b-5456-9798-76d1d39c67cc
cc062fc31aa26704f8d0a100e1b60c8d,804eedd1-d08b-5456-9798-76d1d39c67cc
44f416f9857c7fb08c0a769e2df99934,804eedd1-d08b-5456-9798-76d1d39c67cc
7973be1d11c5175742407b40e3f3a3c9,804eedd1-d08b-5456-9798-76d1d39c67cc
9746e6b99d6b74172fdd64af9486ec62,804eedd1-d08b-5456-9798-76d1d39c67cc
6d7fdba23b437b93dab0428cc7c3b31e,804eedd1-d08b-5456-9798-76d1d39c67cc
380aa5244e04c63abc567150a20ebd93,804eedd1-d08b-5456-9798-76d1d39c67cc
29be0272ea58e817002ad4e7bc090264,804eedd1-d08b-5456-9798-76d1d39c67cc
95eb4db44d21ffa824eb81add5e8cc2f,804eedd1-d08b-5456-9798-76d1d39c67cc
da5655f9b234019dd31b3a4897cce453,804eedd1-d08b-5456-9798-76d1d39c67cc
41d6a558fb7c8aaa01504f33b95d3293,804eedd1-d08b-5456-9798-76d1d39c67cc
7806593ec3454ef1ab42cf1815143551,804eedd1-d08b-5456-9798-76d1d39c67cc
9d8f8edcb98c5774897e86a0a75b000b,804eedd1-d08b-5456-9798-76d1d39c67cc
27fc85b671998698de8b504e3f42b18b,804eedd1-d08b-5456-9798-76d1d39c67cc
0ee778c0142adb8810cace52fa25e021,804eedd1-d08b-5456-9798-76d1d39c67cc
8d7df59f89848b68b025181c917c1953,804eedd1-d08b-5456-9798-76d1d39c67cc
c97bf5048683a5af2b560a2b950f02f1,804eedd1-d08b-5456-9798-76d1d39c67cc
2b1172f2d51a1604b37ad6d036e7c360,804eedd1-d08b-5456-9798-76d1d39c67cc
a6a915f6f281f96623889a0afb5788e9,804eedd1-d08b-5456-9798-76d1d39c67cc
79b4f7d889dc1c4fa4b10850af50e4a0,804eedd1-d08b-5456-9798-76d1d39c67cc
c10a9a302699b57a492c2dc483dc34b3,804eedd1-d08b-5456-9798-76d1d39c67cc
2f48a861893f6df51b58bbccfd32eea0,804eedd1-d08b-5456-9798-76d1d39c67cc
e758865c79c4f5fca0562fc0f84ea055,804eedd1-d08b-5456-9798-76d1d39c67cc
85cb6290c96ccc0331b42b39b918854f,804eedd1-d08b-5456-9798-76d1d39c67cc
846b4c4f76229f905d0db75623e5c5dd,804eedd1-d08b-5456-9798-76d1d39c67cc
44e83b51273e5c77beae2b3f64e4e429,804eedd1-d08b-5456-9798-76d1d39c67cc
87c405467e0dc7d7f18aeac25b92d6aa,804eedd1-d08b-5456-9798-76d1d39c67cc
0491822e9094b6bffb4a97039cf6d3d5,804eedd1-d08b-5456-9798-76d1d39c67cc
04a6e588a06822c6c1810f21f77550a3,804eedd1-d08b-5456-9798-76d1d39c67cc
e0328a7cc055e1b5709cc7559c883fda,804eedd1-d08b-5456-9798-76d1d39c67cc
779f2d27e7449e756d92d9d3b1700b34,804eedd1-d08b-5456-9798-76d1d39c67cc
003c8e71d774673a2101c26c2532d17f,804eedd1-d08b-5456-9798-76d1d39c67cc
7d35d4f5d592765688cdd870e0582a9b,804eedd1-d08b-5456-9798-76d1d39c67cc
fbc85ebc0ab7e4b978f6552bdb26973c,804eedd1-d08b-5456-9798-76d1d39c67cc
e57ec36a30488a8abb801e39ea70e998,804eedd1-d08b-5456-9798-76d1d39c67cc
7e961a1633428a5ed74438ad202ddb48,804eedd1-d08b-5456-9798-76d1d39c67cc
5711d48aeb11bea09e5dd6b5f5e3aadf,804eedd1-d08b-5456-9798-76d1d39c67cc
1423805fc7039e75b52b2775b135dba2,4b59e8b7-5a7c-5675-a7be-08621fe115c9
7cdb66e6471148d219e07de9e3b496a8,4b59e8b7-5a7c-5675-a7be-08621fe115c9
c90727be32181eaa8bc6ae6c70a72667,4b59e8b7-5a7c-5675-a7be-08621fe115c9
0d0d8895c24015881f28269fbd890e33,4b59e8b7-5a7c-5675-a7be-08621fe115c9
207ed908f0e34678a9419022a54a8796,4b59e8b7-5a7c-5675-a7be-08621fe115c9
ecbc5365030a64b08cd4f75a5d2a0e46,4b59e8b7-5a7c-5675-a7be-08621fe115c9
ab215bd123de127e4df5e5f8a56d018f,4b59e8b7-5a7c-5675-a7be-08621fe115c9
43dd3116dd3b08dcc7830014aa84ff3d,4b59e8b7-5a7c-5675-a7be-08621fe115c9
e8d8ef5df626eb11f6cbadff844c6ca5,4b59e8b7-5a7c-5675-a7be-08621fe115c9
f69ba26d461134c8d879f0b8d838eb14,4b59e8b7-5a7c-5675-a7be-08621fe115c9
c681d74eb94932be7bf75eb10abe3617,4b59e8b7-5a7c-5675-a7be-08621fe115c9
2041bd63cb28f672c00f46b97b99df56,4b59e8b7-5a7c-5675-a7be-08621fe115c9
fee9ade3116c381f0e8f15fbab0c4b83,4b59e8b7-5a7c-5675-a7be-08621fe115c9
f296a815baa6794a4d2ea6feff8394ed,4b59e8b7-5a7c-5675-a7be-08621fe115c9
76183831314524bd05b308cd7c89a2ae,4b59e8b7-5a7c-5675-a7be-08621fe115c9
ec1ed1c19d93dbc380989d86b695fa28,4b59e8b7-5a7c-5675-a7be-08621fe115c9
50991e12ea13694bc77e461d1744e8ad,4b59e8b7-5a7c-5675-a7be-08621fe115c9
84771e6ab6b07592fc18954f89c5fb47,4b59e8b7-5a7c-5675-a7be-08621fe115c9
aa5332dce7c15c05c7cba1630ecfad00,4b59e8b7-5a7c-5675-a7be-08621fe115c9
9620f3568475c4a9162c8401ae11d65e,4b59e8b7-5a7c-5675-a7be-08621fe115c9
ce46f5ba7bf1c3304e232f1ca487e1b5,4b59e8b7-5a7c-5675-a7be-08621fe115c9
6f359f95f80dd475218a96b4ee265c0f,4b59e8b7-5a7c-5675-a7be-08621fe115c9
8191c7d96d06037018ac8c8a7073bce3,4b59e8b7-5a7c-5675-a7be-08621fe115c9
f9371c024ed6723119f4a1ba768e209a,4b59e8b7-5a7c-5675-a7be-08621fe115c9
7c669cb8a5e38c72bde5c3f9526e13a4,4b59e8b7-5a7c-5675-a7be-08621fe115c9
3d8a31c2705f0a65b82d98b418673e85,4b59e8b7-5a7c-5675-a7be-08621fe115c9
79cf0767d3f27180182b14c9aa6838a8,4b59e8b7-5a7c-5675-a7be-08621fe115c9
4de898055e1ba626e86f22d86315f5a6,4b59e8b7-5a7c-5675-a7be-08621fe115c9
b5dcad97e4cce37b55c6226f62ffecc7,4b59e8b7-5a7c-5675-a7be-08621fe115c9
285bdb57d1d7da7a1203ce0de675a3aa,4b59e8b7-5a7c-5675-a7be-08621fe115c9
c78b08d5abe539263732abdfd4c427f9,4b59e8b7-5a7c-5675-a7be-08621fe115c9
a8a99ca388652ed8ba5edb9e189e12fd,4b59e8b7-5a7c-5675-a7be-08621fe115c9
6956ee9661d8b0262d304c881bd92f14,4b59e8b7-5a7c-5675-a7be-08621fe115c9
b22acac7d771c995542d952edbe2c1ed,4b59e8b7-5a7c-5675-a7be-08621fe115c9
d1b1466ab8067d339afd7ab3e83bce54,4b59e8b7-5a7c-5675-a7be-08621fe115c9
bafc57970a994ba58a00c8aca980db63,4b59e8b7-5a7c-5675-a7be-08621fe115c9
5b62c1e9cdd9caab5e202864e5918f28,4b59e8b7-5a7c-5675-a7be-08621fe115c9
e188e0208442b4bcea3ab55d748a150b,4b59e8b7-5a7c-5675-a7be-08621fe115c9
6d9afc8fb5d0f877a42c82fd79574a72,4b59e8b7-5a7c-5675-a7be-08621fe115c9
46e448785bf74b0c7649e3afd28ff938,4b59e8b7-5a7c-5675-a7be-08621fe115c9
2c0c099d09ef61ce9fee7907aeec79d3,4b59e8b7-5a7c-5675-a7be-08621fe115c9
0a6c67621c7767a7f87d073ffef2d118,4b59e8b7-5a7c-5675-a7be-08621fe115c9
aa24cb6ac51cb56f222de1c813b58f98,4b59e8b7-5a7c-5675-a7be-08621fe115c9
62f37ad2327e5fc5ace74e34a555213c,4b59e8b7-5a7c-5675-a7be-08621fe115c9
716ba5df3f9d0526a7ea16486521a88a,4b59e8b7-5a7c-5675-a7be-08621fe115c9
5292ff8f6ad0a68337516791b855a0c7,4b59e8b7-5a7c-5675-a7be-08621fe115c9
afe4aa5f0bdbc06020879a0389cc6d0f,4b59e8b7-5a7c-5675-a7be-08621fe115c9
87d845a631106058fe8c0e938fecaf17,4b59e8b7-5a7c-5675-a7be-08621fe115c9
9e56305ade13b327c12a1a99b046a197,4b59e8b7-5a7c-5675-a7be-08621fe115c9
45240496c75fa4f6a19a872b8bc10d1a,4b59e8b7-5a7c-5675-a7be-08621fe115c9
e2e8d23fda93a90a68f09e075b6179da,4b59e8b7-5a7c-5675-a7be-08621fe115c9
6f9efbab6dda6ff03b8f5323219f821c,4b59e8b7-5a7c-5675-a7be-08621fe115c9
912c209f2c25522a5f48a67753b8ef22,4b59e8b7-5a7c-5675-a7be-08621fe115c9
1183b5d5bd59b0dc385b107d624ce5fb,4b59e8b7-5a7c-5675-a7be-08621fe115c9
1a2d59dbdfbd94d8974a1cdf6c8c3f80,4b59e8b7-5a7c-5675-a7be-08621fe115c9
b47be923ea06183bcebd549a01af6262,4b59e8b7-5a7c-5675-a7be-08621fe115c9
5789af69fd3fd491a80e1e966a141dac,4b59e8b7-5a7c-5675-a7be-08621fe115c9
bd8497f9c08aab15c48801d1e1dd6b51,4b59e8b7-5a7c-5675-a7be-08621fe115c9
757d3c4a253705c0c9b34bafe732bcff,4b59e8b7-5a7c-5675-a7be-08621fe115c9
ca85cfef6c6280810784a493fff29bb6,4b59e8b7-5a7c-5675-a7be-08621fe115c9
635467cfabefb3d4e1b7e5f7cf5c0e22,4b59e8b7-5a7c-5675-a7be-08621fe115c9
9cb562e713a9dfce2bd6e1c333316462,4b59e8b7-5a7c-5675-a7be-08621fe115c9
83c802964f04174da6221afa013f5c73,4b59e8b7-5a7c-5675-a7be-08621fe115c9
ed97dea60068c47ef03a7f162deb1f20,4b59e8b7-5a7c-5675-a7be-08621fe115c9
d54de0067803142ed37fc126b462eab0,4b59e8b7-5a7c-5675-a7be-08621fe115c9
f15ba15d38fbeea4235f368ed3dee487,4b59e8b7-5a7c-5675-a7be-08621fe115c9
1c235c9a2d2ae37636f449ed6aee0be4,4b59e8b7-5a7c-5675-a7be-08621fe115c9
991bcc0f2049178539ce0134fe14df50,4b59e8b7-5a7c-5675-a7be-08621fe115c9
488dd641f93ff58b5a7ab6f3e09f53c2,4b59e8b7-5a7c-5675-a7be-08621fe115c9
dc194176352f19ea690f5c18f8135223,4b59e8b7-5a7c-5675-a7be-08621fe115c9
b0af1a7b3d2db84b780b35f1c5397d57,4b59e8b7-5a7c-5675-a7be-08621fe115c9
b9bb0a31e3468e105a0b18b1ad90ea13,4b59e8b7-5a7c-5675-a7be-08621fe115c9
b3b9c8af41cf70c9f1f038907c25b408,4b59e8b7-5a7c-5675-a7be-08621fe115c9
ab1fcbca1299e0b7a97dcde7c7172d13,4b59e8b7-5a7c-5675-a7be-08621fe115c9
2fe071cb00e879fde24cee8665d57992,4b59e8b7-5a7c-5675-a7be-08621fe115c9
880fd6b2cb9516e03afb8022a8e8c2a4,4b59e8b7-5a7c-5675-a7be-08621fe115c9
62eb7a08acf68fd834c78cd4934d2d1d,4b59e8b7-5a7c-5675-a7be-08621fe115c9
ac38c857e636b33f88886972f4e04f47,4b59e8b7-5a7c-5675-a7be-08621fe115c9
f35ec17649b42df8b54cad1e732c2d29,4b59e8b7-5a7c-5675-a7be-08621fe115c9
5450fd5edfed7c233f127d208bea2a89,4b59e8b7-5a7c-5675-a7be-08621fe115c9
bbc563a3932279be631048d5a9024da0,4b59e8b7-5a7c-5675-a7be-08621fe115c9
b2e3f51c4785c34ba8aa9c1953065667,4b59e8b7-5a7c-5675-a7be-08621fe115c9
2ba9f459956beefedf72a4778f0ae3a6,4b59e8b7-5a7c-5675-a7be-08621fe115c9
b8c58129855fdb61ef03df787b2f4257,4b59e8b7-5a7c-5675-a7be-08621fe115c9
58619209e16ce881dd6fb6271bf79350,4b59e8b7-5a7c-5675-a7be-08621fe115c9
492e90a47d7ad6f82cb8cfdaebd94ab3,4b59e8b7-5a7c-5675-a7be-08621fe115c9
ef7eacfe6e955ab17470c564be12d3ca,4b59e8b7-5a7c-5675-a7be-08621fe115c9
cb03e424b2481c2c23a6f78e12787c47,4b59e8b7-5a7c-5675-a7be-08621fe115c9
9ca9105847e7c5f92d9560c59518663d,4b59e8b7-5a7c-5675-a7be-08621fe115c9
53a19fcb00329fc32c3bf79318b4b61e,4b59e8b7-5a7c-5675-a7be-08621fe115c9
91eb0aa6be3cd442f1840c40ba27ac7d,4b59e8b7-5a7c-5675-a7be-08621fe115c9
bf4d19ef9f00c2ec5280f5e52002ad42,4b59e8b7-5a7c-5675-a7be-08621fe115c9
96dd12d94511520bb7a179bfdc93a5b5,4b59e8b7-5a7c-5675-a7be-08621fe115c9
e3ca8138184fab9f15c2ffb0c5ee1fc3,4b59e8b7-5a7c-5675-a7be-08621fe115c9
ef332d6a1b1e9f5af7657edb5b128021,4b59e8b7-5a7c-5675-a7be-08621fe115c9
88ff590fceada24403902343b87ccbee,4b59e8b7-5a7c-5675-a7be-08621fe115c9
13662c1e200ebd7098a6c68ffad50834,4b59e8b7-5a7c-5675-a7be-08621fe115c9
1647e2b20ab3d74376c94ff271a07a94,4b59e8b7-5a7c-5675-a7be-08621fe115c9
78e809f3a8a1a788da057a962ab5d319,4b59e8b7-5a7c-5675-a7be-08621fe115c9
544ef8e3caa34292d8682d638326ae44,4b59e8b7-5a7c-5675-a7be-08621fe115c9
eb2291ae1ff604751d61e012444cb9fa,4b59e8b7-5a7c-5675-a7be-08621fe115c9
5739ae3350e7d841d6b58bde1771c489,4b59e8b7-5a7c-5675-a7be-08621fe115c9
b198d97d50a335b151171d14dfab5def,4b59e8b7-5a7c-5675-a7be-08621fe115c9
50d0e1b84babafe3c6865bb31455388b,4b59e8b7-5a7c-5675-a7be-08621fe115c9
86d67c27e347eb18a51c98d66625dfea,4b59e8b7-5a7c-5675-a7be-08621fe115c9
dcb9c84870328cae33b238f388a9d9fb,4b59e8b7-5a7c-5675-a7be-08621fe115c9
af16b0edd6efb89b9b29e9dc898046d0,4b59e8b7-5a7c-5675-a7be-08621fe115c9
fbbe8f4e76eaac859c303493ab94a866,4b59e8b7-5a7c-5675-a7be-08621fe115c9
6f45530d330b82aac8636bd6801958a5,4b59e8b7-5a7c-5675-a7be-08621fe115c9
8554d29037937891d2dec26c2d675e8d,4b59e8b7-5a7c-5675-a7be-08621fe115c9
5bb1da15dea148e26a59ed9f7993ac78,4b59e8b7-5a7c-5675-a7be-08621fe115c9
04d7fcb809f40389a82417a6f29c491a,4b59e8b7-5a7c-5675-a7be-08621fe115c9
f0711fac8087f15168ff887b746ed5a1,4b59e8b7-5a7c-5675-a7be-08621fe115c9
85e9f54ab532002fa8b5ef336db162ef,4b59e8b7-5a7c-5675-a7be-08621fe115c9
e371644b2e229c9e0555aaddbb89b04a,4b59e8b7-5a7c-5675-a7be-08621fe115c9
05fc5ddf52ddaabe6db0574503b005ee,4b59e8b7-5a7c-5675-a7be-08621fe115c9
3e95b31fc9aea5d6d4ffb6c658c97d58,4b59e8b7-5a7c-5675-a7be-08621fe115c9
db3641dae6204aa2c18a4c5cbe1c8c44,4b59e8b7-5a7c-5675-a7be-08621fe115c9
095fb5cc30087f64b5ced6ee66c13601,4b59e8b7-5a7c-5675-a7be-08621fe115c9
c75874724e399bdf0b1fbbfdb2736c6e,4b59e8b7-5a7c-5675-a7be-08621fe115c9
a8820250fc2fef058f27101f824618ae,4b59e8b7-5a7c-5675-a7be-08621fe115c9
b8bfcd297db065fcabe4251ea9d81695,4b59e8b7-5a7c-5675-a7be-08621fe115c9
f7ca0adfd6355b44b6f1d2c01e457662,4b59e8b7-5a7c-5675-a7be-08621fe115c9
eb0398e56dcefdddb1b3e90ac766faf0,4b59e8b7-5a7c-5675-a7be-08621fe115c9
7789c326cb5ec482ba375717b3b19fd3,4b59e8b7-5a7c-5675-a7be-08621fe115c9
58f31c710e5072c241965ad6a47a23b2,4b59e8b7-5a7c-5675-a7be-08621fe115c9
513d55638370067ea53a4d9099162c3b,4b59e8b7-5a7c-5675-a7be-08621fe115c9
19b1c07e0831aa6cb180f3732785b9a1,4b59e8b7-5a7c-5675-a7be-08621fe115c9
30d1b9af33e397921c4a9696580ad042,4b59e8b7-5a7c-5675-a7be-08621fe115c9
cd6f454890788c56da94e063da075514,4b59e8b7-5a7c-5675-a7be-08621fe115c9
ce391c6f59775fa504187ca5f2575538,4b59e8b7-5a7c-5675-a7be-08621fe115c9
afee3c2a7ff56096e28db3c5e8ee76fb,4b59e8b7-5a7c-5675-a7be-08621fe115c9
d35be0aab26b177f8a179e185cb13698,4b59e8b7-5a7c-5675-a7be-08621fe115c9
bb4d9f0f033b91b00c81a8dce800ec79,4b59e8b7-5a7c-5675-a7be-08621fe115c9
06619049d8d41c4df12ef34bc49cd259,4b59e8b7-5a7c-5675-a7be-08621fe115c9
fdcfe325eb3584d9b5ba595e93ade369,4b59e8b7-5a7c-5675-a7be-08621fe115c9
409ec3e196e07f08846a94e074dcbcc8,4b59e8b7-5a7c-5675-a7be-08621fe115c9
47581ea1474f61d4fdf0039a79fb0778,4b59e8b7-5a7c-5675-a7be-08621fe115c9
0967905017b597adcbbf6f8307366dca,4b59e8b7-5a7c-5675-a7be-08621fe115c9
cacc2a672998b8eacc9eab19579d7dcb,4b59e8b7-5a7c-5675-a7be-08621fe115c9
6fe7bfd5f07b784236cf2afbb4abad3b,4b59e8b7-5a7c-5675-a7be-08621fe115c9
fba33752a497a1fa2ec476580a60d9c2,4b59e8b7-5a7c-5675-a7be-08621fe115c9
7d4d0a52d29a49ee5e8ecc0abe815799,4b59e8b7-5a7c-5675-a7be-08621fe115c9
1b5ffd6d38a7c4ed0b3ec86a37a26348,4b59e8b7-5a7c-5675-a7be-08621fe115c9
66218f7c482570e05179526a0b053639,4b59e8b7-5a7c-5675-a7be-08621fe115c9
df153c93727108e279e89714fd4ba444,4b59e8b7-5a7c-5675-a7be-08621fe115c9
ee470d40b8a2ad3f96ffe957f786ea31,4b59e8b7-5a7c-5675-a7be-08621fe115c9
1d780e05640a1dd9b6904d2877b18964,4b59e8b7-5a7c-5675-a7be-08621fe115c9
ce8516ad452288e948fe0eff4c4a95a3,4b59e8b7-5a7c-5675-a7be-08621fe115c9
cb4f3a7903d8ee3f60620cc5936431b1,4b59e8b7-5a7c-5675-a7be-08621fe115c9
bff85f6251d4e5153f56607e57a0cd62,4b59e8b7-5a7c-5675-a7be-08621fe115c9
3b8731f4d41a54bd9e68746e27bdd942,4b59e8b7-5a7c-5675-a7be-08621fe115c9
3741ea38b6a86b447abcf02a08268add,4b59e8b7-5a7c-5675-a7be-08621fe115c9
44eb4b34910eae9508b7d4515ab465ba,4b59e8b7-5a7c-5675-a7be-08621fe115c9
9e33737175b4e6b91ab9ffb6a6061bfc,4b59e8b7-5a7c-5675-a7be-08621fe115c9
a8563ec49b297f87c18f0807246cf2d3,4b59e8b7-5a7c-5675-a7be-08621fe115c9
f8eb61c856cf67396bdcb75d4e298cef,4b59e8b7-5a7c-5675-a7be-08621fe115c9
f0dfcde6745c1e80d65554b30e72933c,4b59e8b7-5a7c-5675-a7be-08621fe115c9
85920665b0a8402496814248dbcb4172,4b59e8b7-5a7c-5675-a7be-08621fe115c9
16a019fcd9db7ce50cde2e4af172210b,4b59e8b7-5a7c-5675-a7be-08621fe115c9
719300dae8cb1be72bc9c335deeda9ba,4b59e8b7-5a7c-5675-a7be-08621fe115c9
b5c68b41e8cb2695deda60dc46e68728,4b59e8b7-5a7c-5675-a7be-08621fe115c9
9262c201e495578760326519ec3f81fb,4b59e8b7-5a7c-5675-a7be-08621fe115c9
c6c59cc84132a9dd4ae53ae4be10936b,4b59e8b7-5a7c-5675-a7be-08621fe115c9
8ab0ded4e5bc9d9653e2aa1fe887e2ec,4b59e8b7-5a7c-5675-a7be-08621fe115c9
1041eeeaab6bc220441b61a48731fe68,4b59e8b7-5a7c-5675-a7be-08621fe115c9
a27fdd6f02814699110eae131a4cc3f7,4b59e8b7-5a7c-5675-a7be-08621fe115c9
da585929b0b2cb331711ce161464b2e1,4b59e8b7-5a7c-5675-a7be-08621fe115c9
fd27dddc38b2f782e604b25df8bb1ae3,4b59e8b7-5a7c-5675-a7be-08621fe115c9
21f66c82afb85317edbcf5c128adaf76,4b59e8b7-5a7c-5675-a7be-08621fe115c9
3cba66cfe5b653ae811515da03a86e7f,4b59e8b7-5a7c-5675-a7be-08621fe115c9
adbe975d3c896918255ba44b802c4976,4b59e8b7-5a7c-5675-a7be-08621fe115c9
232d17d8085526b9781e8090d13384fc,4b59e8b7-5a7c-5675-a7be-08621fe115c9
6c9195d59d0de259b241c693ab4e30de,4b59e8b7-5a7c-5675-a7be-08621fe115c9
3a713f12acea8f211eecb1ab5f0843eb,4b59e8b7-5a7c-5675-a7be-08621fe115c9
e0ac60f54119bb23f1a10a5364453fd8,4b59e8b7-5a7c-5675-a7be-08621fe115c9
3d314392524816d61d7126458664d6da,4b59e8b7-5a7c-5675-a7be-08621fe115c9
95eb4db44d21ffa824eb81add5e8cc2f,4b59e8b7-5a7c-5675-a7be-08621fe115c9
da5655f9b234019dd31b3a4897cce453,4b59e8b7-5a7c-5675-a7be-08621fe115c9
9b94835c829f8ba5f9a741468cbfed54,4b59e8b7-5a7c-5675-a7be-08621fe115c9
ec95f319ad55bda0f954e4a9c1899fd4,4b59e8b7-5a7c-5675-a7be-08621fe115c9
971e0795dcce1190474df7b34f5b5dc3,4b59e8b7-5a7c-5675-a7be-08621fe115c9
a60b8e4fd128ed31438a8dc386898fe6,4b59e8b7-5a7c-5675-a7be-08621fe115c9
8b40d212ca79e4d5fb0da3ed0ab9e10e,4b59e8b7-5a7c-5675-a7be-08621fe115c9
816331cb59748837391a716a289a1ea0,4b59e8b7-5a7c-5675-a7be-08621fe115c9
4f6742f714c8d046798c0c001cdbdde7,4b59e8b7-5a7c-5675-a7be-08621fe115c9
a49b7d2a2a6f8dac8544dc5fb1b38614,4b59e8b7-5a7c-5675-a7be-08621fe115c9
798a6ea3ec07c3c21f1c21e4d72e6e21,4b59e8b7-5a7c-5675-a7be-08621fe115c9
1bf380af0e58edfd66aedf2d6db50540,4b59e8b7-5a7c-5675-a7be-08621fe115c9
5da39603101d8a5975be3e548ff2d92a,4b59e8b7-5a7c-5675-a7be-08621fe115c9
97b134a8229858d95ee0b565a649e46a,4b59e8b7-5a7c-5675-a7be-08621fe115c9
3415abf0720587c562e5c31b3a25a85a,4b59e8b7-5a7c-5675-a7be-08621fe115c9
f81510d0dafb76602c0a4d2cdc729979,4b59e8b7-5a7c-5675-a7be-08621fe115c9
d3690d052392d9c22147bf098ddcd946,4b59e8b7-5a7c-5675-a7be-08621fe115c9
08387118e425d82a14daed93750f8db0,4b59e8b7-5a7c-5675-a7be-08621fe115c9
7f73c5794d1fe68747fc50e83a07d639,4b59e8b7-5a7c-5675-a7be-08621fe115c9
a9b5e7efcdf0798a8836367a9ae631cd,4b59e8b7-5a7c-5675-a7be-08621fe115c9
13f275ace8e1508d3b2f8e4a7c25b978,4b59e8b7-5a7c-5675-a7be-08621fe115c9
bb5fe1fc0f1cafef2f276cd58ea34657,4b59e8b7-5a7c-5675-a7be-08621fe115c9
e1c40c144c9d9f18ca8ecb6fbfb77687,4b59e8b7-5a7c-5675-a7be-08621fe115c9
b63d6bf8a4f90c31bd72b1a348f65d6c,4b59e8b7-5a7c-5675-a7be-08621fe115c9
2626b21bb246f69c4da8fa98721997ac,4b59e8b7-5a7c-5675-a7be-08621fe115c9
43239f2e697d819094dbb1686ecab1df,4b59e8b7-5a7c-5675-a7be-08621fe115c9
0738ad64fc40b74c7b1b08d8eb72d6fe,4b59e8b7-5a7c-5675-a7be-08621fe115c9
90109155bfcbb6b6fe6112d5b6430695,4b59e8b7-5a7c-5675-a7be-08621fe115c9
e09783fa2b18518f5c12a1ffc8103b9c,4b59e8b7-5a7c-5675-a7be-08621fe115c9
292485eff51fd0ebed5e6df24df77005,4b59e8b7-5a7c-5675-a7be-08621fe115c9
1fd0dcc114f0b04ff6e897178b6c4cd2,4b59e8b7-5a7c-5675-a7be-08621fe115c9
0f5c9522eaec71d8e9231f64830e8144,4b59e8b7-5a7c-5675-a7be-08621fe115c9
ada19e0a493a7d9d2cae72a5d42c5418,4b59e8b7-5a7c-5675-a7be-08621fe115c9
9823219c060287a06abd582777dfe150,4b59e8b7-5a7c-5675-a7be-08621fe115c9
f72162845aac150e6bb9fac4ed29b2e8,4b59e8b7-5a7c-5675-a7be-08621fe115c9
6f5f73fae09dbd6b489018f4ec0cdba2,4b59e8b7-5a7c-5675-a7be-08621fe115c9
142d49f84117231fa003edaa64d1c764,4b59e8b7-5a7c-5675-a7be-08621fe115c9
583231541ccaa98a821fecaebfc83d3c,4b59e8b7-5a7c-5675-a7be-08621fe115c9
8683011448f51dce65c1edc9b3380119,4b59e8b7-5a7c-5675-a7be-08621fe115c9
19ebf24d6d30a13ce02209a3077ede0c,4b59e8b7-5a7c-5675-a7be-08621fe115c9
88b659253af431ce5961a4a1090268fc,4b59e8b7-5a7c-5675-a7be-08621fe115c9
b8bcbf6d2c2702a2a08be9763dd47c8d,4b59e8b7-5a7c-5675-a7be-08621fe115c9
d8531f353994955a2b584a9d68b4d5be,4b59e8b7-5a7c-5675-a7be-08621fe115c9
dc0025faf05dc19f15a24d6eb0dfd42b,4b59e8b7-5a7c-5675-a7be-08621fe115c9
2f1dd7bb109641e241f0ad281a680196,4b59e8b7-5a7c-5675-a7be-08621fe115c9
423b3c60598a9823307f5f0a9dc4b498,4b59e8b7-5a7c-5675-a7be-08621fe115c9
25cf0329c16f111d3133899ab078664f,4b59e8b7-5a7c-5675-a7be-08621fe115c9
244d376b594c0a9bc1894afc9af0cf4c,4b59e8b7-5a7c-5675-a7be-08621fe115c9
d99d6b865460277dd41fae25df222af8,4b59e8b7-5a7c-5675-a7be-08621fe115c9
bf5519aa080122bbd35c3324f3a95886,4b59e8b7-5a7c-5675-a7be-08621fe115c9
13e4b15f0f95ee684371bc91ba093c6b,4b59e8b7-5a7c-5675-a7be-08621fe115c9
1d1c9043b047261af5f9cedc2353cb39,4b59e8b7-5a7c-5675-a7be-08621fe115c9
a56a95ac7bd14bf35ecbce0420f2d941,4b59e8b7-5a7c-5675-a7be-08621fe115c9
1c34b6be6a88be1cc5c6fedc3e59d04b,4b59e8b7-5a7c-5675-a7be-08621fe115c9
ee806e0165c5b9ae942b50372f74b960,4b59e8b7-5a7c-5675-a7be-08621fe115c9
4c748c5ce1a069516aa983064f262daf,4b59e8b7-5a7c-5675-a7be-08621fe115c9
c8fac034dba9c05a2d8da29746a91e8d,4b59e8b7-5a7c-5675-a7be-08621fe115c9
eb06a14a6064979e0a1049830aab68fe,4b59e8b7-5a7c-5675-a7be-08621fe115c9
fd63a4e3c4163db4decd34ed0e3a3edc,4b59e8b7-5a7c-5675-a7be-08621fe115c9
f73a06e51fc36bdbcf880723c280cf31,4b59e8b7-5a7c-5675-a7be-08621fe115c9
86f3952da0baa6bbc205e3128f65903c,4b59e8b7-5a7c-5675-a7be-08621fe115c9
98d5c1bcb2241e7b11bc477fa1fa4a64,4b59e8b7-5a7c-5675-a7be-08621fe115c9
065fe76bf38f66d6614bd50d575ffbda,4b59e8b7-5a7c-5675-a7be-08621fe115c9
c70a055ec126b28bcb2f26929ffc74b3,4b59e8b7-5a7c-5675-a7be-08621fe115c9
cccdaeb422a76ee82165634597951228,4b59e8b7-5a7c-5675-a7be-08621fe115c9
d79bca552b31e7264999d15297f6d5ed,4b59e8b7-5a7c-5675-a7be-08621fe115c9
86c1b1e577bbe67cdb7036767cc0d73c,4b59e8b7-5a7c-5675-a7be-08621fe115c9
94398d7e99ac5ed63144c76e4cff2b0c,4b59e8b7-5a7c-5675-a7be-08621fe115c9
5d95a5537a2d15d53ea7acb3d60905b9,4b59e8b7-5a7c-5675-a7be-08621fe115c9
b00b4937b5fcfeebd2c2eadf0b07a6ad,4b59e8b7-5a7c-5675-a7be-08621fe115c9
2ec28a19fed4bf267d0c31918164949f,4b59e8b7-5a7c-5675-a7be-08621fe115c9
b2459c60199a7900a34517ea9c32ca3d,4b59e8b7-5a7c-5675-a7be-08621fe115c9
b6c3ae1eff5d108c5a75ccb127009ad5,4b59e8b7-5a7c-5675-a7be-08621fe115c9
7afa73296f4638bf23672cd1baf84a90,4b59e8b7-5a7c-5675-a7be-08621fe115c9
4d42beb87377fdf875851976b137d444,4b59e8b7-5a7c-5675-a7be-08621fe115c9
a91eef71602c9ec0bc0d44716a564ccb,4b59e8b7-5a7c-5675-a7be-08621fe115c9
55afa9f1a5450732d7de09e5c2f25186,4b59e8b7-5a7c-5675-a7be-08621fe115c9
c55f92687aca9bed6d73e7f20d5dd8e9,4b59e8b7-5a7c-5675-a7be-08621fe115c9
f9c2cf81c759923143b55cdde6c3235b,4b59e8b7-5a7c-5675-a7be-08621fe115c9
7ceae3f8f6e5d6f5be9ce7369d17442e,4b59e8b7-5a7c-5675-a7be-08621fe115c9
2d4c87b746569f867b9424650e186ed3,4b59e8b7-5a7c-5675-a7be-08621fe115c9
7b4462c8b853acaee39d79b0063e4f0f,4b59e8b7-5a7c-5675-a7be-08621fe115c9
360f1f97acd899a413273309b5f29ea7,4b59e8b7-5a7c-5675-a7be-08621fe115c9
35ab4d20124145f9d36b4596f47cf841,4b59e8b7-5a7c-5675-a7be-08621fe115c9
e2c19cf384fd68d3fd9602349afbd970,4b59e8b7-5a7c-5675-a7be-08621fe115c9
a9f17e7371b35e06fd662898fe12f929,4b59e8b7-5a7c-5675-a7be-08621fe115c9
6a9cdb815f578686dd99f21443539ab9,4b59e8b7-5a7c-5675-a7be-08621fe115c9
c45ace87e0282bc207b554cef0557d6f,4b59e8b7-5a7c-5675-a7be-08621fe115c9
0696341245891f2048bca65328eff5ce,4b59e8b7-5a7c-5675-a7be-08621fe115c9
d2df1c05020d90fa1170b48469cf8331,4b59e8b7-5a7c-5675-a7be-08621fe115c9
dd69a24790627374e0c61ec044036f8c,4b59e8b7-5a7c-5675-a7be-08621fe115c9
17d2b5d31d5e974ba28cffb65216fdcb,b3fd389a-96fc-5008-961c-9f025a6e73c4
1c922836036d41025f7d46993481cf27,b3fd389a-96fc-5008-961c-9f025a6e73c4
a3d449c739db197a766f77cca2aab310,b3fd389a-96fc-5008-961c-9f025a6e73c4
0b770ba158017fde06c9b4c44da7c539,b3fd389a-96fc-5008-961c-9f025a6e73c4
97b68d9df694d4550babc6679007da60,b3fd389a-96fc-5008-961c-9f025a6e73c4
506748321717c9582ab4c8c751ee89d6,b3fd389a-96fc-5008-961c-9f025a6e73c4
c468727abb9f2bdc4906cd0fee442692,b3fd389a-96fc-5008-961c-9f025a6e73c4
e0abf16fa61c36e9ae532a4137b92bb6,b3fd389a-96fc-5008-961c-9f025a6e73c4
933b9a90233d6b69e9c401095840e07b,b3fd389a-96fc-5008-961c-9f025a6e73c4
14e6f71bd6e055ec9ddb299f761b0b94,b3fd389a-96fc-5008-961c-9f025a6e73c4
3c16a59dd7481085c34970145a6d6c61,b3fd389a-96fc-5008-961c-9f025a6e73c4
20b7995dcf6f40ee6457aef9da10b584,b3fd389a-96fc-5008-961c-9f025a6e73c4
5d2637422cbb184c1eaf42a1e638fe83,b3fd389a-96fc-5008-961c-9f025a6e73c4
36821ad7bfe9fe207d17d50c5c2f6d48,b3fd389a-96fc-5008-961c-9f025a6e73c4
948f58ebfe20e3b3fca75a762d9090ab,b3fd389a-96fc-5008-961c-9f025a6e73c4
aa01ae3fe0a5dfe221f63ee30bc939be,b3fd389a-96fc-5008-961c-9f025a6e73c4
33dbfc77e2d6e2f4f3881daf5be82a7a,b3fd389a-96fc-5008-961c-9f025a6e73c4
45c01bd0894c0d1cee9f3f521bae1667,b3fd389a-96fc-5008-961c-9f025a6e73c4
cb6bb38281fe4fd7226017f91d911acc,b3fd389a-96fc-5008-961c-9f025a6e73c4
811e76789219050ac5017b028e4cf4a7,b3fd389a-96fc-5008-961c-9f025a6e73c4
35d6f0ab5893878ca50b889ffe34bfd1,b3fd389a-96fc-5008-961c-9f025a6e73c4
2fa84fd3851dd8da76e6c579248de826,b3fd389a-96fc-5008-961c-9f025a6e73c4
807c95a06e8a6a7bac365e400925f52a,b3fd389a-96fc-5008-961c-9f025a6e73c4
b2dab2b6c3f47494e02cf6cab3ed6b71,b3fd389a-96fc-5008-961c-9f025a6e73c4
98e5cd8fb4bd06e1342a72e189ef434e,b3fd389a-96fc-5008-961c-9f025a6e73c4
76f27915c00feec227e6b39a3e7e8800,b3fd389a-96fc-5008-961c-9f025a6e73c4
4d0272543f0ca2ba1d1f700237062827,b3fd389a-96fc-5008-961c-9f025a6e73c4
a06d7f7e9894cd1c68531f6706e2b20a,b3fd389a-96fc-5008-961c-9f025a6e73c4
e5e6ee615c1a2f0172c3fd318f216ca7,b3fd389a-96fc-5008-961c-9f025a6e73c4
17bb80f6ca8c6944c4f469b5cca8490f,b3fd389a-96fc-5008-961c-9f025a6e73c4
3f2ce2eaa2206a9955f15bb0e3eb0347,b3fd389a-96fc-5008-961c-9f025a6e73c4
02100d91172895289c2671d6e42f20f3,b3fd389a-96fc-5008-961c-9f025a6e73c4
d15eb2a77e5113895d6bfca2a2585746,b3fd389a-96fc-5008-961c-9f025a6e73c4
2963d5cea297d68c77864e3cac077144,b3fd389a-96fc-5008-961c-9f025a6e73c4
add429d9e05eeffbf49f8a9763c2e890,b3fd389a-96fc-5008-961c-9f025a6e73c4
e26071f2e1f751d8afd02cc608807330,b3fd389a-96fc-5008-961c-9f025a6e73c4
fd9e7b90b4de9f9378e22a8e03988e78,b3fd389a-96fc-5008-961c-9f025a6e73c4
dc3ddbab295ace3d5c3fc2356dcaec87,b3fd389a-96fc-5008-961c-9f025a6e73c4
d6d273e1db18ad2fa333a5d193acbc1d,b3fd389a-96fc-5008-961c-9f025a6e73c4
d0830a7209c101ff949d63f4db54300b,b3fd389a-96fc-5008-961c-9f025a6e73c4
1df88518e92d38ca15a60d910ca216ed,b3fd389a-96fc-5008-961c-9f025a6e73c4
24e97759ebc59c7e01922cee20b5eee3,b3fd389a-96fc-5008-961c-9f025a6e73c4
cd6a8d08fc8905444f3b59adebcbdef5,b3fd389a-96fc-5008-961c-9f025a6e73c4
700a57ddaaf2f8bd817fe4aaf24dab66,b3fd389a-96fc-5008-961c-9f025a6e73c4
3c193738ca43e7f0ffc9d3d6fa5e7a19,b3fd389a-96fc-5008-961c-9f025a6e73c4
b581f62fee6dae984c2b37ce120caee2,b3fd389a-96fc-5008-961c-9f025a6e73c4
24913e3f6729bf15ae99acffa2cfee1c,b3fd389a-96fc-5008-961c-9f025a6e73c4
5bc6bdfd3b55f4a9ff3fe75e707efc39,b3fd389a-96fc-5008-961c-9f025a6e73c4
40da012ee9362e16b1ef4be985412515,b3fd389a-96fc-5008-961c-9f025a6e73c4
3438ad07d89a7e3b0650079603e62542,b3fd389a-96fc-5008-961c-9f025a6e73c4
767353ef0382b54995af72ce1d290b18,b3fd389a-96fc-5008-961c-9f025a6e73c4
bf3139d5ddf0312f519313c523d6488b,b3fd389a-96fc-5008-961c-9f025a6e73c4
546e80ae85fd9f73c80c86c5f03a7d37,b3fd389a-96fc-5008-961c-9f025a6e73c4
2337701b9ae8febe4bb2f891b7ef5f28,b3fd389a-96fc-5008-961c-9f025a6e73c4
f5a2636e3e9e7f254dae7b28922c8d83,b3fd389a-96fc-5008-961c-9f025a6e73c4
a37afa7d003043d66816f32fc7b02567,b3fd389a-96fc-5008-961c-9f025a6e73c4
76fa20db330f19a924ced1ee983a63b7,b3fd389a-96fc-5008-961c-9f025a6e73c4
f495326904ac0c52efbb9e4ec92ba802,b3fd389a-96fc-5008-961c-9f025a6e73c4
ffea28a1f037eb848468639ed2a1d14b,b3fd389a-96fc-5008-961c-9f025a6e73c4
aadae8801ff475fc038c162619501a6e,b3fd389a-96fc-5008-961c-9f025a6e73c4
ecfa1aec1fcb4ad0748ef736f3b18b56,b3fd389a-96fc-5008-961c-9f025a6e73c4
3e542fefa13554b4f5ef37724ec0627c,b3fd389a-96fc-5008-961c-9f025a6e73c4
1df567d4b5da879f082783682c7e6d6b,b3fd389a-96fc-5008-961c-9f025a6e73c4
735bb5b1be0c7fb4af382f1bf5bffc0c,b3fd389a-96fc-5008-961c-9f025a6e73c4
52e4baf46ae1d4dce7e0a3bd606ae24a,b3fd389a-96fc-5008-961c-9f025a6e73c4
aac900f9e8de0d599a6af8f195b12c8e,b3fd389a-96fc-5008-961c-9f025a6e73c4
dc6a62288fe8be4c397ea2b610cf29ce,b3fd389a-96fc-5008-961c-9f025a6e73c4
4e0b3a0ae19412456ee3c260157e3a38,b3fd389a-96fc-5008-961c-9f025a6e73c4
48cdf4e4e99d2bedf2707712f8062227,b3fd389a-96fc-5008-961c-9f025a6e73c4
ba584aa250a5756d20af5b703c8defe0,b3fd389a-96fc-5008-961c-9f025a6e73c4
53f3f594511fb2ca1690c1c22f22f5e8,b3fd389a-96fc-5008-961c-9f025a6e73c4
834ea5d845fca8a498aa30c06b17b6d7,b3fd389a-96fc-5008-961c-9f025a6e73c4
42add3e6139e0eb072e8ca30542a9dd7,b3fd389a-96fc-5008-961c-9f025a6e73c4
e0195569a1093c096bd312d0e252cc4b,b3fd389a-96fc-5008-961c-9f025a6e73c4
681b8fbcbdd40370830e856b727097e9,b3fd389a-96fc-5008-961c-9f025a6e73c4
30c0a0a633f75e06304badbe7d0d7dfb,b3fd389a-96fc-5008-961c-9f025a6e73c4
c59e59595c4041ebdd53b2b30aa79044,b3fd389a-96fc-5008-961c-9f025a6e73c4
de0b80d5924dcbdcc2544012c6c2aad6,b3fd389a-96fc-5008-961c-9f025a6e73c4
4e371e0f2fd27b36e149b37904ba29c7,b3fd389a-96fc-5008-961c-9f025a6e73c4
9626c269c8959be74de84388a2316214,b3fd389a-96fc-5008-961c-9f025a6e73c4
d45d862761759eff05200d43073b62e9,b3fd389a-96fc-5008-961c-9f025a6e73c4
9a6140e809ecd9d48e29c853b9dda01b,b3fd389a-96fc-5008-961c-9f025a6e73c4
70660c4be2747598ed8952823473ea33,b3fd389a-96fc-5008-961c-9f025a6e73c4
30ed1288344b8517ae7c9cd26fadf8b9,b3fd389a-96fc-5008-961c-9f025a6e73c4
b8e915724253028d12381baa65ddb624,b3fd389a-96fc-5008-961c-9f025a6e73c4
aa0774ef7d922402d838531cd25bc5e9,b3fd389a-96fc-5008-961c-9f025a6e73c4
256aba69fe2743de630170a0243d4b36,b3fd389a-96fc-5008-961c-9f025a6e73c4
5f6e173e8b47cae80405260d6b0febf6,b3fd389a-96fc-5008-961c-9f025a6e73c4
2ae4fd91d83dedf3f7362370a2bb6205,b3fd389a-96fc-5008-961c-9f025a6e73c4
549d38486a0444364479325d4674483d,b3fd389a-96fc-5008-961c-9f025a6e73c4
719d041e81c8e2b124d00d19b7cf49a9,b3fd389a-96fc-5008-961c-9f025a6e73c4
5f902721e1d801dc515d2f042201e924,b3fd389a-96fc-5008-961c-9f025a6e73c4
d6c0905cacdee5136bcb74a596d80581,b3fd389a-96fc-5008-961c-9f025a6e73c4
7b03287d010e0ba46466a0659dd9cc67,b3fd389a-96fc-5008-961c-9f025a6e73c4
6e031f0a0f4389481c0ae07ed5d5d425,b3fd389a-96fc-5008-961c-9f025a6e73c4
69b79c83c3498c65b50ac817c05fa382,b3fd389a-96fc-5008-961c-9f025a6e73c4
4bad8273c0da10ab1850a056027d06d1,b3fd389a-96fc-5008-961c-9f025a6e73c4
c63c365dc50f5935b71bfc6ca468b41d,b3fd389a-96fc-5008-961c-9f025a6e73c4
e88ea4d2e6ba2238557caf8ad806c297,b3fd389a-96fc-5008-961c-9f025a6e73c4
c4dbab51c73f5aa4c49161f461d74de5,b3fd389a-96fc-5008-961c-9f025a6e73c4
95e21507c27cc5bc0eebee75ec0f355a,b3fd389a-96fc-5008-961c-9f025a6e73c4
dd4eb9b72e5c9796ee66dc59702c3edc,b3fd389a-96fc-5008-961c-9f025a6e73c4
b6c934bc0c7b76111414ee003b0671b0,0052c252-d23d-5168-b101-bc544069a51f
7f3093d38e35020604772b4570260c86,0052c252-d23d-5168-b101-bc544069a51f
ae56496a0dedd6d5058eb6884eddf65b,0052c252-d23d-5168-b101-bc544069a51f
69b79c83c3498c65b50ac817c05fa382,0052c252-d23d-5168-b101-bc544069a51f
4bad8273c0da10ab1850a056027d06d1,0052c252-d23d-5168-b101-bc544069a51f
6781b34dd81bed3db79a6087e9475fc9,0052c252-d23d-5168-b101-bc544069a51f
d51cb29523254d7af33975fa16c0ca28,0052c252-d23d-5168-b101-bc544069a51f
68e2a3f30bedb4a70c3d052835449e1b,0052c252-d23d-5168-b101-bc544069a51f
cd7c596317a2903270d6da75abcce0fa,0052c252-d23d-5168-b101-bc544069a51f
f7aa3542a1607466a37bb518e0cb45d4,0052c252-d23d-5168-b101-bc544069a51f
67dc82cf806a4fb55107ff6e863ee9bd,0052c252-d23d-5168-b101-bc544069a51f
a9cecf97ad98168b90e1d8b4c38e25ce,0052c252-d23d-5168-b101-bc544069a51f
90931bf416c7d71587d93fbc2cc86b5d,0052c252-d23d-5168-b101-bc544069a51f
18867129a41a08befc3cd8d63443d525,0052c252-d23d-5168-b101-bc544069a51f
22eb9664f9669f3daddc62e5a5ade5b8,0052c252-d23d-5168-b101-bc544069a51f
f232d5c383ffaaf4747b7cefc6b05762,0052c252-d23d-5168-b101-bc544069a51f
520ae944f5a3413b72e18b04d47d6379,0052c252-d23d-5168-b101-bc544069a51f
e636689ee55bc8cc92472ac8444a71de,0052c252-d23d-5168-b101-bc544069a51f
24d76331c57fc3d20fa9da5ba9e8e6af,0052c252-d23d-5168-b101-bc544069a51f
cc3b1a2ef1f452f3ee48897a05dc9067,0052c252-d23d-5168-b101-bc544069a51f
baf50357c06c97d43d04f6a48d021340,0052c252-d23d-5168-b101-bc544069a51f
9f42e30b8312b341ebdf40d9c3f1baf3,0052c252-d23d-5168-b101-bc544069a51f
40666294170430ccf870ec24999ece00,0052c252-d23d-5168-b101-bc544069a51f
ebbb332d678a90dda7a8e782433b0456,0052c252-d23d-5168-b101-bc544069a51f
090850d0a4db3fa2ee66673289c79930,0052c252-d23d-5168-b101-bc544069a51f
bbd49033153a6bb28af209a3bf6ee628,0052c252-d23d-5168-b101-bc544069a51f
de364aa445f8098d8e1d4bbfb108b30d,0052c252-d23d-5168-b101-bc544069a51f
ff1867a91e8f843db7c4aee42aa45e8f,0052c252-d23d-5168-b101-bc544069a51f
e1f035689586cc10f5e23e9149599e12,0052c252-d23d-5168-b101-bc544069a51f
c2d0fec640af2e36300bffe7f10a7540,0052c252-d23d-5168-b101-bc544069a51f
e62a175d9036452978e5ad977d02a2fe,0052c252-d23d-5168-b101-bc544069a51f
afa9a66eff86433f704c379b7ba03e0b,0052c252-d23d-5168-b101-bc544069a51f
0a22a7849afa71bdc4eca843a3682d75,0052c252-d23d-5168-b101-bc544069a51f
ef7bc38f6bc445d5626923ad44ee4643,0052c252-d23d-5168-b101-bc544069a51f
dec6052bfa57290d10d6f83d1dfddc21,0052c252-d23d-5168-b101-bc544069a51f
5dc7bfdde7cf7b91ab4be9c43ba404e3,0052c252-d23d-5168-b101-bc544069a51f
299064366a09f276b82d77e4be45024d,0052c252-d23d-5168-b101-bc544069a51f
950b81a3efe6132c10e09eb983ef1cb9,0052c252-d23d-5168-b101-bc544069a51f
40428cbe6f149b34dda1f691654039d9,0052c252-d23d-5168-b101-bc544069a51f
6c1aa67f405c839a4c947b2faf310e78,0052c252-d23d-5168-b101-bc544069a51f
c3edd6e79912ae45a00c7cd082dab0e1,0052c252-d23d-5168-b101-bc544069a51f
bb7a1e0ad6cbd0905f15284087d8e0c2,0052c252-d23d-5168-b101-bc544069a51f
f182457404ab59ed41243451745cf443,0052c252-d23d-5168-b101-bc544069a51f
051d2c289b67c5608a625fdb6b0d6aa6,0052c252-d23d-5168-b101-bc544069a51f
1c444ee0b24cc0f1db4ef33b27accb0a,0052c252-d23d-5168-b101-bc544069a51f
50c68078e7a99119dde9d189bcbc52ec,0052c252-d23d-5168-b101-bc544069a51f
376d7db30fd09557a9e527ba4c9902ed,0052c252-d23d-5168-b101-bc544069a51f
198a8a5ad05ea3d7bd9d96289cb0dbcc,0052c252-d23d-5168-b101-bc544069a51f
bbd092429e7a4c7b1f72cac6615008fb,0052c252-d23d-5168-b101-bc544069a51f
887dc278917ca2b09daa9b8c1c6a2b73,0052c252-d23d-5168-b101-bc544069a51f
8a5f5703adbfc9ae08e18cb3787ae024,0052c252-d23d-5168-b101-bc544069a51f
deae9de42233aa8111b55b89a7cb66d9,0052c252-d23d-5168-b101-bc544069a51f
ea0456df64f8d156ce851a32d7130c71,0052c252-d23d-5168-b101-bc544069a51f
1420d03b811eccf6d73796f34341d2b1,0052c252-d23d-5168-b101-bc544069a51f
3a190ef968a255d55ba98ee3bf13024f,0052c252-d23d-5168-b101-bc544069a51f
e8d8ef5df626eb11f6cbadff844c6ca5,0052c252-d23d-5168-b101-bc544069a51f
f69ba26d461134c8d879f0b8d838eb14,0052c252-d23d-5168-b101-bc544069a51f
a3c0033cb98414058f7a246658077d29,0052c252-d23d-5168-b101-bc544069a51f
d81143d75c8dbda1d81d5c0ac5adee27,0052c252-d23d-5168-b101-bc544069a51f
941ad896d2e7ea5416c259f1ae4a76c2,0052c252-d23d-5168-b101-bc544069a51f
cd9319ce146401b8763e0b86ae1f7407,0052c252-d23d-5168-b101-bc544069a51f
8d98ef46b0a16ec303c731f7521070d6,0052c252-d23d-5168-b101-bc544069a51f
cb4a2d0b4fc5f88d129ffa2dc27a147a,0052c252-d23d-5168-b101-bc544069a51f
6809586e4d1cf4ff80ca2e1d7b216116,0052c252-d23d-5168-b101-bc544069a51f
7b1bbc42b0d9d42f0f998372c6162fa3,0052c252-d23d-5168-b101-bc544069a51f
64ff33da88cc6e0f74cae3c75f3d1cc1,0052c252-d23d-5168-b101-bc544069a51f
27fb3c7f4f67dac96a976354eeb615a3,0052c252-d23d-5168-b101-bc544069a51f
4b50feccebd4054753e7c0a1ba1fb289,0052c252-d23d-5168-b101-bc544069a51f
5eda295c52bab31a13276c4c0d138330,0052c252-d23d-5168-b101-bc544069a51f
bc4f6fc9d6e8e1ba7ae7b1882b19824d,0052c252-d23d-5168-b101-bc544069a51f
7bea8ab2c00491244d2cfc2f7a4e18b6,0052c252-d23d-5168-b101-bc544069a51f
89b7856b41facd2abd20b3de227e0e52,0052c252-d23d-5168-b101-bc544069a51f
d2df1c05020d90fa1170b48469cf8331,0052c252-d23d-5168-b101-bc544069a51f
fa1a8cfdfca404ab3ffa32e6ef787e16,0052c252-d23d-5168-b101-bc544069a51f
fe201d24de33d225990608858b672462,0052c252-d23d-5168-b101-bc544069a51f
5083d450584fceb34a36ee1101429e3c,0052c252-d23d-5168-b101-bc544069a51f
593d334856e97edf6dfaf257bb7b9fbe,0052c252-d23d-5168-b101-bc544069a51f
8cb9a2fdd273f300ad47bd5faa27bec6,0052c252-d23d-5168-b101-bc544069a51f
9481cc7388874f1d2de05cc38d5120f2,0052c252-d23d-5168-b101-bc544069a51f
fa1a3c05a9ba505eda22f40e946d0c3b,0052c252-d23d-5168-b101-bc544069a51f
1b5f5c4c794a3203f46ce6bc2edf38aa,84e9f151-7013-5873-a779-e51a06e60449
6c6f83fffb0014cf529dce8cff7da291,84e9f151-7013-5873-a779-e51a06e60449
ea87c1ac5099b1abd2fa6bf54425e19f,84e9f151-7013-5873-a779-e51a06e60449
a67dfa3031423e6e7e98f9da697d79d3,84e9f151-7013-5873-a779-e51a06e60449
8de93681b1ad9f916f6258c78008cf08,84e9f151-7013-5873-a779-e51a06e60449
0fb66429478ca2119b138786f1dad10e,84e9f151-7013-5873-a779-e51a06e60449
ff6ed274db73843e8aa06b7f7432b650,84e9f151-7013-5873-a779-e51a06e60449
b837cb08e814d8b7b6f32d56eb7e0f0c,84e9f151-7013-5873-a779-e51a06e60449
b2cbd5d64f1390dc07e01d9908b64f96,84e9f151-7013-5873-a779-e51a06e60449
05f58def4c48e1926ec9e948088d452f,84e9f151-7013-5873-a779-e51a06e60449
5c5d38f0b830298dc52ab8133aafebfe,84e9f151-7013-5873-a779-e51a06e60449
9ba2dbef5206eb1e395e274d192c092a,84e9f151-7013-5873-a779-e51a06e60449
950b81a3efe6132c10e09eb983ef1cb9,84e9f151-7013-5873-a779-e51a06e60449
40428cbe6f149b34dda1f691654039d9,84e9f151-7013-5873-a779-e51a06e60449
4e70f71d3e6a2b8b90eabeb6acdb3ab4,84e9f151-7013-5873-a779-e51a06e60449
01295c5b9c8a291d350754fd2c9a1145,84e9f151-7013-5873-a779-e51a06e60449
3e487ae12b372f755109f0bec6ed00e3,84e9f151-7013-5873-a779-e51a06e60449
f8a58df2e386b0353e7b81c1bb4aec33,84e9f151-7013-5873-a779-e51a06e60449
2ad1319ae8fb6b503914dc50700ed479,84e9f151-7013-5873-a779-e51a06e60449
71cbe13ed2c1963d4d0365adf5f571b0,84e9f151-7013-5873-a779-e51a06e60449
c3593a1a326eb1661c46978d05c214a3,84e9f151-7013-5873-a779-e51a06e60449
96852af685a21052b870d78404f8d2dc,84e9f151-7013-5873-a779-e51a06e60449
5b1a9fcbba87631e90123dcfd865b45d,84e9f151-7013-5873-a779-e51a06e60449
d0594ce64e342009ea88ed707d5652cd,84e9f151-7013-5873-a779-e51a06e60449
ff56fa945be0c3c9ad1bcf43a48c01de,84e9f151-7013-5873-a779-e51a06e60449
f49f4aa918778305c67dfb5bf74e72bb,84e9f151-7013-5873-a779-e51a06e60449
7d65a6469898401d078e4352db717953,84e9f151-7013-5873-a779-e51a06e60449
5703413eebff2b11a5f53eefc048b132,84e9f151-7013-5873-a779-e51a06e60449
00b69e49eb0eb8e6db3680e116b6a98d,84e9f151-7013-5873-a779-e51a06e60449
13efea17b5d47e41500faaa5deb27f9d,84e9f151-7013-5873-a779-e51a06e60449
ac02ae07a8881edac0e8a147a2bd9495,84e9f151-7013-5873-a779-e51a06e60449
1fedb66010c7e09af87be98c01f8b173,84e9f151-7013-5873-a779-e51a06e60449
3c335fe5e71fb5daa2156086fe067e65,84e9f151-7013-5873-a779-e51a06e60449
1fbbd9c1b049567050ccd7d2774a5490,84e9f151-7013-5873-a779-e51a06e60449
905c3b9413c8e10b378fce0e6762e592,84e9f151-7013-5873-a779-e51a06e60449
806d9d9f3670cde7406c78cea9c2b35b,84e9f151-7013-5873-a779-e51a06e60449
2558b6dc23b1f5ec8211934fa5900706,84e9f151-7013-5873-a779-e51a06e60449
6a6a1bd6850c37d073281b0ef2b79f27,84e9f151-7013-5873-a779-e51a06e60449
96bb29d4d9637ab5cc8fd0fff134be71,84e9f151-7013-5873-a779-e51a06e60449
767104875182ec444eefbdb3d644757d,84e9f151-7013-5873-a779-e51a06e60449
371cd00b0a1548ef1420d51535d28b3f,84e9f151-7013-5873-a779-e51a06e60449
c625ebef9fa1edeea9dfd37fae27ef8d,84e9f151-7013-5873-a779-e51a06e60449
fa613cb723cc6ce2e85c36b7e7e920da,84e9f151-7013-5873-a779-e51a06e60449
55b1fb0fadf123992c14d6428a9639d0,84e9f151-7013-5873-a779-e51a06e60449
89dbee757cda579641637e75b1b7684b,84e9f151-7013-5873-a779-e51a06e60449
a8bf6f82128118ef5d5963e86b3cea97,84e9f151-7013-5873-a779-e51a06e60449
19d63fc593edf37b38f0ae7021df83b9,84e9f151-7013-5873-a779-e51a06e60449
2d7a6d86522d8cbb537d227acbdc9efd,84e9f151-7013-5873-a779-e51a06e60449
11912c489f20fdf8f6e3e2b704c72da0,84e9f151-7013-5873-a779-e51a06e60449
b4b66652d393c2cef71dc44e1800c5cb,84e9f151-7013-5873-a779-e51a06e60449
e945095774749c633b557c3f6e03914b,84e9f151-7013-5873-a779-e51a06e60449
55b5521f2f41b9c47168ca7f49f5259f,84e9f151-7013-5873-a779-e51a06e60449
726d97909c70be2094593dfc3f838aa8,84e9f151-7013-5873-a779-e51a06e60449
06928db87d0bf4a741d8c5e601beebf2,84e9f151-7013-5873-a779-e51a06e60449
a8169f4c56ad7940509a26f75f806639,84e9f151-7013-5873-a779-e51a06e60449
e398a379c76677bbc354fb6b25192254,84e9f151-7013-5873-a779-e51a06e60449
a87fe5edb2aeaf6aa9eaf68a6ef801ca,84e9f151-7013-5873-a779-e51a06e60449
b3cb17d20866222e73b04d86973a846c,84e9f151-7013-5873-a779-e51a06e60449
ecbc36db713cd10054fdf1873d370a39,84e9f151-7013-5873-a779-e51a06e60449
ad99342dff4c174a8d03a310985c8f22,84e9f151-7013-5873-a779-e51a06e60449
904570b34cce50cc2eb00c7701cbbf05,84e9f151-7013-5873-a779-e51a06e60449
9815588f66bc69b5706139c9a855f8ae,84e9f151-7013-5873-a779-e51a06e60449
c7925bde80c66b487dae483f805ec6b7,84e9f151-7013-5873-a779-e51a06e60449
53e3a28ac88a3bb5c371c636525518ab,84e9f151-7013-5873-a779-e51a06e60449
fd1f9cb962caefe5fc0f1de88631b916,84e9f151-7013-5873-a779-e51a06e60449
2c81a6575a5cdbade7ac70c52e739d34,84e9f151-7013-5873-a779-e51a06e60449
15d2cfca6e9587c678985c4e7761a6d2,84e9f151-7013-5873-a779-e51a06e60449
c2a2b6e50b31c68843e7ec8cb085c785,84e9f151-7013-5873-a779-e51a06e60449
941ad896d2e7ea5416c259f1ae4a76c2,84e9f151-7013-5873-a779-e51a06e60449
cd9319ce146401b8763e0b86ae1f7407,84e9f151-7013-5873-a779-e51a06e60449
4da7169c23cb702a72208179eb74c1d1,84e9f151-7013-5873-a779-e51a06e60449
08282308e83662cec1b33cc55f80a77a,84e9f151-7013-5873-a779-e51a06e60449
515a0adce74106da0ea7acbe384504b7,84e9f151-7013-5873-a779-e51a06e60449
1351af30ad8d4c38cebf54d70b7717a9,84e9f151-7013-5873-a779-e51a06e60449
2f720f9b9596783644db6e7b29d5640a,84e9f151-7013-5873-a779-e51a06e60449
a83b98dd88aca4d81674f0193288b00f,84e9f151-7013-5873-a779-e51a06e60449
961b91bab970991b050731dadbdb2654,84e9f151-7013-5873-a779-e51a06e60449
dafd5cda12a5dc50a4b20b4af12169b1,84e9f151-7013-5873-a779-e51a06e60449
a95886e1f5607836173d828ce3ee0d13,84e9f151-7013-5873-a779-e51a06e60449
fc22e188a2bc592fb87db11cd4a29212,84e9f151-7013-5873-a779-e51a06e60449
d03fad1a79757e0d8ebcfede7930b4a5,84e9f151-7013-5873-a779-e51a06e60449
9dca55b48c58ceba27077ec621e531e0,84e9f151-7013-5873-a779-e51a06e60449
a74709870c056e3e4c135d64e5b516ff,84e9f151-7013-5873-a779-e51a06e60449
6cdd27a627ff23076a366c69b8088182,84e9f151-7013-5873-a779-e51a06e60449
907946291bddbb936d11b958487f6ccb,84e9f151-7013-5873-a779-e51a06e60449
497a3e625cf01a50d89cc028fbfa6541,84e9f151-7013-5873-a779-e51a06e60449
ed0ad965c513b9f8b6026bcc6978cb33,84e9f151-7013-5873-a779-e51a06e60449
e7abb7b0b6418431ab143a0d68f2fd56,84e9f151-7013-5873-a779-e51a06e60449
0266309d2f0b8d70725af8a3afaccec6,84e9f151-7013-5873-a779-e51a06e60449
bce94ebc9aebf4bec680c0f3549fdbb0,84e9f151-7013-5873-a779-e51a06e60449
003c10e557dd489392190bfcb04f7663,84e9f151-7013-5873-a779-e51a06e60449
6296105879912d37a9d546d6699d39c9,84e9f151-7013-5873-a779-e51a06e60449
7a5d73701e7ebb3e39012ab335c0efe0,84e9f151-7013-5873-a779-e51a06e60449
0fee517d003bd2a7ba4bd19058556347,84e9f151-7013-5873-a779-e51a06e60449
eb7995d7b64350c0f95d5b9dd09f794b,84e9f151-7013-5873-a779-e51a06e60449
f589d6cc678bcbf548ac3b94073eb7fe,84e9f151-7013-5873-a779-e51a06e60449
5c1ba164dc2bdc22fc1263d3cc2bd8b2,84e9f151-7013-5873-a779-e51a06e60449
077c052a2a84ade291aee732f824dbf3,84e9f151-7013-5873-a779-e51a06e60449
732e758bd7594c785d192467586edf63,84e9f151-7013-5873-a779-e51a06e60449
1fa5a8f384ec3a55e8c9d3ca22c0c491,84e9f151-7013-5873-a779-e51a06e60449
12c9d5971168918ac7aaab6e8e3c490e,84e9f151-7013-5873-a779-e51a06e60449
3cd871669fb44a8ef7afe0663ae51ebd,84e9f151-7013-5873-a779-e51a06e60449
7daa3f4b2a2d2ac6fb90cf624434eec6,84e9f151-7013-5873-a779-e51a06e60449
e23e65644c53a589faa040f2732b4166,84e9f151-7013-5873-a779-e51a06e60449
2d6f5cd6279f9475e0411e2bf4ba1079,84e9f151-7013-5873-a779-e51a06e60449
b4089074560a7d8b35ba1c69a9e8a796,84e9f151-7013-5873-a779-e51a06e60449
0a582ec2a4e64cb50da9d0e17e692915,84e9f151-7013-5873-a779-e51a06e60449
a89e801dda3132c3ce63c4693d7fa2ae,84e9f151-7013-5873-a779-e51a06e60449
1dbfd5e4b584750c24f33378a654040d,84e9f151-7013-5873-a779-e51a06e60449
a4e7053c0bd9a5fb2c7b6dec3a4a22a2,84e9f151-7013-5873-a779-e51a06e60449
efadb121d0a270d15ce6afabb32357c6,84e9f151-7013-5873-a779-e51a06e60449
dca789a056f2bbd27952f908ed1182ed,84e9f151-7013-5873-a779-e51a06e60449
692a0a260bfae86cd2c669ac42be2115,84e9f151-7013-5873-a779-e51a06e60449
5a3e13b42a724e9ecde47a7d42b25aa3,84e9f151-7013-5873-a779-e51a06e60449
bd1b9a9ff90741fbff0c4e823773d4fd,84e9f151-7013-5873-a779-e51a06e60449
501e4cbba4c1f1bba2a22fb5cba0c878,84e9f151-7013-5873-a779-e51a06e60449
8a841179d060fe0a459b65056f53e40e,84e9f151-7013-5873-a779-e51a06e60449
86b59a9ca69a0c998192667c4e30fbe1,84e9f151-7013-5873-a779-e51a06e60449
88654e652206368bbabf3b099fd28fb5,84e9f151-7013-5873-a779-e51a06e60449
e26dcf306bb9b6da397f736096041295,84e9f151-7013-5873-a779-e51a06e60449
bf0e3ae89983804aabdd67cc97bb0e98,84e9f151-7013-5873-a779-e51a06e60449
a31cdd412a778631d22ff3c749e06d74,84e9f151-7013-5873-a779-e51a06e60449
d27a1f0e6262d0eba0e55b3e6ad844b3,84e9f151-7013-5873-a779-e51a06e60449
6f230fb6d54468ae0ff9514c76f0ac13,84e9f151-7013-5873-a779-e51a06e60449
ea9208481030779d1e82a9a25a440c8a,84e9f151-7013-5873-a779-e51a06e60449
c18d80729de389b5b5aa5b173fd3676e,84e9f151-7013-5873-a779-e51a06e60449
a5e206658bce67016ffe1388c470f229,84e9f151-7013-5873-a779-e51a06e60449
cb08436bbeee398724601e0aeeb17ba8,c51871eb-2529-541e-9acc-8471c1ebdb23
59e831deba363d6f450961940b3950f6,c51871eb-2529-541e-9acc-8471c1ebdb23
ecc850def11d126fb72e7417760f6c34,c51871eb-2529-541e-9acc-8471c1ebdb23
09082bcc8e2a11fb1763f46ed8937014,c51871eb-2529-541e-9acc-8471c1ebdb23
67710745cf93e404c870cd56fce411c7,c51871eb-2529-541e-9acc-8471c1ebdb23
63710cb02e4350497eb5d8db88dcaef6,c51871eb-2529-541e-9acc-8471c1ebdb23
fef0fbcb309500f3a4a011d33fd99a66,c51871eb-2529-541e-9acc-8471c1ebdb23
2c2c8065f8a9162392dc4e22aba23fc1,c51871eb-2529-541e-9acc-8471c1ebdb23
1b5f5c4c794a3203f46ce6bc2edf38aa,c51871eb-2529-541e-9acc-8471c1ebdb23
8fe973d3f7e58222ede7e810aa691c70,c51871eb-2529-541e-9acc-8471c1ebdb23
ea87c1ac5099b1abd2fa6bf54425e19f,c51871eb-2529-541e-9acc-8471c1ebdb23
9c63df509d4b063c0a381b42b662bf99,c51871eb-2529-541e-9acc-8471c1ebdb23
8c364e11c612959c2ed2b8ae575f455a,c51871eb-2529-541e-9acc-8471c1ebdb23
16ea8b735517a1670fa03e58d789b83e,c51871eb-2529-541e-9acc-8471c1ebdb23
49a29e7394f9e1df9fb06b52a1ba7066,c51871eb-2529-541e-9acc-8471c1ebdb23
e945095774749c633b557c3f6e03914b,c51871eb-2529-541e-9acc-8471c1ebdb23
55b5521f2f41b9c47168ca7f49f5259f,c51871eb-2529-541e-9acc-8471c1ebdb23
647e0256d3ee0704676de94e76dd77a8,c51871eb-2529-541e-9acc-8471c1ebdb23
e045f5666c3b481b08532805c7287a20,c51871eb-2529-541e-9acc-8471c1ebdb23
f3855ecd07e590fdd88bb4ad060e4af7,c51871eb-2529-541e-9acc-8471c1ebdb23
8f5b3fea264a81863dfaa650502afd29,c51871eb-2529-541e-9acc-8471c1ebdb23
7172c1515a5fedc4963bdde8faf67517,c51871eb-2529-541e-9acc-8471c1ebdb23
cbcb6cb9301fe7f78546838bff6ac821,c51871eb-2529-541e-9acc-8471c1ebdb23
5f5ddfc6090a35c97cd9e8f6d317f0b9,c51871eb-2529-541e-9acc-8471c1ebdb23
1f47276a0921afa52f9f865eadd676e6,c51871eb-2529-541e-9acc-8471c1ebdb23
5fb88d04058db20594f097e8c5f110ec,c51871eb-2529-541e-9acc-8471c1ebdb23
b42eaf7d5ada15f5cff87df0de9887ee,c51871eb-2529-541e-9acc-8471c1ebdb23
df8b9a1b4e3fc9945759f51c892cb2bc,c51871eb-2529-541e-9acc-8471c1ebdb23
b7efc06bc785dab582b3c69f674929d2,c51871eb-2529-541e-9acc-8471c1ebdb23
950b81a3efe6132c10e09eb983ef1cb9,c51871eb-2529-541e-9acc-8471c1ebdb23
40428cbe6f149b34dda1f691654039d9,c51871eb-2529-541e-9acc-8471c1ebdb23
454edcf0861ab5200817a32e743527f3,c51871eb-2529-541e-9acc-8471c1ebdb23
b858fef95e59a14ff063ed8a7ff7ea31,c51871eb-2529-541e-9acc-8471c1ebdb23
3b6534445533202ec38b0b6e1951c574,c51871eb-2529-541e-9acc-8471c1ebdb23
a37e312addb96f147864e845314c6c9b,c51871eb-2529-541e-9acc-8471c1ebdb23
b8b84a0cc911c75aa75e74c9f24fc360,c51871eb-2529-541e-9acc-8471c1ebdb23
875902a380d6b2f8694fb1cc0b5bdce1,c51871eb-2529-541e-9acc-8471c1ebdb23
11a0d1568c8dd9aa5fbc4dd886dfe9ac,c51871eb-2529-541e-9acc-8471c1ebdb23
87ca3103070757fc439e320b3113cf01,c51871eb-2529-541e-9acc-8471c1ebdb23
eefa8d93cedaad87f39ae287c7b91735,c51871eb-2529-541e-9acc-8471c1ebdb23
6330a9f45336806f55644c71eae17496,c51871eb-2529-541e-9acc-8471c1ebdb23
b2cd5624bdc3a503030237b2c44bd20f,c51871eb-2529-541e-9acc-8471c1ebdb23
32529144341cdfd3dd3a3aada302180a,c51871eb-2529-541e-9acc-8471c1ebdb23
8fd7ef9ee4986d3bdfb834b4b0944786,c51871eb-2529-541e-9acc-8471c1ebdb23
a3d0db752b64c7251f5f9e2bf0a8abc7,c51871eb-2529-541e-9acc-8471c1ebdb23
eb2c8c7149a17388e6f13808562ec94a,c51871eb-2529-541e-9acc-8471c1ebdb23
a9eea2c5a6c507f3e00dabeee4d192d4,c51871eb-2529-541e-9acc-8471c1ebdb23
c3139a78a3db004a7915a7134ac27df4,c51871eb-2529-541e-9acc-8471c1ebdb23
9532a839f41ceb2ff91f4c5a1a3dfcad,c51871eb-2529-541e-9acc-8471c1ebdb23
39e62920693cb5a7fb817224f3c66625,c51871eb-2529-541e-9acc-8471c1ebdb23
13202412a29a30e215c0aabbe0b1ef8c,c51871eb-2529-541e-9acc-8471c1ebdb23
6f6bd412e16dd0342446db17023ecb66,c51871eb-2529-541e-9acc-8471c1ebdb23
e34b615a38159997ab667754d962db18,c51871eb-2529-541e-9acc-8471c1ebdb23
11bce2b65d6de2c186246317b511e062,c51871eb-2529-541e-9acc-8471c1ebdb23
9208295c7fd1c2488805461527b8d4b4,c51871eb-2529-541e-9acc-8471c1ebdb23
fd97323d84ba248caec6ef3d7e8ee730,c51871eb-2529-541e-9acc-8471c1ebdb23
be29bff62b11039de6809d6664a2888b,c51871eb-2529-541e-9acc-8471c1ebdb23
7d57c95762c65220de7ed1115accf417,c51871eb-2529-541e-9acc-8471c1ebdb23
338ae0cfea5125ac0d61d49e6f296875,c51871eb-2529-541e-9acc-8471c1ebdb23
bc4f6fc9d6e8e1ba7ae7b1882b19824d,c51871eb-2529-541e-9acc-8471c1ebdb23
aadf724f47f002bd7734c5af11986247,c51871eb-2529-541e-9acc-8471c1ebdb23
2016709f1e867e8f27cf2add484083d9,c51871eb-2529-541e-9acc-8471c1ebdb23
eacf0cec01d350949c02cc58388d2da4,c51871eb-2529-541e-9acc-8471c1ebdb23
f46e86cc1c28cebea9d6557790f48796,c51871eb-2529-541e-9acc-8471c1ebdb23
5294a13f1c29cbbc72e6d943f39574ce,c51871eb-2529-541e-9acc-8471c1ebdb23
6512d900fc31abe32c9516e765b2cfe4,c51871eb-2529-541e-9acc-8471c1ebdb23
62d3474b84248a2d28d7b1ff2a37658c,c51871eb-2529-541e-9acc-8471c1ebdb23
6acb693783eb3b164cc0d404ac4d5dc4,c51871eb-2529-541e-9acc-8471c1ebdb23
c716e7446b55dc0ab7e6f0521c91b0d1,c51871eb-2529-541e-9acc-8471c1ebdb23
bd3141583d9eba55f55efe50503ceff7,c51871eb-2529-541e-9acc-8471c1ebdb23
03c6e6f7badeea9481200e3efc08e743,c51871eb-2529-541e-9acc-8471c1ebdb23
a6187643cf439a9348bd0c3988437b23,c51871eb-2529-541e-9acc-8471c1ebdb23
ead3a9d177aee7028c7473b7303bf795,c51871eb-2529-541e-9acc-8471c1ebdb23
639728010095be8156fded26b5fef362,c51871eb-2529-541e-9acc-8471c1ebdb23
4b458a633aca91feeec22f640d5fff0b,c51871eb-2529-541e-9acc-8471c1ebdb23
71ff091f177e2c91b245adcd1616cf4c,c51871eb-2529-541e-9acc-8471c1ebdb23
a5a0d76363409f19289eac427cefb29e,c51871eb-2529-541e-9acc-8471c1ebdb23
6ba12367bfe1fed1b7136bec85a45089,c51871eb-2529-541e-9acc-8471c1ebdb23
9532a839f41ceb2ff91f4c5a1a3dfcad,211bfda5-49f9-52bc-bd11-487e1730bb7c
39e62920693cb5a7fb817224f3c66625,211bfda5-49f9-52bc-bd11-487e1730bb7c
cdce233513b2b7db6b7cd0077f4bb999,211bfda5-49f9-52bc-bd11-487e1730bb7c
14d802194e9d674898f694f12ef00ed5,211bfda5-49f9-52bc-bd11-487e1730bb7c
f90e9e3f96f37ef9c0552c9571f488c7,211bfda5-49f9-52bc-bd11-487e1730bb7c
95a2df6e20e11acbed50d2064641dc85,211bfda5-49f9-52bc-bd11-487e1730bb7c
427a62d6cbf685167c83f009be64c2a8,211bfda5-49f9-52bc-bd11-487e1730bb7c
1f8cda2bb4a5304ab5aa9c040fac15f6,211bfda5-49f9-52bc-bd11-487e1730bb7c
9481cc7388874f1d2de05cc38d5120f2,211bfda5-49f9-52bc-bd11-487e1730bb7c
fa1a3c05a9ba505eda22f40e946d0c3b,211bfda5-49f9-52bc-bd11-487e1730bb7c
7e2c7c4cfe2d23d9edf454153fbdaf7f,211bfda5-49f9-52bc-bd11-487e1730bb7c
f0f099bc9bbe58feb00292fc14568ec2,211bfda5-49f9-52bc-bd11-487e1730bb7c
a3d0db752b64c7251f5f9e2bf0a8abc7,211bfda5-49f9-52bc-bd11-487e1730bb7c
eb2c8c7149a17388e6f13808562ec94a,211bfda5-49f9-52bc-bd11-487e1730bb7c
362ef35f4fd4c47578c5455ba71b4560,211bfda5-49f9-52bc-bd11-487e1730bb7c
df9ff109977b47bf74e82143c2738c19,211bfda5-49f9-52bc-bd11-487e1730bb7c
90f385aa621493ec513fe512fa47ee9e,211bfda5-49f9-52bc-bd11-487e1730bb7c
59004df627ffcc855e2d483df3987c22,211bfda5-49f9-52bc-bd11-487e1730bb7c
45604aa1a3fdccb4ec808d703f2c3a6c,211bfda5-49f9-52bc-bd11-487e1730bb7c
d12243d73ad55054a426afef1517a34b,211bfda5-49f9-52bc-bd11-487e1730bb7c
7d11efb4457438631c4c512ddcf388e1,211bfda5-49f9-52bc-bd11-487e1730bb7c
e47f8a09221a935cbb4192abe0ac3824,211bfda5-49f9-52bc-bd11-487e1730bb7c
75867f2702fdaa9e79ec386982a35011,211bfda5-49f9-52bc-bd11-487e1730bb7c
71b98a1833250d0a2889ac2164fc925a,211bfda5-49f9-52bc-bd11-487e1730bb7c
4c50046583d2b338383ee4a6ff52fb77,211bfda5-49f9-52bc-bd11-487e1730bb7c
d9d64ab1e49f394a095f9feb706fc465,211bfda5-49f9-52bc-bd11-487e1730bb7c
8600d275f8fe20a00c25c454dbc5e64a,211bfda5-49f9-52bc-bd11-487e1730bb7c
03260d0ee88e17dc76d20f2c55b955e1,211bfda5-49f9-52bc-bd11-487e1730bb7c
638ae4e09a9a4158d7cf9cb15e4d62db,211bfda5-49f9-52bc-bd11-487e1730bb7c
647e0256d3ee0704676de94e76dd77a8,211bfda5-49f9-52bc-bd11-487e1730bb7c
e045f5666c3b481b08532805c7287a20,211bfda5-49f9-52bc-bd11-487e1730bb7c
f1c6b87b4c23b8229209d1e363769b45,211bfda5-49f9-52bc-bd11-487e1730bb7c
0f2ce493c52fccc01d9b9d260805b9ca,211bfda5-49f9-52bc-bd11-487e1730bb7c
c5ea34bc472660cc1cfc17812cf82c5b,211bfda5-49f9-52bc-bd11-487e1730bb7c
b2a89e9ab819575e23d5242e72218ab0,211bfda5-49f9-52bc-bd11-487e1730bb7c
046d24f3a1e6081c11b1866127ac09b8,211bfda5-49f9-52bc-bd11-487e1730bb7c
5d1d53ec22905434af8f45a8ccda452d,211bfda5-49f9-52bc-bd11-487e1730bb7c
1e43d371b108df4c1beaddeff4e5314e,211bfda5-49f9-52bc-bd11-487e1730bb7c
8d55db9c4450752ecb1a6c524b182732,211bfda5-49f9-52bc-bd11-487e1730bb7c
833b4247fd1cdf81929b466234f8c5e1,211bfda5-49f9-52bc-bd11-487e1730bb7c
a8530a6c76b1d77f3e4237a310d6f871,211bfda5-49f9-52bc-bd11-487e1730bb7c
73eba10f50d1b689f742f362730f07c6,211bfda5-49f9-52bc-bd11-487e1730bb7c
daec4f1bb7256e23dfa337120a25e86b,211bfda5-49f9-52bc-bd11-487e1730bb7c
3422c6d8c8c1939966e5df8cb57c4406,211bfda5-49f9-52bc-bd11-487e1730bb7c
4d364af4ff0c70ca5a301e868d5d357a,211bfda5-49f9-52bc-bd11-487e1730bb7c
67ec085f26986b597ba67ce8a00fe8ab,211bfda5-49f9-52bc-bd11-487e1730bb7c
af3ff9e9f5d0b27539b3afead5ec5b9d,211bfda5-49f9-52bc-bd11-487e1730bb7c
3fb7a26b9ccedc0e74ec25a2800aecfb,211bfda5-49f9-52bc-bd11-487e1730bb7c
8a315aab86b0b2d23fb6f2faa9adddcc,211bfda5-49f9-52bc-bd11-487e1730bb7c
d1b8c1e8c630477fd817bfea5d9bb592,211bfda5-49f9-52bc-bd11-487e1730bb7c
d2c5007125df76a6c1e7b75249c85718,211bfda5-49f9-52bc-bd11-487e1730bb7c
a1213b1c64778ae0947372611824f0bb,211bfda5-49f9-52bc-bd11-487e1730bb7c
af4ad1f1a3dc803c34d9c7b2c4cbe451,211bfda5-49f9-52bc-bd11-487e1730bb7c
1424801a1cc96f64e33d4226a4c3316b,211bfda5-49f9-52bc-bd11-487e1730bb7c
67f844cf47393577cf107c8fa0dbd485,211bfda5-49f9-52bc-bd11-487e1730bb7c
5a780a7078c1c1465f45cc8111861376,211bfda5-49f9-52bc-bd11-487e1730bb7c
d5ffb70fcaf92fcecd919a805bc26a64,211bfda5-49f9-52bc-bd11-487e1730bb7c
7c94ccbe53340b01dc4b093a21784467,211bfda5-49f9-52bc-bd11-487e1730bb7c
b1b845dd48b392de38eb5233b47343c9,211bfda5-49f9-52bc-bd11-487e1730bb7c
786fb661f9d17c9071919a1fe8cf351f,211bfda5-49f9-52bc-bd11-487e1730bb7c
c9f4b2ccf6f35b6695260560b6d13faa,211bfda5-49f9-52bc-bd11-487e1730bb7c
80af660985debb6a284b195aaca31d72,211bfda5-49f9-52bc-bd11-487e1730bb7c
58f6f3ef4a4ea944f56c8c7255b1a137,211bfda5-49f9-52bc-bd11-487e1730bb7c
3b708139df9c08482956bbd8ceb3464d,211bfda5-49f9-52bc-bd11-487e1730bb7c
84a9e32f8e34257d3c436077edf0ff4a,211bfda5-49f9-52bc-bd11-487e1730bb7c
9c54eb8ccf4de429677f47d5b3e27b7e,211bfda5-49f9-52bc-bd11-487e1730bb7c
1a8b074002ca519beafb5debdb0d2fea,211bfda5-49f9-52bc-bd11-487e1730bb7c
7320dd8df7f62906af61fac44be87364,211bfda5-49f9-52bc-bd11-487e1730bb7c
4235ddb628d79e4569c55b1ff953cbfe,211bfda5-49f9-52bc-bd11-487e1730bb7c
950b81a3efe6132c10e09eb983ef1cb9,211bfda5-49f9-52bc-bd11-487e1730bb7c
40428cbe6f149b34dda1f691654039d9,211bfda5-49f9-52bc-bd11-487e1730bb7c
5ab18e7fec08d75f37895174ffa229de,211bfda5-49f9-52bc-bd11-487e1730bb7c
a7c4d92102d0eaf1078b40afc8a9ead6,211bfda5-49f9-52bc-bd11-487e1730bb7c
a4c2a0f86a9267099a76200c4978ee81,211bfda5-49f9-52bc-bd11-487e1730bb7c
9f995c0bef3e86653c3815ef5214352d,211bfda5-49f9-52bc-bd11-487e1730bb7c
b480b3fa1a53755e5233df98720db833,211bfda5-49f9-52bc-bd11-487e1730bb7c
7196a01d3f5589bdb9fc27efce50d20b,211bfda5-49f9-52bc-bd11-487e1730bb7c
72f084286fd403e06b5f02797b60426c,211bfda5-49f9-52bc-bd11-487e1730bb7c
ea2a7fe625670f83d1725ddd839f68a6,211bfda5-49f9-52bc-bd11-487e1730bb7c
9fc94a727e9538894be882d4fb988662,211bfda5-49f9-52bc-bd11-487e1730bb7c
1dba813bfb5e6a5e758cf14e61edbf17,211bfda5-49f9-52bc-bd11-487e1730bb7c
11b947c02b6c8cb199def8d1a19cef37,211bfda5-49f9-52bc-bd11-487e1730bb7c
36f09bf9ad615b5fb38896cc7b2bb13d,211bfda5-49f9-52bc-bd11-487e1730bb7c
eb698497583db9e89bb2f2bcca15f3c5,211bfda5-49f9-52bc-bd11-487e1730bb7c
63a7da86f20d92d7aa657723e864f47a,211bfda5-49f9-52bc-bd11-487e1730bb7c
15d43f816b39eccbde9dd0cd94681d47,211bfda5-49f9-52bc-bd11-487e1730bb7c
e5dac192700315febb7c58aba8255fcc,211bfda5-49f9-52bc-bd11-487e1730bb7c
a63b755b52e052b4b4d1f20ff6188e1d,211bfda5-49f9-52bc-bd11-487e1730bb7c
e3adea325d9b03ee60345f7c6bc83dd4,211bfda5-49f9-52bc-bd11-487e1730bb7c
98c8ebc2c479c8d4eadbac1d19f24f73,211bfda5-49f9-52bc-bd11-487e1730bb7c
b3e47712e0563acc85d58b70ec6bde8d,211bfda5-49f9-52bc-bd11-487e1730bb7c
17b999d09339518322318d44d5072636,211bfda5-49f9-52bc-bd11-487e1730bb7c
c7f9a6263d9176295e0fe17b75cbce7f,211bfda5-49f9-52bc-bd11-487e1730bb7c
1417d0d71cbaa109915ceabef549c309,211bfda5-49f9-52bc-bd11-487e1730bb7c
9ca256f4de1594b79021e62160d49ffe,211bfda5-49f9-52bc-bd11-487e1730bb7c
f7e93b4861fd298072ea001b15dd6ef6,8cbfba2e-ae04-5b91-af96-84adafb3cc56
320904357afb1452be12dfae1f66f808,8cbfba2e-ae04-5b91-af96-84adafb3cc56
2ea0df4a86b3f1ae83527110603aa5e1,8cbfba2e-ae04-5b91-af96-84adafb3cc56
60b2025704598b551ebc9f23fa7deade,8cbfba2e-ae04-5b91-af96-84adafb3cc56
ff0f3751fac66e1a648806c2dd71eb08,8cbfba2e-ae04-5b91-af96-84adafb3cc56
4ac202c98904a5cff6f01c6d48082658,8cbfba2e-ae04-5b91-af96-84adafb3cc56
f43e0068305f887bd07940b6c87747e8,8cbfba2e-ae04-5b91-af96-84adafb3cc56
d93b30b8125076e33f32752a18d0fefb,8cbfba2e-ae04-5b91-af96-84adafb3cc56
a80ce1e44ed07d77242f89a0f6ee2cc0,8cbfba2e-ae04-5b91-af96-84adafb3cc56
aaefc7fcaaacdbdeab071321ad070b3a,8cbfba2e-ae04-5b91-af96-84adafb3cc56
00b69e49eb0eb8e6db3680e116b6a98d,8cbfba2e-ae04-5b91-af96-84adafb3cc56
c73f8ad067ed7b3873405f94086068e8,8cbfba2e-ae04-5b91-af96-84adafb3cc56
ac02ae07a8881edac0e8a147a2bd9495,8cbfba2e-ae04-5b91-af96-84adafb3cc56
1fedb66010c7e09af87be98c01f8b173,8cbfba2e-ae04-5b91-af96-84adafb3cc56
8a7d14254cfa08dbdd63583e15ff4ea1,8cbfba2e-ae04-5b91-af96-84adafb3cc56
27da204f41daa031af47e6e8fbdee329,8cbfba2e-ae04-5b91-af96-84adafb3cc56
3975d36ca60c7fa9cc242edd06fa68b0,8cbfba2e-ae04-5b91-af96-84adafb3cc56
7ea9451f4c09926e92b821b39fb13d37,8cbfba2e-ae04-5b91-af96-84adafb3cc56
7074f4962ff540e53905574adb199feb,8cbfba2e-ae04-5b91-af96-84adafb3cc56
1ed433a09dea946a55f2db62d655fd19,8cbfba2e-ae04-5b91-af96-84adafb3cc56
e158307118f6ebf4da38e498a4625ff3,8cbfba2e-ae04-5b91-af96-84adafb3cc56
4531d0429fb170a8529d4a6dea5a7885,8cbfba2e-ae04-5b91-af96-84adafb3cc56
42880b18b9f82b711f85766c0d1ab401,8cbfba2e-ae04-5b91-af96-84adafb3cc56
4fd9a2030c62a969bbf59d54a5f0423c,8cbfba2e-ae04-5b91-af96-84adafb3cc56
9f5a95ce60435ff208be59e9913252ca,8cbfba2e-ae04-5b91-af96-84adafb3cc56
dc4655dc1b41994e25c82f3c45c998f6,8cbfba2e-ae04-5b91-af96-84adafb3cc56
ecd3673342585bc07598e5d1b7a021bf,8cbfba2e-ae04-5b91-af96-84adafb3cc56
cd03783c47c2635282165eefe36d5cbf,8cbfba2e-ae04-5b91-af96-84adafb3cc56
1297eaba167ea31e946e381da54d2cb6,8cbfba2e-ae04-5b91-af96-84adafb3cc56
cc483ca1e1db0bd0b805eb8ecb357b41,8cbfba2e-ae04-5b91-af96-84adafb3cc56
950b81a3efe6132c10e09eb983ef1cb9,8cbfba2e-ae04-5b91-af96-84adafb3cc56
40428cbe6f149b34dda1f691654039d9,8cbfba2e-ae04-5b91-af96-84adafb3cc56
fb2bd5dfca51090a1974166ac1e103cd,8cbfba2e-ae04-5b91-af96-84adafb3cc56
212350f5b866215dbb0107cef9341896,8cbfba2e-ae04-5b91-af96-84adafb3cc56
ab215bd123de127e4df5e5f8a56d018f,8cbfba2e-ae04-5b91-af96-84adafb3cc56
43dd3116dd3b08dcc7830014aa84ff3d,8cbfba2e-ae04-5b91-af96-84adafb3cc56
4d71a419c178b26b439f2723bee807e7,8cbfba2e-ae04-5b91-af96-84adafb3cc56
7e474a12378e3ef46488066bb779d7bb,8cbfba2e-ae04-5b91-af96-84adafb3cc56
11b947c02b6c8cb199def8d1a19cef37,8cbfba2e-ae04-5b91-af96-84adafb3cc56
36f09bf9ad615b5fb38896cc7b2bb13d,8cbfba2e-ae04-5b91-af96-84adafb3cc56
c90c55a8c98fce09997a4188e319978e,8cbfba2e-ae04-5b91-af96-84adafb3cc56
de8d8bddb073d52de57901ce61cc9f02,8cbfba2e-ae04-5b91-af96-84adafb3cc56
2b60d866472343626c1460f09e383576,8cbfba2e-ae04-5b91-af96-84adafb3cc56
676a4364012eaf5807c9384237866bb3,8cbfba2e-ae04-5b91-af96-84adafb3cc56
dede19f60e1f8415d20fb21aa454f0d1,8cbfba2e-ae04-5b91-af96-84adafb3cc56
0f0cc8806284279d2d99b919518819f7,8cbfba2e-ae04-5b91-af96-84adafb3cc56
4091f4360c0e826e18ae7f53306e74f0,8cbfba2e-ae04-5b91-af96-84adafb3cc56
c2dda620aecdd87f83ff8d8a87b12a22,8cbfba2e-ae04-5b91-af96-84adafb3cc56
552c4a894b95339718fd4efcb52c9c5d,8cbfba2e-ae04-5b91-af96-84adafb3cc56
c85fd2dfc2fd5254af47ca067e380bac,8cbfba2e-ae04-5b91-af96-84adafb3cc56
68a365726815d08a687371f96438a7d4,8cbfba2e-ae04-5b91-af96-84adafb3cc56
20dc99f06fd01fe68fc0340144341f27,8cbfba2e-ae04-5b91-af96-84adafb3cc56
fcdc0ffb10bccf304a342cba8b96ca94,8cbfba2e-ae04-5b91-af96-84adafb3cc56
64ff33da88cc6e0f74cae3c75f3d1cc1,8cbfba2e-ae04-5b91-af96-84adafb3cc56
27fb3c7f4f67dac96a976354eeb615a3,8cbfba2e-ae04-5b91-af96-84adafb3cc56
d03fad1a79757e0d8ebcfede7930b4a5,8cbfba2e-ae04-5b91-af96-84adafb3cc56
9dca55b48c58ceba27077ec621e531e0,8cbfba2e-ae04-5b91-af96-84adafb3cc56
5210e291732c948ddba3bfc5de8d2fdc,8cbfba2e-ae04-5b91-af96-84adafb3cc56
fcf8d6addc10d342ff1401200d4f8344,8cbfba2e-ae04-5b91-af96-84adafb3cc56
7ce2841381eb157275240fcc94a64b0a,8cbfba2e-ae04-5b91-af96-84adafb3cc56
a5b45bb723bc25501ee47b76a42924f8,8cbfba2e-ae04-5b91-af96-84adafb3cc56
70d111348b0688d161dc18255d7bd5c9,8cbfba2e-ae04-5b91-af96-84adafb3cc56
131a11a68ea2224f523f4e0ebb72f869,8cbfba2e-ae04-5b91-af96-84adafb3cc56
3493612e71854753b322362fb05c49e0,8cbfba2e-ae04-5b91-af96-84adafb3cc56
bac32b63b850aa85e1579cdf043d214d,8cbfba2e-ae04-5b91-af96-84adafb3cc56
1850b1bd6c921e899c5a536bafd99cbc,8cbfba2e-ae04-5b91-af96-84adafb3cc56
102452f88439c8545b71013e4205cbce,8cbfba2e-ae04-5b91-af96-84adafb3cc56
49c945fa3de85ecf7b703e2d7628ad0e,8cbfba2e-ae04-5b91-af96-84adafb3cc56
addc49329bce57be7226baa711f8dcf4,8cbfba2e-ae04-5b91-af96-84adafb3cc56
818e2265f67835dc67767254977bacdb,8cbfba2e-ae04-5b91-af96-84adafb3cc56
ef58e4dd40626dac1405082b2b9f17ce,8cbfba2e-ae04-5b91-af96-84adafb3cc56
dc29217f2d4b9106213cda60864a81c9,8cbfba2e-ae04-5b91-af96-84adafb3cc56
30aecbf372984413add443daf5e5a0a9,8cbfba2e-ae04-5b91-af96-84adafb3cc56
89f36028ba3523cbeada055c51399ec0,8cbfba2e-ae04-5b91-af96-84adafb3cc56
d7adf06730534d49da93545f9138f0f5,8cbfba2e-ae04-5b91-af96-84adafb3cc56
03e59d4aa79387bbc551dde78d0a8fe0,8cbfba2e-ae04-5b91-af96-84adafb3cc56
90348761e2784c870e74765da8e8e32a,8cbfba2e-ae04-5b91-af96-84adafb3cc56
eb79f9eca76e5399944b84ad1b0a38f0,8cbfba2e-ae04-5b91-af96-84adafb3cc56
6809586e4d1cf4ff80ca2e1d7b216116,8cbfba2e-ae04-5b91-af96-84adafb3cc56
081a349da52973d99aae0c4d44e44efa,8cbfba2e-ae04-5b91-af96-84adafb3cc56
19231d508b45cc64cb0819d901d83683,8cbfba2e-ae04-5b91-af96-84adafb3cc56
4b4db1689f91b998bf035be931b37447,8cbfba2e-ae04-5b91-af96-84adafb3cc56
a0d0eced1fe8a85a597e60b3ac0c7d31,8cbfba2e-ae04-5b91-af96-84adafb3cc56
1f9a028f799c0044ad5e2b9b7e72f2b6,8cbfba2e-ae04-5b91-af96-84adafb3cc56
6eded6e4214f886c1cdf288a7be81bd9,8cbfba2e-ae04-5b91-af96-84adafb3cc56
cf5ea8893cc4ad5d521983876007d667,8cbfba2e-ae04-5b91-af96-84adafb3cc56
332971991def40ceee626fdce68e366e,8cbfba2e-ae04-5b91-af96-84adafb3cc56
2316c484dc51027d5df6b080f66bc735,8cbfba2e-ae04-5b91-af96-84adafb3cc56
62f77afc090f2dc918accf18aa37090f,8cbfba2e-ae04-5b91-af96-84adafb3cc56
ede03691a0c257e443ce015c209a59f8,8cbfba2e-ae04-5b91-af96-84adafb3cc56
96e8cb4dc91cff1a1f23d84b20b78372,8cbfba2e-ae04-5b91-af96-84adafb3cc56
256fc5f25bb1b24b4ee0b4c76f56ed84,8cbfba2e-ae04-5b91-af96-84adafb3cc56
bea9bd68b29e16d9c8d6de5bb59513f0,8cbfba2e-ae04-5b91-af96-84adafb3cc56
da3afd8e377780e6fb8f55e3de9b6828,8cbfba2e-ae04-5b91-af96-84adafb3cc56
f9916e1737bc73a4489b515e26edb715,8cbfba2e-ae04-5b91-af96-84adafb3cc56
f5a3c6aa79c69cafa0f07aea5f3d09c0,8cbfba2e-ae04-5b91-af96-84adafb3cc56
1df290cb42dc5a40a70c41f34306555e,8cbfba2e-ae04-5b91-af96-84adafb3cc56
9cabfbc0265c4db9465d8c71cb01a7ed,8cbfba2e-ae04-5b91-af96-84adafb3cc56
aa1be6179cc4d42f138d4dff2a2eec9b,8cbfba2e-ae04-5b91-af96-84adafb3cc56
eebcca7e5babb1a96889ec0eb3d22553,8cbfba2e-ae04-5b91-af96-84adafb3cc56
157db3da7931d7de2e6964f24d8b5956,8cbfba2e-ae04-5b91-af96-84adafb3cc56
5ccd398d54a083af8f4a6767c2d82049,8cbfba2e-ae04-5b91-af96-84adafb3cc56
01e8d46728a3cf7cd6aaffc7d9ba92b5,8cbfba2e-ae04-5b91-af96-84adafb3cc56
8a68e50a9f05434bd76a81d3eaaef4e4,8cbfba2e-ae04-5b91-af96-84adafb3cc56
05d599bee0281aa194c6cf814e071690,8cbfba2e-ae04-5b91-af96-84adafb3cc56
cf1c8dc2f2ea6074856ca9a9d04199f4,8cbfba2e-ae04-5b91-af96-84adafb3cc56
4a061a0cd81e3859d07b4d0937360d94,8cbfba2e-ae04-5b91-af96-84adafb3cc56
77007b92446940e359ffc5a721b596a3,8cbfba2e-ae04-5b91-af96-84adafb3cc56
9a537939bd1b2a43b5e12a66efe2fd32,8cbfba2e-ae04-5b91-af96-84adafb3cc56
2a224c4a5cc91c923df21b0b864dbf7c,8cbfba2e-ae04-5b91-af96-84adafb3cc56
703d051cf050a098a355ef714f96c570,8cbfba2e-ae04-5b91-af96-84adafb3cc56
e0fc8616d9f572ad0b786ee62c83052c,8cbfba2e-ae04-5b91-af96-84adafb3cc56
38327d1232b15b852d3b983a6e017297,8cbfba2e-ae04-5b91-af96-84adafb3cc56
3933619e95ae51183881c3288002bcf7,8cbfba2e-ae04-5b91-af96-84adafb3cc56
73818fd068db70ff86dd473a21068b6c,8cbfba2e-ae04-5b91-af96-84adafb3cc56
ddef682ca65d543acc66b3ea4c72ce21,8cbfba2e-ae04-5b91-af96-84adafb3cc56
ab793f7a22032eff15550fdcdbf17d5f,8cbfba2e-ae04-5b91-af96-84adafb3cc56
d0c893deb9155b43b76852ac69affff4,0938abd8-2655-543e-968a-0c5e7c3b9ccc
6856fcb43d167d08c115879794a828e6,0938abd8-2655-543e-968a-0c5e7c3b9ccc
6d4985f530fc2d7fc42c7f6f29e08660,0938abd8-2655-543e-968a-0c5e7c3b9ccc
90bae6a870175d625dac5cacb4fccfed,0938abd8-2655-543e-968a-0c5e7c3b9ccc
0f6e64ddc99c02fcceec5ee38548bb1d,0938abd8-2655-543e-968a-0c5e7c3b9ccc
89ec5437d780339878a96cc9b58df3e2,0938abd8-2655-543e-968a-0c5e7c3b9ccc
11b947c02b6c8cb199def8d1a19cef37,0938abd8-2655-543e-968a-0c5e7c3b9ccc
36f09bf9ad615b5fb38896cc7b2bb13d,0938abd8-2655-543e-968a-0c5e7c3b9ccc
b8390f3344d36d9bdba5cf0b238730e7,0938abd8-2655-543e-968a-0c5e7c3b9ccc
2476b5479931c2f040ea580a1b4bc912,0938abd8-2655-543e-968a-0c5e7c3b9ccc
50e8f6181ae6f19a14b7c4e5ab3405c8,0938abd8-2655-543e-968a-0c5e7c3b9ccc
da822f834208ad2de155ecf4b3d2066b,0938abd8-2655-543e-968a-0c5e7c3b9ccc
caff743c4752c1090a824854adebeb32,0938abd8-2655-543e-968a-0c5e7c3b9ccc
91726aa40297e6ea4ac03c35ab6a6b37,0938abd8-2655-543e-968a-0c5e7c3b9ccc
a49a0b0a962495274571130e6ae276e0,0938abd8-2655-543e-968a-0c5e7c3b9ccc
88fda74f1482ca6b7c9ccdcc68418db9,0938abd8-2655-543e-968a-0c5e7c3b9ccc
690b52c28bce7f63a4f15801e7835cd3,0938abd8-2655-543e-968a-0c5e7c3b9ccc
9db5aa39dbe6ab84146e253c624d8be0,0938abd8-2655-543e-968a-0c5e7c3b9ccc
662f5f381db36ac1a4be0013e2bce530,0938abd8-2655-543e-968a-0c5e7c3b9ccc
61649fa2ff7ed77514c3aa7b0134c87e,0938abd8-2655-543e-968a-0c5e7c3b9ccc
6ce5ac01efda2addac06fc68c71ae625,0938abd8-2655-543e-968a-0c5e7c3b9ccc
4b91befaf48debe44679b3a9f012090b,0938abd8-2655-543e-968a-0c5e7c3b9ccc
3fda2597ffba3e168c597c7d38d2c8f2,0938abd8-2655-543e-968a-0c5e7c3b9ccc
a35e17c96a707501ffac06a476e43346,0938abd8-2655-543e-968a-0c5e7c3b9ccc
26c011e2473b0572558d123ee5608dba,0938abd8-2655-543e-968a-0c5e7c3b9ccc
536b0c04838d78fff87c672eb9e0bad5,0938abd8-2655-543e-968a-0c5e7c3b9ccc
4248ef1d6c71352ba71c0a9dbea247a2,0938abd8-2655-543e-968a-0c5e7c3b9ccc
c7699c034e8685d060b5cb10c3c24cc2,0938abd8-2655-543e-968a-0c5e7c3b9ccc
2cc415d240f09367c5f0e9cb7ec5afa1,0938abd8-2655-543e-968a-0c5e7c3b9ccc
38e2ff07d421106125e80307a5e851e3,0938abd8-2655-543e-968a-0c5e7c3b9ccc
657df3d98d4aad9068a714cc92a8e6ad,0938abd8-2655-543e-968a-0c5e7c3b9ccc
b68034946ba6c73458c5bd9a99d01fcb,0938abd8-2655-543e-968a-0c5e7c3b9ccc
9f0d6e9d6ebf93ba44784e8f75d9db03,0938abd8-2655-543e-968a-0c5e7c3b9ccc
11750a09951a1d739a26b0cd7cfcf843,0938abd8-2655-543e-968a-0c5e7c3b9ccc
f1bae3e960fe1acf404afbcd902059f4,0938abd8-2655-543e-968a-0c5e7c3b9ccc
47f09a6417b5d45aa18c8576efd38516,0938abd8-2655-543e-968a-0c5e7c3b9ccc
40932cfbfc046bfc77c14dffaf618cf8,0938abd8-2655-543e-968a-0c5e7c3b9ccc
468585176b1fd4dfeaf84bfbfa46c900,0938abd8-2655-543e-968a-0c5e7c3b9ccc
29392aeb8204b50bb2a35e1aeabddd03,0938abd8-2655-543e-968a-0c5e7c3b9ccc
ffd3adeeac99313ea3fd04683c0590c6,0938abd8-2655-543e-968a-0c5e7c3b9ccc
8651e4e09fa45715745ec5e084253ddd,0938abd8-2655-543e-968a-0c5e7c3b9ccc
9bd8cf52af7be120d90df83d035ab95a,0938abd8-2655-543e-968a-0c5e7c3b9ccc
2a30064e16f04d942655e59a8b57bab7,0938abd8-2655-543e-968a-0c5e7c3b9ccc
22a8c8461235f889872bdfaa4392d48d,0938abd8-2655-543e-968a-0c5e7c3b9ccc
6844586d3b44dff1bd02ff0eb7cfd7bc,0938abd8-2655-543e-968a-0c5e7c3b9ccc
d5728303a2b71c114b705a22d1c8f873,0938abd8-2655-543e-968a-0c5e7c3b9ccc
aaeffd0ed37aae62d718ae6f2c55c088,0938abd8-2655-543e-968a-0c5e7c3b9ccc
6f00c0370e86af520fc26419172c2a60,0938abd8-2655-543e-968a-0c5e7c3b9ccc
ed0b7400b5b518525f2ae428960c2812,0938abd8-2655-543e-968a-0c5e7c3b9ccc
a4eace38a3e2c9306ab0e3774e212428,0938abd8-2655-543e-968a-0c5e7c3b9ccc
d588cacd3017236465b90cd019a3f565,0938abd8-2655-543e-968a-0c5e7c3b9ccc
837fbb79f2b98a864bcf6ad122b1f4ea,0938abd8-2655-543e-968a-0c5e7c3b9ccc
633b892659959af1b33b8fa004b2a9b1,0938abd8-2655-543e-968a-0c5e7c3b9ccc
32a381c42f769f9eebab8d0edd65081c,0938abd8-2655-543e-968a-0c5e7c3b9ccc
91a758b539141327318c30282927ff37,0938abd8-2655-543e-968a-0c5e7c3b9ccc
4e9a066d7aa0be566224407fee4297e3,0938abd8-2655-543e-968a-0c5e7c3b9ccc
34716e73debd7f87e98360ee25988610,0938abd8-2655-543e-968a-0c5e7c3b9ccc
21bf158cdcb77dafd14db0a0b9c90f40,0938abd8-2655-543e-968a-0c5e7c3b9ccc
5f3c19fe218b785ed38ae37325aa8d1f,0938abd8-2655-543e-968a-0c5e7c3b9ccc
21d4f571d2132d75362e1b6561475161,0938abd8-2655-543e-968a-0c5e7c3b9ccc
dc5f1d2608c5c0439ac0d011a0a4eb62,0938abd8-2655-543e-968a-0c5e7c3b9ccc
18c5907dcc9dff2798242379c30ebc04,0938abd8-2655-543e-968a-0c5e7c3b9ccc
9046f230965d01b7848c93813f9e91c9,0938abd8-2655-543e-968a-0c5e7c3b9ccc
932bf0d4b57ce1d89191619ff1bfe8d9,095ad1f8-1ffe-5897-b3be-fb4383c98217
42bdf7294e60ceb0c07b5722c2b3716c,095ad1f8-1ffe-5897-b3be-fb4383c98217
a091b1190ed4ce6d022ee3174015e0ec,095ad1f8-1ffe-5897-b3be-fb4383c98217
ad74927d8185a29e535ecd4cce195157,095ad1f8-1ffe-5897-b3be-fb4383c98217
a5cf1be8d9fa4ff71fda1884f642e89e,095ad1f8-1ffe-5897-b3be-fb4383c98217
92970254ee3b7b341e4c316c6cb6bea9,095ad1f8-1ffe-5897-b3be-fb4383c98217
ffcdfa2a2a60eadceb4f2b899835db82,095ad1f8-1ffe-5897-b3be-fb4383c98217
12ffaeed52360014e8c39fdaf6561b3a,095ad1f8-1ffe-5897-b3be-fb4383c98217
5695bee690b45a2512f260288fac114d,095ad1f8-1ffe-5897-b3be-fb4383c98217
1ffe90c1cd4f074cd71c8d8901d9a621,095ad1f8-1ffe-5897-b3be-fb4383c98217
36e85b7b06bd1f147b930a285dc073b8,095ad1f8-1ffe-5897-b3be-fb4383c98217
87330713893601cdeaefddb9e4b7625a,095ad1f8-1ffe-5897-b3be-fb4383c98217
21d4f571d2132d75362e1b6561475161,095ad1f8-1ffe-5897-b3be-fb4383c98217
dc5f1d2608c5c0439ac0d011a0a4eb62,095ad1f8-1ffe-5897-b3be-fb4383c98217
29392aeb8204b50bb2a35e1aeabddd03,095ad1f8-1ffe-5897-b3be-fb4383c98217
a1241d2743279323bbc6996de7954efa,095ad1f8-1ffe-5897-b3be-fb4383c98217
e02c680bf44d077536816601d9230dcb,095ad1f8-1ffe-5897-b3be-fb4383c98217
502ee8a6527d0afc77ff2f3f713f52a6,095ad1f8-1ffe-5897-b3be-fb4383c98217
70c3efd2ceabcdd0fe8d4bf52684095f,095ad1f8-1ffe-5897-b3be-fb4383c98217
fd80f004b1052c7d949febb60afaec6d,095ad1f8-1ffe-5897-b3be-fb4383c98217
58c0d1f13e515fad94a283acff637f8e,095ad1f8-1ffe-5897-b3be-fb4383c98217
52977f7060532845513c8a234440edd1,095ad1f8-1ffe-5897-b3be-fb4383c98217
aa451e4f5550d55bd7c03fa8970b8215,095ad1f8-1ffe-5897-b3be-fb4383c98217
ff6ed274db73843e8aa06b7f7432b650,095ad1f8-1ffe-5897-b3be-fb4383c98217
43d0c4a84cc1d9644619b8dde1bbfb82,095ad1f8-1ffe-5897-b3be-fb4383c98217
ee8cf49ef28ef9d384f9d7d261ef011b,095ad1f8-1ffe-5897-b3be-fb4383c98217
87f7a19045f2788b603f1f563c123a79,095ad1f8-1ffe-5897-b3be-fb4383c98217
279ef79bf372ca7d24f05840c530c483,095ad1f8-1ffe-5897-b3be-fb4383c98217
141e97520d0e205d4c85112cae34204a,095ad1f8-1ffe-5897-b3be-fb4383c98217
08a5d183b16fe0f7f2443ea01e7803f6,095ad1f8-1ffe-5897-b3be-fb4383c98217
f6527fcb91197ccf23c5403a75fbe697,095ad1f8-1ffe-5897-b3be-fb4383c98217
497e3ac49c08f1b1919d4d33a421cbac,095ad1f8-1ffe-5897-b3be-fb4383c98217
f6b069c5cb6a915660ff8681ca8b0aa4,095ad1f8-1ffe-5897-b3be-fb4383c98217
a0fab92d1327af3c2e02eed2f0cced85,095ad1f8-1ffe-5897-b3be-fb4383c98217
9d341df8488182a1adfbd319be999102,095ad1f8-1ffe-5897-b3be-fb4383c98217
2e26bd84898d526692cfe338818f58d3,095ad1f8-1ffe-5897-b3be-fb4383c98217
daa65ced5d88abc0ff9c979bb1dc9d90,095ad1f8-1ffe-5897-b3be-fb4383c98217
df9ff109977b47bf74e82143c2738c19,095ad1f8-1ffe-5897-b3be-fb4383c98217
2dec085f449866b15edfce0cc33c5a5f,095ad1f8-1ffe-5897-b3be-fb4383c98217
26f0ddd0404030be27f6fb59559ab184,095ad1f8-1ffe-5897-b3be-fb4383c98217
90f385aa621493ec513fe512fa47ee9e,095ad1f8-1ffe-5897-b3be-fb4383c98217
e66d25b281cefb48df0600455f6a1d0f,095ad1f8-1ffe-5897-b3be-fb4383c98217
da2c062fd09a0a9cac0fd34bdc181678,095ad1f8-1ffe-5897-b3be-fb4383c98217
73574f895e872b06163cdaf92376def2,095ad1f8-1ffe-5897-b3be-fb4383c98217
19f6bb1802b161bb22f936f273a8bae4,095ad1f8-1ffe-5897-b3be-fb4383c98217
86801a8c1d9693bb1cfc4f8c93512432,095ad1f8-1ffe-5897-b3be-fb4383c98217
546b256100027da4cf13b9724179677d,095ad1f8-1ffe-5897-b3be-fb4383c98217
83c524f52ef87b23630f0c2275effccb,095ad1f8-1ffe-5897-b3be-fb4383c98217
220d543f6eb8302ff76ae36f4319bd86,095ad1f8-1ffe-5897-b3be-fb4383c98217
7c669cb8a5e38c72bde5c3f9526e13a4,095ad1f8-1ffe-5897-b3be-fb4383c98217
c9378efb83b0e9cf73c4ece82efffa52,095ad1f8-1ffe-5897-b3be-fb4383c98217
6823835dab248b93d88a7d0f43722d47,095ad1f8-1ffe-5897-b3be-fb4383c98217
9d5e89682fb9ed6196480682a3c3a351,095ad1f8-1ffe-5897-b3be-fb4383c98217
79e6f084e39d7e3164d5b0b8af347eb3,095ad1f8-1ffe-5897-b3be-fb4383c98217
267577e36e8d915ab8c32e9869cff4b1,095ad1f8-1ffe-5897-b3be-fb4383c98217
240bab8d81311e8182eece74770f7596,095ad1f8-1ffe-5897-b3be-fb4383c98217
dfe22b16d57454679ed49b9e8e44780e,095ad1f8-1ffe-5897-b3be-fb4383c98217
027837ae2da34ed6a18a0d9184027da7,095ad1f8-1ffe-5897-b3be-fb4383c98217
fde9b64abef2bbe9d364238556baa1f8,095ad1f8-1ffe-5897-b3be-fb4383c98217
7f7e34ae4eb6d7a9e82e03074e40e0a1,095ad1f8-1ffe-5897-b3be-fb4383c98217
37da2d0509e64b57beb09e24b11a127d,095ad1f8-1ffe-5897-b3be-fb4383c98217
0289cbd7551ee80e616c29d65470a0ed,095ad1f8-1ffe-5897-b3be-fb4383c98217
1bf62905a09052d068d10f332f8bdbcb,095ad1f8-1ffe-5897-b3be-fb4383c98217
752bc3af03621048df96ca545efed597,095ad1f8-1ffe-5897-b3be-fb4383c98217
cbff0ea24a16176223a55a82082ac99e,095ad1f8-1ffe-5897-b3be-fb4383c98217
4c3e8bc0b3eaf05429a6feabf889cc91,095ad1f8-1ffe-5897-b3be-fb4383c98217
06160f494da1adb2729dcce38ea0b0d6,095ad1f8-1ffe-5897-b3be-fb4383c98217
78d5a95af83bbe7c42d18fe2f81e50d2,095ad1f8-1ffe-5897-b3be-fb4383c98217
3b0010de0c23b2f67ca1ffbd81e970b2,095ad1f8-1ffe-5897-b3be-fb4383c98217
cf384955b3716a8b841fdc15d07937ca,095ad1f8-1ffe-5897-b3be-fb4383c98217
030e5c12cb939d5fc9a11d091dad04d5,095ad1f8-1ffe-5897-b3be-fb4383c98217
1aaed0a7fcefe9bfd29adb9340bda5be,095ad1f8-1ffe-5897-b3be-fb4383c98217
70a37ea2db1416d3f136b321182688c2,095ad1f8-1ffe-5897-b3be-fb4383c98217
fac0b79600a39e98bcc173a0c1770d26,095ad1f8-1ffe-5897-b3be-fb4383c98217
b4d43c9a2ace82c4ea925a51d8b3ba48,095ad1f8-1ffe-5897-b3be-fb4383c98217
3dcba6b3ac1cc1fcfb82215718cd19ca,095ad1f8-1ffe-5897-b3be-fb4383c98217
b5d829f7a0a10c20872d4558cda7978a,095ad1f8-1ffe-5897-b3be-fb4383c98217
5a583053a59cbca65f25fd5681b5a7b3,095ad1f8-1ffe-5897-b3be-fb4383c98217
c9dfbbb0024e5446f5519a4b1d5c6963,095ad1f8-1ffe-5897-b3be-fb4383c98217
1544319883858f9b89152ea9f2abed46,095ad1f8-1ffe-5897-b3be-fb4383c98217
8db1e561fabc22c71e7304e545753340,095ad1f8-1ffe-5897-b3be-fb4383c98217
f9ff845dd7bd0f82914ceb4661ca95a0,095ad1f8-1ffe-5897-b3be-fb4383c98217
2e061e22b87a108379b84d78cdcbe962,095ad1f8-1ffe-5897-b3be-fb4383c98217
b6fce3ff861d3da35e45fc34dc86b7c9,095ad1f8-1ffe-5897-b3be-fb4383c98217
d58d951c60f014e1e68f9d91aedae474,095ad1f8-1ffe-5897-b3be-fb4383c98217
c5b8d887948433d6335ed71512f598ee,095ad1f8-1ffe-5897-b3be-fb4383c98217
28272c2bda5c029d262785e68c707562,095ad1f8-1ffe-5897-b3be-fb4383c98217
903c5f4abc7549bfb96daa4fa229c1c2,095ad1f8-1ffe-5897-b3be-fb4383c98217
bcf8d91109819f4186959b616994e6b9,095ad1f8-1ffe-5897-b3be-fb4383c98217
24e05289a68870aa92b14b624380d3e0,095ad1f8-1ffe-5897-b3be-fb4383c98217
c835f59869631ba647470f0c4c0509c1,095ad1f8-1ffe-5897-b3be-fb4383c98217
dea980b2b19bf9cce6f19c2e6fa351b4,095ad1f8-1ffe-5897-b3be-fb4383c98217
ece33e9b0141bf30ef25ab2b13fc635c,095ad1f8-1ffe-5897-b3be-fb4383c98217
aeffc29ab132814722075fcde5d4da9e,095ad1f8-1ffe-5897-b3be-fb4383c98217
68009cbb95c409b4e7ddfaaee51bad4d,095ad1f8-1ffe-5897-b3be-fb4383c98217
0a7d6703eeae945c5727f844e405a967,095ad1f8-1ffe-5897-b3be-fb4383c98217
2bdbc6fb49ce61ef84ebecad1eef281c,095ad1f8-1ffe-5897-b3be-fb4383c98217
dded122587b0d22eb50832cf0292291f,095ad1f8-1ffe-5897-b3be-fb4383c98217
3e9bc9e79f9d537a6ca62561874c54b9,095ad1f8-1ffe-5897-b3be-fb4383c98217
b4434661b1df0fac8a75776aaa13daad,095ad1f8-1ffe-5897-b3be-fb4383c98217
9daae49ec676919ae29e7dbf7eb32411,095ad1f8-1ffe-5897-b3be-fb4383c98217
43551eab7167c36be38b7471f014eb78,095ad1f8-1ffe-5897-b3be-fb4383c98217
206d18f7889006ffb6e109937747e849,095ad1f8-1ffe-5897-b3be-fb4383c98217
37eae8a45f415e7af2066894e2ff4c03,095ad1f8-1ffe-5897-b3be-fb4383c98217
c8f08429a0f8aaf8f74f7d23b0cae970,095ad1f8-1ffe-5897-b3be-fb4383c98217
bf7099ca01ccece1a6452da87bb8d192,095ad1f8-1ffe-5897-b3be-fb4383c98217
25454e707bb5d4b318f44bc2c806f00f,095ad1f8-1ffe-5897-b3be-fb4383c98217
639cae3e2641b7e6858af3b962a08828,095ad1f8-1ffe-5897-b3be-fb4383c98217
759974d9c98eb1078654d62b589e3a00,095ad1f8-1ffe-5897-b3be-fb4383c98217
68c358cac04fcf6883f835d89aa7c8a6,095ad1f8-1ffe-5897-b3be-fb4383c98217
f750e0ecefd824a463961e3d989853f8,095ad1f8-1ffe-5897-b3be-fb4383c98217
0e69c9c1794a1352419844ef3135fd94,095ad1f8-1ffe-5897-b3be-fb4383c98217
5fa7b13769b6ab976bdd6ef0df658a11,095ad1f8-1ffe-5897-b3be-fb4383c98217
f42880af2c8e4b766808f16d7be48820,095ad1f8-1ffe-5897-b3be-fb4383c98217
810ad154022431f6931bc3f152e4f75f,095ad1f8-1ffe-5897-b3be-fb4383c98217
4fa676f8aca3e0374d768d09cf565f3b,095ad1f8-1ffe-5897-b3be-fb4383c98217
d1b88a464997333f83549e4d9c657206,095ad1f8-1ffe-5897-b3be-fb4383c98217
ccc6af6453374704690494b5802b5f49,095ad1f8-1ffe-5897-b3be-fb4383c98217
7e3ba2763f84d2862a50012aa0e46c38,095ad1f8-1ffe-5897-b3be-fb4383c98217
581bab5ac140e821ca749c9e2c61d418,095ad1f8-1ffe-5897-b3be-fb4383c98217
4f79b14bb7d98e2881e3f8900214c075,095ad1f8-1ffe-5897-b3be-fb4383c98217
7ecc7351991ded55332355a71159a468,095ad1f8-1ffe-5897-b3be-fb4383c98217
1a0ce67274befa5e751becc582107d9d,095ad1f8-1ffe-5897-b3be-fb4383c98217
e68acadbaedee3330ab30a6b92d99aba,095ad1f8-1ffe-5897-b3be-fb4383c98217
75d1fcaa70f662c90aa1208648ffee51,095ad1f8-1ffe-5897-b3be-fb4383c98217
9b281414ef979c9819c6c7ac2ca7a5b0,095ad1f8-1ffe-5897-b3be-fb4383c98217
34846e153e0c1c8d20f75130c77e99f0,095ad1f8-1ffe-5897-b3be-fb4383c98217
511ee9738791bba8c572acabbebe0652,095ad1f8-1ffe-5897-b3be-fb4383c98217
be0f34e8eebede53fbedc83c81245aab,095ad1f8-1ffe-5897-b3be-fb4383c98217
bfe1fa075d726e0f90d56495a991a59b,095ad1f8-1ffe-5897-b3be-fb4383c98217
0f52aa85226141b44462619e260ba3bb,095ad1f8-1ffe-5897-b3be-fb4383c98217
a8408d56c1b6bde75b45b685d6df5191,095ad1f8-1ffe-5897-b3be-fb4383c98217
acb01a4296d2c00fa3ffaff6ec2c7d48,095ad1f8-1ffe-5897-b3be-fb4383c98217
59b9eef663a375800cbe9a0bbdcfaaa2,095ad1f8-1ffe-5897-b3be-fb4383c98217
0fd201684b47f3f592e8e47e68ebb712,095ad1f8-1ffe-5897-b3be-fb4383c98217
b92aac831c2343611c95689083e68510,095ad1f8-1ffe-5897-b3be-fb4383c98217
52f39cf588a21ab30629985aab5c3c41,095ad1f8-1ffe-5897-b3be-fb4383c98217
14bacaf99cda7baed2ee03009e92441b,095ad1f8-1ffe-5897-b3be-fb4383c98217
057152ba6d4e3a7c9a6a8346fc47daa5,095ad1f8-1ffe-5897-b3be-fb4383c98217
5ebfb14ec0bbc8debda920e8f08ba37c,095ad1f8-1ffe-5897-b3be-fb4383c98217
c60da51f0ace12131569c695389b409e,095ad1f8-1ffe-5897-b3be-fb4383c98217
1b99d8a42d3c8d225606234f4f6541d3,095ad1f8-1ffe-5897-b3be-fb4383c98217
f0261a7ab6ce6aa1d5f4b4adb02cb17a,095ad1f8-1ffe-5897-b3be-fb4383c98217
e767be77dc7a3cf717d63ca2529e1389,095ad1f8-1ffe-5897-b3be-fb4383c98217
3ba58d20d8936c805505bbb7387e2e31,095ad1f8-1ffe-5897-b3be-fb4383c98217
669b5459ceaced1ec74e691caf7cb128,095ad1f8-1ffe-5897-b3be-fb4383c98217
ea2a9358b15fb221b24bbbc4f2566f5f,095ad1f8-1ffe-5897-b3be-fb4383c98217
33681d7ed44c83e2ce05dcbfa7f97427,095ad1f8-1ffe-5897-b3be-fb4383c98217
0b00f381b840ca576031541a08a535de,095ad1f8-1ffe-5897-b3be-fb4383c98217
a522737c68d116c2b79af77403528634,095ad1f8-1ffe-5897-b3be-fb4383c98217
d2ef48086c45bd57be7cb087755ac653,095ad1f8-1ffe-5897-b3be-fb4383c98217
81c0a2a0383ad9f2b75d31d7bc3abd2c,095ad1f8-1ffe-5897-b3be-fb4383c98217
3d91581d1d5ad96bae7320cbb244858f,095ad1f8-1ffe-5897-b3be-fb4383c98217
0f4ab07ce156708f53592998fe01331c,095ad1f8-1ffe-5897-b3be-fb4383c98217
3d82273f0ebe5502cdd84c818b07876e,095ad1f8-1ffe-5897-b3be-fb4383c98217
b41d56bc54a0620cdd19611a5211e3de,095ad1f8-1ffe-5897-b3be-fb4383c98217
958c67d8878c61f28693673a8c26ea67,095ad1f8-1ffe-5897-b3be-fb4383c98217
d6ca499b9a904e955f5f0b67159b1fe6,095ad1f8-1ffe-5897-b3be-fb4383c98217
b6b17c6a07670da231f98ef0822b3577,095ad1f8-1ffe-5897-b3be-fb4383c98217
f5bbd4fb7a6087498761a7c1b53c4694,095ad1f8-1ffe-5897-b3be-fb4383c98217
a15755549aa9c09d8f44822797b61440,095ad1f8-1ffe-5897-b3be-fb4383c98217
e03de005ccad14002d00bc64b67f9f19,095ad1f8-1ffe-5897-b3be-fb4383c98217
925a7b74f4d90cbff2958a990626b57e,095ad1f8-1ffe-5897-b3be-fb4383c98217
d6c70ba0b5a9c3d55186ba00e1a16cb2,095ad1f8-1ffe-5897-b3be-fb4383c98217
92a79fcfc456f211045821009f827ec8,095ad1f8-1ffe-5897-b3be-fb4383c98217
0f7e67bafe78b5bc0097100630702d9b,095ad1f8-1ffe-5897-b3be-fb4383c98217
d007542a095c66c4ff5511c3b575a441,095ad1f8-1ffe-5897-b3be-fb4383c98217
d889562ba55b348483c0a6b97ca818a8,095ad1f8-1ffe-5897-b3be-fb4383c98217
ca8985384d81c8bc33b85573a2ed2e53,095ad1f8-1ffe-5897-b3be-fb4383c98217
0f62153be060feccb615d755b61a39bb,095ad1f8-1ffe-5897-b3be-fb4383c98217
aa1e4cf4d60ed437b02acfe9af079d16,095ad1f8-1ffe-5897-b3be-fb4383c98217
703db5e5215d0c94402d402fd73ba570,095ad1f8-1ffe-5897-b3be-fb4383c98217
da35dbafdc429957ccb476c3899bec9b,095ad1f8-1ffe-5897-b3be-fb4383c98217
4b55b699874671ac3b53052a1024aa7a,095ad1f8-1ffe-5897-b3be-fb4383c98217
5c5abdf6a6f052ee0801c27807b3b206,095ad1f8-1ffe-5897-b3be-fb4383c98217
e24370a5a6a436c6612ce109f4cf0539,095ad1f8-1ffe-5897-b3be-fb4383c98217
a25a7cbbdf7b762551edd1cc6738fa2d,095ad1f8-1ffe-5897-b3be-fb4383c98217
e596d879c51bf746f5d6f6e2ec9c2f27,095ad1f8-1ffe-5897-b3be-fb4383c98217
306a83832708b6d6a00d1f05dda72ddb,095ad1f8-1ffe-5897-b3be-fb4383c98217
4860135c8090919a69a2d4b12fb59c90,095ad1f8-1ffe-5897-b3be-fb4383c98217
38e850e4657ec3388f4154dc77a86b1a,095ad1f8-1ffe-5897-b3be-fb4383c98217
2a6365db5072842fbd1d96a86e24f30c,095ad1f8-1ffe-5897-b3be-fb4383c98217
41f40b370ba0e23ffaca26349f5f32b0,095ad1f8-1ffe-5897-b3be-fb4383c98217
def7c6384fa373a374a3579d8ad1293a,095ad1f8-1ffe-5897-b3be-fb4383c98217
9bbdead061691109c7dfbd55cb177705,095ad1f8-1ffe-5897-b3be-fb4383c98217
87e92502b4ecda44241088a453cdb434,095ad1f8-1ffe-5897-b3be-fb4383c98217
d593f44c295152ab43588d0248fbf64a,095ad1f8-1ffe-5897-b3be-fb4383c98217
b883d75b0325a350d034b7b1f2832bde,095ad1f8-1ffe-5897-b3be-fb4383c98217
09ad7db5799ae775591bfdd312872a4b,095ad1f8-1ffe-5897-b3be-fb4383c98217
63f7890ed485c7994f20badeaf63fc67,095ad1f8-1ffe-5897-b3be-fb4383c98217
f37362df5106be0786286b60dd75875f,095ad1f8-1ffe-5897-b3be-fb4383c98217
1853a17c998fe51b96d77e3403144f22,095ad1f8-1ffe-5897-b3be-fb4383c98217
dcad9180049a72bc576053ffcadf139e,095ad1f8-1ffe-5897-b3be-fb4383c98217
c82068aaffc539fe26814b33f67e0992,095ad1f8-1ffe-5897-b3be-fb4383c98217
e7c51a90259416bd852686f90b47ea79,095ad1f8-1ffe-5897-b3be-fb4383c98217
132d667254a14fa409ff10d59002650a,095ad1f8-1ffe-5897-b3be-fb4383c98217
bddd4599f6e6aa7d0cb36bbf15e40c6e,095ad1f8-1ffe-5897-b3be-fb4383c98217
77fdf548c11c7ca54220bdfabafbd5d9,095ad1f8-1ffe-5897-b3be-fb4383c98217
b428e464d164d23d0610ce953bb52d5e,095ad1f8-1ffe-5897-b3be-fb4383c98217
f11c4e2dadda00e6a843feaa496080d5,095ad1f8-1ffe-5897-b3be-fb4383c98217
826be45bdedc43537cc60179c4e107b9,095ad1f8-1ffe-5897-b3be-fb4383c98217
2b0088be69466c15b27bd8e13f7c2ce8,095ad1f8-1ffe-5897-b3be-fb4383c98217
bf3b5e8b4b374c6980a3971d8fe409ee,095ad1f8-1ffe-5897-b3be-fb4383c98217
a45b447417fb1905e7318851da2f5d8d,095ad1f8-1ffe-5897-b3be-fb4383c98217
0bdc1b9d68f2826efdd430ee41bac977,095ad1f8-1ffe-5897-b3be-fb4383c98217
2a2c3e5620c001510388880424b98e71,095ad1f8-1ffe-5897-b3be-fb4383c98217
1aa63a7e5052a682dab57c392cdf92e6,095ad1f8-1ffe-5897-b3be-fb4383c98217
da3a6b1edb64923bf6aade82e4f1a91d,095ad1f8-1ffe-5897-b3be-fb4383c98217
7974c2f9fd6444ec085c185e226249b8,095ad1f8-1ffe-5897-b3be-fb4383c98217
f13a78de9269ab74001f52e9f1ebc938,095ad1f8-1ffe-5897-b3be-fb4383c98217
4d4c68105533a3cc9b5f7a7061aefee1,095ad1f8-1ffe-5897-b3be-fb4383c98217
fe1898f15f4170c3a601a1611958dbd9,095ad1f8-1ffe-5897-b3be-fb4383c98217
50f78758a02c9756fd8ce29970dab5ba,095ad1f8-1ffe-5897-b3be-fb4383c98217
e7309485f836a07fabcd65cc45707796,095ad1f8-1ffe-5897-b3be-fb4383c98217
89c04fe22c3be9c8c9b9f7321694e0af,095ad1f8-1ffe-5897-b3be-fb4383c98217
1b6356d3dabf3c102e8a6747b32da013,095ad1f8-1ffe-5897-b3be-fb4383c98217
a5a335d44371797df0d12727a95707c1,095ad1f8-1ffe-5897-b3be-fb4383c98217
8c3d0442af5418a714381b752446882a,095ad1f8-1ffe-5897-b3be-fb4383c98217
9b42977b6193f862ebedb96d32821e8b,095ad1f8-1ffe-5897-b3be-fb4383c98217
24d56efd8dcc0ce922a6f31fac34d201,095ad1f8-1ffe-5897-b3be-fb4383c98217
1e9a16e19451b32d7f9976a54ace88b7,095ad1f8-1ffe-5897-b3be-fb4383c98217
4e6005ea2eabe206959d7f246ce7d69b,095ad1f8-1ffe-5897-b3be-fb4383c98217
fcc8adb15a31ecb7b485f7ee0b2edc47,095ad1f8-1ffe-5897-b3be-fb4383c98217
ee95fde775870c7f129b63be211fdc31,095ad1f8-1ffe-5897-b3be-fb4383c98217
7f1856ff539e8b85b1b03d1c7380a1e7,095ad1f8-1ffe-5897-b3be-fb4383c98217
7ca1692193b20a7cabd3802327b1e2db,095ad1f8-1ffe-5897-b3be-fb4383c98217
0f00b5da36017a3f9e0ca96379f0a801,095ad1f8-1ffe-5897-b3be-fb4383c98217
686031c0df68e1644393b6601bc078d8,095ad1f8-1ffe-5897-b3be-fb4383c98217
3a28c6bb7ca8e16cc48de3c270fb7694,095ad1f8-1ffe-5897-b3be-fb4383c98217
7ac5bce549e5ea4081605a8d6d5d90ae,095ad1f8-1ffe-5897-b3be-fb4383c98217
d12403370ad7ac58fde4d071ba49cc7b,095ad1f8-1ffe-5897-b3be-fb4383c98217
d788d91caf4121aa6c8762f471976edd,095ad1f8-1ffe-5897-b3be-fb4383c98217
14d82cf1144c3eebf9113fb63db974e9,095ad1f8-1ffe-5897-b3be-fb4383c98217
896f104434d8d059b6a03f12928b579b,095ad1f8-1ffe-5897-b3be-fb4383c98217
7f6a352256ab0b1e41af513a387f4a34,095ad1f8-1ffe-5897-b3be-fb4383c98217
b34260b2caad8b7b25c7078e1f8489b7,095ad1f8-1ffe-5897-b3be-fb4383c98217
ab5911e3cf8c7634f96efcc012d66ff8,095ad1f8-1ffe-5897-b3be-fb4383c98217
ab0c5bd47f89c04632b1f1f8ae012067,095ad1f8-1ffe-5897-b3be-fb4383c98217
7a03b386dec9566a03aac2997f470044,095ad1f8-1ffe-5897-b3be-fb4383c98217
c49885632cba435306e8c7412757a3ce,095ad1f8-1ffe-5897-b3be-fb4383c98217
360f4ad4e3960fba647dc85f5d6b50e0,095ad1f8-1ffe-5897-b3be-fb4383c98217
f5f4b25e8692bd38894d6eb4623f264c,095ad1f8-1ffe-5897-b3be-fb4383c98217
1fde846ec5c7b0db119366d103e48ef5,095ad1f8-1ffe-5897-b3be-fb4383c98217
29976ca84b43d2d3379d3a055ef3d1d4,095ad1f8-1ffe-5897-b3be-fb4383c98217
c66c813e8f9ea613b49f2540e95cd4bf,095ad1f8-1ffe-5897-b3be-fb4383c98217
d72d99fe9bff7ab4abc147466526118a,095ad1f8-1ffe-5897-b3be-fb4383c98217
f7890ed299a1c7c098f1a40b49a0258e,095ad1f8-1ffe-5897-b3be-fb4383c98217
438391f8f6cf26da176879453567baa5,095ad1f8-1ffe-5897-b3be-fb4383c98217
e1e1c0b86215432d348f0951e30c630a,095ad1f8-1ffe-5897-b3be-fb4383c98217
74b42fb3b76f4d30b4f93a0cc673792d,095ad1f8-1ffe-5897-b3be-fb4383c98217
4cc32e36d81a0b9c78c76c6b04f1d33a,095ad1f8-1ffe-5897-b3be-fb4383c98217
14ad3de5105ebbd9d15b84907c03a44f,095ad1f8-1ffe-5897-b3be-fb4383c98217
0fe1e7e53d2d61f73786fa01a6366364,095ad1f8-1ffe-5897-b3be-fb4383c98217
52117d4c38819d18a13b2625a883aed8,095ad1f8-1ffe-5897-b3be-fb4383c98217
c0407a1d7841f00065a6c6c002f2405a,095ad1f8-1ffe-5897-b3be-fb4383c98217
d5beb1d4020efef31a58cd938d9a1dc3,095ad1f8-1ffe-5897-b3be-fb4383c98217
bd19e50477138043233015bc527fd974,095ad1f8-1ffe-5897-b3be-fb4383c98217
4d8348c4aa0382dffde35b908e54dea0,095ad1f8-1ffe-5897-b3be-fb4383c98217
06673fb14d95f9f52166f9e04e819a37,095ad1f8-1ffe-5897-b3be-fb4383c98217
7c873054cc7d518e2295e68748442813,095ad1f8-1ffe-5897-b3be-fb4383c98217
d90e2339c4bfe6dd4f432f5c06e7f0b5,095ad1f8-1ffe-5897-b3be-fb4383c98217
325d9a82703f42fcb522af2075e74f89,095ad1f8-1ffe-5897-b3be-fb4383c98217
d498e19092e32f4a8a3f0603f6e49f92,095ad1f8-1ffe-5897-b3be-fb4383c98217
211fcc525ceff74423664ed7cc41df0a,095ad1f8-1ffe-5897-b3be-fb4383c98217
7f83602be82ef6567c42a98ffb4bc1b8,095ad1f8-1ffe-5897-b3be-fb4383c98217
13f275ace8e1508d3b2f8e4a7c25b978,095ad1f8-1ffe-5897-b3be-fb4383c98217
bb5fe1fc0f1cafef2f276cd58ea34657,095ad1f8-1ffe-5897-b3be-fb4383c98217
e1c40c144c9d9f18ca8ecb6fbfb77687,095ad1f8-1ffe-5897-b3be-fb4383c98217
b63d6bf8a4f90c31bd72b1a348f65d6c,095ad1f8-1ffe-5897-b3be-fb4383c98217
fcc6bff5e81ffde6bd64633943919969,095ad1f8-1ffe-5897-b3be-fb4383c98217
035597fb8a598246cfde0cabd44be796,095ad1f8-1ffe-5897-b3be-fb4383c98217
178bfa0751b405aa8700627595b3f9a0,095ad1f8-1ffe-5897-b3be-fb4383c98217
ffd3adeeac99313ea3fd04683c0590c6,095ad1f8-1ffe-5897-b3be-fb4383c98217
48aaec491311e678d3b247ad4e84a29a,095ad1f8-1ffe-5897-b3be-fb4383c98217
487e597bd8ec0daa6319164ad2254673,095ad1f8-1ffe-5897-b3be-fb4383c98217
8742fc16af62daddb4d2b10824cccfc3,095ad1f8-1ffe-5897-b3be-fb4383c98217
5e8e672ddc2d8be1d6b68f1f28838b83,095ad1f8-1ffe-5897-b3be-fb4383c98217
d8d61dd92c8f505cf5851009fd8284f2,095ad1f8-1ffe-5897-b3be-fb4383c98217
0da24b6bfc7e73bb9607925bc61bcd73,095ad1f8-1ffe-5897-b3be-fb4383c98217
28571019ecfa33bfe0362dd05a50b860,095ad1f8-1ffe-5897-b3be-fb4383c98217
40911783338888f325340b79cfcd1fac,095ad1f8-1ffe-5897-b3be-fb4383c98217
ab215bd123de127e4df5e5f8a56d018f,095ad1f8-1ffe-5897-b3be-fb4383c98217
43dd3116dd3b08dcc7830014aa84ff3d,095ad1f8-1ffe-5897-b3be-fb4383c98217
216d606b345ff58cb83564666348124c,095ad1f8-1ffe-5897-b3be-fb4383c98217
d59f869cd179b7669a9a0bb8279ddedf,095ad1f8-1ffe-5897-b3be-fb4383c98217
e22f20b95a28d2f47cb0b70269b52007,095ad1f8-1ffe-5897-b3be-fb4383c98217
e15db5f27c95b62f799015d23b016dc2,095ad1f8-1ffe-5897-b3be-fb4383c98217
fbe1d91c651f739c3172fe662a99318b,095ad1f8-1ffe-5897-b3be-fb4383c98217
b11a28d4ea7f635a9ca8d541f20a7f6d,095ad1f8-1ffe-5897-b3be-fb4383c98217
a3dd1bee17c26d6a367da2ae9b6cb95e,095ad1f8-1ffe-5897-b3be-fb4383c98217
d0c893deb9155b43b76852ac69affff4,095ad1f8-1ffe-5897-b3be-fb4383c98217
6856fcb43d167d08c115879794a828e6,095ad1f8-1ffe-5897-b3be-fb4383c98217
7b4034c46fdfa623b811a6022bb6f6ab,095ad1f8-1ffe-5897-b3be-fb4383c98217
b1daabddf88eba7b7d30c2e8c138f521,095ad1f8-1ffe-5897-b3be-fb4383c98217
7c3f7275fb44874fe37f6a1e27aa22e1,095ad1f8-1ffe-5897-b3be-fb4383c98217
432cf537a025933beed660421931fb79,095ad1f8-1ffe-5897-b3be-fb4383c98217
430d7c92f398ae83557964596bd71ec8,095ad1f8-1ffe-5897-b3be-fb4383c98217
85db49ff3257d8ed2a663a1e53fee059,095ad1f8-1ffe-5897-b3be-fb4383c98217
19076bc02a0f5442c981c490eb7bf9b4,095ad1f8-1ffe-5897-b3be-fb4383c98217
2d8b5d97697630468650cd3c4c76eb2d,095ad1f8-1ffe-5897-b3be-fb4383c98217
db86a75ad37885aa0826019ee23cc8d1,095ad1f8-1ffe-5897-b3be-fb4383c98217
c187362d65799eb417f7cc485ba973eb,095ad1f8-1ffe-5897-b3be-fb4383c98217
f90674eb32ba82b51ab3b8480358747a,095ad1f8-1ffe-5897-b3be-fb4383c98217
fa8a086a2f07dedfc043ca595e482c61,095ad1f8-1ffe-5897-b3be-fb4383c98217
6153ef780e0daddab824b4f7c4ca8da1,095ad1f8-1ffe-5897-b3be-fb4383c98217
d13e9e2ddf6b5cb536a757acde5fa441,095ad1f8-1ffe-5897-b3be-fb4383c98217
89df4a3c4f13fc95caf075d2e4af7165,095ad1f8-1ffe-5897-b3be-fb4383c98217
56e7bcdedcce92d9af7df8fe994d542c,095ad1f8-1ffe-5897-b3be-fb4383c98217
b7dc4f17beb8460f26f884d9f6644a38,095ad1f8-1ffe-5897-b3be-fb4383c98217
e4f386319e2bbd3179126fce745b237d,095ad1f8-1ffe-5897-b3be-fb4383c98217
d068808a554ed60da65cc53f8dd9bdf7,095ad1f8-1ffe-5897-b3be-fb4383c98217
6129cfb511e90f2c17650990597b083c,095ad1f8-1ffe-5897-b3be-fb4383c98217
0933dadbb484012fe2c4459ee5e76daa,095ad1f8-1ffe-5897-b3be-fb4383c98217
192d1e1a28cb95c4d39c7e4bc443acda,095ad1f8-1ffe-5897-b3be-fb4383c98217
215d0898dfa100b747149d8a09dd469f,095ad1f8-1ffe-5897-b3be-fb4383c98217
410f08ec5947b79e00f62af401f3dd01,5aff7236-8a5e-5c3a-b925-2cfa6de66e75
afad3ac0d60e0180c5c9b0385e2a6232,5aff7236-8a5e-5c3a-b925-2cfa6de66e75
eae77136d890f69521d9b69648ebba5f,5aff7236-8a5e-5c3a-b925-2cfa6de66e75
65ca10565c0d4a8ab3f086110c7cc737,5aff7236-8a5e-5c3a-b925-2cfa6de66e75
950b81a3efe6132c10e09eb983ef1cb9,5aff7236-8a5e-5c3a-b925-2cfa6de66e75
40428cbe6f149b34dda1f691654039d9,5aff7236-8a5e-5c3a-b925-2cfa6de66e75
ff56fa945be0c3c9ad1bcf43a48c01de,5aff7236-8a5e-5c3a-b925-2cfa6de66e75
f49f4aa918778305c67dfb5bf74e72bb,5aff7236-8a5e-5c3a-b925-2cfa6de66e75
8a4e1810cd734281d2fe6b6e587ae5d9,5aff7236-8a5e-5c3a-b925-2cfa6de66e75
3163fcbef21c782c2877e936a61f1084,5aff7236-8a5e-5c3a-b925-2cfa6de66e75
b0d80e7141e7b9d44097777569dcbb9f,5aff7236-8a5e-5c3a-b925-2cfa6de66e75
08188e3d011c07ad50a99694d55c98e6,5aff7236-8a5e-5c3a-b925-2cfa6de66e75
328cd6a5b01eaf8fd36eb917c950b968,5aff7236-8a5e-5c3a-b925-2cfa6de66e75
763f1cc4ae5432cb2c1f589c26722404,5aff7236-8a5e-5c3a-b925-2cfa6de66e75
c8e3b65229e7271d7b224dbfd0bc40a4,5aff7236-8a5e-5c3a-b925-2cfa6de66e75
4cc1f2129d1db60291bdbc9e0eb2a1ff,5aff7236-8a5e-5c3a-b925-2cfa6de66e75
e22f20b95a28d2f47cb0b70269b52007,5aff7236-8a5e-5c3a-b925-2cfa6de66e75
33a4f38e825549d8ae74ff7c68b81324,5aff7236-8a5e-5c3a-b925-2cfa6de66e75
4f801d3f8e4dfbe0f5c35d0d680b62b7,5aff7236-8a5e-5c3a-b925-2cfa6de66e75
1f2663eafa6b7d0d967196102c0f0852,5aff7236-8a5e-5c3a-b925-2cfa6de66e75
2fcbf4362dd948213901718f7a4d1f13,5aff7236-8a5e-5c3a-b925-2cfa6de66e75
847fadcabc416aa2cfd27332f21f8254,5aff7236-8a5e-5c3a-b925-2cfa6de66e75
6019f926bdffb7e3c3ce74689ca69d3b,5aff7236-8a5e-5c3a-b925-2cfa6de66e75
65676ac1d49fb6ce7731aca5493c7a09,5aff7236-8a5e-5c3a-b925-2cfa6de66e75
0476789ce0235e52bd23622845534150,5aff7236-8a5e-5c3a-b925-2cfa6de66e75
e5f0bbb48288ecfbf1ae991dc0ed885f,5aff7236-8a5e-5c3a-b925-2cfa6de66e75
fd2d4aee1351d60b48d52f36621d0580,5aff7236-8a5e-5c3a-b925-2cfa6de66e75
bc1b6950898927802901a2c72bb25216,5aff7236-8a5e-5c3a-b925-2cfa6de66e75
d0704dcd1654ff6cf273402a6bcbcd41,5aff7236-8a5e-5c3a-b925-2cfa6de66e75
0cad46184930792f0619de2f88e66fde,5aff7236-8a5e-5c3a-b925-2cfa6de66e75
27788d50699db8fdc30d7c5658642f57,5aff7236-8a5e-5c3a-b925-2cfa6de66e75
bdfc884e8f6ae1e3332c27ade9c1a031,5aff7236-8a5e-5c3a-b925-2cfa6de66e75
9181866ca157cd4f4fb176da8fe97171,5aff7236-8a5e-5c3a-b925-2cfa6de66e75
32863b3c432fe16d732b2c21cd177a86,5aff7236-8a5e-5c3a-b925-2cfa6de66e75
8938bdea7777c13c0b130a24c8f197de,5aff7236-8a5e-5c3a-b925-2cfa6de66e75
9e0dcea5140ea185049f3bf993a5faa6,5aff7236-8a5e-5c3a-b925-2cfa6de66e75
8bed5362669d338482dace755ec9383a,5aff7236-8a5e-5c3a-b925-2cfa6de66e75
7e408d81e339564342f15dc10931ee83,5aff7236-8a5e-5c3a-b925-2cfa6de66e75
1c767cb1b4765c7ce840e7bfe310524a,5aff7236-8a5e-5c3a-b925-2cfa6de66e75
69401d9faf9353d58a166bf6e594fd75,5aff7236-8a5e-5c3a-b925-2cfa6de66e75
29392aeb8204b50bb2a35e1aeabddd03,5aff7236-8a5e-5c3a-b925-2cfa6de66e75
3bba02b7532d00e37f0be4afb262ace2,5aff7236-8a5e-5c3a-b925-2cfa6de66e75
4a03f7c4ff3447462aab1692e952fb72,5aff7236-8a5e-5c3a-b925-2cfa6de66e75
18a3e54701db8c25e384db8246546a86,5aff7236-8a5e-5c3a-b925-2cfa6de66e75
7ef943ec23d5dc5b43a6e72772f6dfa8,5aff7236-8a5e-5c3a-b925-2cfa6de66e75
505e982a10762ee3639f4007a0bd631e,5aff7236-8a5e-5c3a-b925-2cfa6de66e75
ffd3adeeac99313ea3fd04683c0590c6,5aff7236-8a5e-5c3a-b925-2cfa6de66e75
a5b3aeddd47e88311c72ab6e5b9f65e8,5aff7236-8a5e-5c3a-b925-2cfa6de66e75
8486084bebb93d149631f58cfc76be62,5aff7236-8a5e-5c3a-b925-2cfa6de66e75
261905855eb3a0049a41b79a2559fd05,5aff7236-8a5e-5c3a-b925-2cfa6de66e75
19b1023ccc8ac744b539d10959d7ebb4,5aff7236-8a5e-5c3a-b925-2cfa6de66e75
2dcb1e2b020da7734d953ad7272de3ee,5aff7236-8a5e-5c3a-b925-2cfa6de66e75
c2a8429ceb74a0080d8a2c69f452766e,5aff7236-8a5e-5c3a-b925-2cfa6de66e75
54fbd3bbf2f4c2b7f189a79e84f21535,5aff7236-8a5e-5c3a-b925-2cfa6de66e75
9865774292629c63474579de64712070,5aff7236-8a5e-5c3a-b925-2cfa6de66e75
8aa83fc75abb928fec3885895c09a69c,5aff7236-8a5e-5c3a-b925-2cfa6de66e75
3afd26050e710943ef55a02e61af7c34,5aff7236-8a5e-5c3a-b925-2cfa6de66e75
241b3a6aa3a5907c4727a54840100cb9,5aff7236-8a5e-5c3a-b925-2cfa6de66e75
edaa4c073d1a61d3266a8f7965051685,5aff7236-8a5e-5c3a-b925-2cfa6de66e75
24bdf64c7b9c727fc96d8ef3afccc27a,5aff7236-8a5e-5c3a-b925-2cfa6de66e75
c0015091b85fffe1be6c69720fe8bc57,5aff7236-8a5e-5c3a-b925-2cfa6de66e75
6f762c26a73094fe5c2934aa65ef388f,5aff7236-8a5e-5c3a-b925-2cfa6de66e75
ac3340fa22909ed090b5a6f9e36862da,5aff7236-8a5e-5c3a-b925-2cfa6de66e75
64b71ea224083bc35924666b28198e3e,5aff7236-8a5e-5c3a-b925-2cfa6de66e75
f6bbd05cd4710c9d7f9b79a817f49908,5aff7236-8a5e-5c3a-b925-2cfa6de66e75
efa537abd250a75cfbe78732abbdef54,5aff7236-8a5e-5c3a-b925-2cfa6de66e75
576fd31eb7c0016269cecc51217e0edf,5aff7236-8a5e-5c3a-b925-2cfa6de66e75
4806513d5174ed10fd9d5da6f5a1ec8d,5aff7236-8a5e-5c3a-b925-2cfa6de66e75
ad010f0297216362cb59ea89a8c2b047,5aff7236-8a5e-5c3a-b925-2cfa6de66e75
305128906abeceaeffa12d19acee8755,5aff7236-8a5e-5c3a-b925-2cfa6de66e75
cb962a4ac4baff5027056eca23250054,5aff7236-8a5e-5c3a-b925-2cfa6de66e75
3ca7330b1cd9cdb29ff3715f917a7f00,5aff7236-8a5e-5c3a-b925-2cfa6de66e75
02cc7cf5d4f4c7bd8ec8db00890eb2a8,5aff7236-8a5e-5c3a-b925-2cfa6de66e75
eff56c65535a7910eaf7a70d3215a46e,5aff7236-8a5e-5c3a-b925-2cfa6de66e75
7dba0d6385cf0776e0c25b9b05a209c6,5aff7236-8a5e-5c3a-b925-2cfa6de66e75
78458d9ce68c70db67af8fc3ff503142,5aff7236-8a5e-5c3a-b925-2cfa6de66e75
3df76c2c119ce865c7a30d0e8bee705e,5aff7236-8a5e-5c3a-b925-2cfa6de66e75
79b23f5e36ea21a4a6cd045bd56d09ee,5aff7236-8a5e-5c3a-b925-2cfa6de66e75
17bcb387af93480db913116756fff0f4,5aff7236-8a5e-5c3a-b925-2cfa6de66e75
a33e9f5eef4aea39c887788771bf2149,5aff7236-8a5e-5c3a-b925-2cfa6de66e75
0d288d4b5cce22eba5cf4b6dbee6519d,5aff7236-8a5e-5c3a-b925-2cfa6de66e75
59c44be3ec1c33b0a519259ed51fbea4,5aff7236-8a5e-5c3a-b925-2cfa6de66e75
e713cbcf4d91f41c2fdd96767397dc75,5aff7236-8a5e-5c3a-b925-2cfa6de66e75
3e525b72685ab098306edcedcf3c4955,5aff7236-8a5e-5c3a-b925-2cfa6de66e75
048d9a7c87ec04750e10d430cf17aef2,5aff7236-8a5e-5c3a-b925-2cfa6de66e75
d3da8c80bc021b2290e219974c930855,5aff7236-8a5e-5c3a-b925-2cfa6de66e75
8ea8273c6eaf0c27aef29525145d0ace,5aff7236-8a5e-5c3a-b925-2cfa6de66e75
cb973c742184a08de3a158e4eb030478,5aff7236-8a5e-5c3a-b925-2cfa6de66e75
1ec32316e1fad1553f287e586df30c26,5aff7236-8a5e-5c3a-b925-2cfa6de66e75
9d8fcec8f33f7f80791df2e0655f24e7,5aff7236-8a5e-5c3a-b925-2cfa6de66e75
1b885951daa9ed13fcaf32b72a408e10,5aff7236-8a5e-5c3a-b925-2cfa6de66e75
e9d36f29caf3f375b4b37be5dc693c69,5aff7236-8a5e-5c3a-b925-2cfa6de66e75
8cd87f89032af5ec5bf1ef3fd6804439,5aff7236-8a5e-5c3a-b925-2cfa6de66e75
f0e259e20aad901bcad2cbfde7743187,5aff7236-8a5e-5c3a-b925-2cfa6de66e75
badcc3c7a09a8b74bff2b93915442e06,5aff7236-8a5e-5c3a-b925-2cfa6de66e75
7ac4086b7720a395d3747c563b33548c,5aff7236-8a5e-5c3a-b925-2cfa6de66e75
7e788013a94eee565a5d24dbd83ad454,5aff7236-8a5e-5c3a-b925-2cfa6de66e75
e27383c49c5e98bab374c8cb624695aa,5aff7236-8a5e-5c3a-b925-2cfa6de66e75
b1d5a9b29829cd6d9f5983e8bebe7352,5aff7236-8a5e-5c3a-b925-2cfa6de66e75
ef2ab855c44b740aa4f3048978895e38,5aff7236-8a5e-5c3a-b925-2cfa6de66e75
1248837ad4e3f4258cc32fb07d6f1ab2,5aff7236-8a5e-5c3a-b925-2cfa6de66e75
0b074509c10d3c0f237c78e76e9f8a4f,5aff7236-8a5e-5c3a-b925-2cfa6de66e75
07acbcd3c12ebb03e0c4cf9bf26ce74b,5aff7236-8a5e-5c3a-b925-2cfa6de66e75
9446163be4b8f20c7f700b40f5b5016e,5aff7236-8a5e-5c3a-b925-2cfa6de66e75
513fabdb79cdcdfbfb15e8d91908d7be,5aff7236-8a5e-5c3a-b925-2cfa6de66e75
b31d01e59147f2850f9d87b53de3c1a3,5aff7236-8a5e-5c3a-b925-2cfa6de66e75
ea59e9ba24187596be54f431ca6e0762,5aff7236-8a5e-5c3a-b925-2cfa6de66e75
4dba453b60042fbab8547a978bddb282,5aff7236-8a5e-5c3a-b925-2cfa6de66e75
6791299ba23aae6e21b828593e2510db,5aff7236-8a5e-5c3a-b925-2cfa6de66e75
2546c38d417f053acdb66c8bfa3071ac,5aff7236-8a5e-5c3a-b925-2cfa6de66e75
728053d5eee42e90af138ceff2391d93,5aff7236-8a5e-5c3a-b925-2cfa6de66e75
dac61048516f51ffeb615077a308dee9,5aff7236-8a5e-5c3a-b925-2cfa6de66e75
622d44a1310cea1aa43fbf09a14f4d3c,5aff7236-8a5e-5c3a-b925-2cfa6de66e75
6347b81f3c1ae15cd224e7ebec161ba4,5aff7236-8a5e-5c3a-b925-2cfa6de66e75
97d13b9b930f6d0aa02fa76579511de8,5aff7236-8a5e-5c3a-b925-2cfa6de66e75
54ab331da3100288182364804516fe95,5aff7236-8a5e-5c3a-b925-2cfa6de66e75
e28d17499fbe4a79333b9b26a39d85d0,5aff7236-8a5e-5c3a-b925-2cfa6de66e75
59a5f3d2977b8275ec1b7d89b5e0f87f,5aff7236-8a5e-5c3a-b925-2cfa6de66e75
89e02f5b7330847b59581d6b01c89d44,5aff7236-8a5e-5c3a-b925-2cfa6de66e75
7bd8197c8ecb6bdf30ba6e414c90a691,5aff7236-8a5e-5c3a-b925-2cfa6de66e75
2717dc6c12c45a0a1a6266dcc31d08b6,5aff7236-8a5e-5c3a-b925-2cfa6de66e75
ff09cc48daf1a939dd28299f363c0c75,5aff7236-8a5e-5c3a-b925-2cfa6de66e75
b8818b3057fad0016395a2c621a9b863,5aff7236-8a5e-5c3a-b925-2cfa6de66e75
19727c57f3a44c4a5b5dd3c51fc01860,5aff7236-8a5e-5c3a-b925-2cfa6de66e75
46f08e3c10e12e35a17a34bc036d921f,5aff7236-8a5e-5c3a-b925-2cfa6de66e75
fab690cfcc56ee37b1b47da47a1970d8,5aff7236-8a5e-5c3a-b925-2cfa6de66e75
3356cc1b0f1a2e813b9a4bf9c6c58cd9,5aff7236-8a5e-5c3a-b925-2cfa6de66e75
f0828c84c4fe5eea043e8f5709fefecd,5aff7236-8a5e-5c3a-b925-2cfa6de66e75
bf1f835860780797f99092c1a9f0f05e,5aff7236-8a5e-5c3a-b925-2cfa6de66e75
25c268b64884fd7a47e5b5291737fc6a,5aff7236-8a5e-5c3a-b925-2cfa6de66e75
8decd6eb0cd895306c533f53b0d6c196,5aff7236-8a5e-5c3a-b925-2cfa6de66e75
6c422549a8cfe3f983033a432d943322,5aff7236-8a5e-5c3a-b925-2cfa6de66e75
03d6961144d45d82f2aba8c67d20cf75,5aff7236-8a5e-5c3a-b925-2cfa6de66e75
1f475232854b2c1687aa1d4ecf9bd4df,5aff7236-8a5e-5c3a-b925-2cfa6de66e75
2fb7233c713a98c718946309c01afd89,5aff7236-8a5e-5c3a-b925-2cfa6de66e75
3ee83f2635cfd7e4276f7060fa902bf0,5aff7236-8a5e-5c3a-b925-2cfa6de66e75
508b7588fb9ec6859f7d5520a34ff24c,5aff7236-8a5e-5c3a-b925-2cfa6de66e75
0ce1917f6d89f4473007e864feace0b0,5aff7236-8a5e-5c3a-b925-2cfa6de66e75
f7c4bbb52249a629109bc8d27192f90d,5aff7236-8a5e-5c3a-b925-2cfa6de66e75
eb084b506b79aad4ad27130e90d24e28,5aff7236-8a5e-5c3a-b925-2cfa6de66e75
fa03ad00612e7a4b1af97144c4360b6c,5aff7236-8a5e-5c3a-b925-2cfa6de66e75
e8173150c5c6c64ac7c58c0da9b63c58,5aff7236-8a5e-5c3a-b925-2cfa6de66e75
ce7c5cdd8fec3e66352158e8f01965b2,5aff7236-8a5e-5c3a-b925-2cfa6de66e75
0d5bdc275f3b3b0ffd4977810535d4ee,5aff7236-8a5e-5c3a-b925-2cfa6de66e75
9bf763e3dfd20377ff65c23631142da3,5aff7236-8a5e-5c3a-b925-2cfa6de66e75
a9701761c5dbeed6d92432fc31190524,5aff7236-8a5e-5c3a-b925-2cfa6de66e75
206df397c6f4714195694506fab31c05,5aff7236-8a5e-5c3a-b925-2cfa6de66e75
be98ecace96368feb6eddf5a4530fe2c,5aff7236-8a5e-5c3a-b925-2cfa6de66e75
7a4489b536697d7b0849365fec000279,5aff7236-8a5e-5c3a-b925-2cfa6de66e75
2d3a10de1aa2f38c1c2c53c199cb45b9,5aff7236-8a5e-5c3a-b925-2cfa6de66e75
a9efa00aec5f72ff2be9cebaa950f895,5aff7236-8a5e-5c3a-b925-2cfa6de66e75
e2a9ffc99ff846f3dc1ef690868ea57f,5aff7236-8a5e-5c3a-b925-2cfa6de66e75
72d00b55ea21f6822b351594fca1c42a,5aff7236-8a5e-5c3a-b925-2cfa6de66e75
a24411f1bac8e75e6b254454851e81a1,5aff7236-8a5e-5c3a-b925-2cfa6de66e75
466a8cd4220a22b24ecda96a61e36831,5aff7236-8a5e-5c3a-b925-2cfa6de66e75
29217db0460f97ba9b8cbe911e4d87b6,5aff7236-8a5e-5c3a-b925-2cfa6de66e75
d698f89c410a281f4c62040afbd8479c,5aff7236-8a5e-5c3a-b925-2cfa6de66e75
ef393550963d7d4366739f93e9abc676,5aff7236-8a5e-5c3a-b925-2cfa6de66e75
ad3beeaffefca12c0c17a5dc27f58bba,5aff7236-8a5e-5c3a-b925-2cfa6de66e75
d334c8af1a9d40e941d41b70667c5edf,5aff7236-8a5e-5c3a-b925-2cfa6de66e75
956c09dfbcd376b83dfa2b5289eb3873,5aff7236-8a5e-5c3a-b925-2cfa6de66e75
34a2b30eb619cca0a6b1be54d7b47ece,5aff7236-8a5e-5c3a-b925-2cfa6de66e75
425cbb80ba1f3609a6312ecdc7fff2b5,5aff7236-8a5e-5c3a-b925-2cfa6de66e75
760b19fc0b2acf942f3bcf9942d00bb3,5aff7236-8a5e-5c3a-b925-2cfa6de66e75
916fed1fbe8ebcce803e27af9c2b2d9d,5aff7236-8a5e-5c3a-b925-2cfa6de66e75
a0850ec07d8caeeaba4fad61eef3d7cb,5aff7236-8a5e-5c3a-b925-2cfa6de66e75
9f7b915ebab05728aeacd77f77ea2366,5aff7236-8a5e-5c3a-b925-2cfa6de66e75
80cc1315418d1ca13723536c8a8909fa,5aff7236-8a5e-5c3a-b925-2cfa6de66e75
17ee858dc8a7738a804fbaab3e935ea8,5aff7236-8a5e-5c3a-b925-2cfa6de66e75
156c82b3f9ed8eb02bcfa7493247440e,5aff7236-8a5e-5c3a-b925-2cfa6de66e75
c5da2b166c2c4e3d83f2da5ea19b1c19,5aff7236-8a5e-5c3a-b925-2cfa6de66e75
37c946e68a28e73e6993814f0bd98720,5aff7236-8a5e-5c3a-b925-2cfa6de66e75
4153721419bbfe63ea398ae3935f00ec,5aff7236-8a5e-5c3a-b925-2cfa6de66e75
55e446174b60266d2d0bc426961e7aee,5aff7236-8a5e-5c3a-b925-2cfa6de66e75
301405a2e45c3217b69eb229fece0ee3,5aff7236-8a5e-5c3a-b925-2cfa6de66e75
50330fc3c4bfeb544f3ff9366b682c84,5aff7236-8a5e-5c3a-b925-2cfa6de66e75
f11c32258145c6b367e275b0b0994253,5aff7236-8a5e-5c3a-b925-2cfa6de66e75
a18f85930019c7d49a0aa690b896d9fb,5aff7236-8a5e-5c3a-b925-2cfa6de66e75
9fd7ed6789c42cd26e7af5b318e9e335,5aff7236-8a5e-5c3a-b925-2cfa6de66e75
edebea4e08ebb45ebab49186f0bdd703,5aff7236-8a5e-5c3a-b925-2cfa6de66e75
af3bbdb15eda2e2f9ad86c73f4468950,5aff7236-8a5e-5c3a-b925-2cfa6de66e75
14709bba444158c0ede03c18cf316fd5,5aff7236-8a5e-5c3a-b925-2cfa6de66e75
438bd9ee6868c35998fcaeff500793f5,5aff7236-8a5e-5c3a-b925-2cfa6de66e75
730c70521616a0355d24720a02ecd700,5aff7236-8a5e-5c3a-b925-2cfa6de66e75
a11bf540a87becd117fd9247d42a8004,5aff7236-8a5e-5c3a-b925-2cfa6de66e75
f4b9c8ab3b3198758a8909b2c1834c64,5aff7236-8a5e-5c3a-b925-2cfa6de66e75
8bc93bc75d45df62c2a5cd5bd727687a,5aff7236-8a5e-5c3a-b925-2cfa6de66e75
61985e7d80e98cddfb190ea462a76e71,5aff7236-8a5e-5c3a-b925-2cfa6de66e75
13314331686dc3107ec83bf68da0119c,5aff7236-8a5e-5c3a-b925-2cfa6de66e75
656616d7d3e4ca14eccc28b45b99df64,5aff7236-8a5e-5c3a-b925-2cfa6de66e75
1d3cff0657e8e30aa4071725e5b503db,5aff7236-8a5e-5c3a-b925-2cfa6de66e75
44451d2f83690a340f9784f24b0f36e3,5aff7236-8a5e-5c3a-b925-2cfa6de66e75
132551fff7fd5d8721434dbe284b373b,5aff7236-8a5e-5c3a-b925-2cfa6de66e75
3b6e418924a6f725755a9b6e61eb52cb,5aff7236-8a5e-5c3a-b925-2cfa6de66e75
c712a5f45240c564d7d77adeec6d1ce2,5aff7236-8a5e-5c3a-b925-2cfa6de66e75
fac8808241b4d647772481e6415a1bd4,5aff7236-8a5e-5c3a-b925-2cfa6de66e75
004dbc2eb14ced25c8aa955bfb8c14fa,5aff7236-8a5e-5c3a-b925-2cfa6de66e75
20147084fe4f77247b5ddeaab0ff6321,5aff7236-8a5e-5c3a-b925-2cfa6de66e75
b4669214844c03718b1e6474077568bc,5aff7236-8a5e-5c3a-b925-2cfa6de66e75
852383342018c922779f23b14ef5aed1,5aff7236-8a5e-5c3a-b925-2cfa6de66e75
b8a6701bd2b2fbb8a36f8506be07b74c,5aff7236-8a5e-5c3a-b925-2cfa6de66e75
edc33645629c2c1d1fbb01389250263a,5aff7236-8a5e-5c3a-b925-2cfa6de66e75
1baefdfab22be978c85d7d6ad0a18ea6,5aff7236-8a5e-5c3a-b925-2cfa6de66e75
20147084fe4f77247b5ddeaab0ff6321,7036d052-238f-5f9a-b956-f717102603c9
b4669214844c03718b1e6474077568bc,7036d052-238f-5f9a-b956-f717102603c9
fac8808241b4d647772481e6415a1bd4,7036d052-238f-5f9a-b956-f717102603c9
004dbc2eb14ced25c8aa955bfb8c14fa,7036d052-238f-5f9a-b956-f717102603c9
3b6e418924a6f725755a9b6e61eb52cb,7036d052-238f-5f9a-b956-f717102603c9
c712a5f45240c564d7d77adeec6d1ce2,7036d052-238f-5f9a-b956-f717102603c9
852383342018c922779f23b14ef5aed1,7036d052-238f-5f9a-b956-f717102603c9
b8a6701bd2b2fbb8a36f8506be07b74c,7036d052-238f-5f9a-b956-f717102603c9
b5229c92f899c89a96a0c1628a10a3d6,7036d052-238f-5f9a-b956-f717102603c9
edc33645629c2c1d1fbb01389250263a,7036d052-238f-5f9a-b956-f717102603c9
1baefdfab22be978c85d7d6ad0a18ea6,7036d052-238f-5f9a-b956-f717102603c9
730c70521616a0355d24720a02ecd700,7036d052-238f-5f9a-b956-f717102603c9
a11bf540a87becd117fd9247d42a8004,7036d052-238f-5f9a-b956-f717102603c9
656616d7d3e4ca14eccc28b45b99df64,7036d052-238f-5f9a-b956-f717102603c9
1d3cff0657e8e30aa4071725e5b503db,7036d052-238f-5f9a-b956-f717102603c9
f4b9c8ab3b3198758a8909b2c1834c64,7036d052-238f-5f9a-b956-f717102603c9
8bc93bc75d45df62c2a5cd5bd727687a,7036d052-238f-5f9a-b956-f717102603c9
14709bba444158c0ede03c18cf316fd5,7036d052-238f-5f9a-b956-f717102603c9
438bd9ee6868c35998fcaeff500793f5,7036d052-238f-5f9a-b956-f717102603c9
61985e7d80e98cddfb190ea462a76e71,7036d052-238f-5f9a-b956-f717102603c9
13314331686dc3107ec83bf68da0119c,7036d052-238f-5f9a-b956-f717102603c9
45b835657a2efc144473c05a72f2bafd,7036d052-238f-5f9a-b956-f717102603c9
7ffc6f03dd0ef5da6b0c49425588049a,7036d052-238f-5f9a-b956-f717102603c9
04c5d98202851be1686b1fef003abfa6,7036d052-238f-5f9a-b956-f717102603c9
8e0281dc3e441ff0f0e838d4ea81e414,7036d052-238f-5f9a-b956-f717102603c9
7940804a8e791d3067256cf63470a880,7036d052-238f-5f9a-b956-f717102603c9
caf808ca2b1149afb3f552c6416055ab,7036d052-238f-5f9a-b956-f717102603c9
41ab556389dbe17d0fc4d0bbf427ef95,7036d052-238f-5f9a-b956-f717102603c9
8f20f3d89c8c10e79414032090111a13,7036d052-238f-5f9a-b956-f717102603c9
7e634e8fdc894d347cebb7bc55ad41c9,7036d052-238f-5f9a-b956-f717102603c9
78b402e86447a80aced34e74e5214a3d,7036d052-238f-5f9a-b956-f717102603c9
83b88b34082425a7c21eaa2cf5b3614e,7036d052-238f-5f9a-b956-f717102603c9
2d7dab73d86c3b22eacfe0de1a45b724,7036d052-238f-5f9a-b956-f717102603c9
1ee5270dde4d2be8e1cefb6fe82ec202,7036d052-238f-5f9a-b956-f717102603c9
642036fa2a6b18734a897484d009ce62,7036d052-238f-5f9a-b956-f717102603c9
fe3b7d6fedf24f7fe56dc6ae279f3f69,7036d052-238f-5f9a-b956-f717102603c9
94df62fdb7c4e4c53e7fd6cf98bbfa37,7036d052-238f-5f9a-b956-f717102603c9
ff7558bf547ef0aed616bc66bb343215,7036d052-238f-5f9a-b956-f717102603c9
3ecfdecf763c4cf770fda0757c538516,7036d052-238f-5f9a-b956-f717102603c9
8a17ed7d2146c0e4f64c2fbdac8a5520,7036d052-238f-5f9a-b956-f717102603c9
a1dae7c464e50d91e92a2dc2356f55fe,7036d052-238f-5f9a-b956-f717102603c9
c0bf5229a5715bfd8091b58164860877,7036d052-238f-5f9a-b956-f717102603c9
7f79f7d4531dc0db68a06eef694972a3,7036d052-238f-5f9a-b956-f717102603c9
51e2065beb27fda0156eada059ff0e8e,7036d052-238f-5f9a-b956-f717102603c9
2ef47f2b5798de7c029b40f575d47f63,7036d052-238f-5f9a-b956-f717102603c9
8ca0a4b00ab66b8f00736e205b2a5dd0,7036d052-238f-5f9a-b956-f717102603c9
002d9c5b637c1a393bffef29ba9ccc4d,7036d052-238f-5f9a-b956-f717102603c9
29f1cbfbb8cf0d344538273e8097f76f,7036d052-238f-5f9a-b956-f717102603c9
d40c65f8732584a2b20a3088f9f673cb,7036d052-238f-5f9a-b956-f717102603c9
2bc85feb57013ee79dd9d37179402c18,7036d052-238f-5f9a-b956-f717102603c9
7109ebcec2d40e0317765265ecbdd4c6,7036d052-238f-5f9a-b956-f717102603c9
01fc8570ee5d8ad0eee31a6374b06efc,7036d052-238f-5f9a-b956-f717102603c9
63d55ab7986217952bad1b9b4cbe0a15,7036d052-238f-5f9a-b956-f717102603c9
e6d2f1a9c1ae5ab59a8df332d387b7de,7036d052-238f-5f9a-b956-f717102603c9
f898b932b9b70e45f5760f7b202a127c,7036d052-238f-5f9a-b956-f717102603c9
113447aa768e539362ba058a5b7c023b,7036d052-238f-5f9a-b956-f717102603c9
c81e292a557499884d17e34e26944a7a,7036d052-238f-5f9a-b956-f717102603c9
c83d9332d2a283e3d87c06b4fb092228,7036d052-238f-5f9a-b956-f717102603c9
1dccb9fdb58b9b5afcab750e3712b186,7036d052-238f-5f9a-b956-f717102603c9
842b28fd65e80cc3f6c29c5dcfe88812,7036d052-238f-5f9a-b956-f717102603c9
209c5f06e99f513cdfcf864253bebff3,7036d052-238f-5f9a-b956-f717102603c9
f5584d321dd6ebdf577c743a6c6ed354,7036d052-238f-5f9a-b956-f717102603c9
4a8438606b0c8fa35efa0942e82ee633,7036d052-238f-5f9a-b956-f717102603c9
ad1f7e0320364117843c23bf43cc3c47,7036d052-238f-5f9a-b956-f717102603c9
c4bc3db34df36acc40d927c276874574,7036d052-238f-5f9a-b956-f717102603c9
613adca1946ce30191e2d3128b9b1211,7036d052-238f-5f9a-b956-f717102603c9
ca0a08803ac25a3dcf0ebb97fe7bb249,7036d052-238f-5f9a-b956-f717102603c9
50b9e570fa5eee7a5479e45eff9f9b22,7036d052-238f-5f9a-b956-f717102603c9
ef5d25097170c0aa19c41d2b0ae069f5,7036d052-238f-5f9a-b956-f717102603c9
9df25d15289ffe5a55bb192c10d00b5b,7036d052-238f-5f9a-b956-f717102603c9
3e6bccc316b3f3f7ec531a8045f1e80d,7036d052-238f-5f9a-b956-f717102603c9
ffd659ceac8b9be4f25dde0332172472,7036d052-238f-5f9a-b956-f717102603c9
103ad3df70183d97369c8f5efd643880,7036d052-238f-5f9a-b956-f717102603c9
f5fb64fcee0b435e6a9d8b85ec5a2caf,7036d052-238f-5f9a-b956-f717102603c9
9f0a9c260b8f57fabb9ad708a1b102d4,7036d052-238f-5f9a-b956-f717102603c9
c15b77fa610b5c68dd58ee0b10bc826c,7036d052-238f-5f9a-b956-f717102603c9
ac39ceceb6eb7a4eb1d03204f2787fba,7036d052-238f-5f9a-b956-f717102603c9
a1ced0ccdc28e6869a55ad6cf028d2b6,7036d052-238f-5f9a-b956-f717102603c9
dd5f1e54ace5a32f5fa76a945433d68c,7036d052-238f-5f9a-b956-f717102603c9
65a3787660ad20b7704b0a9e1a0d64ab,7036d052-238f-5f9a-b956-f717102603c9
c00a8c8e51e66b0f72929e0745bbc530,7036d052-238f-5f9a-b956-f717102603c9
d19eec1415684a377295c016bd855ff1,7036d052-238f-5f9a-b956-f717102603c9
aa1d165243382e854008f7cb0446a718,7036d052-238f-5f9a-b956-f717102603c9
e7f0838a2d97b544235f688e8b19239c,7036d052-238f-5f9a-b956-f717102603c9
4089e7f659e3e99b0cd80ad50623a43a,7036d052-238f-5f9a-b956-f717102603c9
ef66d96c72fcb7abe2be316c74324866,7036d052-238f-5f9a-b956-f717102603c9
60d2d3d68e15639aeb810866d7b0785e,7036d052-238f-5f9a-b956-f717102603c9
ce4509de210a4ff3937d95893f9596e7,7036d052-238f-5f9a-b956-f717102603c9
c30da069a44d92dd8083ab03e610fa1e,7036d052-238f-5f9a-b956-f717102603c9
4559052ab39d78f9ed92cf42c7de5e39,7036d052-238f-5f9a-b956-f717102603c9
f772053d6a5f0453eddfbcc689347a31,7036d052-238f-5f9a-b956-f717102603c9
c0f291d3ec19f1382f84e15bac6974a4,7036d052-238f-5f9a-b956-f717102603c9
0e291a2973fec8625127ff695178fdea,7036d052-238f-5f9a-b956-f717102603c9
0f7a45c8b59b6251b2f4804a91420bbc,7036d052-238f-5f9a-b956-f717102603c9
6c4e6b1220e093eb6484ba8ccd47b96a,7036d052-238f-5f9a-b956-f717102603c9
3d0c010580b03afe41d190b50f320f68,7036d052-238f-5f9a-b956-f717102603c9
6d3d9b00ab91f8f55c466900b566a22f,7036d052-238f-5f9a-b956-f717102603c9
72569ee591921821a6b7aaad6686f3e9,7036d052-238f-5f9a-b956-f717102603c9
96ae84be3a95dde497e817be288b5fe3,7036d052-238f-5f9a-b956-f717102603c9
9013d8e7990e7a40b77b8d7f79f673ba,7036d052-238f-5f9a-b956-f717102603c9
44ac1e8549698f71d734dcbcc07f7f49,7036d052-238f-5f9a-b956-f717102603c9
6c632e4a257c34b20d9b6a3fc65af268,7036d052-238f-5f9a-b956-f717102603c9
939659a272eff0f51f01526793cd5565,7036d052-238f-5f9a-b956-f717102603c9
351e33d0b493fc47f046793e041f8440,7036d052-238f-5f9a-b956-f717102603c9
02c8f992808857012f8d311f1abac04b,7036d052-238f-5f9a-b956-f717102603c9
28303fd37a79d315c60bc92746757cb4,7036d052-238f-5f9a-b956-f717102603c9
422c863a61d26549404579a5c67f17be,7036d052-238f-5f9a-b956-f717102603c9
aead9542b06fe1b9cabae68f07900f24,7036d052-238f-5f9a-b956-f717102603c9
3c1f03b5e950248aa046b6d7b9625ada,7036d052-238f-5f9a-b956-f717102603c9
01fb169b95fea43a59eb8609abb5ae03,7036d052-238f-5f9a-b956-f717102603c9
8243b5d37d7a5765bb88e82fcea87f82,7036d052-238f-5f9a-b956-f717102603c9
1a7398048eca1d72e4ec98eca9ed5b90,7036d052-238f-5f9a-b956-f717102603c9
a4d8a81cccaf045bc52f37611544f7a0,7036d052-238f-5f9a-b956-f717102603c9
a122bb3ebbf313011d4bc07b16c4584e,7036d052-238f-5f9a-b956-f717102603c9
65d91f2368869c5f130adb9dd8784087,7036d052-238f-5f9a-b956-f717102603c9
413f8cf882f608cff71b7d06558bed9f,7036d052-238f-5f9a-b956-f717102603c9
a614a6f10d7362b0e98080922f32fd5c,7036d052-238f-5f9a-b956-f717102603c9
6d4e9265815d19816130ce24b43f8a90,7036d052-238f-5f9a-b956-f717102603c9
e22e6aec4bfdbec528b5e9dfd7dc77ed,7036d052-238f-5f9a-b956-f717102603c9
557511b5d8babd9510b10a287e5adc7e,7036d052-238f-5f9a-b956-f717102603c9
6cf0d643854c6c06bd449762777678df,7036d052-238f-5f9a-b956-f717102603c9
6f7e2dc80eac00418d70ae2f252b226b,7036d052-238f-5f9a-b956-f717102603c9
ba78d7ee8882a4e802835caf74c816f8,7036d052-238f-5f9a-b956-f717102603c9
6faad0543e5c9f7a26b35fa84047d969,7036d052-238f-5f9a-b956-f717102603c9
cf90e201689080ca0eda7de79cca26f8,7036d052-238f-5f9a-b956-f717102603c9
c2f28fada6cbaa5b82dee98eafe2d72e,7036d052-238f-5f9a-b956-f717102603c9
db6786e0910f34b55e6ba4c8e32ef0c1,7036d052-238f-5f9a-b956-f717102603c9
d61492c2242eca96dc9e7dc3752dae3b,7036d052-238f-5f9a-b956-f717102603c9
f364a016c558eca3a468951e89cc1d45,7036d052-238f-5f9a-b956-f717102603c9
20f57aaa2a2659d37ec7ccf7649c55fc,7036d052-238f-5f9a-b956-f717102603c9
cf6863bb8dfcaaa7ea56e490a054eecf,7036d052-238f-5f9a-b956-f717102603c9
c6b395000987ad3ae161fdfc86b705c0,7036d052-238f-5f9a-b956-f717102603c9
924935342f1a701ddc9ff9e5f8b52d7d,7036d052-238f-5f9a-b956-f717102603c9
1b85eed6091ceb6b182c20dce47f1f33,7036d052-238f-5f9a-b956-f717102603c9
2373d9f40f73a7c8bba3d8dbba82e64b,7036d052-238f-5f9a-b956-f717102603c9
f84d7ebc9a8f56a28597381eaa8ebf88,7036d052-238f-5f9a-b956-f717102603c9
e21a95e225f96a02bdcbddefce30030f,7036d052-238f-5f9a-b956-f717102603c9
9bc7ed3093c864945abbf0f3ec5cef37,7036d052-238f-5f9a-b956-f717102603c9
5c7d9ab5ebcdd98cde036d256edad541,7036d052-238f-5f9a-b956-f717102603c9
9f92c6a95e585094277e8c56d8b538ef,7036d052-238f-5f9a-b956-f717102603c9
b126bd63c07702421535a29a647aa614,7036d052-238f-5f9a-b956-f717102603c9
a55b924de663b44e60042428f7ea6219,7036d052-238f-5f9a-b956-f717102603c9
4088f63f40ff4cee631102b423ea40a6,7036d052-238f-5f9a-b956-f717102603c9
9f96f6bac8d89818807faebd8d900dd4,7036d052-238f-5f9a-b956-f717102603c9
b2ae9dde4e1aae0e55d0aa880c2b8780,7036d052-238f-5f9a-b956-f717102603c9
14c7b4aa1845667af053480344b9890e,7036d052-238f-5f9a-b956-f717102603c9
da8d5c9b9dfc1c54a42a83dafc8c4e36,7036d052-238f-5f9a-b956-f717102603c9
33e6488091922b55df45f1b756e6805d,7036d052-238f-5f9a-b956-f717102603c9
4f89fc2af3912222c2e6921e81db848e,7036d052-238f-5f9a-b956-f717102603c9
57410dfa2aacddd8a85a572df2e497d8,7036d052-238f-5f9a-b956-f717102603c9
88ae34f0da30da3e108420bf5a532e16,7036d052-238f-5f9a-b956-f717102603c9
6540ecf9c41a67cc69dba20afb3465fe,7036d052-238f-5f9a-b956-f717102603c9
a98b7f376568c1fcaa02e1bff93e09af,7036d052-238f-5f9a-b956-f717102603c9
1b34ae28bfa54887bb35b200e28bc111,7036d052-238f-5f9a-b956-f717102603c9
cd55711a3b7c9823734f82d3ad0292e1,7036d052-238f-5f9a-b956-f717102603c9
af06ce3775835c777806d59bb3ad3edc,7036d052-238f-5f9a-b956-f717102603c9
0732580e458e8caea6440b4069af7545,7036d052-238f-5f9a-b956-f717102603c9
81b3a1969ceeb841500105653b2bcf49,7036d052-238f-5f9a-b956-f717102603c9
79a381f938be6c88637e6781e07b2b1a,7036d052-238f-5f9a-b956-f717102603c9
2f43f59decaea3198709830df4eadadc,7036d052-238f-5f9a-b956-f717102603c9
33c21f4c23fcb714aed2c854685e6086,7036d052-238f-5f9a-b956-f717102603c9
783276fbe66bc632f15e01b038bbdf33,7036d052-238f-5f9a-b956-f717102603c9
190fb85ffae95c638d59a5441628443e,7036d052-238f-5f9a-b956-f717102603c9
037381c951b3a4b7e4a02288e10d6498,7036d052-238f-5f9a-b956-f717102603c9
c8a50c57277c64a29554f35df37d743b,7036d052-238f-5f9a-b956-f717102603c9
d92bacba1c39eeb3ef5d5cf073dadc1c,7036d052-238f-5f9a-b956-f717102603c9
8e1e962f6c064d3f8eae0084e9dea6ac,7036d052-238f-5f9a-b956-f717102603c9
47c4defadf842070be0a71a1506bcc6a,7036d052-238f-5f9a-b956-f717102603c9
7395e20609b8884696ffdf381dce1259,7036d052-238f-5f9a-b956-f717102603c9
8e5272840be005e7570919ac68df96df,7036d052-238f-5f9a-b956-f717102603c9
a2ef221759cea317e6a729c3dde62bd1,7036d052-238f-5f9a-b956-f717102603c9
05bedb29a6e29a71d137e73a08a67c4d,7036d052-238f-5f9a-b956-f717102603c9
bd36dba7a82d1146009e6a750a4f2490,7036d052-238f-5f9a-b956-f717102603c9
287578cb22466423dff986d31d46da92,7036d052-238f-5f9a-b956-f717102603c9
ef567ef48691c8cf1a03365dd4e5eb81,7036d052-238f-5f9a-b956-f717102603c9
7d8e1b7523021362d03128ac834280fa,7036d052-238f-5f9a-b956-f717102603c9
a057a159aeebde9eaafb8c0e728661b2,7036d052-238f-5f9a-b956-f717102603c9
7bba5856e6267eeef29c23140ab0b7bb,7036d052-238f-5f9a-b956-f717102603c9
d81c37e9fdc978042956fd33b39a91fd,7036d052-238f-5f9a-b956-f717102603c9
b21f06e9dc13c16b95ec8be3b1835fac,7036d052-238f-5f9a-b956-f717102603c9
cb4c08b5284331e3b0f83c5cb9c35c58,7036d052-238f-5f9a-b956-f717102603c9
a25eed3f089b073e91f0c4a49a1be471,7036d052-238f-5f9a-b956-f717102603c9
301d29f0c3244fb7f8f866ac61d6474c,7036d052-238f-5f9a-b956-f717102603c9
240b19b57a95b4d0d822290f0aea2ea2,7036d052-238f-5f9a-b956-f717102603c9
1e9bd8363e7f6c38cc0a8b13df949b45,7036d052-238f-5f9a-b956-f717102603c9
a69380d09d62f405a89cae19d19157cf,7036d052-238f-5f9a-b956-f717102603c9
a327b604d523fb28c611ff5e7f61b2b1,7036d052-238f-5f9a-b956-f717102603c9
c7329c29402eb36000ebf9c1978be6b3,7036d052-238f-5f9a-b956-f717102603c9
3e448e682a0b93249f477bee51d11120,7036d052-238f-5f9a-b956-f717102603c9
74dd3ae882fc8c2d9e77e14a51fa7e68,7036d052-238f-5f9a-b956-f717102603c9
bcc4083e46e960b118e459e9d4b2012e,7036d052-238f-5f9a-b956-f717102603c9
5961c2177ced8cab3d45bdf5b1fbe3fd,7036d052-238f-5f9a-b956-f717102603c9
97ddbe8a5d5229bb4196f8cc9a8956eb,7036d052-238f-5f9a-b956-f717102603c9
283ffcce6e4ef94082847aa4302d127b,7036d052-238f-5f9a-b956-f717102603c9
e3a237db29da9f338ddb240f04ae03ec,7036d052-238f-5f9a-b956-f717102603c9
4f29d41cb263415aab0a6f6ba47cb805,7036d052-238f-5f9a-b956-f717102603c9
47db6fcd7e09d29c8c3daef72775fe00,7036d052-238f-5f9a-b956-f717102603c9
23167b3768dba8d2b59b7e0d4d63a250,7036d052-238f-5f9a-b956-f717102603c9
16d3e4f37131686185b94f993354c37e,7036d052-238f-5f9a-b956-f717102603c9
3857fbbfbee50773aff89b36fae3cfb6,7036d052-238f-5f9a-b956-f717102603c9
00a20ed5d8efd6e861521ce90e139d0a,7036d052-238f-5f9a-b956-f717102603c9
b04cc8c8e60b71d1d4c37d6612a122f6,7036d052-238f-5f9a-b956-f717102603c9
e0b346ba9a12dc5736ebb86575b127f9,7036d052-238f-5f9a-b956-f717102603c9
08ca9147ed4de5e18c22b6acaae42a06,7036d052-238f-5f9a-b956-f717102603c9
030d7e7f8d4befa9222ccdc6f6284a74,7036d052-238f-5f9a-b956-f717102603c9
06d00a379282851a6e661e80a61acf03,7036d052-238f-5f9a-b956-f717102603c9
3e5f2bccf037e275803c12fda955861f,7036d052-238f-5f9a-b956-f717102603c9
5b96e29ae7f4299d6a7bff2b1bdd34c1,7036d052-238f-5f9a-b956-f717102603c9
02c90d131e052c821c249c938f3019dd,7036d052-238f-5f9a-b956-f717102603c9
05c438b94cdbd18eb68b7f8c7b87307c,7036d052-238f-5f9a-b956-f717102603c9
81b4656138a7f36fd4226e6bc85849e9,7036d052-238f-5f9a-b956-f717102603c9
cf4955f5178a75a7ec4df5d9cf953620,7036d052-238f-5f9a-b956-f717102603c9
9d98efefe96568bc76a7e01b140186a0,7036d052-238f-5f9a-b956-f717102603c9
90a6e4c8e82f644b781c241179658b3b,7036d052-238f-5f9a-b956-f717102603c9
98489df4caadfc482c9306721b4dd9bd,7036d052-238f-5f9a-b956-f717102603c9
3704789d189192ebfbad62c6c691d0e0,7036d052-238f-5f9a-b956-f717102603c9
874439267a10d68d00a8a2e6a52945ef,7036d052-238f-5f9a-b956-f717102603c9
8f7524e7bd6f9385240949bfafb7fb0d,7036d052-238f-5f9a-b956-f717102603c9
b4b0cbfda5ca56ff0f4c5616414f9dad,7036d052-238f-5f9a-b956-f717102603c9
7fcf15d813fcc3c928771e4efaae72a0,7036d052-238f-5f9a-b956-f717102603c9
df6bdacb5d19c6253917c8a6a793f5bf,7036d052-238f-5f9a-b956-f717102603c9
b2d4f6360861bdae4d605251819fd84a,7036d052-238f-5f9a-b956-f717102603c9
a7e71aa1300f5ad853c52df3a5b8435c,7036d052-238f-5f9a-b956-f717102603c9
3de89641c5fee64a1256199adedee153,7036d052-238f-5f9a-b956-f717102603c9
7148c460eaa300c78e82b62d5b17e613,7036d052-238f-5f9a-b956-f717102603c9
88710962fcb76b66fd93292d6220dc19,7036d052-238f-5f9a-b956-f717102603c9
e74b74f9c7d1f4780548fe4e4323155b,7036d052-238f-5f9a-b956-f717102603c9
3593fcec740d0aa4430ec85d94151e67,7036d052-238f-5f9a-b956-f717102603c9
26d2ddd9ba98340ba88e43b19aecf2a1,7036d052-238f-5f9a-b956-f717102603c9
06507249c66797388f53804018fc986e,7036d052-238f-5f9a-b956-f717102603c9
d33256d7512b5c107c5744950312cf61,7036d052-238f-5f9a-b956-f717102603c9
8d23b8b06d29c609c10426a0e047180c,7036d052-238f-5f9a-b956-f717102603c9
901477a0343a3f2847a5fb84ee0c8f20,7036d052-238f-5f9a-b956-f717102603c9
7cb0225b793578f7f0970975483f94a9,7036d052-238f-5f9a-b956-f717102603c9
f0a51c6bb121af2d964509a0a1271175,7036d052-238f-5f9a-b956-f717102603c9
7f7f7b971a7453c7f49078e8ae20040f,7036d052-238f-5f9a-b956-f717102603c9
bad5e576a2d9cd624b0cdc5ca02ee618,7036d052-238f-5f9a-b956-f717102603c9
79dfad605cf77b563d37124008a5edb0,7036d052-238f-5f9a-b956-f717102603c9
66571d2ba079ca31af433e1142054a62,7036d052-238f-5f9a-b956-f717102603c9
b7f9442c0f3f88a2a726258ad8ce0387,7036d052-238f-5f9a-b956-f717102603c9
2bdaa962bc8cc6cda74ba8ba44314c28,7036d052-238f-5f9a-b956-f717102603c9
4a1e6077831300fdfe48cd6b72db3531,7036d052-238f-5f9a-b956-f717102603c9
aeae1c38b84429fc22490466ac7f798c,7036d052-238f-5f9a-b956-f717102603c9
ebb21b5d8dcf9eba997dceaac4381b84,7036d052-238f-5f9a-b956-f717102603c9
ab5d55cd5063c749950110e6ce2cdd38,7036d052-238f-5f9a-b956-f717102603c9
ac96a0210a3b96ed02399fc3062cd89a,7036d052-238f-5f9a-b956-f717102603c9
2689707ec937aea360ff5ff55c16deea,7036d052-238f-5f9a-b956-f717102603c9
b4230cc863c4c7412c0c3ca2837c2dea,7036d052-238f-5f9a-b956-f717102603c9
f243e394c39bd8a74d8d5d45ab142ac5,7036d052-238f-5f9a-b956-f717102603c9
d538865c787cce32af9262fce60540f4,7036d052-238f-5f9a-b956-f717102603c9
81a3c0c7ed24b5d1342decb338fafdd1,7036d052-238f-5f9a-b956-f717102603c9
35780e60231430ece5c36d89ccf91f38,7036d052-238f-5f9a-b956-f717102603c9
6258de3b44b6ea95151dca5d7049efee,7036d052-238f-5f9a-b956-f717102603c9
8f6baa537c809b044b1c87832312e46a,7036d052-238f-5f9a-b956-f717102603c9
71208a773df583b0efaf3a013d0c4971,7036d052-238f-5f9a-b956-f717102603c9
23d454b983f38756c3e828edc84592f5,7036d052-238f-5f9a-b956-f717102603c9
a865c3f4c0025793a3d83ec7315bcfcd,7036d052-238f-5f9a-b956-f717102603c9
b76c2c35a2225dcd9a71040771687d0b,7036d052-238f-5f9a-b956-f717102603c9
bfb78f46353abb71db7b7483c8ab0712,7036d052-238f-5f9a-b956-f717102603c9
384bd1dab032976590ff68fa8ce94235,7036d052-238f-5f9a-b956-f717102603c9
e1f9f79667412f4adc8f026b2654354e,7036d052-238f-5f9a-b956-f717102603c9
95a1a1c4b216d9c20a8aca61805a38b9,7036d052-238f-5f9a-b956-f717102603c9
be48147c4fbedd9dfc5173af7b554e01,7036d052-238f-5f9a-b956-f717102603c9
a4e18f0f26295624a3c7735fc824c5b1,7036d052-238f-5f9a-b956-f717102603c9
842fe9e4f16af02f71bb2cba9eccc294,7036d052-238f-5f9a-b956-f717102603c9
53ae7ca267ec99ea908ac9fd272ffe46,7036d052-238f-5f9a-b956-f717102603c9
59141eea6b90ba6f45e98d922a36396a,7036d052-238f-5f9a-b956-f717102603c9
283602e095b2cdc56169148d45057c71,7036d052-238f-5f9a-b956-f717102603c9
323c2bcf4757c5e4c6f9126bf803b634,7036d052-238f-5f9a-b956-f717102603c9
04aec0f6ccb7172fb197c8324ddf051f,7036d052-238f-5f9a-b956-f717102603c9
54268f398de623cc967bad42362be4d3,7036d052-238f-5f9a-b956-f717102603c9
0ffa78b451cbbafce1d35194a96a196f,7036d052-238f-5f9a-b956-f717102603c9
3915663e6b098306c95457b79aa60e02,7036d052-238f-5f9a-b956-f717102603c9
ce8c53ea924548260670005fd9ed93ac,7036d052-238f-5f9a-b956-f717102603c9
1ca96c4b61980280ac21c370a34e3b2e,7036d052-238f-5f9a-b956-f717102603c9
a764d8f38612d39f8161105740a15e85,7036d052-238f-5f9a-b956-f717102603c9
e4b0fbaf2aa4952ce3963550dab74e66,7036d052-238f-5f9a-b956-f717102603c9
0ae79b7747d0d2d0110554bd62826801,7036d052-238f-5f9a-b956-f717102603c9
3d5854c5a215cc96b74c116f3f5c2338,7036d052-238f-5f9a-b956-f717102603c9
d000293791df9a92058efb0d391feb16,7036d052-238f-5f9a-b956-f717102603c9
071eb73c3171596dc91af4858b4df342,7036d052-238f-5f9a-b956-f717102603c9
7c40b656a7ac234f795d10aa7d18038b,7036d052-238f-5f9a-b956-f717102603c9
56afa5de3b60d6064b9900b34d3bd365,7036d052-238f-5f9a-b956-f717102603c9
4d0ab17da56b2c18c7501c92ef7888ea,7036d052-238f-5f9a-b956-f717102603c9
ae10e54ed4274a4336acd8d30eba0a9f,7036d052-238f-5f9a-b956-f717102603c9
447f00f298fba989557659061be5d7d7,7036d052-238f-5f9a-b956-f717102603c9
1f83729515c8c05a16fa48f01ae225ee,7036d052-238f-5f9a-b956-f717102603c9
7d701641c45ffb22f4b112eeebb64b3c,7036d052-238f-5f9a-b956-f717102603c9
8fbc68405a29088251a54f703ef09c00,7036d052-238f-5f9a-b956-f717102603c9
afdcc8212625a13b7c6c35a6cc063644,7036d052-238f-5f9a-b956-f717102603c9
f61faa3d869bb1f51c397e8b32575e00,7036d052-238f-5f9a-b956-f717102603c9
ddfd595e360818afc98b7ea1acd633ca,7036d052-238f-5f9a-b956-f717102603c9
dfaa94146f3fe6434d28a453d8b4a491,7036d052-238f-5f9a-b956-f717102603c9
be67905a642bd7792fb0416f9101972f,7036d052-238f-5f9a-b956-f717102603c9
caf200f23b084be840dee36d23cd630f,7036d052-238f-5f9a-b956-f717102603c9
6b1f3b44f35f0952c15df7a3e62ff5e6,7036d052-238f-5f9a-b956-f717102603c9
41f5b2d541bff17d69d9ef71df4c0acc,7036d052-238f-5f9a-b956-f717102603c9
1860e23720f55d50dbc4f02aa12357db,7036d052-238f-5f9a-b956-f717102603c9
20471cea087f543f9cc781e6b153d7ea,7036d052-238f-5f9a-b956-f717102603c9
d83d0a8b56b35f6b8e763f9479b473f1,7036d052-238f-5f9a-b956-f717102603c9
41f7600c3147b1c21e1e390bc562a600,7036d052-238f-5f9a-b956-f717102603c9
4dd1dbf7328fba073c927105c79ba41f,7036d052-238f-5f9a-b956-f717102603c9
40c5d47cd3f12418c0fbd307976a6419,7036d052-238f-5f9a-b956-f717102603c9
ca7c911eb4763f7a5e91015773925e8e,7036d052-238f-5f9a-b956-f717102603c9
92c145b96e5ea1b13f19b62d092d2424,7036d052-238f-5f9a-b956-f717102603c9
1f6ca31eb85e12510f99c6525ba22194,7036d052-238f-5f9a-b956-f717102603c9
5fd95e55ed4926f3140db7d3694857ff,4ee2fbaa-73eb-5a86-9e8c-7d93fdc04b2e
f0029f01a4bc96e90ead369cb9ef3992,4ee2fbaa-73eb-5a86-9e8c-7d93fdc04b2e
30c0f8eba79ae4e5df8559388c0062df,4ee2fbaa-73eb-5a86-9e8c-7d93fdc04b2e
5761c9f94fec156ed34113d96efb4085,4ee2fbaa-73eb-5a86-9e8c-7d93fdc04b2e
78b402e86447a80aced34e74e5214a3d,4ee2fbaa-73eb-5a86-9e8c-7d93fdc04b2e
83b88b34082425a7c21eaa2cf5b3614e,4ee2fbaa-73eb-5a86-9e8c-7d93fdc04b2e
2d7dab73d86c3b22eacfe0de1a45b724,4ee2fbaa-73eb-5a86-9e8c-7d93fdc04b2e
1ee5270dde4d2be8e1cefb6fe82ec202,4ee2fbaa-73eb-5a86-9e8c-7d93fdc04b2e
75f91e46b1bb11e08b09002aa0002d9e,4ee2fbaa-73eb-5a86-9e8c-7d93fdc04b2e
0ace0803de9e649ff61664d969326d30,4ee2fbaa-73eb-5a86-9e8c-7d93fdc04b2e
a365d626e7c0962887c24e95a200cf1d,4ee2fbaa-73eb-5a86-9e8c-7d93fdc04b2e
9835f0073221904ce3e79c39898d6ebe,4ee2fbaa-73eb-5a86-9e8c-7d93fdc04b2e
ef7428bde4f072b3d2c8a990124b1ddd,4ee2fbaa-73eb-5a86-9e8c-7d93fdc04b2e
4c320ea86a10b49c67e021f9b51685c4,4ee2fbaa-73eb-5a86-9e8c-7d93fdc04b2e
ba630befe3761c613e1077b57a5fcc69,4ee2fbaa-73eb-5a86-9e8c-7d93fdc04b2e
1b2df2d2f12348e3b86918152a8600b6,4ee2fbaa-73eb-5a86-9e8c-7d93fdc04b2e
feb093a920d54b109dedd85d743c7ff7,4ee2fbaa-73eb-5a86-9e8c-7d93fdc04b2e
a96f729398ea920914fb620fe732c475,4ee2fbaa-73eb-5a86-9e8c-7d93fdc04b2e
7f61eecee0881835254699be15762e8e,4ee2fbaa-73eb-5a86-9e8c-7d93fdc04b2e
6e3a60ac35ebdd0aa6e56e14b9768a71,4ee2fbaa-73eb-5a86-9e8c-7d93fdc04b2e
fb7d21d5b1517937abd8490c95cd1669,4ee2fbaa-73eb-5a86-9e8c-7d93fdc04b2e
7502a4ec6447aa3966f5a872b23effd4,4ee2fbaa-73eb-5a86-9e8c-7d93fdc04b2e
0042076aceff16bd3b178e8a944112dd,4ee2fbaa-73eb-5a86-9e8c-7d93fdc04b2e
120120f728ca9eb263159a5f880457e3,4ee2fbaa-73eb-5a86-9e8c-7d93fdc04b2e
2a787b4980af05088895056bd6f10c29,4ee2fbaa-73eb-5a86-9e8c-7d93fdc04b2e
e12c6d0dad65ab72f6b0079ac797bb78,4ee2fbaa-73eb-5a86-9e8c-7d93fdc04b2e
b65406af6af5854c27dab28816175045,4ee2fbaa-73eb-5a86-9e8c-7d93fdc04b2e
b460f9797df7562394d274a75bf7d960,4ee2fbaa-73eb-5a86-9e8c-7d93fdc04b2e
53925db1ec75211a00ac5c6c6d96bdd5,4ee2fbaa-73eb-5a86-9e8c-7d93fdc04b2e
b0d2678108364ce10da2e2161fa1b1f3,4ee2fbaa-73eb-5a86-9e8c-7d93fdc04b2e
e52375ba9feda59e539a24ac49e10372,4ee2fbaa-73eb-5a86-9e8c-7d93fdc04b2e
29392aeb8204b50bb2a35e1aeabddd03,4ee2fbaa-73eb-5a86-9e8c-7d93fdc04b2e
d0ab1d2c873e9175be9d5709b98389c5,4ee2fbaa-73eb-5a86-9e8c-7d93fdc04b2e
42ee131abe4cf49028b41884c2d278c7,4ee2fbaa-73eb-5a86-9e8c-7d93fdc04b2e
0924db7a1957d4a416927938782a1937,4ee2fbaa-73eb-5a86-9e8c-7d93fdc04b2e
9773ddd2b63f988978040e3c29740d05,4ee2fbaa-73eb-5a86-9e8c-7d93fdc04b2e
026f96e875dccd554aae10487640da6a,4ee2fbaa-73eb-5a86-9e8c-7d93fdc04b2e
432ad5cad674e291afcb02cdc68879b3,4ee2fbaa-73eb-5a86-9e8c-7d93fdc04b2e
0bce4e897f334735c631e71d29285120,4ee2fbaa-73eb-5a86-9e8c-7d93fdc04b2e
660bc9d7eedf596ac82f837de9857bac,4ee2fbaa-73eb-5a86-9e8c-7d93fdc04b2e
987609af85e3549f293c4884f1ba207c,4ee2fbaa-73eb-5a86-9e8c-7d93fdc04b2e
7e424696e14cd6ad4fad3b44a859ff71,4ee2fbaa-73eb-5a86-9e8c-7d93fdc04b2e
f0e40bdddc26bcc3db9364b71b173b7e,4ee2fbaa-73eb-5a86-9e8c-7d93fdc04b2e
9e0dcea5140ea185049f3bf993a5faa6,4ee2fbaa-73eb-5a86-9e8c-7d93fdc04b2e
8bed5362669d338482dace755ec9383a,4ee2fbaa-73eb-5a86-9e8c-7d93fdc04b2e
58edb4287a13a48aef0f271d512ed49e,4ee2fbaa-73eb-5a86-9e8c-7d93fdc04b2e
d356ce4c98752c1e3dfe20109b1629fc,4ee2fbaa-73eb-5a86-9e8c-7d93fdc04b2e
9e39beb26c08b07627680635e2bcb7c9,4ee2fbaa-73eb-5a86-9e8c-7d93fdc04b2e
3d1bc425da4022a39d8c9f9cad99f03b,4ee2fbaa-73eb-5a86-9e8c-7d93fdc04b2e
37b7fe03300616248aaeed149cb0759b,4ee2fbaa-73eb-5a86-9e8c-7d93fdc04b2e
1b226f788c4694f9886e3662b3c84adf,4ee2fbaa-73eb-5a86-9e8c-7d93fdc04b2e
ecb19527a821bd108ba1afba1c7008d3,4ee2fbaa-73eb-5a86-9e8c-7d93fdc04b2e
c7c043841fbb83baa37ab05d1543acd5,4ee2fbaa-73eb-5a86-9e8c-7d93fdc04b2e
3167a3023dbfc850c45e4e5af02e628b,4ee2fbaa-73eb-5a86-9e8c-7d93fdc04b2e
41fb8f1b4ac961f34b388e22fdfde19c,4ee2fbaa-73eb-5a86-9e8c-7d93fdc04b2e
80239abb7b1d744b895f11bd661590bb,395554f7-6696-5c7e-925a-24cac134c38b
5b86960f0cb2ad028403e5a23365d92c,395554f7-6696-5c7e-925a-24cac134c38b
b52fdbe3ca69d6d0d027108be2f3b3b0,395554f7-6696-5c7e-925a-24cac134c38b
0cf900b472f98ff56edda44d825d4042,395554f7-6696-5c7e-925a-24cac134c38b
b240f97df8eee857797e2350da086651,395554f7-6696-5c7e-925a-24cac134c38b
f861bceec960eccb95b32161895d8680,395554f7-6696-5c7e-925a-24cac134c38b
3f248f0181c2836df38d66926d2b3168,395554f7-6696-5c7e-925a-24cac134c38b
9fba5dcbdbd57a7cb4a08bb7e2a834a5,395554f7-6696-5c7e-925a-24cac134c38b
349eedb4247e8dd63e03187c23ec2989,395554f7-6696-5c7e-925a-24cac134c38b
ff3cb69ee5b851137fc7ba076bfe5496,395554f7-6696-5c7e-925a-24cac134c38b
bd808cc2189aec3f304981e2fad54025,395554f7-6696-5c7e-925a-24cac134c38b
714e32a0f32bcb681b856acd135c5026,395554f7-6696-5c7e-925a-24cac134c38b
790ba6fbbfcf24276d4a8e9dc52fe6fc,395554f7-6696-5c7e-925a-24cac134c38b
164cf0e911833e990ad51746ed41956c,395554f7-6696-5c7e-925a-24cac134c38b
74c6351e8a1a973324c99f9f7eb66c54,395554f7-6696-5c7e-925a-24cac134c38b
225de7cbbefde4b04bcdf2feb2fd496a,395554f7-6696-5c7e-925a-24cac134c38b
3d076f55f658586d03b8d068113cafaf,395554f7-6696-5c7e-925a-24cac134c38b
82ecced66b85cb621caf75ff6ab1479d,395554f7-6696-5c7e-925a-24cac134c38b
41d89937cfca43ddc9fd6013d430fd09,395554f7-6696-5c7e-925a-24cac134c38b
af6060eb30dc03560df34dbbc00314b4,395554f7-6696-5c7e-925a-24cac134c38b
ee6812f47984e74069bcb0e423709380,395554f7-6696-5c7e-925a-24cac134c38b
ffb2a6cb43bcdbe599fb1c55f4021704,395554f7-6696-5c7e-925a-24cac134c38b
b507e60eb615b2f4bb598a74256a389d,395554f7-6696-5c7e-925a-24cac134c38b
a2032c10db64f964b0ba8956112d26d0,395554f7-6696-5c7e-925a-24cac134c38b
d46e79b9169d97c2575249b48b311705,395554f7-6696-5c7e-925a-24cac134c38b
9d3d5743b2a233e20f84c95b01f09d45,395554f7-6696-5c7e-925a-24cac134c38b
05480d938ae8fe42e40c495f7d59de75,395554f7-6696-5c7e-925a-24cac134c38b
74fbf1682dd88c48e61a38fc8f0fad6c,395554f7-6696-5c7e-925a-24cac134c38b
6cbc25e6f73682815bfdbfe9d2945beb,395554f7-6696-5c7e-925a-24cac134c38b
8485b4e5e299783a08233afe5ed6980c,395554f7-6696-5c7e-925a-24cac134c38b
df9ff109977b47bf74e82143c2738c19,395554f7-6696-5c7e-925a-24cac134c38b
90f385aa621493ec513fe512fa47ee9e,395554f7-6696-5c7e-925a-24cac134c38b
43d3ad74451f06dcbcafd5203c2227f0,395554f7-6696-5c7e-925a-24cac134c38b
0e2b5d19cc9fdfa36e6f96e113981919,395554f7-6696-5c7e-925a-24cac134c38b
ac67c8f17c53a291c4455f3985f7eedf,395554f7-6696-5c7e-925a-24cac134c38b
ff29e45ccaa5a37e2630afc539f9f23a,395554f7-6696-5c7e-925a-24cac134c38b
45da5fcdffd4398ec773f53580dfe35d,395554f7-6696-5c7e-925a-24cac134c38b
f61faa3d869bb1f51c397e8b32575e00,395554f7-6696-5c7e-925a-24cac134c38b
ddfd595e360818afc98b7ea1acd633ca,395554f7-6696-5c7e-925a-24cac134c38b
8fa7875984c4f7276b8240534040bccb,395554f7-6696-5c7e-925a-24cac134c38b
c499635043a169dab184bdfd151ce0d0,395554f7-6696-5c7e-925a-24cac134c38b
29df5e142c8e6bf04168cabd72e86591,395554f7-6696-5c7e-925a-24cac134c38b
ea02e63c1ecb31f3913542c909552e61,395554f7-6696-5c7e-925a-24cac134c38b
36574d1c419d6284ed66388ec622f46e,395554f7-6696-5c7e-925a-24cac134c38b
c003f2120fc07cafb4409b6247ccde32,395554f7-6696-5c7e-925a-24cac134c38b
2f7c2a5f9c67c9f3cc752e1fbc64b423,395554f7-6696-5c7e-925a-24cac134c38b
3abecc88b664fe06a021853523515447,395554f7-6696-5c7e-925a-24cac134c38b
e3c2dbc4f3455691b469634168144325,395554f7-6696-5c7e-925a-24cac134c38b
f5e0bb8e2b0ae4dfb72aa85ae43a0139,395554f7-6696-5c7e-925a-24cac134c38b
7533a5aaee4bb442a3fe6f9da6ddc20e,395554f7-6696-5c7e-925a-24cac134c38b
e74d41b25de65dcf2ed4de4e98f7ec1c,395554f7-6696-5c7e-925a-24cac134c38b
f7990d8030d9e372e9a3534b93ef071d,395554f7-6696-5c7e-925a-24cac134c38b
a5ae38290c4f83a1e8552e8a5bc49d74,395554f7-6696-5c7e-925a-24cac134c38b
a3566669d3c980f3c54ab14a2bcde6b5,395554f7-6696-5c7e-925a-24cac134c38b
c4f392893a8f3a0d53718812c4a795eb,395554f7-6696-5c7e-925a-24cac134c38b
bc50f15e47d55c7a811c3bdf3e4f1b86,395554f7-6696-5c7e-925a-24cac134c38b
db1203607669ad20e6fb5863e9162c91,395554f7-6696-5c7e-925a-24cac134c38b
ca01bde138093a9abf8fef6dca0d2a3d,395554f7-6696-5c7e-925a-24cac134c38b
87bbc5459017c22ebff0f432918b6f2a,395554f7-6696-5c7e-925a-24cac134c38b
53f77258a044e585bc491838078bc580,395554f7-6696-5c7e-925a-24cac134c38b
a07fcc2d65f98ca702c41941d3aaefef,395554f7-6696-5c7e-925a-24cac134c38b
7c2b809202aac90704fcefd6804ee2f3,395554f7-6696-5c7e-925a-24cac134c38b
ad4180ea642e91e590c2817a29ae49b2,395554f7-6696-5c7e-925a-24cac134c38b
09df55486234e19c5296e784245903aa,395554f7-6696-5c7e-925a-24cac134c38b
75dbc028008a4669ca0cdd1563cf3ad5,395554f7-6696-5c7e-925a-24cac134c38b
17876945c74a518905ea9da3873d61b5,395554f7-6696-5c7e-925a-24cac134c38b
3c0d271a0cdf0a82b2b8dfabfce8fc20,395554f7-6696-5c7e-925a-24cac134c38b
4914848cc14da0eeacb68562a2cd86e8,395554f7-6696-5c7e-925a-24cac134c38b
298d574003d33cd7b62e52968ca7bd33,395554f7-6696-5c7e-925a-24cac134c38b
71f56c4a257ad5532029ad96aa5ea7e9,395554f7-6696-5c7e-925a-24cac134c38b
49f45cce70e764e7dd40edc28d09103b,395554f7-6696-5c7e-925a-24cac134c38b
c52da915f2f659b700e3c52124ee4ea1,395554f7-6696-5c7e-925a-24cac134c38b
e1c9ddad474269699ede8f97692f2942,395554f7-6696-5c7e-925a-24cac134c38b
ccce3bbc7020a51e1817f782f517c86c,395554f7-6696-5c7e-925a-24cac134c38b
3f40a1b3e788e287b1116e6486c77562,395554f7-6696-5c7e-925a-24cac134c38b
01a1dbcff8aa251f5898e69aff65fd1d,395554f7-6696-5c7e-925a-24cac134c38b
3a44574da92353d84295ac1dc7cc0636,395554f7-6696-5c7e-925a-24cac134c38b
0b578f7267f73367f3fd17c9a00b707b,395554f7-6696-5c7e-925a-24cac134c38b
f521581bb6a388b090385d1755f3646d,395554f7-6696-5c7e-925a-24cac134c38b
e8586a75387087c4c139d227f3498b00,395554f7-6696-5c7e-925a-24cac134c38b
6994b11656633e15b86c9cce54d9acbe,395554f7-6696-5c7e-925a-24cac134c38b
b1bbcddfbdf01a04aaaa7b46eed95f5e,395554f7-6696-5c7e-925a-24cac134c38b
e02c680bf44d077536816601d9230dcb,395554f7-6696-5c7e-925a-24cac134c38b
502ee8a6527d0afc77ff2f3f713f52a6,395554f7-6696-5c7e-925a-24cac134c38b
b1b81581f76a41e1b6d9072f82899e03,395554f7-6696-5c7e-925a-24cac134c38b
8c3e8a47185eca72267dbec6d2575972,395554f7-6696-5c7e-925a-24cac134c38b
8586f6c5521a4337919ddb4b555d96b7,395554f7-6696-5c7e-925a-24cac134c38b
75e69725bfb47ef12f3e486538c03ba8,395554f7-6696-5c7e-925a-24cac134c38b
02af8e2d0b9d60f1b4440de4bbc97ec9,395554f7-6696-5c7e-925a-24cac134c38b
ad8c8134989511174fd19e84cc340031,395554f7-6696-5c7e-925a-24cac134c38b
6149c11026a88f9b7d8bfb631f5256b8,395554f7-6696-5c7e-925a-24cac134c38b
687df185dbc71afe86aed31a7a90f83f,395554f7-6696-5c7e-925a-24cac134c38b
332c19d60f6bc366288bd9d2e0ab15b7,395554f7-6696-5c7e-925a-24cac134c38b
3feee81de666f685bb2edb68d7175202,395554f7-6696-5c7e-925a-24cac134c38b
b759580ad60dfa06ff8bedfa4a4850d9,395554f7-6696-5c7e-925a-24cac134c38b
c604aa5447f8d522221f79c79587d1c1,395554f7-6696-5c7e-925a-24cac134c38b
d0e32e00bd70c895248e2378b4fc6c0b,395554f7-6696-5c7e-925a-24cac134c38b
83e727452a34a7727cc87228391352d0,395554f7-6696-5c7e-925a-24cac134c38b
1d5f687a00ef8abf94c3d7d00790a595,395554f7-6696-5c7e-925a-24cac134c38b
e8559abdb922c9190264818de7a4a082,395554f7-6696-5c7e-925a-24cac134c38b
eec10319f0e8daf202df38476decdae8,395554f7-6696-5c7e-925a-24cac134c38b
bee1f2eb00a2a199d9f17523feaa69d4,395554f7-6696-5c7e-925a-24cac134c38b
bf2628d3a369408a1c6f29aa22c47569,395554f7-6696-5c7e-925a-24cac134c38b
f5fa1dee5f8b2553367b1ede6c229f5a,395554f7-6696-5c7e-925a-24cac134c38b
f9b5c7747198b9b376b5e088eeee1bdd,395554f7-6696-5c7e-925a-24cac134c38b
3ce2da525d9f29dfa6ff1e3b450db8b8,395554f7-6696-5c7e-925a-24cac134c38b
09224badad4500f7726c9f0cb9121f85,395554f7-6696-5c7e-925a-24cac134c38b
4f12575269c290ed5d9e11a200ecb81d,395554f7-6696-5c7e-925a-24cac134c38b
fef0fbcb309500f3a4a011d33fd99a66,395554f7-6696-5c7e-925a-24cac134c38b
3a5d18d665ce7225c97506271d36f326,395554f7-6696-5c7e-925a-24cac134c38b
b2795805dc024c44eee26c6be7190946,395554f7-6696-5c7e-925a-24cac134c38b
449b8f823462f0dd3c15f941acbabf62,395554f7-6696-5c7e-925a-24cac134c38b
87f7a19045f2788b603f1f563c123a79,395554f7-6696-5c7e-925a-24cac134c38b
28c59dcae034c01deaabbcb0e582f2ce,395554f7-6696-5c7e-925a-24cac134c38b
a74262efc98db38128c4748ffd77c4f5,395554f7-6696-5c7e-925a-24cac134c38b
4011465824cd4fcb72facfce661e784d,395554f7-6696-5c7e-925a-24cac134c38b
28ce2d520d7d06a9d6b142246cd3edbe,395554f7-6696-5c7e-925a-24cac134c38b
cb385ecca722347428957f185fdb08c8,d622caf4-8e82-544a-bff5-24bd59dccb87
a8ee805eec2532c79a3563f6514854cd,d622caf4-8e82-544a-bff5-24bd59dccb87
f2fb7d4696e08073592f92974154e01a,d622caf4-8e82-544a-bff5-24bd59dccb87
a2ad4c967f9e315fcd4eb5d949dffceb,d622caf4-8e82-544a-bff5-24bd59dccb87
e22da273bef6d9d262b400983cbc4e40,d622caf4-8e82-544a-bff5-24bd59dccb87
b661a81773e68bb8876d108c427449d2,d622caf4-8e82-544a-bff5-24bd59dccb87
dff459433c26c170a683a65bc9465b08,d622caf4-8e82-544a-bff5-24bd59dccb87
aa54cb203c825e5c33aa373a96b69226,d622caf4-8e82-544a-bff5-24bd59dccb87
5b3f27a2f5cee8b2dfa6ab8268e1946b,d622caf4-8e82-544a-bff5-24bd59dccb87
3aec7acd63b37b59e5016b4e4dd37b9a,d622caf4-8e82-544a-bff5-24bd59dccb87
3876bbd9d98491f6d2b339528cbfae09,d622caf4-8e82-544a-bff5-24bd59dccb87
1b71103793b233ba082783b9ae821970,d622caf4-8e82-544a-bff5-24bd59dccb87
feaa85b2e16041710706f934002c66fb,d622caf4-8e82-544a-bff5-24bd59dccb87
225c59352d806754cdafeeb44fdc0e98,d622caf4-8e82-544a-bff5-24bd59dccb87
1a4c9afafdfebf49299c1fadeb416f0c,d622caf4-8e82-544a-bff5-24bd59dccb87
e54bf9f8ab16c871fb04939c849ce8d5,d622caf4-8e82-544a-bff5-24bd59dccb87
716ba0eb8340ae8382f303b54f92f43c,d622caf4-8e82-544a-bff5-24bd59dccb87
09ebb43e11e31cb0f6e0dad8d0f4ec50,d622caf4-8e82-544a-bff5-24bd59dccb87
d79afa73dfd312243112a8bc53387a6e,d622caf4-8e82-544a-bff5-24bd59dccb87
91785527e13e95e67b5a6b13325e104e,d622caf4-8e82-544a-bff5-24bd59dccb87
f16675896131a8c2f35c6ee178e99a84,d622caf4-8e82-544a-bff5-24bd59dccb87
d9df2139b5182e8d82f0f9e69deb6823,d622caf4-8e82-544a-bff5-24bd59dccb87
2b4604de23959b78e4c470e6c16dd45f,d622caf4-8e82-544a-bff5-24bd59dccb87
8d2fe4ed5e41ea6afeb8e06a14672abe,d622caf4-8e82-544a-bff5-24bd59dccb87
1e8db26565c433e209c79b00d4f831dc,d622caf4-8e82-544a-bff5-24bd59dccb87
315427cd273763967a963f05a7cd7850,d622caf4-8e82-544a-bff5-24bd59dccb87
0f3b8e8c2a88c669bf39f8fa5d0b0162,d622caf4-8e82-544a-bff5-24bd59dccb87
6d7da48f8173d5af394203fdba21f85f,d622caf4-8e82-544a-bff5-24bd59dccb87
8f5c1584499437e655b16d4cbbf8316c,d622caf4-8e82-544a-bff5-24bd59dccb87
7ee7db6a4cdb79cfd87dac1cf1d60ed5,d622caf4-8e82-544a-bff5-24bd59dccb87
9aa00ed96483bc97477460ff280c8a4b,d622caf4-8e82-544a-bff5-24bd59dccb87
f99a0381c871b196db70bd4f3487d21f,d622caf4-8e82-544a-bff5-24bd59dccb87
c483e3eca8de90270bda9b702c60375f,d622caf4-8e82-544a-bff5-24bd59dccb87
5a874f1be5750f12bbee5f5d55a0ca82,d622caf4-8e82-544a-bff5-24bd59dccb87
6cd731019f6fb1ada133a67459695fcc,d622caf4-8e82-544a-bff5-24bd59dccb87
84a8fca2e4aa7f4ca9dd36496eae1afd,d622caf4-8e82-544a-bff5-24bd59dccb87
8456a574768a716cbe6dad6871492e58,d622caf4-8e82-544a-bff5-24bd59dccb87
717834da10a7072ffd4e4e11472bff3a,d622caf4-8e82-544a-bff5-24bd59dccb87
bf8c9c9eadb783be70da9ce4c75e803f,d622caf4-8e82-544a-bff5-24bd59dccb87
d9e14f48fbb2ccf2d332dcd62b1aeebd,d622caf4-8e82-544a-bff5-24bd59dccb87
1d366cc282fa83dfb957c42122b3a4d5,d622caf4-8e82-544a-bff5-24bd59dccb87
d71b1dd7e81b611d2708471d4bc0ba1f,d622caf4-8e82-544a-bff5-24bd59dccb87
1e827df1f3d5f1e60d703295d22b9d01,d622caf4-8e82-544a-bff5-24bd59dccb87
f72d5b14d81c412f9f045b4ac4529f65,d622caf4-8e82-544a-bff5-24bd59dccb87
35632147df5176dfa306ee0acf576e5c,d622caf4-8e82-544a-bff5-24bd59dccb87
ec926181263bc58c9846e9c906bdd5d2,d622caf4-8e82-544a-bff5-24bd59dccb87
33c8a33f6f9bc142234d4d029559ef4e,d622caf4-8e82-544a-bff5-24bd59dccb87
46d9ec075ab86d87de25695ac955c7f6,d622caf4-8e82-544a-bff5-24bd59dccb87
1069ff937a9073d5fd69f6c2bc81b739,d622caf4-8e82-544a-bff5-24bd59dccb87
d95c0cb76c0a49c567291444154c8635,d622caf4-8e82-544a-bff5-24bd59dccb87
25cf1324baa2cbd2b0c5f28d4a4627f4,d622caf4-8e82-544a-bff5-24bd59dccb87
eacc0a6fa3e18e2866a4705af1d27703,d622caf4-8e82-544a-bff5-24bd59dccb87
23d3ef8807727bb8d8eb0c255df44c66,d622caf4-8e82-544a-bff5-24bd59dccb87
60fc622aef17baa10ae69c29ae82137d,d622caf4-8e82-544a-bff5-24bd59dccb87
333077749878375de35fa1cf65861e79,d622caf4-8e82-544a-bff5-24bd59dccb87
82bd33906947066a2fda646dc98af80e,d622caf4-8e82-544a-bff5-24bd59dccb87
20d9035838c8cb1ce444347396888397,d622caf4-8e82-544a-bff5-24bd59dccb87
1e2b3b62aa72baca8c71e7e807326248,d622caf4-8e82-544a-bff5-24bd59dccb87
b84657d7b5b613ebaca88d733ea29e05,d622caf4-8e82-544a-bff5-24bd59dccb87
41300202e5938c3ad2b52bab418d3553,d622caf4-8e82-544a-bff5-24bd59dccb87
b6cad2d62af0dd04a7eb370457003a97,d622caf4-8e82-544a-bff5-24bd59dccb87
fb55ea6477767e966652e58616ffe4f3,d622caf4-8e82-544a-bff5-24bd59dccb87
257f82388e7ffc7e8b2234fcd0a3b060,d622caf4-8e82-544a-bff5-24bd59dccb87
ec2c65d954354719e508b710f348b3ef,d622caf4-8e82-544a-bff5-24bd59dccb87
a46a27741a9f597d6f160e9c2ef8dde9,d622caf4-8e82-544a-bff5-24bd59dccb87
80c41c76bdefde91b28c46c7e3905f22,d622caf4-8e82-544a-bff5-24bd59dccb87
ae6bc29e40407f18e1cff10dd5e11b92,d622caf4-8e82-544a-bff5-24bd59dccb87
68605beb500240d5783fd6f96c181718,d622caf4-8e82-544a-bff5-24bd59dccb87
86a73f842c381e1b9e3ed42b4ce3e60c,d622caf4-8e82-544a-bff5-24bd59dccb87
e02c680bf44d077536816601d9230dcb,d622caf4-8e82-544a-bff5-24bd59dccb87
502ee8a6527d0afc77ff2f3f713f52a6,d622caf4-8e82-544a-bff5-24bd59dccb87
c3070a08097378ac99c7cffb5eb8320b,d622caf4-8e82-544a-bff5-24bd59dccb87
8fb8c252d05f1602ddcb43390ae88899,d622caf4-8e82-544a-bff5-24bd59dccb87
296df9ca033816b2cd532435b3d94ad9,d622caf4-8e82-544a-bff5-24bd59dccb87
cafd5386785db8d0fe5fa8c69144c6c6,d622caf4-8e82-544a-bff5-24bd59dccb87
b698423621d9797df481fbd40c26a0d6,d622caf4-8e82-544a-bff5-24bd59dccb87
d4941b16909cc0fe606bd38f82213101,d622caf4-8e82-544a-bff5-24bd59dccb87
129a102d90c6c0422b7ed815116be6f6,d622caf4-8e82-544a-bff5-24bd59dccb87
d3c8d6a8a20305affbb85e9959e5aa76,d622caf4-8e82-544a-bff5-24bd59dccb87
8d11f16c1e997ce5350923680e793195,d622caf4-8e82-544a-bff5-24bd59dccb87
53ad20faa243571f8f9b0e74c80cd6a2,d622caf4-8e82-544a-bff5-24bd59dccb87
c52dfc8219f79f49d60585d454acff83,d622caf4-8e82-544a-bff5-24bd59dccb87
b74a7dd5cad8cbc74c089253301520ef,d622caf4-8e82-544a-bff5-24bd59dccb87
2aa01c549af3ba12fe45205de4ebcbbb,d622caf4-8e82-544a-bff5-24bd59dccb87
328cd6a5b01eaf8fd36eb917c950b968,d622caf4-8e82-544a-bff5-24bd59dccb87
763f1cc4ae5432cb2c1f589c26722404,d622caf4-8e82-544a-bff5-24bd59dccb87
fa618b14bacab8de03ab2531d50bcc14,d622caf4-8e82-544a-bff5-24bd59dccb87
0fb7cb33969787f316986335bf279751,d622caf4-8e82-544a-bff5-24bd59dccb87
b609a326332402ad9662ff075d1a0dcc,d622caf4-8e82-544a-bff5-24bd59dccb87
6a1fd73beec6bd5bb6e1f6f4979bed8d,d622caf4-8e82-544a-bff5-24bd59dccb87
69821d09982b4967aaea14d7bac6b8e0,d622caf4-8e82-544a-bff5-24bd59dccb87
e91c7b3f97ab1225e7aa9c18a4958870,d622caf4-8e82-544a-bff5-24bd59dccb87
74cb7635c87d66962e071ab6e6105ec2,d622caf4-8e82-544a-bff5-24bd59dccb87
4adcd171feba06a4c77347e6a1618d2e,d622caf4-8e82-544a-bff5-24bd59dccb87
5530f76d95ea0364620bba2e1ac3cfb4,d622caf4-8e82-544a-bff5-24bd59dccb87
d690f179c36060b552c724139c63870f,d622caf4-8e82-544a-bff5-24bd59dccb87
ecbc36db713cd10054fdf1873d370a39,d622caf4-8e82-544a-bff5-24bd59dccb87
ad99342dff4c174a8d03a310985c8f22,d622caf4-8e82-544a-bff5-24bd59dccb87
9033f17a45def3dbb65739a099ff2869,d622caf4-8e82-544a-bff5-24bd59dccb87
2c0cfd7357632e6173b1b3d8b6d674a4,d622caf4-8e82-544a-bff5-24bd59dccb87
7799dc91b836fe8c9404260d243f2eef,d622caf4-8e82-544a-bff5-24bd59dccb87
0addc2a98e98310d58b7b7315d6ba42d,d622caf4-8e82-544a-bff5-24bd59dccb87
8cb94b426e876108a49e77b9d0d6b100,d622caf4-8e82-544a-bff5-24bd59dccb87
c5b538253a110fb307f17a5fc47c1c6f,d622caf4-8e82-544a-bff5-24bd59dccb87
d59a26f21cf1a0c1a163ce19f1ee43f9,d622caf4-8e82-544a-bff5-24bd59dccb87
4f231ca1ebe1043b0f2290905b7df970,d622caf4-8e82-544a-bff5-24bd59dccb87
64ff33da88cc6e0f74cae3c75f3d1cc1,d622caf4-8e82-544a-bff5-24bd59dccb87
27fb3c7f4f67dac96a976354eeb615a3,d622caf4-8e82-544a-bff5-24bd59dccb87
29392aeb8204b50bb2a35e1aeabddd03,d622caf4-8e82-544a-bff5-24bd59dccb87
ffd3adeeac99313ea3fd04683c0590c6,d622caf4-8e82-544a-bff5-24bd59dccb87
8bfd8e9d754bf9b36584f9ce404f73fc,d622caf4-8e82-544a-bff5-24bd59dccb87
6de75799a148aa8bff5c674c0fa9a562,d622caf4-8e82-544a-bff5-24bd59dccb87
fc48c35f13c96aa28d6ae536869a8b16,d622caf4-8e82-544a-bff5-24bd59dccb87
83bd761706aaa62783511c60132c7228,d622caf4-8e82-544a-bff5-24bd59dccb87
950b81a3efe6132c10e09eb983ef1cb9,d622caf4-8e82-544a-bff5-24bd59dccb87
40428cbe6f149b34dda1f691654039d9,d622caf4-8e82-544a-bff5-24bd59dccb87
325d9a82703f42fcb522af2075e74f89,d622caf4-8e82-544a-bff5-24bd59dccb87
d498e19092e32f4a8a3f0603f6e49f92,d622caf4-8e82-544a-bff5-24bd59dccb87
d304d1ecced665a6d2bbbd6903f3fc60,d622caf4-8e82-544a-bff5-24bd59dccb87
bc2f33c82b8e532b66a370bdeb60e3c4,d622caf4-8e82-544a-bff5-24bd59dccb87
ce83275d790d5ccd860412aa4a70ec13,d622caf4-8e82-544a-bff5-24bd59dccb87
883f6b9a45a47fe500926876db384841,d622caf4-8e82-544a-bff5-24bd59dccb87
0c11d17954af8a91c5b8def531066f8f,d622caf4-8e82-544a-bff5-24bd59dccb87
a94d0b46d46bb0d6228c695ac9bed307,d622caf4-8e82-544a-bff5-24bd59dccb87
c98a6d27f244cf38c7860a292f80e292,d622caf4-8e82-544a-bff5-24bd59dccb87
6d3dbb9e4d765635a6337a270d30d2ac,d622caf4-8e82-544a-bff5-24bd59dccb87
99c59ff154a7ae84e831f423b7b791ce,d622caf4-8e82-544a-bff5-24bd59dccb87
d7bd1ded35b52a3ec4e57b811aca1ad1,d622caf4-8e82-544a-bff5-24bd59dccb87
e84bae9b74e5d0a53704910282eadb90,d622caf4-8e82-544a-bff5-24bd59dccb87
834c1e734ffdc1ed6e8b2a2692763d04,d622caf4-8e82-544a-bff5-24bd59dccb87
f272c7d3887e1a9d7365aae0b3448c22,d622caf4-8e82-544a-bff5-24bd59dccb87
07d3e0e92643bf040cd59665aeeb12c9,d622caf4-8e82-544a-bff5-24bd59dccb87
d6f4d4630820b8c5381bcf7d8008ca50,d622caf4-8e82-544a-bff5-24bd59dccb87
96d8f4aa6b2cda05eea315cda08b73a0,d622caf4-8e82-544a-bff5-24bd59dccb87
e4f772a53e029afbe359272fa6eb8f55,d622caf4-8e82-544a-bff5-24bd59dccb87
39db4432e443c4dbbb315bcf29efcd64,d622caf4-8e82-544a-bff5-24bd59dccb87
383027e143f9007ae4e6a58c1a689a27,d622caf4-8e82-544a-bff5-24bd59dccb87
00e7a35e04a02c45b2f002c73d57cbdc,d622caf4-8e82-544a-bff5-24bd59dccb87
a9782380da4b946ed9b3b705480e78af,d622caf4-8e82-544a-bff5-24bd59dccb87
9974948971fd40daee0e9bc8557d84bb,d622caf4-8e82-544a-bff5-24bd59dccb87
fa5a1c23e3a5aac244f0c3a8081426e9,d622caf4-8e82-544a-bff5-24bd59dccb87
07c1b6f42dd37750721a1740978cfe87,d622caf4-8e82-544a-bff5-24bd59dccb87
0c007e274967956085635ae6315ec868,d622caf4-8e82-544a-bff5-24bd59dccb87
9e3feffd4c949f000182578a62bf49d4,d622caf4-8e82-544a-bff5-24bd59dccb87
d147eadb8511cca916804f6121cdb689,d622caf4-8e82-544a-bff5-24bd59dccb87
11c498d4112ba33ab7f09d0e6a32f3ca,d622caf4-8e82-544a-bff5-24bd59dccb87
cafccf36a2c795d5cf6f77986d8d2f76,d622caf4-8e82-544a-bff5-24bd59dccb87
9e35fb2a079c9a233aecd02d5cf18300,d622caf4-8e82-544a-bff5-24bd59dccb87
40b7db5ced9d4d55de4cd4d0405090fa,d622caf4-8e82-544a-bff5-24bd59dccb87
cff505f82103b4ffe7ab44d289ab29e5,d622caf4-8e82-544a-bff5-24bd59dccb87
b2fea6e01bcf857bd2977e52abe0dcab,d622caf4-8e82-544a-bff5-24bd59dccb87
3729b8fbb9a10fac4b7e7b42aaa0adf2,d622caf4-8e82-544a-bff5-24bd59dccb87
3cd993ea5860d6d70477d56de1bc2232,d622caf4-8e82-544a-bff5-24bd59dccb87
7a97157347d4a850c2e67132b2188af7,d622caf4-8e82-544a-bff5-24bd59dccb87
41e641dab2a2db790fc75be40e46e221,d622caf4-8e82-544a-bff5-24bd59dccb87
5695cbb551023c17a4b98e0dbc19d575,d622caf4-8e82-544a-bff5-24bd59dccb87
9461a63d9eabe7ec8563b45d962e7484,d622caf4-8e82-544a-bff5-24bd59dccb87
b5a58af26583ca4d2b172ecccaa8f0b7,d622caf4-8e82-544a-bff5-24bd59dccb87
cb81f7fc42b44dac7cd2009496c897cd,d622caf4-8e82-544a-bff5-24bd59dccb87
a5c1a0f825c9c21b4bdbbe6e5b867016,d622caf4-8e82-544a-bff5-24bd59dccb87
5934f919d97518f5876ff6ef20cc18f0,d622caf4-8e82-544a-bff5-24bd59dccb87
e8c054c23030f97cacf8f27288a74831,d622caf4-8e82-544a-bff5-24bd59dccb87
8d36078fb734c9971899bff8996a8959,d622caf4-8e82-544a-bff5-24bd59dccb87
13a2a78db92787c9413ed942218bb385,d622caf4-8e82-544a-bff5-24bd59dccb87
df2bd0fbe87c07d77a94f2128301fb96,d622caf4-8e82-544a-bff5-24bd59dccb87
aee53332c2e4b203375e815bf3c141c1,d622caf4-8e82-544a-bff5-24bd59dccb87
d3e02e1e33d91f7bcbefda6a9231dbf0,d622caf4-8e82-544a-bff5-24bd59dccb87
5434c20ef97bd79a2c715a049b151c87,d622caf4-8e82-544a-bff5-24bd59dccb87
b5dda68af56eb3a01a7aff3297f0c088,3eddc59e-a351-5b4c-bbe1-36e367263742
39177fb5989136d53b68bee6dc48471a,3eddc59e-a351-5b4c-bbe1-36e367263742
3feee81de666f685bb2edb68d7175202,3eddc59e-a351-5b4c-bbe1-36e367263742
b759580ad60dfa06ff8bedfa4a4850d9,3eddc59e-a351-5b4c-bbe1-36e367263742
6dc5a300dfb9250a6aa17d1ee33e5600,3eddc59e-a351-5b4c-bbe1-36e367263742
362af7f195d06c2fc9ed2340102ec5b8,3eddc59e-a351-5b4c-bbe1-36e367263742
d61999598ff9439efa654d693c7a37c2,3eddc59e-a351-5b4c-bbe1-36e367263742
9c9ae5f0664db70326d268dc120aea87,3eddc59e-a351-5b4c-bbe1-36e367263742
f18b6d1c8a05f22168cbcc102523ed7e,3eddc59e-a351-5b4c-bbe1-36e367263742
813a4f9a9c2d88b31be66cc93bc6d279,3eddc59e-a351-5b4c-bbe1-36e367263742
9e7b58a5ea0c7f49ee46d86492c72300,3eddc59e-a351-5b4c-bbe1-36e367263742
a64f6b962aeeed7c5a3afd05460a2739,3eddc59e-a351-5b4c-bbe1-36e367263742
443a0268ef755a1432be03d9b200d6a8,3eddc59e-a351-5b4c-bbe1-36e367263742
197a087f40e9e04c33c83dd14ee5b0c1,3eddc59e-a351-5b4c-bbe1-36e367263742
36749540d78f7e83bda773f21faa293c,3eddc59e-a351-5b4c-bbe1-36e367263742
5f24c2a4e49d049df1f5a5f1d5aa22ee,3eddc59e-a351-5b4c-bbe1-36e367263742
234c68eed21a0cf4933391acd72c3984,3eddc59e-a351-5b4c-bbe1-36e367263742
c89bc669d7bbe3a5f537f49c3891b223,3eddc59e-a351-5b4c-bbe1-36e367263742
13a63e89f811ec4cb37518a910845010,3eddc59e-a351-5b4c-bbe1-36e367263742
402d2b199437f8ffbaf8d2d0ee59b0d8,3eddc59e-a351-5b4c-bbe1-36e367263742
e2ee18406b2b292f4a94453cde1ce604,3eddc59e-a351-5b4c-bbe1-36e367263742
ea9928d10545d8ee4854856164afa7a5,3eddc59e-a351-5b4c-bbe1-36e367263742
5147929c591d92ef182db2bbbb8b02a8,3eddc59e-a351-5b4c-bbe1-36e367263742
01a04fdcd285beaefe18b7327e0dac34,3eddc59e-a351-5b4c-bbe1-36e367263742
012d5a3308f098820d0e1d0b097e9fb6,3eddc59e-a351-5b4c-bbe1-36e367263742
42658d78db75fc9da4d53e6b98e862e3,3eddc59e-a351-5b4c-bbe1-36e367263742
ed5e6542f40d2ef6c98201fba6dd22df,3eddc59e-a351-5b4c-bbe1-36e367263742
8a5ea7961a59ed84e087638d964bdc0e,3eddc59e-a351-5b4c-bbe1-36e367263742
761fe4f98697f2f3f969a1eef6c91b58,3eddc59e-a351-5b4c-bbe1-36e367263742
90c3c0fc287894072ad760f31d96cdd2,3eddc59e-a351-5b4c-bbe1-36e367263742
0a3803cdc3d6d484293299da2a99edd5,3eddc59e-a351-5b4c-bbe1-36e367263742
17a353d8e946a15e25f03448bcb10974,3eddc59e-a351-5b4c-bbe1-36e367263742
7a51fbcb4164978b3fdf7e97fc6c09be,3eddc59e-a351-5b4c-bbe1-36e367263742
89469ebf5e5486109bd508085bcf4320,3eddc59e-a351-5b4c-bbe1-36e367263742
c11b9a348378f8e6c03b429a9b3c37fb,3eddc59e-a351-5b4c-bbe1-36e367263742
d802445398a120ee7a7eaf5201072f12,3eddc59e-a351-5b4c-bbe1-36e367263742
8546b01b5eeb3fb911e0ac077699a890,3eddc59e-a351-5b4c-bbe1-36e367263742
82bef7f419f5b508a498606ceb6b9a41,3eddc59e-a351-5b4c-bbe1-36e367263742
241b3a6aa3a5907c4727a54840100cb9,3eddc59e-a351-5b4c-bbe1-36e367263742
678c91a75ef6163213cf4cd6212069b2,3eddc59e-a351-5b4c-bbe1-36e367263742
4526e13a2ac5042651c0896e8c42308a,3eddc59e-a351-5b4c-bbe1-36e367263742
00d1b94911e49bec020f1621f875db73,3eddc59e-a351-5b4c-bbe1-36e367263742
b31f306e58caf51c97008a06ab6de105,3eddc59e-a351-5b4c-bbe1-36e367263742
bb80415df4dffe7a644eb2e7077dc936,3eddc59e-a351-5b4c-bbe1-36e367263742
5ea3fb832ca97201eae3752fc874dde2,3eddc59e-a351-5b4c-bbe1-36e367263742
ccbb99535f872d51dbd61d9ababccd02,3eddc59e-a351-5b4c-bbe1-36e367263742
b07118fe490d634711d000b22d42dedb,3eddc59e-a351-5b4c-bbe1-36e367263742
f2fcc21ec43874f062c36a42e1f14300,3eddc59e-a351-5b4c-bbe1-36e367263742
90516dd1892dea2be3a9a9490b1f04ef,3eddc59e-a351-5b4c-bbe1-36e367263742
3387cc9f5d145cceee5db94307b348b4,3eddc59e-a351-5b4c-bbe1-36e367263742
e32245bc2813371e5c57b279de57af9e,3eddc59e-a351-5b4c-bbe1-36e367263742
4e3df35bea4fb6db815f256c3b158828,3eddc59e-a351-5b4c-bbe1-36e367263742
222fa0494503ab9ebb9360370f156305,3eddc59e-a351-5b4c-bbe1-36e367263742
82bbadf54e1aaef040f7c4b20551ea45,3eddc59e-a351-5b4c-bbe1-36e367263742
75b6ad10979b1621e37eec1c88a2ea20,3eddc59e-a351-5b4c-bbe1-36e367263742
1fe1c28e2fe3794b0a596f815279e0c8,3eddc59e-a351-5b4c-bbe1-36e367263742
78d4c7c448d3af121ed619a26f12149e,3eddc59e-a351-5b4c-bbe1-36e367263742
8581c29aece22fdbb6c47dcc07453ad1,3eddc59e-a351-5b4c-bbe1-36e367263742
af0d2e48e6e3802c6844469083a996c4,3eddc59e-a351-5b4c-bbe1-36e367263742
667ab682af12e4d0f5404cdd8f5ecf33,3eddc59e-a351-5b4c-bbe1-36e367263742
71bcd589ead4cf0a08ab5a9e5e7cad77,3eddc59e-a351-5b4c-bbe1-36e367263742
1ee706d1d2b20e82f9e817207b293700,3eddc59e-a351-5b4c-bbe1-36e367263742
f1d414a6b729d65fc67f503f1337e7c5,3eddc59e-a351-5b4c-bbe1-36e367263742
1d33497ec07a69e7dbccfb31b08c3d54,3eddc59e-a351-5b4c-bbe1-36e367263742
5f3e30d8897ea9e04b577ff4fff148b7,3eddc59e-a351-5b4c-bbe1-36e367263742
68b4cd08a39702dab787d8221bb0ad42,3eddc59e-a351-5b4c-bbe1-36e367263742
2c25cdbbc64adc1674a205655cd7ea01,3eddc59e-a351-5b4c-bbe1-36e367263742
290d543833764930f7f21aed85f79982,3eddc59e-a351-5b4c-bbe1-36e367263742
c847cbdafdab5ca0fef0dcd8326638ee,3eddc59e-a351-5b4c-bbe1-36e367263742
14625092879eeb4cee09421a97851b32,3eddc59e-a351-5b4c-bbe1-36e367263742
6ad06bf5b5f1373851845bdeffb36cac,3eddc59e-a351-5b4c-bbe1-36e367263742
28cb897fe91cbc0b2fb34e17812c9b9a,3eddc59e-a351-5b4c-bbe1-36e367263742
7f3a4a9109563f2bfa4f875ea1fd9e3c,3eddc59e-a351-5b4c-bbe1-36e367263742
51d71ff5361c893c018011a21af6e3ce,3eddc59e-a351-5b4c-bbe1-36e367263742
bddd88a4245b2f65c437bcb2f26c67ba,3eddc59e-a351-5b4c-bbe1-36e367263742
2970c87dd708d2b71f3753191cc225bb,3eddc59e-a351-5b4c-bbe1-36e367263742
fe602fabfcbc6688363d62d0df948207,3eddc59e-a351-5b4c-bbe1-36e367263742
8b92122b0d2890797fc31b2436288db0,3eddc59e-a351-5b4c-bbe1-36e367263742
4a8c2c2bcc9e01a9e3aba340207685db,3eddc59e-a351-5b4c-bbe1-36e367263742
ce565bc7d20e824033ce4902e8fb96ae,3eddc59e-a351-5b4c-bbe1-36e367263742
e50c35fd45630d40e10be2eb73911f76,3eddc59e-a351-5b4c-bbe1-36e367263742
514e4eeb487b41d8aa55be8098799d44,3eddc59e-a351-5b4c-bbe1-36e367263742
b90c9d3326fec0c47b7081079c482721,3eddc59e-a351-5b4c-bbe1-36e367263742
5a3be124db608ef58cc2eb37859355f1,3eddc59e-a351-5b4c-bbe1-36e367263742
8c33e59a395330ba6e8e26836d6aab05,3eddc59e-a351-5b4c-bbe1-36e367263742
ac113c13482cbdce46e82f62dbf0a230,3eddc59e-a351-5b4c-bbe1-36e367263742
499bc9c340f898a5d2b24a0455107e19,3eddc59e-a351-5b4c-bbe1-36e367263742
f577a47e6f9b18fa4672ae37c7e3cd5f,3eddc59e-a351-5b4c-bbe1-36e367263742
252063be83bfc353fb7a685c5c563d07,3eddc59e-a351-5b4c-bbe1-36e367263742
2039ff59994f99493efa2248a7eb8076,3eddc59e-a351-5b4c-bbe1-36e367263742
a12a6e5f44706c23c2748e2ebc94b10a,3eddc59e-a351-5b4c-bbe1-36e367263742
164cf0e911833e990ad51746ed41956c,3eddc59e-a351-5b4c-bbe1-36e367263742
ddddbcb1de6965f3358b26bf7b020e2c,3eddc59e-a351-5b4c-bbe1-36e367263742
ca2ab80b22d4854a895a7677dfa40c9e,3eddc59e-a351-5b4c-bbe1-36e367263742
bd9f0864dbb53dd3bb238943f0168ad5,3eddc59e-a351-5b4c-bbe1-36e367263742
5592819b1430acf542ad7c284c89c310,3eddc59e-a351-5b4c-bbe1-36e367263742
4cc9d0fd5008717f46e91d7b09814e8b,3eddc59e-a351-5b4c-bbe1-36e367263742
c499635043a169dab184bdfd151ce0d0,3eddc59e-a351-5b4c-bbe1-36e367263742
aaacf9ba6f2bae530bc8037959cd318b,3eddc59e-a351-5b4c-bbe1-36e367263742
14ed9f7dfe3d04e04e9535a6584661c1,3eddc59e-a351-5b4c-bbe1-36e367263742
cf60b12b52bbe662c4013fc2768cd847,3eddc59e-a351-5b4c-bbe1-36e367263742
ff6ed274db73843e8aa06b7f7432b650,3eddc59e-a351-5b4c-bbe1-36e367263742
38f9457d0f382a900456ba41f0702a3d,3eddc59e-a351-5b4c-bbe1-36e367263742
b2cbd5d64f1390dc07e01d9908b64f96,3eddc59e-a351-5b4c-bbe1-36e367263742
2e0463b9491a289aae84102df70ee48a,3eddc59e-a351-5b4c-bbe1-36e367263742
b0e71f2d91a08c3c492e2b45c4f8ef66,3eddc59e-a351-5b4c-bbe1-36e367263742
0be8ded9ea324ebdbc63d0c844315a06,3eddc59e-a351-5b4c-bbe1-36e367263742
9a1e5947370c9e066e519ccf75b1f7dd,3eddc59e-a351-5b4c-bbe1-36e367263742
e91e121820c34ac5bff526b880cd628a,3eddc59e-a351-5b4c-bbe1-36e367263742
3767f32da26784864276f7d944592be0,3eddc59e-a351-5b4c-bbe1-36e367263742
4b4d301ee23f5deecadd23c63e08dfa7,3eddc59e-a351-5b4c-bbe1-36e367263742
7bc1ac274ed2f1e81703a850a25fc9a4,3eddc59e-a351-5b4c-bbe1-36e367263742
f54d90e322fbcbfb577a96ff0cb6b218,3eddc59e-a351-5b4c-bbe1-36e367263742
e1a79dd9ce93a272aa936ebf948e87cc,3eddc59e-a351-5b4c-bbe1-36e367263742
3d32452d67ef1721e3c7e9c0ac440279,3eddc59e-a351-5b4c-bbe1-36e367263742
caff743c4752c1090a824854adebeb32,3eddc59e-a351-5b4c-bbe1-36e367263742
653b0394e6e65bc8af5a33f60e3ef370,3eddc59e-a351-5b4c-bbe1-36e367263742
cfda109e7418406e2c7430a5db87f4f2,3eddc59e-a351-5b4c-bbe1-36e367263742
26ea9fe0d3d4ffb5adcf904190eebd6c,3eddc59e-a351-5b4c-bbe1-36e367263742
f614b8770958050ba660347066f6a965,3eddc59e-a351-5b4c-bbe1-36e367263742
9fdb5c15ea92f46aac4a138fdd19fd16,3eddc59e-a351-5b4c-bbe1-36e367263742
495f0f21e71a8fa965a80b6fe08acae0,3eddc59e-a351-5b4c-bbe1-36e367263742
f9b9b16247b46931e7554f6ef6693701,3eddc59e-a351-5b4c-bbe1-36e367263742
34b88d6fb82e4fda71ebcf00c25d5b80,3eddc59e-a351-5b4c-bbe1-36e367263742
ec7c6eb5ff5961f10085eb8553bffcf6,3eddc59e-a351-5b4c-bbe1-36e367263742
104b04db5c5c80c3f12bbb62c4075dd1,3eddc59e-a351-5b4c-bbe1-36e367263742
e0d4405f467eac09f86d99b0c8df5338,3eddc59e-a351-5b4c-bbe1-36e367263742
4da50dd410c8ef0d7316b70244de9fe0,3eddc59e-a351-5b4c-bbe1-36e367263742
eda42a0f5a811fbe26fdfd2b3f5e54bd,3eddc59e-a351-5b4c-bbe1-36e367263742
0e1899c6ca71bf863c7a76fa20fa40d6,3eddc59e-a351-5b4c-bbe1-36e367263742
22aea967b5c34e8efd88d3538afaeb63,3eddc59e-a351-5b4c-bbe1-36e367263742
0c02c62e41ba0307969cc7692911cedd,3eddc59e-a351-5b4c-bbe1-36e367263742
c976465db04c6a30383f4df43d48f482,3eddc59e-a351-5b4c-bbe1-36e367263742
718ce92fd31b0c2e603fd1690ea78e13,3eddc59e-a351-5b4c-bbe1-36e367263742
4956316abceb7f588bc3dd5fda827cf0,3eddc59e-a351-5b4c-bbe1-36e367263742
8fefbae4f57af00c37a0f874ab7cf8ad,3eddc59e-a351-5b4c-bbe1-36e367263742
57b2a9971428b47151b138f1e895faba,3eddc59e-a351-5b4c-bbe1-36e367263742
ee4532ade15b985d0c5892f53ad4a4d9,3eddc59e-a351-5b4c-bbe1-36e367263742
c8e3b65229e7271d7b224dbfd0bc40a4,3eddc59e-a351-5b4c-bbe1-36e367263742
4cc1f2129d1db60291bdbc9e0eb2a1ff,3eddc59e-a351-5b4c-bbe1-36e367263742
0f0cc8806284279d2d99b919518819f7,3eddc59e-a351-5b4c-bbe1-36e367263742
4091f4360c0e826e18ae7f53306e74f0,3eddc59e-a351-5b4c-bbe1-36e367263742
bb47abf9be55bcc635c295b936e9364b,3eddc59e-a351-5b4c-bbe1-36e367263742
7c3122c0fbecef766b88c10d1d401826,3eddc59e-a351-5b4c-bbe1-36e367263742
f93354e057483552998b21080a28adbf,3eddc59e-a351-5b4c-bbe1-36e367263742
83f735a4f432793400d125d8b135b78c,3eddc59e-a351-5b4c-bbe1-36e367263742
44d18da9e9cdca89aac66fc633be1c18,3eddc59e-a351-5b4c-bbe1-36e367263742
96395a6432e56e7df3e2e8d14c6b88a1,3eddc59e-a351-5b4c-bbe1-36e367263742
0b1f1f6c2b672db0a1e24f5a38f93889,3eddc59e-a351-5b4c-bbe1-36e367263742
197533a8f86b79a21381fd07292d336a,3eddc59e-a351-5b4c-bbe1-36e367263742
2fefc61aa083f7d8202ce29269b07d9f,3eddc59e-a351-5b4c-bbe1-36e367263742
f40046b1f4b667be59b6ef5faaf042b9,3eddc59e-a351-5b4c-bbe1-36e367263742
1dcb8651998599035f068dc29a2255f0,3eddc59e-a351-5b4c-bbe1-36e367263742
784122b4cd7f788383db5de58862f8f8,3eddc59e-a351-5b4c-bbe1-36e367263742
2dff003e6e48fe5cfb08d802f777bbad,3eddc59e-a351-5b4c-bbe1-36e367263742
18f836d33fc8b68e14e354adf435eca2,3eddc59e-a351-5b4c-bbe1-36e367263742
5b04e533b28aef10fb545dfe5ee51847,3eddc59e-a351-5b4c-bbe1-36e367263742
0b5cd95a579dcec4f17e9390a804369f,3eddc59e-a351-5b4c-bbe1-36e367263742
6864be79050f1a3d9b7a284addbc5018,3eddc59e-a351-5b4c-bbe1-36e367263742
fcbc10d134305f8da65fb2c36cf8d32d,3eddc59e-a351-5b4c-bbe1-36e367263742
bc83e82615fd5ed1628aded17c1b16a7,3eddc59e-a351-5b4c-bbe1-36e367263742
7c9bbca50f6757f920825e61067118cd,3eddc59e-a351-5b4c-bbe1-36e367263742
eabb5a694327c728f5187863b3ae8cd6,3eddc59e-a351-5b4c-bbe1-36e367263742
1c962dd62aff53a2aec49500f81bdbde,421b80c2-c37b-5660-8d06-2d436e486830
a49d7d92b60391d978f1ad716153aeaa,421b80c2-c37b-5660-8d06-2d436e486830
45d4f76bd70a420b2ce597b8af42124b,421b80c2-c37b-5660-8d06-2d436e486830
8397bfd11d517ade2c8785edae6baa42,421b80c2-c37b-5660-8d06-2d436e486830
11b947c02b6c8cb199def8d1a19cef37,421b80c2-c37b-5660-8d06-2d436e486830
36f09bf9ad615b5fb38896cc7b2bb13d,421b80c2-c37b-5660-8d06-2d436e486830
f4a9b60a6acca2f172e70aed8499e9e6,421b80c2-c37b-5660-8d06-2d436e486830
425142bbba74f8082b189cae34f83105,421b80c2-c37b-5660-8d06-2d436e486830
c3dfa558d389af4ec41a747ec0dbe711,421b80c2-c37b-5660-8d06-2d436e486830
d4c77f5c5547c858166997c4757e8f95,421b80c2-c37b-5660-8d06-2d436e486830
1dc032d67d8c38133f6454f8f1d0a22e,421b80c2-c37b-5660-8d06-2d436e486830
de21b4262f025bd1149dba9ef4e6acc1,421b80c2-c37b-5660-8d06-2d436e486830
b393c90aebbe8972a9d227d82d41d179,421b80c2-c37b-5660-8d06-2d436e486830
c42f91c9b7b5d0f6b7c1dafdbf1258eb,421b80c2-c37b-5660-8d06-2d436e486830
548d3301372567013474a2516ff8fada,421b80c2-c37b-5660-8d06-2d436e486830
bee03dd613364ff9a1f86f17a2473e4d,421b80c2-c37b-5660-8d06-2d436e486830
81a6280d0e23b88e29603d383b51f0e6,421b80c2-c37b-5660-8d06-2d436e486830
506358120a7c9f861e1cdd08fbd2cc62,421b80c2-c37b-5660-8d06-2d436e486830
40fb84d226ec2402b64e9010fa9220ee,421b80c2-c37b-5660-8d06-2d436e486830
7a38faaf35a9dc0845c4598f3f7531cc,421b80c2-c37b-5660-8d06-2d436e486830
5c0492625e1e7264913ddf9ee3f65cc3,421b80c2-c37b-5660-8d06-2d436e486830
fc2f67104f8d12bc716832d124aaac61,421b80c2-c37b-5660-8d06-2d436e486830
2313774a3f65f5b1512fe0f49c808263,421b80c2-c37b-5660-8d06-2d436e486830
41390348942e449c7eb7a91e4341df19,421b80c2-c37b-5660-8d06-2d436e486830
8417ff434364e125f537a7e753fa07f8,421b80c2-c37b-5660-8d06-2d436e486830
dcb00f9d431bbf64f72f1039bd8d0d5f,421b80c2-c37b-5660-8d06-2d436e486830
ae412a4f0d3aa391ae7cec2e194f8ef6,421b80c2-c37b-5660-8d06-2d436e486830
bed713e1671696bec4e92f02114d0f09,421b80c2-c37b-5660-8d06-2d436e486830
fe9b7decfb79fc93e03bba93920a6a1f,421b80c2-c37b-5660-8d06-2d436e486830
168bec15492db3c1f343a922a3f75a8e,421b80c2-c37b-5660-8d06-2d436e486830
d7d7ce00521f23e2ddc415a1e8e75f27,421b80c2-c37b-5660-8d06-2d436e486830
a22d5e5b9d95d2ad9d15974a95df2455,421b80c2-c37b-5660-8d06-2d436e486830
9f31accfcf7130e5f464b1110120f5c0,421b80c2-c37b-5660-8d06-2d436e486830
7a77e6b863ef0c0170368c2d747a6493,421b80c2-c37b-5660-8d06-2d436e486830
ac5a6af56dc0964b6eb9d5b184a18fe4,421b80c2-c37b-5660-8d06-2d436e486830
0526d72711738e7d4d49f6c4274fc50e,421b80c2-c37b-5660-8d06-2d436e486830
00a87cf20e20af0e8a2f5aaebc812104,421b80c2-c37b-5660-8d06-2d436e486830
a7452458dca66c9124ffd8cf4259edf8,421b80c2-c37b-5660-8d06-2d436e486830
c633ae395db754e9d70a636782ed1e41,421b80c2-c37b-5660-8d06-2d436e486830
7e1e40b2cfac2dceaa8f2fffea0c5842,421b80c2-c37b-5660-8d06-2d436e486830
9755b78dd4a7c8abff685fe49b575c4e,421b80c2-c37b-5660-8d06-2d436e486830
cc7feac156af7b1dbdaebff321e1e810,421b80c2-c37b-5660-8d06-2d436e486830
d6d881178f78e32815f63c9aa5a9ac0f,421b80c2-c37b-5660-8d06-2d436e486830
2e9093b6ca4b5fcfbea37104234dee68,421b80c2-c37b-5660-8d06-2d436e486830
7ea3efe5391813ec355f2101ca77b2d6,421b80c2-c37b-5660-8d06-2d436e486830
153ceff6c2c3404cbbfff812b0b29229,421b80c2-c37b-5660-8d06-2d436e486830
e85568d0beb91022d8f7cb9a102791ad,421b80c2-c37b-5660-8d06-2d436e486830
1e9018d6c19ec55dbf290cd680569b8c,421b80c2-c37b-5660-8d06-2d436e486830
6029dd859ed4a8e4b6dcdb60a7e59998,421b80c2-c37b-5660-8d06-2d436e486830
f479901b59fa06e711ca0ba92a1127cf,421b80c2-c37b-5660-8d06-2d436e486830
1b953f2e7d4266092feb115643dd3ea5,421b80c2-c37b-5660-8d06-2d436e486830
ebbb8eab053795345447311192c1c61b,421b80c2-c37b-5660-8d06-2d436e486830
458281869fdaf64ece4ad20c0370e5be,421b80c2-c37b-5660-8d06-2d436e486830
5205adb0526aaa0366c51c2b66f280a4,421b80c2-c37b-5660-8d06-2d436e486830
e128f926e8ec593e0dd65b0efdac87d9,421b80c2-c37b-5660-8d06-2d436e486830
cd4115229d64a86860beaec8d484b5be,421b80c2-c37b-5660-8d06-2d436e486830
b2383eb31568914a91ce56e7b6e3bd69,421b80c2-c37b-5660-8d06-2d436e486830
80104723e04a9a9027d238c1eb3bab08,421b80c2-c37b-5660-8d06-2d436e486830
d4db55a324f7f8fa1e588c60a54e0196,421b80c2-c37b-5660-8d06-2d436e486830
222782c89de113e1e04a08dc04194893,421b80c2-c37b-5660-8d06-2d436e486830
14155806599b18f082a5b4d888c24d80,421b80c2-c37b-5660-8d06-2d436e486830
7fe0604a1d60ca81b7f7436506fc53ab,421b80c2-c37b-5660-8d06-2d436e486830
e3c2ac1475548fb4ef25c7ffe392c806,421b80c2-c37b-5660-8d06-2d436e486830
400a5a801f8665fc92ac6af2b358cf5a,421b80c2-c37b-5660-8d06-2d436e486830
877c9f29f9ad8c62a254ba406666c40e,421b80c2-c37b-5660-8d06-2d436e486830
76fb3f5a366338adbc1105c8502f1062,421b80c2-c37b-5660-8d06-2d436e486830
d5c3bc1426ae2fe4469ad26a54c5303a,421b80c2-c37b-5660-8d06-2d436e486830
8dbee06094d02499a2fcf2a803929f28,421b80c2-c37b-5660-8d06-2d436e486830
5139c53336866fe1bdda365e37bbd7d8,421b80c2-c37b-5660-8d06-2d436e486830
30fba7652b1239901e022afc9c6ec0db,421b80c2-c37b-5660-8d06-2d436e486830
704a014ffd1d0da32db7d7c11914f6d7,421b80c2-c37b-5660-8d06-2d436e486830
9cea889bf22458667ebcfdf4d2158149,421b80c2-c37b-5660-8d06-2d436e486830
655264fe1ed13216c41cc6e29b58f3a0,421b80c2-c37b-5660-8d06-2d436e486830
1cfc68381a948f3f38f71b9f36a4c971,421b80c2-c37b-5660-8d06-2d436e486830
718cec7384c64b4a6b1f7afa79bed443,421b80c2-c37b-5660-8d06-2d436e486830
f442b08dc899285bdf8dc1c8f4f4096c,421b80c2-c37b-5660-8d06-2d436e486830
ba5ed0dfd91e6aba816f546f90f51d1e,421b80c2-c37b-5660-8d06-2d436e486830
8e5760ffb1977814618ea702952a9097,421b80c2-c37b-5660-8d06-2d436e486830
a924d3bda8d5c39e26223f41d4f6ae84,421b80c2-c37b-5660-8d06-2d436e486830
ca1eaf4df48d7405597405ba1ad5099c,421b80c2-c37b-5660-8d06-2d436e486830
e4af795074cedb2bcaa39bc8e4921b72,421b80c2-c37b-5660-8d06-2d436e486830
72a38ba6068c50652bdb11ec9ed280f6,421b80c2-c37b-5660-8d06-2d436e486830
7d5b6ab7b4a2c295395e793287ffe6e0,421b80c2-c37b-5660-8d06-2d436e486830
4ce967dd0d12ae39f736939cd0d41d71,421b80c2-c37b-5660-8d06-2d436e486830
94e65a30a0b69c109c3736cdf80178a6,421b80c2-c37b-5660-8d06-2d436e486830
05de39b39c3e62ab633260bfa23767f1,421b80c2-c37b-5660-8d06-2d436e486830
c65d07097cb20a5b4ad10d6526efcd55,421b80c2-c37b-5660-8d06-2d436e486830
51c9e27d33a35e8935d0facda9254ac0,421b80c2-c37b-5660-8d06-2d436e486830
72c4dbf5bbf204066954d1a584215951,421b80c2-c37b-5660-8d06-2d436e486830
78f9b6e26cdda4a1a870529566ad60e5,421b80c2-c37b-5660-8d06-2d436e486830
560c89b17d8cace4e9fd0acd488d5704,421b80c2-c37b-5660-8d06-2d436e486830
906a8e9938a802f31f510675173d24ea,421b80c2-c37b-5660-8d06-2d436e486830
08c02bc8fab1bd7700592065e55105ea,421b80c2-c37b-5660-8d06-2d436e486830
05cb141294e598856e545ccc1d83e3cf,421b80c2-c37b-5660-8d06-2d436e486830
886a2a532a0877820fcefc396b68d4d0,421b80c2-c37b-5660-8d06-2d436e486830
22c7c7eaa0c038201604fcc5bac41297,421b80c2-c37b-5660-8d06-2d436e486830
8b517c896c745944e51c43f020eb44dc,421b80c2-c37b-5660-8d06-2d436e486830
35ce180dc1a0dbb5a01fc0bb1a190354,421b80c2-c37b-5660-8d06-2d436e486830
ef2612469425896a5521ad6bfa85acd7,421b80c2-c37b-5660-8d06-2d436e486830
4d6f395f761d024d67ca273ac4c6327f,421b80c2-c37b-5660-8d06-2d436e486830
3e87c2ab7c9ee1c1d385166cf4b1bb62,421b80c2-c37b-5660-8d06-2d436e486830
9941bf0fc89848bb44100cda749435ab,421b80c2-c37b-5660-8d06-2d436e486830
4a5398bc5107b0f99d56a34bdf0928e6,421b80c2-c37b-5660-8d06-2d436e486830
b276732a94a4c85b198bc09e12ac8abc,421b80c2-c37b-5660-8d06-2d436e486830
810833df98f1facb1d2823cf843c9282,421b80c2-c37b-5660-8d06-2d436e486830
2dbbd8a847843e56f24162a82dd655b7,421b80c2-c37b-5660-8d06-2d436e486830
2b0e6e051cd8826b14410828b3569c8d,421b80c2-c37b-5660-8d06-2d436e486830
dad4951f7ea3dd7f0dc0c1dfd7fefdee,421b80c2-c37b-5660-8d06-2d436e486830
82d3dae1aaea459f15892957169adf6c,421b80c2-c37b-5660-8d06-2d436e486830
261cfed35ac183feafc05b1c4d7f0dfa,421b80c2-c37b-5660-8d06-2d436e486830
392df3dbef040e36f0efdd636ece004f,421b80c2-c37b-5660-8d06-2d436e486830
97daa3d76054482dff30c1443e35eaa2,421b80c2-c37b-5660-8d06-2d436e486830
242adce2d9449d67cb29bdc1de40d828,421b80c2-c37b-5660-8d06-2d436e486830
b0ef1177c07e7e2ec87f893a7cb583a0,421b80c2-c37b-5660-8d06-2d436e486830
681ce5e83ad17333eaac1deb000f18d1,421b80c2-c37b-5660-8d06-2d436e486830
f3117860b839ddf1c5b899af16c5f973,421b80c2-c37b-5660-8d06-2d436e486830
41a33dafd2ee6dd2669982551bedeeb7,421b80c2-c37b-5660-8d06-2d436e486830
0563770bfecca77996eb09b2bc1377a0,421b80c2-c37b-5660-8d06-2d436e486830
96fab411e4bded57e18f827afa8b87d1,421b80c2-c37b-5660-8d06-2d436e486830
83a46be1cdcb2a48bc14653e90e4fbc7,421b80c2-c37b-5660-8d06-2d436e486830
f82279039acf37574b77eacd5fd7698d,421b80c2-c37b-5660-8d06-2d436e486830
6809586e4d1cf4ff80ca2e1d7b216116,421b80c2-c37b-5660-8d06-2d436e486830
7b1bbc42b0d9d42f0f998372c6162fa3,421b80c2-c37b-5660-8d06-2d436e486830
9a545cf3f4b1c1ce1ba84843e7a231c5,421b80c2-c37b-5660-8d06-2d436e486830
6f1b8d54d929c53decd4920fee89622d,421b80c2-c37b-5660-8d06-2d436e486830
ad4dc7b7a9c06a6b7ae287f2c56048ab,421b80c2-c37b-5660-8d06-2d436e486830
c9710b46d4f26ec41d9904b5b30b80eb,421b80c2-c37b-5660-8d06-2d436e486830
3893eba9a21cc9463f6d31cccb835b96,421b80c2-c37b-5660-8d06-2d436e486830
5d55d16dfad8322f9ee2a9d87700fa07,421b80c2-c37b-5660-8d06-2d436e486830
19231d508b45cc64cb0819d901d83683,421b80c2-c37b-5660-8d06-2d436e486830
524ba4ba04a87240012d806f6a5d2744,421b80c2-c37b-5660-8d06-2d436e486830
9587aa8f246b46c9f390cf13d56ec7d7,421b80c2-c37b-5660-8d06-2d436e486830
c9eff9fbd4eebd25831b6c777001b47d,421b80c2-c37b-5660-8d06-2d436e486830
1960945351e1584be703add1312ccbb5,421b80c2-c37b-5660-8d06-2d436e486830
acb1852c3dca02952d6675b7f164eaed,421b80c2-c37b-5660-8d06-2d436e486830
0bb966c389256f09abee877b289e5d44,421b80c2-c37b-5660-8d06-2d436e486830
1cd09cef78fd115c3025c876c3e19ece,421b80c2-c37b-5660-8d06-2d436e486830
880b2ed9185f6772d941245f7701ff25,421b80c2-c37b-5660-8d06-2d436e486830
10cc8d81782fd90040e9fd648da1a3cb,421b80c2-c37b-5660-8d06-2d436e486830
0b15bdad7c99d6227db34a94deea7eec,421b80c2-c37b-5660-8d06-2d436e486830
eebda0282e6ac49900f105ebfaa9edd0,421b80c2-c37b-5660-8d06-2d436e486830
6827ec197d68f499d8aec962eddfde9b,421b80c2-c37b-5660-8d06-2d436e486830
7d0888954043d16638cc9fbd9f521701,421b80c2-c37b-5660-8d06-2d436e486830
b86c7adafc0e34e78c8ab5f84eab4092,421b80c2-c37b-5660-8d06-2d436e486830
88511e94a6b19beb704f89a65d73cb6f,421b80c2-c37b-5660-8d06-2d436e486830
7e5cb396dc1b4cb2c75436ea7ea0d24e,421b80c2-c37b-5660-8d06-2d436e486830
91642165fd50e63b8dd730a0d68c9783,421b80c2-c37b-5660-8d06-2d436e486830
76a28e28e4d952c49c116a1dbed58239,421b80c2-c37b-5660-8d06-2d436e486830
6c3f71f869cfa6bac70d52bb3006763c,421b80c2-c37b-5660-8d06-2d436e486830
628debf50b70aa4ae31aed78355ca0ae,421b80c2-c37b-5660-8d06-2d436e486830
6f65212d647e0f1a48ee8026ded70630,421b80c2-c37b-5660-8d06-2d436e486830
1660131148b297db2a9d2f505a0c4e11,421b80c2-c37b-5660-8d06-2d436e486830
3941a31b3b4bb54513a604c1576dfd6a,421b80c2-c37b-5660-8d06-2d436e486830
fee6cd742899573cc1c2f5a4efc3ee45,421b80c2-c37b-5660-8d06-2d436e486830
62ec826abc072deb67c3586c2833d38f,421b80c2-c37b-5660-8d06-2d436e486830
6b64df65cb08c21b9be6bbd23a1356aa,421b80c2-c37b-5660-8d06-2d436e486830
79d25c60052e80b565543ef382a0149b,421b80c2-c37b-5660-8d06-2d436e486830
1c5c69fa5185a694a91b40cb463a747c,421b80c2-c37b-5660-8d06-2d436e486830
f04dba0ea43f07873f9fda11b602408f,421b80c2-c37b-5660-8d06-2d436e486830
d0a3b1e5251a77abb924fed4b092fa54,421b80c2-c37b-5660-8d06-2d436e486830
bc6467cfe3df8e5a85f37c5bc58e0f21,421b80c2-c37b-5660-8d06-2d436e486830
56dd73f6703b2543521bd9dc7f27f900,421b80c2-c37b-5660-8d06-2d436e486830
5af37f47a977374ec24369824fe41c9b,421b80c2-c37b-5660-8d06-2d436e486830
a42542a7ebe6c56ca8ab23b66f35c326,421b80c2-c37b-5660-8d06-2d436e486830
c106d94504be0d397fa42a27dc8d52f5,421b80c2-c37b-5660-8d06-2d436e486830
d6204b736238c6dc7ceddfb0ac3abcf3,421b80c2-c37b-5660-8d06-2d436e486830
1946beb07acd2eb58748c037aea1cab4,421b80c2-c37b-5660-8d06-2d436e486830
e74ba49bae17f6092c346946eb1307a8,421b80c2-c37b-5660-8d06-2d436e486830
4da408583b79760bfdceae38998fb41d,421b80c2-c37b-5660-8d06-2d436e486830
147c53a78770b00dc24d014bb36a76ea,421b80c2-c37b-5660-8d06-2d436e486830
2e766572876734d7fef25a4d178c7e02,421b80c2-c37b-5660-8d06-2d436e486830
53d2e93b871369eb7f747828ffec8d20,421b80c2-c37b-5660-8d06-2d436e486830
4c79f763e55c7e2045418824fe11830f,421b80c2-c37b-5660-8d06-2d436e486830
5b17abfd14a4fcdb8a04bef0544a8b48,421b80c2-c37b-5660-8d06-2d436e486830
3828870684acd971b8132eeb01fdea39,421b80c2-c37b-5660-8d06-2d436e486830
bcca182a63eb980ac917f680aabb42c0,421b80c2-c37b-5660-8d06-2d436e486830
0b7487bf432aa4b74cfeca5ae2b92728,421b80c2-c37b-5660-8d06-2d436e486830
90073a44ebafeea3f0680e683ab163a3,421b80c2-c37b-5660-8d06-2d436e486830
da343b65b36395f6b5dd2c44f2909144,421b80c2-c37b-5660-8d06-2d436e486830
53f5f447ead7dc7298b3fa0463c7234e,421b80c2-c37b-5660-8d06-2d436e486830
834c25f8b621cf6810bd0249c0b45787,421b80c2-c37b-5660-8d06-2d436e486830
0f1e106828d4c50f138b47ad430e8ee8,421b80c2-c37b-5660-8d06-2d436e486830
506e69427d18b8435dcd5168e8098301,421b80c2-c37b-5660-8d06-2d436e486830
ec97bcafc19a7f943810ddf786780602,421b80c2-c37b-5660-8d06-2d436e486830
23c9b901d191a4b0bbf475fce9de13e4,421b80c2-c37b-5660-8d06-2d436e486830
ea39c27671ead30cc975c8ac409b1284,421b80c2-c37b-5660-8d06-2d436e486830
623d041b2dc1ef5f3c68b4d85e7be9b0,421b80c2-c37b-5660-8d06-2d436e486830
7b357b4fade0a5eaec484cca17108a10,421b80c2-c37b-5660-8d06-2d436e486830
237803682b88a35205460a8e8dd19807,421b80c2-c37b-5660-8d06-2d436e486830
c22c9fc6d40f815c71da41d73ee457b0,421b80c2-c37b-5660-8d06-2d436e486830
d84420e48a27fe0bb8f3c640a52d69d6,421b80c2-c37b-5660-8d06-2d436e486830
2b77fae59ec069db10e499d53aae58d6,421b80c2-c37b-5660-8d06-2d436e486830
0ac06ebf00660e82aca3217dc719decb,421b80c2-c37b-5660-8d06-2d436e486830
b1b90deb069a01950c96f2e1d1a229ae,421b80c2-c37b-5660-8d06-2d436e486830
fe19cb7855a652ad53a2207426caedbb,421b80c2-c37b-5660-8d06-2d436e486830
6bb994d618abd708f636523555e2579f,421b80c2-c37b-5660-8d06-2d436e486830
e88c7aea4243adc8f68436f587ea70a9,421b80c2-c37b-5660-8d06-2d436e486830
e817e97a4fb73f3c8652a3d4f69150e2,421b80c2-c37b-5660-8d06-2d436e486830
483797a444958795f161d65f95c195a9,421b80c2-c37b-5660-8d06-2d436e486830
558ffbdf8d98e9cc0364b24338acdd90,421b80c2-c37b-5660-8d06-2d436e486830
64f8052e21e11a692179edf20975a77a,421b80c2-c37b-5660-8d06-2d436e486830
a22bea4068760a2c420b1a2817a47bd3,421b80c2-c37b-5660-8d06-2d436e486830
629fe1b33b2fcb2686b93f773388f2fa,421b80c2-c37b-5660-8d06-2d436e486830
53a8c92b106307b78c6140efcacfa9ad,421b80c2-c37b-5660-8d06-2d436e486830
67908dbe1aa8bf1ba77d3a5dbda1cc41,421b80c2-c37b-5660-8d06-2d436e486830
1a29f815b3ecd4bc8600ed213be97b83,421b80c2-c37b-5660-8d06-2d436e486830
80ed9b77db801a199d37f2c843f8d575,421b80c2-c37b-5660-8d06-2d436e486830
1a7644faabbc4e9c9e31c8c7fc793524,421b80c2-c37b-5660-8d06-2d436e486830
adbf04e2e1077b6b564a53dbf2cff5eb,421b80c2-c37b-5660-8d06-2d436e486830
bebeb3adeb573bda3ec86675a4387f03,421b80c2-c37b-5660-8d06-2d436e486830
bc30facd1550c00bcba584aafab08bf3,421b80c2-c37b-5660-8d06-2d436e486830
2eff45f6333b9fec1da673a645205027,421b80c2-c37b-5660-8d06-2d436e486830
6efef3b0cd68bb17a33632fdc58cc2d8,421b80c2-c37b-5660-8d06-2d436e486830
4733137066afed6a9ad1ca378aea15c0,421b80c2-c37b-5660-8d06-2d436e486830
3a78c6ac77840c136cc7ba89c5fae8f0,421b80c2-c37b-5660-8d06-2d436e486830
535bcfdc4b30857f279b3d462722a865,421b80c2-c37b-5660-8d06-2d436e486830
4d363d4967cb88cec339db7769c7dfa6,421b80c2-c37b-5660-8d06-2d436e486830
7449cebc99c621d6437d64788f643f93,421b80c2-c37b-5660-8d06-2d436e486830
b168c4c64da4815e6117db5270cceba8,421b80c2-c37b-5660-8d06-2d436e486830
69530a1ccb93d1c49aae9e735b677f8d,421b80c2-c37b-5660-8d06-2d436e486830
d4e185050f4d8e8eda0d6b1335e2ac2c,421b80c2-c37b-5660-8d06-2d436e486830
7014c54b683cd603c87f20406487c705,421b80c2-c37b-5660-8d06-2d436e486830
ad3af501dbf79284bf277f0b18779e58,421b80c2-c37b-5660-8d06-2d436e486830
ab2b35731c8fccb5a2973424d6039353,421b80c2-c37b-5660-8d06-2d436e486830
50bc82b4aceb7a9489802b3f9f75da11,421b80c2-c37b-5660-8d06-2d436e486830
a79f04c606817744ab1ca91e8ff3fb29,421b80c2-c37b-5660-8d06-2d436e486830
52f0fc4eec3e538db20ba30f4d96150c,421b80c2-c37b-5660-8d06-2d436e486830
0583250e2665049a630d927a0005f6f0,421b80c2-c37b-5660-8d06-2d436e486830
5565d145959f176454bc7ad027738356,421b80c2-c37b-5660-8d06-2d436e486830
e31a1fe26f17e577a67844a6b1d285fa,421b80c2-c37b-5660-8d06-2d436e486830
bfca6c9ec9b8263a6fad4617c8cbaedb,421b80c2-c37b-5660-8d06-2d436e486830
05467d4fe9f238bf2f6ea1bd365f6e5f,421b80c2-c37b-5660-8d06-2d436e486830
8f206ce64c4880b447d5264d37b85262,421b80c2-c37b-5660-8d06-2d436e486830
8e1f28807d001e264e55ca41b82d350d,421b80c2-c37b-5660-8d06-2d436e486830
0f91749df9df3cd4f8b3bdb5279ddfd6,421b80c2-c37b-5660-8d06-2d436e486830
e299a46b3061360089bb17d2c8ca03b7,421b80c2-c37b-5660-8d06-2d436e486830
400c7033b2b3f297210a8e9aa26a5812,421b80c2-c37b-5660-8d06-2d436e486830
cbbf6d1d04e66c74816f67daef47f422,421b80c2-c37b-5660-8d06-2d436e486830
77deaf8e2e3fd823d37a9cd034973bb9,421b80c2-c37b-5660-8d06-2d436e486830
759b2bd439f57d56243033103d863eca,421b80c2-c37b-5660-8d06-2d436e486830
c19fac3ed5c17e9943447fa69bd9098a,421b80c2-c37b-5660-8d06-2d436e486830
1df74d51f24c86d32dddb8795b11bfc5,421b80c2-c37b-5660-8d06-2d436e486830
7a70e21644c49fe27ec73d5e451972a9,421b80c2-c37b-5660-8d06-2d436e486830
ba70fdee3d29952588054f30ac30ff2f,421b80c2-c37b-5660-8d06-2d436e486830
1f1c0c6acf79cfb2323dc282d26ae5f9,421b80c2-c37b-5660-8d06-2d436e486830
6c4150755155f4159c262dabca2bac2e,421b80c2-c37b-5660-8d06-2d436e486830
4119c8849f34478586d771cc634537a9,421b80c2-c37b-5660-8d06-2d436e486830
fbe6d54a42805b68060feb190c105715,421b80c2-c37b-5660-8d06-2d436e486830
40c07df2d7d06de12b4d34d0c1d27771,421b80c2-c37b-5660-8d06-2d436e486830
18a5ee3d02db2029aa513ae4eeda564c,421b80c2-c37b-5660-8d06-2d436e486830
e2206218d30c3d1d7a1b1e3d72a6d687,421b80c2-c37b-5660-8d06-2d436e486830
75a10a763e83f1236ca708bb366b7ec2,421b80c2-c37b-5660-8d06-2d436e486830
ccf0e9dda6beae0a05786e04869c8ce3,421b80c2-c37b-5660-8d06-2d436e486830
678ca5984adfca396321ae7844af75a1,421b80c2-c37b-5660-8d06-2d436e486830
a4ddc24ec1fe3a34fb6cfa8ea9f486ae,421b80c2-c37b-5660-8d06-2d436e486830
4c11caf2ee988e0101c1e28e3b7dc159,421b80c2-c37b-5660-8d06-2d436e486830
96fc3e9dd387b70a812391194de57235,421b80c2-c37b-5660-8d06-2d436e486830
8a57a10d79822d05a5a451f74484426e,421b80c2-c37b-5660-8d06-2d436e486830
a6c1c43b90944c05298e5b738e1955a7,421b80c2-c37b-5660-8d06-2d436e486830
92fc280cfb1a7beed940bd4068e3e917,421b80c2-c37b-5660-8d06-2d436e486830
7e28c3c0c8a2150bfb96443cea00a510,421b80c2-c37b-5660-8d06-2d436e486830
bb3b53e5be42923156429d41f2dded63,421b80c2-c37b-5660-8d06-2d436e486830
9f3aa3359e962086e5339179b8f24524,421b80c2-c37b-5660-8d06-2d436e486830
f99f41529cdb53c8d70f32be43514d16,421b80c2-c37b-5660-8d06-2d436e486830
98462df32ef35d2238db5096a6422033,421b80c2-c37b-5660-8d06-2d436e486830
2dc686eda70dc6ccfda25db74466c249,421b80c2-c37b-5660-8d06-2d436e486830
0d2d3c469888c2f1043be0b4995d6803,421b80c2-c37b-5660-8d06-2d436e486830
3a51b3b5392599bb4a5e86e02b6a8001,421b80c2-c37b-5660-8d06-2d436e486830
b8a087105157876308e8bc302faf2448,421b80c2-c37b-5660-8d06-2d436e486830
8bcee519442ff86d529a881a4f9f07ef,421b80c2-c37b-5660-8d06-2d436e486830
d4ec3a2dca50b1bb0466bbfcd9b592fd,421b80c2-c37b-5660-8d06-2d436e486830
5a55a2d3354d514e729bff887454d4c0,421b80c2-c37b-5660-8d06-2d436e486830
97c732b439597cf354938d658e755ae5,421b80c2-c37b-5660-8d06-2d436e486830
2010ca0d97efd0523478dfe07ddf156b,421b80c2-c37b-5660-8d06-2d436e486830
c312bd265a7087fb9f014a3363551962,421b80c2-c37b-5660-8d06-2d436e486830
4f0c3135f8c9a0a3c4445637e73fd035,421b80c2-c37b-5660-8d06-2d436e486830
d1a7afcad0364846e8475b2474316821,421b80c2-c37b-5660-8d06-2d436e486830
65e9af5ee772e7186925e43ed1af6885,421b80c2-c37b-5660-8d06-2d436e486830
66b2f48757a49b1a873b9500a5d5bf09,421b80c2-c37b-5660-8d06-2d436e486830
45ba8932d6f177c737897242c77b0536,421b80c2-c37b-5660-8d06-2d436e486830
c750dbf41213545280163b0d81c8d7e1,421b80c2-c37b-5660-8d06-2d436e486830
6d74beae839113842edd1bffe4829927,421b80c2-c37b-5660-8d06-2d436e486830
de069a0d550ac6f567f2244eaad246b4,421b80c2-c37b-5660-8d06-2d436e486830
045a620ff84cacc39dda38cbc88deeb3,421b80c2-c37b-5660-8d06-2d436e486830
1ac5f4c4e2484ed6c6f7afd83ad3138c,421b80c2-c37b-5660-8d06-2d436e486830
ecbc24b511c07ecd285d630595cba8e7,421b80c2-c37b-5660-8d06-2d436e486830
a7750fc4f5449b37eeacdee77b50628e,421b80c2-c37b-5660-8d06-2d436e486830
e34c521168ce3ecb762dc1cfe2280b1c,421b80c2-c37b-5660-8d06-2d436e486830
1f2c08e1b1a2c011f8723d03c7a73ad0,421b80c2-c37b-5660-8d06-2d436e486830
54f30512e58f873011d7c856f69ba401,421b80c2-c37b-5660-8d06-2d436e486830
a5c8ac160c60bfc1906cd59e81eefa2d,421b80c2-c37b-5660-8d06-2d436e486830
8f21fe01fb882a4f3720ce3ff627d9ef,421b80c2-c37b-5660-8d06-2d436e486830
87931fc195b81b19cb6fcfca47abda1f,2b84f1e0-8d37-5f6d-a8f7-769f68693a50
dd8f512212ceac010cb8b7978724bf0c,2b84f1e0-8d37-5f6d-a8f7-769f68693a50
19622d37e47e3ab47bb480547cdc4ca6,2b84f1e0-8d37-5f6d-a8f7-769f68693a50
e458946cee4900beff554388b05b843d,2b84f1e0-8d37-5f6d-a8f7-769f68693a50
59d132e8257586583b1b6eb29bda23c6,2b84f1e0-8d37-5f6d-a8f7-769f68693a50
1a876b55047494740cb9d5f0989952fd,2b84f1e0-8d37-5f6d-a8f7-769f68693a50
611e63e7d65f6cb2f2f8e4a1b7441248,2b84f1e0-8d37-5f6d-a8f7-769f68693a50
ae3583bc1a0d8c1e264e6fd057d1ec8d,2b84f1e0-8d37-5f6d-a8f7-769f68693a50
b2b39aa6245403495bc4f3ba20c51854,2b84f1e0-8d37-5f6d-a8f7-769f68693a50
ff9bd13a2627aefbd8b0cc687846a216,2b84f1e0-8d37-5f6d-a8f7-769f68693a50
9e695ee68555e4c7c77390a2c852f3bc,2b84f1e0-8d37-5f6d-a8f7-769f68693a50
0819178bc3227cf18b3b09ede6632a66,2b84f1e0-8d37-5f6d-a8f7-769f68693a50
e702f5dc75414d0f8240b1ede0f350d9,2b84f1e0-8d37-5f6d-a8f7-769f68693a50
3f9242a49919efa13b27fab42b3bd413,2b84f1e0-8d37-5f6d-a8f7-769f68693a50
21e852a5ac835d3891057e9abe09433d,2b84f1e0-8d37-5f6d-a8f7-769f68693a50
078cbc753979e9ff0b9f056a7a042509,2b84f1e0-8d37-5f6d-a8f7-769f68693a50
12aa451814cbc675ff2d6686c0241735,2b84f1e0-8d37-5f6d-a8f7-769f68693a50
200c542563df69a7e1f62dc287c3d1ee,2b84f1e0-8d37-5f6d-a8f7-769f68693a50
bedfbcbcaca1bb6b1c49d8603b850b77,2b84f1e0-8d37-5f6d-a8f7-769f68693a50
97af243f86132b811b49124230671c7e,2b84f1e0-8d37-5f6d-a8f7-769f68693a50
0fca43635535646dd1040f830d604765,2b84f1e0-8d37-5f6d-a8f7-769f68693a50
6e7c2ee248737cb6062308f74498029d,2b84f1e0-8d37-5f6d-a8f7-769f68693a50
d2037f5bd6b0e8876e4861c5c82f59ed,2b84f1e0-8d37-5f6d-a8f7-769f68693a50
523d60fae1b4f54ee64474899ecf6fb8,2b84f1e0-8d37-5f6d-a8f7-769f68693a50
5c22abaae0febddabffdad88d36e6f20,2b84f1e0-8d37-5f6d-a8f7-769f68693a50
3be37c70ba8ddad795f5e0623308aea3,2b84f1e0-8d37-5f6d-a8f7-769f68693a50
ffee4cbe43553e7d16f5c0f055f3fb5b,2b84f1e0-8d37-5f6d-a8f7-769f68693a50
e5e9dec983fe0ab231503bda06527c24,2b84f1e0-8d37-5f6d-a8f7-769f68693a50
5c83dd3da754adb19cf1db0a76e86bfe,2b84f1e0-8d37-5f6d-a8f7-769f68693a50
ad7de3472370e740e3a978dedc5bb077,2b84f1e0-8d37-5f6d-a8f7-769f68693a50
7e80a340ff552ca206afc399a3c676c9,2b84f1e0-8d37-5f6d-a8f7-769f68693a50
07999f33952bebf65ae3ea01b386297f,2b84f1e0-8d37-5f6d-a8f7-769f68693a50
3d959238f8dc193206f0bebd9ff9cb1b,2b84f1e0-8d37-5f6d-a8f7-769f68693a50
afb842ef6d97f1147bea42cab5071539,2b84f1e0-8d37-5f6d-a8f7-769f68693a50
9a442deedb5cc88fdd894c8c96a91e0b,2b84f1e0-8d37-5f6d-a8f7-769f68693a50
73dbf51be6a9a83a7d205dc42de12226,2b84f1e0-8d37-5f6d-a8f7-769f68693a50
a9cde8e9b075ee0c905a457946dfdd42,2b84f1e0-8d37-5f6d-a8f7-769f68693a50
459602dc392b952c1e5cf6c82b91da7f,2b84f1e0-8d37-5f6d-a8f7-769f68693a50
f7822c8d3f9f6e36f1759d4470100348,2b84f1e0-8d37-5f6d-a8f7-769f68693a50
a7377842e7982548f0a61f9f69430439,2b84f1e0-8d37-5f6d-a8f7-769f68693a50
be4472640c9c73de9a69ba65b3dd6392,2b84f1e0-8d37-5f6d-a8f7-769f68693a50
2e91122aa4073807c35e396d3e6b7bd3,2b84f1e0-8d37-5f6d-a8f7-769f68693a50
1b715405551fcd55bcc31690f3daecf0,2b84f1e0-8d37-5f6d-a8f7-769f68693a50
4efa79524cff25646511098d8dc2a243,2b84f1e0-8d37-5f6d-a8f7-769f68693a50
cf871405dbb7250422b0373d62474d77,2b84f1e0-8d37-5f6d-a8f7-769f68693a50
0356c14502f8e5a245441810d32dc3b8,2b84f1e0-8d37-5f6d-a8f7-769f68693a50
ab3ead4eb873122dc964bdab887d125f,2b84f1e0-8d37-5f6d-a8f7-769f68693a50
2f485eee9421c8d58610d572332fd32c,2b84f1e0-8d37-5f6d-a8f7-769f68693a50
fd78ff24affce0654268f9c33d694662,2b84f1e0-8d37-5f6d-a8f7-769f68693a50
5bb220c89f40bec89a1809b927ad77d3,2b84f1e0-8d37-5f6d-a8f7-769f68693a50
3247650a4d51174efa4216e90b6d0173,2b84f1e0-8d37-5f6d-a8f7-769f68693a50
a1eb63736f0f87c44f3781990843a6e4,2b84f1e0-8d37-5f6d-a8f7-769f68693a50
6d8c6d022fba2a5b079b9280895a7b7c,2b84f1e0-8d37-5f6d-a8f7-769f68693a50
8a0c39a0e83de145ce3c282005170cf7,2b84f1e0-8d37-5f6d-a8f7-769f68693a50
34c6d72ea04cd7868f4f3e62ca852d10,2b84f1e0-8d37-5f6d-a8f7-769f68693a50
a0b8da02de5f3bea333fd2d8c08294e5,2b84f1e0-8d37-5f6d-a8f7-769f68693a50
dafc6497cdecb552330bb094cedbdd81,2b84f1e0-8d37-5f6d-a8f7-769f68693a50
29ce0c024dccb6b6e55d5a1f47b5e307,2b84f1e0-8d37-5f6d-a8f7-769f68693a50
298fd7e8306b170644718db42f1f7484,2b84f1e0-8d37-5f6d-a8f7-769f68693a50
9755b78dd4a7c8abff685fe49b575c4e,2b84f1e0-8d37-5f6d-a8f7-769f68693a50
c0468147fecdcd42d0cc10cb2527a3f2,2b84f1e0-8d37-5f6d-a8f7-769f68693a50
0938c7ef2bd799d19cc6b7b264a40760,2b84f1e0-8d37-5f6d-a8f7-769f68693a50
111ef8cf743a4cd340339e93739095ce,2b84f1e0-8d37-5f6d-a8f7-769f68693a50
ea956ee053f49c419539339ee04fcf10,2b84f1e0-8d37-5f6d-a8f7-769f68693a50
c8549bc9696474c1c9ea36b4d44554c1,2b84f1e0-8d37-5f6d-a8f7-769f68693a50
95f78d827617645b5f848c2e6223fb19,2b84f1e0-8d37-5f6d-a8f7-769f68693a50
3cb56c791d477ad9267564c3af578de8,2b84f1e0-8d37-5f6d-a8f7-769f68693a50
6aec3abade11c3475258399bbd529db8,2b84f1e0-8d37-5f6d-a8f7-769f68693a50
e4a71b650d63b7dda5bd05cce749fa48,2b84f1e0-8d37-5f6d-a8f7-769f68693a50
f5c33bf107691456701e5ab5125a71d3,2b84f1e0-8d37-5f6d-a8f7-769f68693a50
73cbea8792d6ace10d8607bf25cdd405,2b84f1e0-8d37-5f6d-a8f7-769f68693a50
6c0db02eea6a71e1dbe10d9935909d9b,2b84f1e0-8d37-5f6d-a8f7-769f68693a50
d91af30d4920d8f11ae7ffd5665d096b,2b84f1e0-8d37-5f6d-a8f7-769f68693a50
69b8bc879ef6b88f2a5d8029af799315,2b84f1e0-8d37-5f6d-a8f7-769f68693a50
67d89863b9e8721907f63e2132728a17,2b84f1e0-8d37-5f6d-a8f7-769f68693a50
3d0f35f011b9597c8ff28c33de47aad2,2b84f1e0-8d37-5f6d-a8f7-769f68693a50
5e472e2f1b6a18f9b49c85eb3ba56ac5,2b84f1e0-8d37-5f6d-a8f7-769f68693a50
3d4a45c7a500ff935485d652274f9299,2b84f1e0-8d37-5f6d-a8f7-769f68693a50
06e5719d8ab676b90cd532638bb09b2a,2b84f1e0-8d37-5f6d-a8f7-769f68693a50
dc9312735888ac82d93f87b067283afe,2b84f1e0-8d37-5f6d-a8f7-769f68693a50
918107ab95dfea32b25e4b773745a571,2b84f1e0-8d37-5f6d-a8f7-769f68693a50
d287a4ac8e3df27fdb7886580ac927be,2b84f1e0-8d37-5f6d-a8f7-769f68693a50
c021c35bfe9cd3156b82e836103d28cd,2b84f1e0-8d37-5f6d-a8f7-769f68693a50
69d117c06dd2be88b148f04bba63b4ef,2b84f1e0-8d37-5f6d-a8f7-769f68693a50
d94ba998eb19fa05a6952bbaaa142dc1,2b84f1e0-8d37-5f6d-a8f7-769f68693a50
671c9879b45d6145054a374ee1dce509,2b84f1e0-8d37-5f6d-a8f7-769f68693a50
72d859206d3fc40e511a0fe127f3a2f5,2b84f1e0-8d37-5f6d-a8f7-769f68693a50
d0a049a3e7354d083ed4b78e729c0924,2b84f1e0-8d37-5f6d-a8f7-769f68693a50
9012074a12192a823ec963a5928450d9,2b84f1e0-8d37-5f6d-a8f7-769f68693a50
401c806d1420513ef412a0561d7b6fcf,2b84f1e0-8d37-5f6d-a8f7-769f68693a50
553c6f14beeae465b6ec7ecc26d3a093,2b84f1e0-8d37-5f6d-a8f7-769f68693a50
e03bc57adef63b16fc44bcda7e78ae4d,2b84f1e0-8d37-5f6d-a8f7-769f68693a50
cdd70e3fe4641e0a764bbf75efb30ed1,2b84f1e0-8d37-5f6d-a8f7-769f68693a50
9981502853a36fb558eee7b322838fca,2b84f1e0-8d37-5f6d-a8f7-769f68693a50
1f814b11ed3acdfe217a9a6b76512d3e,2b84f1e0-8d37-5f6d-a8f7-769f68693a50
2312d4587bbb6fd9a2b04d6015e54196,2b84f1e0-8d37-5f6d-a8f7-769f68693a50
e2a43b2f394fdc3a031094aed41f5eb9,2b84f1e0-8d37-5f6d-a8f7-769f68693a50
eb09dde74abd635aacc480d4762fc3dd,2b84f1e0-8d37-5f6d-a8f7-769f68693a50
20063c3ca076fdf67a9d81e96efe7271,2b84f1e0-8d37-5f6d-a8f7-769f68693a50
46c02aaa97241e6e490514d2e0b50ffb,2b84f1e0-8d37-5f6d-a8f7-769f68693a50
b748011f39aeb386f82b367f5e912c22,2b84f1e0-8d37-5f6d-a8f7-769f68693a50
367997441d7a12b33bd3bd4b31187f20,2b84f1e0-8d37-5f6d-a8f7-769f68693a50
62078e6624bc22d65827a9b725cfb6a9,2b84f1e0-8d37-5f6d-a8f7-769f68693a50
622895993905f9d49906c7c9a6b8c5a2,2b84f1e0-8d37-5f6d-a8f7-769f68693a50
4d21be89edfdd91bb50423ded9e084c1,2b84f1e0-8d37-5f6d-a8f7-769f68693a50
579c8940ac516846b1e79e15ed3b5884,2b84f1e0-8d37-5f6d-a8f7-769f68693a50
7da21bf0aae4a52359dbdd59f1dd526b,2b84f1e0-8d37-5f6d-a8f7-769f68693a50
84ad9575b00623f414f8701dee8ac773,2b84f1e0-8d37-5f6d-a8f7-769f68693a50
225b7e65b17aaa142ed2dfc1768141ea,2b84f1e0-8d37-5f6d-a8f7-769f68693a50
2424e1ffdc2173cb5a9cf53f6869dd65,2b84f1e0-8d37-5f6d-a8f7-769f68693a50
61aac98815e064355bc5ffc6288b8a18,2b84f1e0-8d37-5f6d-a8f7-769f68693a50
14155806599b18f082a5b4d888c24d80,2b84f1e0-8d37-5f6d-a8f7-769f68693a50
7fe0604a1d60ca81b7f7436506fc53ab,2b84f1e0-8d37-5f6d-a8f7-769f68693a50
13c8844e36c1e8748f9a813184064032,2b84f1e0-8d37-5f6d-a8f7-769f68693a50
b918410508a71b865241f14be2c8dbb0,2b84f1e0-8d37-5f6d-a8f7-769f68693a50
8ae3c17ba40d7498982813fe9fb018b9,2b84f1e0-8d37-5f6d-a8f7-769f68693a50
418685dafe5f2a2dc919d86977800f98,2b84f1e0-8d37-5f6d-a8f7-769f68693a50
2656e89b2fcc077f951f0ffd874a7822,2b84f1e0-8d37-5f6d-a8f7-769f68693a50
1b27b83bcdd776320d02e15f5fef1aba,2b84f1e0-8d37-5f6d-a8f7-769f68693a50
57e54de5d65cff336c2e014f6bd64242,2b84f1e0-8d37-5f6d-a8f7-769f68693a50
ea66e997e0d3318968cda0c22fc0e6a4,2b84f1e0-8d37-5f6d-a8f7-769f68693a50
77f4f7ebc4f8820f4c6e17652b5eea3a,2b84f1e0-8d37-5f6d-a8f7-769f68693a50
f0cd1d21e9e002d72b9d94c8a1d0a114,2b84f1e0-8d37-5f6d-a8f7-769f68693a50
69bf929e501b51bd6a66bf89b52eace5,2b84f1e0-8d37-5f6d-a8f7-769f68693a50
feebc4e6e379f65bca22cb11497f0ddf,2b84f1e0-8d37-5f6d-a8f7-769f68693a50
4297b42c94b57297ab20fd1cd4630e71,2b84f1e0-8d37-5f6d-a8f7-769f68693a50
c17efd02912aca202be47c71d3faf856,2b84f1e0-8d37-5f6d-a8f7-769f68693a50
052b0e4734552d266f77850e7762bb42,2b84f1e0-8d37-5f6d-a8f7-769f68693a50
26787d0a27dbf6fe319a40888b94b77d,2b84f1e0-8d37-5f6d-a8f7-769f68693a50
d67865d625058886e4a1d5eb4262efcd,2b84f1e0-8d37-5f6d-a8f7-769f68693a50
6f3f62acb423cc3f07f570b3ac50ce08,2b84f1e0-8d37-5f6d-a8f7-769f68693a50
735bc7c49a1f0808bc60d543cb5207ae,2b84f1e0-8d37-5f6d-a8f7-769f68693a50
e6e32668b6a83556a44aa09b76eec230,2b84f1e0-8d37-5f6d-a8f7-769f68693a50
28d6e8e9432c5e6db13ac53411db60cb,2b84f1e0-8d37-5f6d-a8f7-769f68693a50
d2e0eea5c5739f7e0e0c571d77f2ebad,2b84f1e0-8d37-5f6d-a8f7-769f68693a50
42be37721c12454b1cf0c532e4e43e2b,2b84f1e0-8d37-5f6d-a8f7-769f68693a50
04649cabca5e1df7d6b99751acb1b7cf,2b84f1e0-8d37-5f6d-a8f7-769f68693a50
fc78c156ca7be5ad00785c14e863d417,2b84f1e0-8d37-5f6d-a8f7-769f68693a50
4c8eaa6492be6df38e0e906732955825,2b84f1e0-8d37-5f6d-a8f7-769f68693a50
e56e622330570148e6af6ce32c19b1ce,2b84f1e0-8d37-5f6d-a8f7-769f68693a50
82ed4aa36655d0aada8b06a30d1fa8bd,2b84f1e0-8d37-5f6d-a8f7-769f68693a50
888a1cc3bc731f43a01c77d64e72fd8e,2b84f1e0-8d37-5f6d-a8f7-769f68693a50
87719a15eed5b63e7edf6fb01002cddb,2b84f1e0-8d37-5f6d-a8f7-769f68693a50
c4dcd972fb5fd81a0b55bf984f135839,2b84f1e0-8d37-5f6d-a8f7-769f68693a50
f8fa9b5ee55b6027d1019e4db355e1e9,2b84f1e0-8d37-5f6d-a8f7-769f68693a50
868bfb6f6b61ac713ae6021d3e1fe996,2b84f1e0-8d37-5f6d-a8f7-769f68693a50
cdbba0265ce6a49c45585a1edf4d24f8,2b84f1e0-8d37-5f6d-a8f7-769f68693a50
c8d392a609d9e84078a9eeb88229c72d,2b84f1e0-8d37-5f6d-a8f7-769f68693a50
8a7817e93a03d01cc7cc0a1f0181ff19,2b84f1e0-8d37-5f6d-a8f7-769f68693a50
17bafce76cceb7f01eca032b947ce1cd,2b84f1e0-8d37-5f6d-a8f7-769f68693a50
473e3934a44e7dd52ca86838f848f05a,2b84f1e0-8d37-5f6d-a8f7-769f68693a50
f4393257538625f3b8b616580d4e15fe,2b84f1e0-8d37-5f6d-a8f7-769f68693a50
61ba6b3471194ef71b2b838cbb2e62f7,2b84f1e0-8d37-5f6d-a8f7-769f68693a50
34722e05bbbabf6ae53e4d5142a96bc0,2b84f1e0-8d37-5f6d-a8f7-769f68693a50
d037fbd93e2fc88db116e9b3b9ffc872,2b84f1e0-8d37-5f6d-a8f7-769f68693a50
0d046242674aabb7b044c3375245f16d,2b84f1e0-8d37-5f6d-a8f7-769f68693a50
fd260dd54c7999ede0ca95ca539cad49,2b84f1e0-8d37-5f6d-a8f7-769f68693a50
78a152fee83341dc674c0819308c67d0,2b84f1e0-8d37-5f6d-a8f7-769f68693a50
42fffed11c98644828a271359be12ddc,2b84f1e0-8d37-5f6d-a8f7-769f68693a50
05518e5a9dcab8a52d6b646450f9584e,2b84f1e0-8d37-5f6d-a8f7-769f68693a50
84cc4e21aadc6854dfe8bf2279cb165e,2b84f1e0-8d37-5f6d-a8f7-769f68693a50
bd3f92e5bc57ab1249f7b58a631a3c6d,2b84f1e0-8d37-5f6d-a8f7-769f68693a50
f502ab637bf47738212628c451b1fca1,2b84f1e0-8d37-5f6d-a8f7-769f68693a50
2d6468923ecfa67fdc3c8aeaa4e25df8,2b84f1e0-8d37-5f6d-a8f7-769f68693a50
54b620c2640c30a4aba5080bb55d3d48,2b84f1e0-8d37-5f6d-a8f7-769f68693a50
edb2cee335e30ece7d325a88ea6f2a60,2b84f1e0-8d37-5f6d-a8f7-769f68693a50
68b30f92e37b6ab073b41a623a8a903b,2b84f1e0-8d37-5f6d-a8f7-769f68693a50
05b90a664c79109bf344b2745aad5699,2b84f1e0-8d37-5f6d-a8f7-769f68693a50
3fcebb7d761a33f0249b22a65724a1d4,2b84f1e0-8d37-5f6d-a8f7-769f68693a50
77f6bd4e924cc828542aac63dbe2f106,2b84f1e0-8d37-5f6d-a8f7-769f68693a50
764956a25ffa971d0ff40f556f5fa019,2b84f1e0-8d37-5f6d-a8f7-769f68693a50
954f78f17cfdad80d53c28300b20f962,2b84f1e0-8d37-5f6d-a8f7-769f68693a50
a482bb1ccca54741d1c84e317a56644f,2b84f1e0-8d37-5f6d-a8f7-769f68693a50
ecbc36db713cd10054fdf1873d370a39,2b84f1e0-8d37-5f6d-a8f7-769f68693a50
ad99342dff4c174a8d03a310985c8f22,2b84f1e0-8d37-5f6d-a8f7-769f68693a50
f8c4933eca1381833f84a8605290dde0,2b84f1e0-8d37-5f6d-a8f7-769f68693a50
bde6043864d636bda9bdff2380b220c2,2b84f1e0-8d37-5f6d-a8f7-769f68693a50
93157018f75f3d54bd870c4170843e45,2b84f1e0-8d37-5f6d-a8f7-769f68693a50
b7eaba9d8172f2a63669eb4c47954b86,2b84f1e0-8d37-5f6d-a8f7-769f68693a50
9fe74f748660e9897693042175bf1bb2,2b84f1e0-8d37-5f6d-a8f7-769f68693a50
08b0f880d71555d8f8cda16008f83509,2b84f1e0-8d37-5f6d-a8f7-769f68693a50
e7a6bcb9268aa9742ea8b889342ed418,2b84f1e0-8d37-5f6d-a8f7-769f68693a50
c2affcf5f3e52cddaa0e431ec078291d,2b84f1e0-8d37-5f6d-a8f7-769f68693a50
cd20ba42c52ee764e55b28977b2b649d,2b84f1e0-8d37-5f6d-a8f7-769f68693a50
a927f0d3797c14604da18e66e6c32fbb,2b84f1e0-8d37-5f6d-a8f7-769f68693a50
96f957c98cf0af79b3e898b358fcae2b,2b84f1e0-8d37-5f6d-a8f7-769f68693a50
ed5e6542f40d2ef6c98201fba6dd22df,2b84f1e0-8d37-5f6d-a8f7-769f68693a50
8a5ea7961a59ed84e087638d964bdc0e,2b84f1e0-8d37-5f6d-a8f7-769f68693a50
987d24dc44826754d70c87c57d2c047b,2b84f1e0-8d37-5f6d-a8f7-769f68693a50
450c01bd19cc379eeb5c86f7d9e496ae,2b84f1e0-8d37-5f6d-a8f7-769f68693a50
17331501e8282c52bea23958f0083ff1,2b84f1e0-8d37-5f6d-a8f7-769f68693a50
bb08eb2d9f763b1242a08a84edc33e21,2b84f1e0-8d37-5f6d-a8f7-769f68693a50
f337edb46b958741dd2d48ede91c61d6,2b84f1e0-8d37-5f6d-a8f7-769f68693a50
4327311b1f8163230f90c72b63aebed6,2b84f1e0-8d37-5f6d-a8f7-769f68693a50
d265857ab38958b9f64920013300980c,2b84f1e0-8d37-5f6d-a8f7-769f68693a50
1dc02f7eca0453f1db3f837764c36884,2b84f1e0-8d37-5f6d-a8f7-769f68693a50
62c7f8c3c931baf41dd13dcee9caeead,2b84f1e0-8d37-5f6d-a8f7-769f68693a50
0dd8a72529251d2bf6a4af31b5826a51,2b84f1e0-8d37-5f6d-a8f7-769f68693a50
64f371a9f6131ab759fa1cfa90727ce7,2b84f1e0-8d37-5f6d-a8f7-769f68693a50
70e552fe99845f042ebcf28c696ce358,2b84f1e0-8d37-5f6d-a8f7-769f68693a50
8e315327afdf765001957a48770116da,2b84f1e0-8d37-5f6d-a8f7-769f68693a50
e29dc633f153d3d97c92bdbcd2bc40c8,2b84f1e0-8d37-5f6d-a8f7-769f68693a50
05a09adb48dc5067fdddab71fa1d5305,2b84f1e0-8d37-5f6d-a8f7-769f68693a50
ed5cc599bc04b106a1e0833b749ca27f,2b84f1e0-8d37-5f6d-a8f7-769f68693a50
6c9785a6efb9cc18ca880dd435ef0b3b,2b84f1e0-8d37-5f6d-a8f7-769f68693a50
1993e1e42604f0a10595e176cec30978,2b84f1e0-8d37-5f6d-a8f7-769f68693a50
65a12231068b65fd2d3e5c321f1795b7,2b84f1e0-8d37-5f6d-a8f7-769f68693a50
c42dacf0231109cb198de83a64c18045,2b84f1e0-8d37-5f6d-a8f7-769f68693a50
f125cf62c6f5e7eabecbea98a81c7af1,2b84f1e0-8d37-5f6d-a8f7-769f68693a50
e112662c63bc7f4e811df11f9b979bb0,2b84f1e0-8d37-5f6d-a8f7-769f68693a50
33fb3a8072a8e8b60353960adfe3873a,2b84f1e0-8d37-5f6d-a8f7-769f68693a50
21b36a55572117a7a76e79165be90763,2b84f1e0-8d37-5f6d-a8f7-769f68693a50
3c0c0546c29a140b73f519c6b4d74156,2b84f1e0-8d37-5f6d-a8f7-769f68693a50
f588df753ebb83fa57d54ddfc4605e6b,2b84f1e0-8d37-5f6d-a8f7-769f68693a50
e179e41aa7fbed595280412cbb2a9186,2b84f1e0-8d37-5f6d-a8f7-769f68693a50
9b3c58a27fe4df3f79e23e05761f8ec2,2b84f1e0-8d37-5f6d-a8f7-769f68693a50
9f6d5d7877a264dd5658e4d6a2ccaea1,2b84f1e0-8d37-5f6d-a8f7-769f68693a50
15fbfb4924db5fc91116e029e574db23,2b84f1e0-8d37-5f6d-a8f7-769f68693a50
b10b94ed9d90094fe05d3b4e0f80e92e,2b84f1e0-8d37-5f6d-a8f7-769f68693a50
c4bdf6a22b25a5891c3ad41237fe787f,2b84f1e0-8d37-5f6d-a8f7-769f68693a50
8b3e7094a0fe2c2d94ef9097a0f1be1b,2b84f1e0-8d37-5f6d-a8f7-769f68693a50
e5ee5dddb45c799c37c514c80eba2f44,2b84f1e0-8d37-5f6d-a8f7-769f68693a50
26f9b5886f74d826c5ec1bb8339abe3f,2b84f1e0-8d37-5f6d-a8f7-769f68693a50
c22d911180cbcf02d2b409c41ec60cbf,2b84f1e0-8d37-5f6d-a8f7-769f68693a50
4a713b0d18c873997428b15c7f24644c,2b84f1e0-8d37-5f6d-a8f7-769f68693a50
3ebfb5ae1ecc6bd96bedf6fe6ff78b32,2b84f1e0-8d37-5f6d-a8f7-769f68693a50
aa3ca7fb69972b0da9154d465bbc27e6,9afd89af-11dd-50c7-ba3d-5649e1cdabc9
3332b089f170f00a8d4649a10224935c,9afd89af-11dd-50c7-ba3d-5649e1cdabc9
fdd74b16d91ee30f209098c8d772a7dc,9afd89af-11dd-50c7-ba3d-5649e1cdabc9
70f50266692816762905515cbb7eb620,9afd89af-11dd-50c7-ba3d-5649e1cdabc9
f610cb01da77f7c0df77b32536009b5d,9afd89af-11dd-50c7-ba3d-5649e1cdabc9
cb27f6e6522023f853b6bcf72770c728,9afd89af-11dd-50c7-ba3d-5649e1cdabc9
2d30e457b1d761b8c0a45e8ae0ed9955,9afd89af-11dd-50c7-ba3d-5649e1cdabc9
6212f6213c2dcea5eee5a0f57e006efb,9afd89af-11dd-50c7-ba3d-5649e1cdabc9
397979599900b22cb3d58ee47ef5fddf,9afd89af-11dd-50c7-ba3d-5649e1cdabc9
f62cffe21cd2f06279f41ba324d3ebb6,9afd89af-11dd-50c7-ba3d-5649e1cdabc9
b113524809025f79cda78a60732a3753,9afd89af-11dd-50c7-ba3d-5649e1cdabc9
c3de54f11a75c3f206e21d7d74a4594f,9afd89af-11dd-50c7-ba3d-5649e1cdabc9
55f21d391e8da282f7c8216dac9b9dbb,9afd89af-11dd-50c7-ba3d-5649e1cdabc9
ea341a5309fb9835dd83beceadfb7766,9afd89af-11dd-50c7-ba3d-5649e1cdabc9
f67828d921a9357a908a591e55eca9bd,9afd89af-11dd-50c7-ba3d-5649e1cdabc9
a912d04474a782a686c8f23e7e6f23b6,9afd89af-11dd-50c7-ba3d-5649e1cdabc9
2deabe5ebb02d32dbf1882b05bb60583,9afd89af-11dd-50c7-ba3d-5649e1cdabc9
9a273d1665cdab925010e499f1d48e26,9afd89af-11dd-50c7-ba3d-5649e1cdabc9
92ad95c1b35079d48484ed362aae4009,9afd89af-11dd-50c7-ba3d-5649e1cdabc9
64ff33da88cc6e0f74cae3c75f3d1cc1,9afd89af-11dd-50c7-ba3d-5649e1cdabc9
27fb3c7f4f67dac96a976354eeb615a3,9afd89af-11dd-50c7-ba3d-5649e1cdabc9
7996373979388dba68b470cd32957763,9afd89af-11dd-50c7-ba3d-5649e1cdabc9
2bd7bcd8fb0c8e3d9c9e2cb4ba4a8bd2,9afd89af-11dd-50c7-ba3d-5649e1cdabc9
5c0940f52f4ee2ed70eabb5e3d393538,9afd89af-11dd-50c7-ba3d-5649e1cdabc9
fb57619dea37bb33bd0daaa7779cb76e,9afd89af-11dd-50c7-ba3d-5649e1cdabc9
c49b0b105d422a94fead48f43954a4db,9afd89af-11dd-50c7-ba3d-5649e1cdabc9
9c5cf2314fad51b908e43e7c447f342b,9afd89af-11dd-50c7-ba3d-5649e1cdabc9
b9112fea037cc0de7f2500ddd5b57309,9afd89af-11dd-50c7-ba3d-5649e1cdabc9
44ac2277e8bb951c03970c92c6f0688a,9afd89af-11dd-50c7-ba3d-5649e1cdabc9
0f0cc8806284279d2d99b919518819f7,9afd89af-11dd-50c7-ba3d-5649e1cdabc9
4091f4360c0e826e18ae7f53306e74f0,9afd89af-11dd-50c7-ba3d-5649e1cdabc9
7e4cdb2a5945c64738980d9dbd9a416b,9afd89af-11dd-50c7-ba3d-5649e1cdabc9
bec9206921b8959bec5bc3b229a8ca82,9afd89af-11dd-50c7-ba3d-5649e1cdabc9
bd3659637e0430604d2f3b885965bb2d,9afd89af-11dd-50c7-ba3d-5649e1cdabc9
680b00aaf01e1a8c43dc4d7661186da9,9afd89af-11dd-50c7-ba3d-5649e1cdabc9
1f65b1adf49584e8747e5e54452bd7f2,9afd89af-11dd-50c7-ba3d-5649e1cdabc9
0b648fa62c6a95eb539fbc2d14f457e4,9afd89af-11dd-50c7-ba3d-5649e1cdabc9
789acfdaa0dd85b4ca90fd19c773bd92,9afd89af-11dd-50c7-ba3d-5649e1cdabc9
f00587fc6bd63024e8c7873178de0dbc,9afd89af-11dd-50c7-ba3d-5649e1cdabc9
019d6732936da59915704b3a6b6e855e,9afd89af-11dd-50c7-ba3d-5649e1cdabc9
c54138651bb0a37cee5014392866a4bc,9afd89af-11dd-50c7-ba3d-5649e1cdabc9
cc2369e584be946129e9ccc8f79f004d,9afd89af-11dd-50c7-ba3d-5649e1cdabc9
f14cdd4a575d3eb8423fe7349a0207ec,9afd89af-11dd-50c7-ba3d-5649e1cdabc9
d2ca085717e4cce8b2bc04a52392399e,9afd89af-11dd-50c7-ba3d-5649e1cdabc9
475cea67f2b7b33c5c2700d75949a0df,9afd89af-11dd-50c7-ba3d-5649e1cdabc9
43091ec6d79f9eb8e6e240d8d0643ea2,9afd89af-11dd-50c7-ba3d-5649e1cdabc9
123297c461b63752f60bdd1e3eeff53b,9afd89af-11dd-50c7-ba3d-5649e1cdabc9
db0923893cebe7adf380ded42d2ee188,9afd89af-11dd-50c7-ba3d-5649e1cdabc9
85889674756c1d356e0ad2623b8321ae,9afd89af-11dd-50c7-ba3d-5649e1cdabc9
be78e1959aa11f070e9b0d466f27e82b,9afd89af-11dd-50c7-ba3d-5649e1cdabc9
666ead3e20205ace337ff6761bb4bc7c,9afd89af-11dd-50c7-ba3d-5649e1cdabc9
638a22bd45862b10fa0bb3e32d7edb67,9afd89af-11dd-50c7-ba3d-5649e1cdabc9
89536634db64862366b39afa6a1e7c66,9afd89af-11dd-50c7-ba3d-5649e1cdabc9
9e9129bb16b361cb9a21da4ae13eb464,9afd89af-11dd-50c7-ba3d-5649e1cdabc9
ad81d4bf0e88fa29ba0ef2250a11e357,9afd89af-11dd-50c7-ba3d-5649e1cdabc9
ac076fb5eac578bb8d8a43683e204de5,9afd89af-11dd-50c7-ba3d-5649e1cdabc9
487f4f07e5fe53d001072b9c272e9932,9afd89af-11dd-50c7-ba3d-5649e1cdabc9
2d7d12b4287d7ff5bfc3f879141ffbe6,9afd89af-11dd-50c7-ba3d-5649e1cdabc9
91dceb49978892850ada26132045ea19,9afd89af-11dd-50c7-ba3d-5649e1cdabc9
07fec2121a6eaf2386978a6f1368c8c0,9afd89af-11dd-50c7-ba3d-5649e1cdabc9
3a87cefe0bf633862cc0ea1eb1e7eb5b,9afd89af-11dd-50c7-ba3d-5649e1cdabc9
13eba30919a84ce4804530fe9e4e4d16,9afd89af-11dd-50c7-ba3d-5649e1cdabc9
87cf3d25375e7437d93019d16fd00dd5,9afd89af-11dd-50c7-ba3d-5649e1cdabc9
217aa9eefcc222c725b20fc4ed106528,9afd89af-11dd-50c7-ba3d-5649e1cdabc9
d2d4b1dd2235c9589bfa89f1380fba9e,9afd89af-11dd-50c7-ba3d-5649e1cdabc9
6a5d36ed657ca74fa9e9a3983cad2468,9afd89af-11dd-50c7-ba3d-5649e1cdabc9
f3d397677af5df031522b91605bae912,9afd89af-11dd-50c7-ba3d-5649e1cdabc9
361c9511efb40b1728aa2f42dce59b22,9afd89af-11dd-50c7-ba3d-5649e1cdabc9
5b82e3e2a8bc688106e826ed70b072e8,9afd89af-11dd-50c7-ba3d-5649e1cdabc9
93474a0e035c535d9e403cc048d2d917,9afd89af-11dd-50c7-ba3d-5649e1cdabc9
1737677a05092237a87d9d1ec5ce934d,9afd89af-11dd-50c7-ba3d-5649e1cdabc9
5b62741e9560119d07e6b34c50eed06d,9afd89af-11dd-50c7-ba3d-5649e1cdabc9
7b09389186c84c7193958015dcc04125,9afd89af-11dd-50c7-ba3d-5649e1cdabc9
4c2583b8cf1b8c672d00cae36dc1e077,9afd89af-11dd-50c7-ba3d-5649e1cdabc9
d0018e6586cf071bef64ce68b0ebc70d,9afd89af-11dd-50c7-ba3d-5649e1cdabc9
5bdaf6df81cb380e57116afef0ecdc65,9afd89af-11dd-50c7-ba3d-5649e1cdabc9
e3eb1a404a422754382b5ce7014a3219,9afd89af-11dd-50c7-ba3d-5649e1cdabc9
1465421e94286d06eaafd245d13796fe,9afd89af-11dd-50c7-ba3d-5649e1cdabc9
d38a555c5ef1983aec3fba9257a1fbc7,9afd89af-11dd-50c7-ba3d-5649e1cdabc9
b2474256d51cba6fd490a01e008a001d,9afd89af-11dd-50c7-ba3d-5649e1cdabc9
014b1a8f8d06836af56a286ef419ebce,9afd89af-11dd-50c7-ba3d-5649e1cdabc9
630752d2a29e33a7597383897f128bba,9afd89af-11dd-50c7-ba3d-5649e1cdabc9
afec1aae0a969e5c19c4e099670c6ce0,9afd89af-11dd-50c7-ba3d-5649e1cdabc9
96659153d78632d034cd1ed375786b43,9afd89af-11dd-50c7-ba3d-5649e1cdabc9
3099265f8e7cf7fe147b3968401a9b40,9afd89af-11dd-50c7-ba3d-5649e1cdabc9
92c4532b7bdda0f2a3057fe873af2b65,9afd89af-11dd-50c7-ba3d-5649e1cdabc9
52b28e0e44fcb4377117db6b51190e7f,9afd89af-11dd-50c7-ba3d-5649e1cdabc9
79e3429dfdc73dcc5b33e0c6c9449618,9afd89af-11dd-50c7-ba3d-5649e1cdabc9
2d18fddf0226aeec679c62fc006c0a9c,9afd89af-11dd-50c7-ba3d-5649e1cdabc9
9eedaba6c117e03656c4a30c00b76f97,9afd89af-11dd-50c7-ba3d-5649e1cdabc9
1dc9037f624476aaf1ed3ea941eabff1,9afd89af-11dd-50c7-ba3d-5649e1cdabc9
3e6a84a544b4007dabbbbb4c3885c23e,9afd89af-11dd-50c7-ba3d-5649e1cdabc9
9827e3fbf0af74f93f3e3ae861ab5346,9afd89af-11dd-50c7-ba3d-5649e1cdabc9
8c6b502fbf58357d98a4cb30468f97a1,9afd89af-11dd-50c7-ba3d-5649e1cdabc9
2b30592a6f6bf4de40c8a5a1d022d1bf,9afd89af-11dd-50c7-ba3d-5649e1cdabc9
6059f60a15f37f767ca2c76206a7262b,9afd89af-11dd-50c7-ba3d-5649e1cdabc9
b6a300cec60f46b7a177812f50cd60e1,9afd89af-11dd-50c7-ba3d-5649e1cdabc9
d303be1a120552d6760115aa6fa2c22c,9afd89af-11dd-50c7-ba3d-5649e1cdabc9
a72466b830cd62db8819adbd2670c8a1,9afd89af-11dd-50c7-ba3d-5649e1cdabc9
a4a8130244a3b4e7b42928f9064b9bf1,9afd89af-11dd-50c7-ba3d-5649e1cdabc9
970fb637cf46f2718db8b729144ad421,9afd89af-11dd-50c7-ba3d-5649e1cdabc9
13c173ae459da55314e0178ba2eb815e,9afd89af-11dd-50c7-ba3d-5649e1cdabc9
937e76b0c5e35812f6254cf8202279a7,9afd89af-11dd-50c7-ba3d-5649e1cdabc9
c25712e34a964d3a735c7e615b7c982c,9afd89af-11dd-50c7-ba3d-5649e1cdabc9
ac34e5d62ab335b07193e78491667777,9afd89af-11dd-50c7-ba3d-5649e1cdabc9
01b8f7fa8319a0427e72dffb92385441,9afd89af-11dd-50c7-ba3d-5649e1cdabc9
d9f7296fd9f612141d70b42f64b99dce,9afd89af-11dd-50c7-ba3d-5649e1cdabc9
12a417ba84a8c2d499ca81349f99c13e,9afd89af-11dd-50c7-ba3d-5649e1cdabc9
a869dee6f9be77653b417726a196ccb7,9afd89af-11dd-50c7-ba3d-5649e1cdabc9
124a355f901ba0f15c5373c987a28017,9afd89af-11dd-50c7-ba3d-5649e1cdabc9
3067c1866e21bc98f65030d3e4db1d90,9afd89af-11dd-50c7-ba3d-5649e1cdabc9
82ec6cbe2b7f96dedef0dbe1487a749b,9afd89af-11dd-50c7-ba3d-5649e1cdabc9
5457623410f1ab3921886490415b9f9b,9afd89af-11dd-50c7-ba3d-5649e1cdabc9
11b947c02b6c8cb199def8d1a19cef37,9afd89af-11dd-50c7-ba3d-5649e1cdabc9
36f09bf9ad615b5fb38896cc7b2bb13d,9afd89af-11dd-50c7-ba3d-5649e1cdabc9
