2026-07-27 00:52:00,masaomi346,domain,ooosn.top,#phishing,https://x.com/masaomi346/status/2081543335966347395
2026-07-27 00:52:00,masaomi346,url,https://ooosn.top/PovamROI/,#phishing,https://x.com/masaomi346/status/2081543335966347395
2026-07-27 01:45:00,romonlyht,domain,bioevhealthcare.com,#phishing,https://x.com/romonlyht/status/2081556616793747848
2026-07-27 01:45:00,romonlyht,url,https://bioevhealthcare.com/x1wJeP?uid=aaaa@example.jp,#phishing,https://x.com/romonlyht/status/2081556616793747848
2026-07-27 01:45:00,romonlyht,ip,202.69.74.130,#phishing,https://x.com/romonlyht/status/2081556616793747848
2026-07-27 01:45:00,romonlyht,url,https://bioevhealthcare.com/x1wJeP/?uid=aaaa@example.jp,#phishing,https://x.com/romonlyht/status/2081556619054469498
2026-07-27 01:45:00,romonlyht,url,https://bioevhealthcare.com/x1wJeP/fibber.php,#phishing,https://x.com/romonlyht/status/2081556619054469498
2026-07-27 01:55:00,skocherhan,domain,osteels.com,#phishing,https://x.com/skocherhan/status/2081559036516802562
2026-07-27 01:55:00,skocherhan,url,http://osteels.com,#phishing,https://x.com/skocherhan/status/2081559036516802562
2026-07-27 01:55:00,skocherhan,domain,exuhmvefs.com,#phishing,https://x.com/skocherhan/status/2081559036516802562
2026-07-27 01:55:00,skocherhan,url,http://exuhmvefs.com,#phishing,https://x.com/skocherhan/status/2081559036516802562
2026-07-27 01:55:00,skocherhan,domain,cydww.com,#phishing,https://x.com/skocherhan/status/2081559036516802562
2026-07-27 01:55:00,skocherhan,url,http://cydww.com,#phishing,https://x.com/skocherhan/status/2081559036516802562
2026-07-27 01:55:00,skocherhan,domain,yhcxgh.com,#phishing,https://x.com/skocherhan/status/2081559036516802562
2026-07-27 01:55:00,skocherhan,url,http://yhcxgh.com,#phishing,https://x.com/skocherhan/status/2081559036516802562
2026-07-27 01:55:00,skocherhan,domain,hhedh.com,#phishing,https://x.com/skocherhan/status/2081559036516802562
2026-07-27 01:55:00,skocherhan,url,http://hhedh.com,#phishing,https://x.com/skocherhan/status/2081559036516802562
2026-07-27 01:55:00,skocherhan,domain,chjsgc.com,#phishing,https://x.com/skocherhan/status/2081559036516802562
2026-07-27 01:55:00,skocherhan,url,http://chjsgc.com,#phishing,https://x.com/skocherhan/status/2081559036516802562
2026-07-27 01:55:00,romonlyht,domain,ljbss.com,#phishing,https://x.com/romonlyht/status/2080530740153024563
2026-07-27 01:55:00,romonlyht,url,https://ljbss.com/IJcmdLAg/,#phishing,https://x.com/romonlyht/status/2080530740153024563
2026-07-27 01:55:00,romonlyht,ip,8.211.153.128,#phishing,https://x.com/romonlyht/status/2080530740153024563
2026-07-27 03:07:00,RussianPanda9xx,url,http://176.65.148.145,,https://x.com/RussianPanda9xx/status/2081577120657006724
2026-07-27 03:07:00,RussianPanda9xx,domain,api.purecoder.io,,https://x.com/RussianPanda9xx/status/2081577120657006724
2026-07-27 03:07:00,RussianPanda9xx,url,http://api.purecoder.io,,https://x.com/RussianPanda9xx/status/2081577120657006724
2026-07-27 03:07:00,RussianPanda9xx,ip,176.65.148.145,,https://x.com/RussianPanda9xx/status/2081577120657006724
2026-07-27 04:33:00,tial_cl,domain,appleid.im,#phishing,https://x.com/tial_cl/status/2081598767409647929
2026-07-27 04:33:00,tial_cl,url,http://appleid.im,#phishing,https://x.com/tial_cl/status/2081598767409647929
2026-07-27 04:33:00,tial_cl,domain,apple-localizacion.es,#phishing,https://x.com/tial_cl/status/2081598767409647929
2026-07-27 04:33:00,tial_cl,url,http://apple-localizacion.es,#phishing,https://x.com/tial_cl/status/2081598767409647929
2026-07-27 04:33:00,tial_cl,domain,applesupport.cc,#phishing,https://x.com/tial_cl/status/2081598767409647929
2026-07-27 04:33:00,tial_cl,url,http://applesupport.cc,#phishing,https://x.com/tial_cl/status/2081598767409647929
2026-07-27 04:33:00,tial_cl,domain,applesupportphonenumber.co,#phishing,https://x.com/tial_cl/status/2081598767409647929
2026-07-27 04:33:00,tial_cl,url,http://applesupportphonenumber.co,#phishing,https://x.com/tial_cl/status/2081598767409647929
2026-07-27 04:33:00,tial_cl,domain,icloud-findmy.co,#phishing,https://x.com/tial_cl/status/2081598767409647929
2026-07-27 04:33:00,tial_cl,url,http://icloud-findmy.co,#phishing,https://x.com/tial_cl/status/2081598767409647929
2026-07-27 04:33:00,tial_cl,domain,icloudfind.support,#phishing,https://x.com/tial_cl/status/2081598767409647929
2026-07-27 04:33:00,tial_cl,url,http://icloudfind.support,#phishing,https://x.com/tial_cl/status/2081598767409647929
2026-07-27 04:33:00,tial_cl,domain,icloudfindmy.app,#phishing,https://x.com/tial_cl/status/2081598767409647929
2026-07-27 04:33:00,tial_cl,url,http://icloudfindmy.app,#phishing,https://x.com/tial_cl/status/2081598767409647929
2026-07-27 04:33:00,tial_cl,domain,soporte-apple.es,#phishing,https://x.com/tial_cl/status/2081598767409647929
2026-07-27 04:33:00,tial_cl,url,http://soporte-apple.es,#phishing,https://x.com/tial_cl/status/2081598767409647929
2026-07-27 04:33:00,tial_cl,domain,tiktokshop.date,#phishing,https://x.com/tial_cl/status/2081598767409647929
2026-07-27 04:33:00,tial_cl,url,http://tiktokshop.date,#phishing,https://x.com/tial_cl/status/2081598767409647929
2026-07-27 04:33:00,tial_cl,domain,tiktokshop.diy,#phishing,https://x.com/tial_cl/status/2081598767409647929
2026-07-27 04:33:00,tial_cl,url,http://tiktokshop.diy,#phishing,https://x.com/tial_cl/status/2081598767409647929
2026-07-27 04:33:00,tial_cl,domain,tiktokshop.help,#phishing,https://x.com/tial_cl/status/2081598767409647929
2026-07-27 04:33:00,tial_cl,url,http://tiktokshop.help,#phishing,https://x.com/tial_cl/status/2081598767409647929
2026-07-27 04:33:00,tial_cl,domain,tiktokshop.qpon,#phishing,https://x.com/tial_cl/status/2081598767409647929
2026-07-27 04:33:00,tial_cl,url,http://tiktokshop.qpon,#phishing,https://x.com/tial_cl/status/2081598767409647929
2026-07-27 04:33:00,tial_cl,domain,tiktok102.com,#phishing,https://x.com/tial_cl/status/2081598767409647929
2026-07-27 04:33:00,tial_cl,url,http://tiktok102.com,#phishing,https://x.com/tial_cl/status/2081598767409647929
2026-07-27 04:33:00,tial_cl,domain,chubbfs-alerts.com,#phishing,https://x.com/tial_cl/status/2081598767409647929
2026-07-27 04:33:00,tial_cl,url,http://chubbfs-alerts.com,#phishing,https://x.com/tial_cl/status/2081598767409647929
2026-07-27 04:33:00,tial_cl,domain,chubbfs-portal.com,#phishing,https://x.com/tial_cl/status/2081598767409647929
2026-07-27 04:33:00,tial_cl,url,http://chubbfs-portal.com,#phishing,https://x.com/tial_cl/status/2081598767409647929
2026-07-27 04:33:00,tial_cl,domain,chubbfs-secure.com,#phishing,https://x.com/tial_cl/status/2081598767409647929
2026-07-27 04:33:00,tial_cl,url,http://chubbfs-secure.com,#phishing,https://x.com/tial_cl/status/2081598767409647929
2026-07-27 04:33:00,tial_cl,domain,731892-binance.com,#phishing,https://x.com/tial_cl/status/2081598767409647929
2026-07-27 04:33:00,tial_cl,url,http://731892-binance.com,#phishing,https://x.com/tial_cl/status/2081598767409647929
2026-07-27 04:33:00,tial_cl,domain,82391-coinbase.com,#phishing,https://x.com/tial_cl/status/2081598767409647929
2026-07-27 04:33:00,tial_cl,url,http://82391-coinbase.com,#phishing,https://x.com/tial_cl/status/2081598767409647929
2026-07-27 04:33:00,tial_cl,domain,938513-binance.com,#phishing,https://x.com/tial_cl/status/2081598767409647929
2026-07-27 04:33:00,tial_cl,url,http://938513-binance.com,#phishing,https://x.com/tial_cl/status/2081598767409647929
2026-07-27 04:33:00,tial_cl,domain,authenticate-scotiabank.com,#phishing,https://x.com/tial_cl/status/2081598767409647929
2026-07-27 04:33:00,tial_cl,url,http://authenticate-scotiabank.com,#phishing,https://x.com/tial_cl/status/2081598767409647929
2026-07-27 04:33:00,tial_cl,domain,scotiabank-myverification.com,#phishing,https://x.com/tial_cl/status/2081598767409647929
2026-07-27 04:33:00,tial_cl,url,http://scotiabank-myverification.com,#phishing,https://x.com/tial_cl/status/2081598767409647929
2026-07-27 04:33:00,tial_cl,domain,scotiaonline-websecurity.com,#phishing,https://x.com/tial_cl/status/2081598767409647929
2026-07-27 04:33:00,tial_cl,url,http://scotiaonline-websecurity.com,#phishing,https://x.com/tial_cl/status/2081598767409647929
2026-07-27 04:33:00,tial_cl,domain,amazon-refund.cc,#phishing,https://x.com/tial_cl/status/2081598767409647929
2026-07-27 04:33:00,tial_cl,url,http://amazon-refund.cc,#phishing,https://x.com/tial_cl/status/2081598767409647929
2026-07-27 04:33:00,tial_cl,domain,amazon-tax.com,#phishing,https://x.com/tial_cl/status/2081598767409647929
2026-07-27 04:33:00,tial_cl,url,http://amazon-tax.com,#phishing,https://x.com/tial_cl/status/2081598767409647929
2026-07-27 04:33:00,tial_cl,domain,bbvalim.mom,#phishing,https://x.com/tial_cl/status/2081598767409647929
2026-07-27 04:33:00,tial_cl,url,http://bbvalim.mom,#phishing,https://x.com/tial_cl/status/2081598767409647929
2026-07-27 04:33:00,tial_cl,domain,bbvalim.qpon,#phishing,https://x.com/tial_cl/status/2081598767409647929
2026-07-27 04:33:00,tial_cl,url,http://bbvalim.qpon,#phishing,https://x.com/tial_cl/status/2081598767409647929
2026-07-27 04:33:00,tial_cl,domain,dropbox-configsync.com,#phishing,https://x.com/tial_cl/status/2081598767409647929
2026-07-27 04:33:00,tial_cl,url,http://dropbox-configsync.com,#phishing,https://x.com/tial_cl/status/2081598767409647929
2026-07-27 04:33:00,tial_cl,domain,dropbx.de,#phishing,https://x.com/tial_cl/status/2081598767409647929
2026-07-27 04:33:00,tial_cl,url,http://dropbx.de,#phishing,https://x.com/tial_cl/status/2081598767409647929
2026-07-27 04:33:00,tial_cl,domain,premiosinstagram.app,#phishing,https://x.com/tial_cl/status/2081598767409647929
2026-07-27 04:33:00,tial_cl,url,http://premiosinstagram.app,#phishing,https://x.com/tial_cl/status/2081598767409647929
2026-07-27 04:33:00,tial_cl,domain,security-checks-instagram.com,#phishing,https://x.com/tial_cl/status/2081598767409647929
2026-07-27 04:33:00,tial_cl,url,http://security-checks-instagram.com,#phishing,https://x.com/tial_cl/status/2081598767409647929
2026-07-27 04:33:00,tial_cl,domain,mcafeeactivate.me,#phishing,https://x.com/tial_cl/status/2081598767409647929
2026-07-27 04:33:00,tial_cl,url,http://mcafeeactivate.me,#phishing,https://x.com/tial_cl/status/2081598767409647929
2026-07-27 04:33:00,tial_cl,domain,wwwmcafeecomactivate.co,#phishing,https://x.com/tial_cl/status/2081598767409647929
2026-07-27 04:33:00,tial_cl,url,http://wwwmcafeecomactivate.co,#phishing,https://x.com/tial_cl/status/2081598767409647929
2026-07-27 04:33:00,tial_cl,domain,about-whtsapp.cam,#phishing,https://x.com/tial_cl/status/2081598767409647929
2026-07-27 04:33:00,tial_cl,url,http://about-whtsapp.cam,#phishing,https://x.com/tial_cl/status/2081598767409647929
2026-07-27 04:33:00,tial_cl,domain,whatsappp.cn,#phishing,https://x.com/tial_cl/status/2081598767409647929
2026-07-27 04:33:00,tial_cl,url,http://whatsappp.cn,#phishing,https://x.com/tial_cl/status/2081598767409647929
2026-07-27 04:33:00,tial_cl,domain,adobeupdate.download,#phishing,https://x.com/tial_cl/status/2081598767409647929
2026-07-27 04:33:00,tial_cl,url,http://adobeupdate.download,#phishing,https://x.com/tial_cl/status/2081598767409647929
2026-07-27 04:33:00,tial_cl,domain,bancanetempresarialbanamex.com.mx,#phishing,https://x.com/tial_cl/status/2081598767409647929
2026-07-27 04:33:00,tial_cl,url,http://bancanetempresarialbanamex.com.mx,#phishing,https://x.com/tial_cl/status/2081598767409647929
2026-07-27 04:33:00,tial_cl,domain,banore.icu,#phishing,https://x.com/tial_cl/status/2081598767409647929
2026-07-27 04:33:00,tial_cl,url,http://banore.icu,#phishing,https://x.com/tial_cl/status/2081598767409647929
2026-07-27 04:33:00,tial_cl,domain,coinbasescansecurecompliance.com,#phishing,https://x.com/tial_cl/status/2081598767409647929
2026-07-27 04:33:00,tial_cl,url,http://coinbasescansecurecompliance.com,#phishing,https://x.com/tial_cl/status/2081598767409647929
2026-07-27 04:33:00,tial_cl,domain,hsbchelpsecure.com,#phishing,https://x.com/tial_cl/status/2081598767409647929
2026-07-27 04:33:00,tial_cl,url,http://hsbchelpsecure.com,#phishing,https://x.com/tial_cl/status/2081598767409647929
2026-07-27 04:33:00,tial_cl,domain,interbak.eu,#phishing,https://x.com/tial_cl/status/2081598767409647929
2026-07-27 04:33:00,tial_cl,url,http://interbak.eu,#phishing,https://x.com/tial_cl/status/2081598767409647929
2026-07-27 04:33:00,tial_cl,domain,prestamosennequi.com,#phishing,https://x.com/tial_cl/status/2081598767409647929
2026-07-27 04:33:00,tial_cl,url,http://prestamosennequi.com,#phishing,https://x.com/tial_cl/status/2081598767409647929
2026-07-27 04:33:00,tial_cl,domain,paypalcredit.cc,#phishing,https://x.com/tial_cl/status/2081598767409647929
2026-07-27 04:33:00,tial_cl,url,http://paypalcredit.cc,#phishing,https://x.com/tial_cl/status/2081598767409647929
2026-07-27 04:33:00,tial_cl,domain,ro8lox.com,#phishing,https://x.com/tial_cl/status/2081598767409647929
2026-07-27 04:33:00,tial_cl,url,http://ro8lox.com,#phishing,https://x.com/tial_cl/status/2081598767409647929
2026-07-27 04:33:00,tial_cl,domain,telegrm.me,#phishing,https://x.com/tial_cl/status/2081598767409647929
2026-07-27 04:33:00,tial_cl,url,http://telegrm.me,#phishing,https://x.com/tial_cl/status/2081598767409647929
2026-07-27 04:33:00,tial_cl,domain,zoommeetingapp.com,#phishing,https://x.com/tial_cl/status/2081598767409647929
2026-07-27 04:33:00,tial_cl,url,http://zoommeetingapp.com,#phishing,https://x.com/tial_cl/status/2081598767409647929
2026-07-27 04:33:00,tial_cl,domain,parastesintagm.cfd,#phishing,https://x.com/tial_cl/status/2081598767409647929
2026-07-27 04:33:00,tial_cl,url,http://parastesintagm.cfd,#phishing,https://x.com/tial_cl/status/2081598767409647929
2026-07-27 04:33:00,tial_cl,domain,pasastesintagc.club,#phishing,https://x.com/tial_cl/status/2081598767409647929
2026-07-27 04:33:00,tial_cl,url,http://pasastesintagc.club,#phishing,https://x.com/tial_cl/status/2081598767409647929
2026-07-27 04:33:00,tial_cl,domain,pasastesintagc.rest,#phishing,https://x.com/tial_cl/status/2081598767409647929
2026-07-27 04:33:00,tial_cl,url,http://pasastesintagc.rest,#phishing,https://x.com/tial_cl/status/2081598767409647929
2026-07-27 04:33:00,tial_cl,domain,pasastesintago.cfd,#phishing,https://x.com/tial_cl/status/2081598767409647929
2026-07-27 04:33:00,tial_cl,url,http://pasastesintago.cfd,#phishing,https://x.com/tial_cl/status/2081598767409647929
2026-07-27 04:33:00,tial_cl,domain,pasastesintago.monster,#phishing,https://x.com/tial_cl/status/2081598767409647929
2026-07-27 04:33:00,tial_cl,url,http://pasastesintago.monster,#phishing,https://x.com/tial_cl/status/2081598767409647929
2026-07-27 04:33:00,tial_cl,domain,pasastesintago.rest,#phishing,https://x.com/tial_cl/status/2081598767409647929
2026-07-27 04:33:00,tial_cl,url,http://pasastesintago.rest,#phishing,https://x.com/tial_cl/status/2081598767409647929
2026-07-27 04:33:00,tial_cl,domain,pasastesintagu.baby,#phishing,https://x.com/tial_cl/status/2081598767409647929
2026-07-27 04:33:00,tial_cl,url,http://pasastesintagu.baby,#phishing,https://x.com/tial_cl/status/2081598767409647929
2026-07-27 04:33:00,tial_cl,domain,pasastesintagu.cfd,#phishing,https://x.com/tial_cl/status/2081598767409647929
2026-07-27 04:33:00,tial_cl,url,http://pasastesintagu.cfd,#phishing,https://x.com/tial_cl/status/2081598767409647929
2026-07-27 04:33:00,tial_cl,domain,pasastesintagu.click,#phishing,https://x.com/tial_cl/status/2081598767409647929
2026-07-27 04:33:00,tial_cl,url,http://pasastesintagu.click,#phishing,https://x.com/tial_cl/status/2081598767409647929
2026-07-27 04:33:00,tial_cl,domain,pasastesintagu.lol,#phishing,https://x.com/tial_cl/status/2081598767409647929
2026-07-27 04:33:00,tial_cl,url,http://pasastesintagu.lol,#phishing,https://x.com/tial_cl/status/2081598767409647929
2026-07-27 04:33:00,tial_cl,domain,pasastesintagu.mom,#phishing,https://x.com/tial_cl/status/2081598767409647929
2026-07-27 04:33:00,tial_cl,url,http://pasastesintagu.mom,#phishing,https://x.com/tial_cl/status/2081598767409647929
2026-07-27 04:33:00,tial_cl,domain,pasastesintagu.pics,#phishing,https://x.com/tial_cl/status/2081598767409647929
2026-07-27 04:33:00,tial_cl,url,http://pasastesintagu.pics,#phishing,https://x.com/tial_cl/status/2081598767409647929
2026-07-27 04:33:00,tial_cl,domain,pasastesintagu.quest,#phishing,https://x.com/tial_cl/status/2081598767409647929
2026-07-27 04:33:00,tial_cl,url,http://pasastesintagu.quest,#phishing,https://x.com/tial_cl/status/2081598767409647929
2026-07-27 04:33:00,tial_cl,domain,pasastesintagu.sbs,#phishing,https://x.com/tial_cl/status/2081598767409647929
2026-07-27 04:33:00,tial_cl,url,http://pasastesintagu.sbs,#phishing,https://x.com/tial_cl/status/2081598767409647929
2026-07-27 04:33:00,tial_cl,domain,pasastesintagz.baby,#phishing,https://x.com/tial_cl/status/2081598767409647929
2026-07-27 04:33:00,tial_cl,url,http://pasastesintagz.baby,#phishing,https://x.com/tial_cl/status/2081598767409647929
2026-07-27 04:33:00,tial_cl,domain,pasastesintagz.lat,#phishing,https://x.com/tial_cl/status/2081598767409647929
2026-07-27 04:33:00,tial_cl,url,http://pasastesintagz.lat,#phishing,https://x.com/tial_cl/status/2081598767409647929
2026-07-27 04:33:00,tial_cl,domain,icloud-accounts.help,#phishing,https://x.com/tial_cl/status/2081598767409647929
2026-07-27 04:33:00,tial_cl,url,http://icloud-accounts.help,#phishing,https://x.com/tial_cl/status/2081598767409647929
2026-07-27 04:33:00,tial_cl,domain,unlock-appleid.com,#phishing,https://x.com/tial_cl/status/2081598767409647929
2026-07-27 04:33:00,tial_cl,url,http://unlock-appleid.com,#phishing,https://x.com/tial_cl/status/2081598767409647929
2026-07-27 04:33:00,tial_cl,domain,usappleid.com.cn,#phishing,https://x.com/tial_cl/status/2081598767409647929
2026-07-27 04:33:00,tial_cl,url,http://usappleid.com.cn,#phishing,https://x.com/tial_cl/status/2081598767409647929
2026-07-27 04:33:00,tial_cl,domain,29578-icloud.com,#phishing,https://x.com/tial_cl/status/2081598767409647929
2026-07-27 04:33:00,tial_cl,url,http://29578-icloud.com,#phishing,https://x.com/tial_cl/status/2081598767409647929
2026-07-27 04:33:00,tial_cl,domain,apple-isupport-za.com,#phishing,https://x.com/tial_cl/status/2081598767409647929
2026-07-27 04:33:00,tial_cl,url,http://apple-isupport-za.com,#phishing,https://x.com/tial_cl/status/2081598767409647929
2026-07-27 04:33:00,tial_cl,domain,appleaccount.ir,#phishing,https://x.com/tial_cl/status/2081598767409647929
2026-07-27 04:33:00,tial_cl,url,http://appleaccount.ir,#phishing,https://x.com/tial_cl/status/2081598767409647929
2026-07-27 04:33:00,tial_cl,domain,applewcxsupport.online,#phishing,https://x.com/tial_cl/status/2081598767409647929
2026-07-27 04:33:00,tial_cl,url,http://applewcxsupport.online,#phishing,https://x.com/tial_cl/status/2081598767409647929
2026-07-27 04:33:00,tial_cl,domain,findmydevice.click,#phishing,https://x.com/tial_cl/status/2081598767409647929
2026-07-27 04:33:00,tial_cl,url,http://findmydevice.click,#phishing,https://x.com/tial_cl/status/2081598767409647929
2026-07-27 04:33:00,tial_cl,domain,findmydevice.eu,#phishing,https://x.com/tial_cl/status/2081598767409647929
2026-07-27 04:33:00,tial_cl,url,http://findmydevice.eu,#phishing,https://x.com/tial_cl/status/2081598767409647929
2026-07-27 04:33:00,tial_cl,domain,findmyidevices.online,#phishing,https://x.com/tial_cl/status/2081598767409647929
2026-07-27 04:33:00,tial_cl,url,http://findmyidevices.online,#phishing,https://x.com/tial_cl/status/2081598767409647929
2026-07-27 04:33:00,tial_cl,domain,soporteapple.co,#phishing,https://x.com/tial_cl/status/2081598767409647929
2026-07-27 04:33:00,tial_cl,url,http://soporteapple.co,#phishing,https://x.com/tial_cl/status/2081598767409647929
2026-07-27 04:33:00,tial_cl,domain,tiktokglobalstore.club,#phishing,https://x.com/tial_cl/status/2081598767409647929
2026-07-27 04:33:00,tial_cl,url,http://tiktokglobalstore.club,#phishing,https://x.com/tial_cl/status/2081598767409647929
2026-07-27 04:33:00,tial_cl,domain,tiktokshop.boats,#phishing,https://x.com/tial_cl/status/2081598767409647929
2026-07-27 04:33:00,tial_cl,url,http://tiktokshop.boats,#phishing,https://x.com/tial_cl/status/2081598767409647929
2026-07-27 04:33:00,tial_cl,domain,tiktokshop.com.cn,#phishing,https://x.com/tial_cl/status/2081598767409647929
2026-07-27 04:33:00,tial_cl,url,http://tiktokshop.com.cn,#phishing,https://x.com/tial_cl/status/2081598767409647929
2026-07-27 04:33:00,tial_cl,domain,tiktokshop.living,#phishing,https://x.com/tial_cl/status/2081598767409647929
2026-07-27 04:33:00,tial_cl,url,http://tiktokshop.living,#phishing,https://x.com/tial_cl/status/2081598767409647929
2026-07-27 04:33:00,tial_cl,domain,tiktok-tax.com,#phishing,https://x.com/tial_cl/status/2081598767409647929
2026-07-27 04:33:00,tial_cl,url,http://tiktok-tax.com,#phishing,https://x.com/tial_cl/status/2081598767409647929
2026-07-27 04:33:00,tial_cl,domain,tiktokshopping.cn,#phishing,https://x.com/tial_cl/status/2081598767409647929
2026-07-27 04:33:00,tial_cl,url,http://tiktokshopping.cn,#phishing,https://x.com/tial_cl/status/2081598767409647929
2026-07-27 04:33:00,tial_cl,domain,tiktokstore.cn,#phishing,https://x.com/tial_cl/status/2081598767409647929
2026-07-27 04:33:00,tial_cl,url,http://tiktokstore.cn,#phishing,https://x.com/tial_cl/status/2081598767409647929
2026-07-27 04:33:00,tial_cl,domain,tiktoktax.us,#phishing,https://x.com/tial_cl/status/2081598767409647929
2026-07-27 04:33:00,tial_cl,url,http://tiktoktax.us,#phishing,https://x.com/tial_cl/status/2081598767409647929
2026-07-27 04:33:00,tial_cl,domain,unique-username-whatsapp.click,#phishing,https://x.com/tial_cl/status/2081598767409647929
2026-07-27 04:33:00,tial_cl,url,http://unique-username-whatsapp.click,#phishing,https://x.com/tial_cl/status/2081598767409647929
2026-07-27 04:33:00,tial_cl,domain,wahtsapp-kr.com,#phishing,https://x.com/tial_cl/status/2081598767409647929
2026-07-27 04:33:00,tial_cl,url,http://wahtsapp-kr.com,#phishing,https://x.com/tial_cl/status/2081598767409647929
2026-07-27 04:33:00,tial_cl,domain,wahtsapp-kr.vip,#phishing,https://x.com/tial_cl/status/2081598767409647929
2026-07-27 04:33:00,tial_cl,url,http://wahtsapp-kr.vip,#phishing,https://x.com/tial_cl/status/2081598767409647929
2026-07-27 04:33:00,tial_cl,domain,webwhatsap.online,#phishing,https://x.com/tial_cl/status/2081598767409647929
2026-07-27 04:33:00,tial_cl,url,http://webwhatsap.online,#phishing,https://x.com/tial_cl/status/2081598767409647929
2026-07-27 04:33:00,tial_cl,domain,whatapp.cn,#phishing,https://x.com/tial_cl/status/2081598767409647929
2026-07-27 04:33:00,tial_cl,url,http://whatapp.cn,#phishing,https://x.com/tial_cl/status/2081598767409647929
2026-07-27 04:33:00,tial_cl,domain,whetsapp.icu,#phishing,https://x.com/tial_cl/status/2081598767409647929
2026-07-27 04:33:00,tial_cl,url,http://whetsapp.icu,#phishing,https://x.com/tial_cl/status/2081598767409647929
2026-07-27 04:33:00,tial_cl,domain,whqtsapp.icu,#phishing,https://x.com/tial_cl/status/2081598767409647929
2026-07-27 04:33:00,tial_cl,url,http://whqtsapp.icu,#phishing,https://x.com/tial_cl/status/2081598767409647929
2026-07-27 04:33:00,tial_cl,domain,whwtsapp.icu,#phishing,https://x.com/tial_cl/status/2081598767409647929
2026-07-27 04:33:00,tial_cl,url,http://whwtsapp.icu,#phishing,https://x.com/tial_cl/status/2081598767409647929
2026-07-27 04:33:00,tial_cl,domain,amazonflashpromo.com,#phishing,https://x.com/tial_cl/status/2081598767409647929
2026-07-27 04:33:00,tial_cl,url,http://amazonflashpromo.com,#phishing,https://x.com/tial_cl/status/2081598767409647929
2026-07-27 04:33:00,tial_cl,domain,amazonslots-britain.com,#phishing,https://x.com/tial_cl/status/2081598767409647929
2026-07-27 04:33:00,tial_cl,url,http://amazonslots-britain.com,#phishing,https://x.com/tial_cl/status/2081598767409647929
2026-07-27 04:33:00,tial_cl,domain,amazonslots-live.com,#phishing,https://x.com/tial_cl/status/2081598767409647929
2026-07-27 04:33:00,tial_cl,url,http://amazonslots-live.com,#phishing,https://x.com/tial_cl/status/2081598767409647929
2026-07-27 04:33:00,tial_cl,domain,amazonslots1casino.com,#phishing,https://x.com/tial_cl/status/2081598767409647929
2026-07-27 04:33:00,tial_cl,url,http://amazonslots1casino.com,#phishing,https://x.com/tial_cl/status/2081598767409647929
2026-07-27 04:33:00,tial_cl,domain,amazonslotscasino1.com,#phishing,https://x.com/tial_cl/status/2081598767409647929
2026-07-27 04:33:00,tial_cl,url,http://amazonslotscasino1.com,#phishing,https://x.com/tial_cl/status/2081598767409647929
2026-07-27 04:33:00,tial_cl,domain,amazontax.us,#phishing,https://x.com/tial_cl/status/2081598767409647929
2026-07-27 04:33:00,tial_cl,url,http://amazontax.us,#phishing,https://x.com/tial_cl/status/2081598767409647929
2026-07-27 04:33:00,tial_cl,domain,micros0ft.help,#phishing,https://x.com/tial_cl/status/2081598767409647929
2026-07-27 04:33:00,tial_cl,url,http://micros0ft.help,#phishing,https://x.com/tial_cl/status/2081598767409647929
2026-07-27 04:33:00,tial_cl,domain,micosoft.com.cn,#phishing,https://x.com/tial_cl/status/2081598767409647929
2026-07-27 04:33:00,tial_cl,url,http://micosoft.com.cn,#phishing,https://x.com/tial_cl/status/2081598767409647929
2026-07-27 04:33:00,tial_cl,domain,microscft.com.cn,#phishing,https://x.com/tial_cl/status/2081598767409647929
2026-07-27 04:33:00,tial_cl,url,http://microscft.com.cn,#phishing,https://x.com/tial_cl/status/2081598767409647929
2026-07-27 04:33:00,tial_cl,domain,mikrosoft.net,#phishing,https://x.com/tial_cl/status/2081598767409647929
2026-07-27 04:33:00,tial_cl,url,http://mikrosoft.net,#phishing,https://x.com/tial_cl/status/2081598767409647929
2026-07-27 04:33:00,tial_cl,domain,nicrosoft.store,#phishing,https://x.com/tial_cl/status/2081598767409647929
2026-07-27 04:33:00,tial_cl,url,http://nicrosoft.store,#phishing,https://x.com/tial_cl/status/2081598767409647929
2026-07-27 04:33:00,tial_cl,domain,office365support.co.za,#phishing,https://x.com/tial_cl/status/2081598767409647929
2026-07-27 04:33:00,tial_cl,url,http://office365support.co.za,#phishing,https://x.com/tial_cl/status/2081598767409647929
2026-07-27 04:33:00,tial_cl,domain,instagrab.co,#phishing,https://x.com/tial_cl/status/2081598767409647929
2026-07-27 04:33:00,tial_cl,url,http://instagrab.co,#phishing,https://x.com/tial_cl/status/2081598767409647929
2026-07-27 04:33:00,tial_cl,domain,instagran.in,#phishing,https://x.com/tial_cl/status/2081598767409647929
2026-07-27 04:33:00,tial_cl,url,http://instagran.in,#phishing,https://x.com/tial_cl/status/2081598767409647929
2026-07-27 04:33:00,tial_cl,domain,lnstagram.tv,#phishing,https://x.com/tial_cl/status/2081598767409647929
2026-07-27 04:33:00,tial_cl,url,http://lnstagram.tv,#phishing,https://x.com/tial_cl/status/2081598767409647929
2026-07-27 04:33:00,tial_cl,domain,pinstagram.co,#phishing,https://x.com/tial_cl/status/2081598767409647929
2026-07-27 04:33:00,tial_cl,url,http://pinstagram.co,#phishing,https://x.com/tial_cl/status/2081598767409647929
2026-07-27 04:33:00,tial_cl,domain,premiodoinstagram.com,#phishing,https://x.com/tial_cl/status/2081598767409647929
2026-07-27 04:33:00,tial_cl,url,http://premiodoinstagram.com,#phishing,https://x.com/tial_cl/status/2081598767409647929
2026-07-27 04:33:00,tial_cl,domain,bbvalim.buzz,#phishing,https://x.com/tial_cl/status/2081598767409647929
2026-07-27 04:33:00,tial_cl,url,http://bbvalim.buzz,#phishing,https://x.com/tial_cl/status/2081598767409647929
2026-07-27 04:33:00,tial_cl,domain,linea-bbva.com,#phishing,https://x.com/tial_cl/status/2081598767409647929
2026-07-27 04:33:00,tial_cl,url,http://linea-bbva.com,#phishing,https://x.com/tial_cl/status/2081598767409647929
2026-07-27 04:33:00,tial_cl,domain,mibbvaweb.click,#phishing,https://x.com/tial_cl/status/2081598767409647929
2026-07-27 04:33:00,tial_cl,url,http://mibbvaweb.click,#phishing,https://x.com/tial_cl/status/2081598767409647929
2026-07-27 04:33:00,tial_cl,domain,finalbooking-confirmation.homes,#phishing,https://x.com/tial_cl/status/2081598767409647929
2026-07-27 04:33:00,tial_cl,url,http://finalbooking-confirmation.homes,#phishing,https://x.com/tial_cl/status/2081598767409647929
2026-07-27 04:33:00,tial_cl,domain,booking-support.live,#phishing,https://x.com/tial_cl/status/2081598767409647929
2026-07-27 04:33:00,tial_cl,url,http://booking-support.live,#phishing,https://x.com/tial_cl/status/2081598767409647929
2026-07-27 04:33:00,tial_cl,domain,bookingcom.me,#phishing,https://x.com/tial_cl/status/2081598767409647929
2026-07-27 04:33:00,tial_cl,url,http://bookingcom.me,#phishing,https://x.com/tial_cl/status/2081598767409647929
2026-07-27 04:33:00,tial_cl,domain,linkedin-receipts-inv.com,#phishing,https://x.com/tial_cl/status/2081598767409647929
2026-07-27 04:33:00,tial_cl,url,http://linkedin-receipts-inv.com,#phishing,https://x.com/tial_cl/status/2081598767409647929
2026-07-27 04:33:00,tial_cl,domain,linkedin-receipts-invoice.com,#phishing,https://x.com/tial_cl/status/2081598767409647929
2026-07-27 04:33:00,tial_cl,url,http://linkedin-receipts-invoice.com,#phishing,https://x.com/tial_cl/status/2081598767409647929
2026-07-27 04:33:00,tial_cl,domain,remittance-linkedln.com,#phishing,https://x.com/tial_cl/status/2081598767409647929
2026-07-27 04:33:00,tial_cl,url,http://remittance-linkedln.com,#phishing,https://x.com/tial_cl/status/2081598767409647929
2026-07-27 04:33:00,tial_cl,domain,zoom-meeting.uk,#phishing,https://x.com/tial_cl/status/2081598767409647929
2026-07-27 04:33:00,tial_cl,url,http://zoom-meeting.uk,#phishing,https://x.com/tial_cl/status/2081598767409647929
2026-07-27 04:33:00,tial_cl,domain,authzoomconn.online,#phishing,https://x.com/tial_cl/status/2081598767409647929
2026-07-27 04:33:00,tial_cl,url,http://authzoomconn.online,#phishing,https://x.com/tial_cl/status/2081598767409647929
2026-07-27 04:33:00,tial_cl,domain,zoom-join.us,#phishing,https://x.com/tial_cl/status/2081598767409647929
2026-07-27 04:33:00,tial_cl,url,http://zoom-join.us,#phishing,https://x.com/tial_cl/status/2081598767409647929
2026-07-27 04:33:00,tial_cl,domain,ad0befiledelivery.us,#phishing,https://x.com/tial_cl/status/2081598767409647929
2026-07-27 04:33:00,tial_cl,url,http://ad0befiledelivery.us,#phishing,https://x.com/tial_cl/status/2081598767409647929
2026-07-27 04:33:00,tial_cl,domain,adobehtponline.org,#phishing,https://x.com/tial_cl/status/2081598767409647929
2026-07-27 04:33:00,tial_cl,url,http://adobehtponline.org,#phishing,https://x.com/tial_cl/status/2081598767409647929
2026-07-27 04:33:00,tial_cl,domain,logintrbinance.click,#phishing,https://x.com/tial_cl/status/2081598767409647929
2026-07-27 04:33:00,tial_cl,url,http://logintrbinance.click,#phishing,https://x.com/tial_cl/status/2081598767409647929
2026-07-27 04:33:00,tial_cl,domain,logintrbinance.club,#phishing,https://x.com/tial_cl/status/2081598767409647929
2026-07-27 04:33:00,tial_cl,url,http://logintrbinance.club,#phishing,https://x.com/tial_cl/status/2081598767409647929
2026-07-27 04:33:00,tial_cl,domain,facebookshops.best,#phishing,https://x.com/tial_cl/status/2081598767409647929
2026-07-27 04:33:00,tial_cl,url,http://facebookshops.best,#phishing,https://x.com/tial_cl/status/2081598767409647929
2026-07-27 04:33:00,tial_cl,domain,faceebook.eu,#phishing,https://x.com/tial_cl/status/2081598767409647929
2026-07-27 04:33:00,tial_cl,url,http://faceebook.eu,#phishing,https://x.com/tial_cl/status/2081598767409647929
2026-07-27 04:33:00,tial_cl,domain,recargafreefire.com.br,#phishing,https://x.com/tial_cl/status/2081598767409647929
2026-07-27 04:33:00,tial_cl,url,http://recargafreefire.com.br,#phishing,https://x.com/tial_cl/status/2081598767409647929
2026-07-27 04:33:00,tial_cl,domain,recargasfreefire.shop,#phishing,https://x.com/tial_cl/status/2081598767409647929
2026-07-27 04:33:00,tial_cl,url,http://recargasfreefire.shop,#phishing,https://x.com/tial_cl/status/2081598767409647929
2026-07-27 04:33:00,tial_cl,domain,joingooglemeetcall.com,#phishing,https://x.com/tial_cl/status/2081598767409647929
2026-07-27 04:33:00,tial_cl,url,http://joingooglemeetcall.com,#phishing,https://x.com/tial_cl/status/2081598767409647929
2026-07-27 04:33:00,tial_cl,domain,meetgoogle.info,#phishing,https://x.com/tial_cl/status/2081598767409647929
2026-07-27 04:33:00,tial_cl,url,http://meetgoogle.info,#phishing,https://x.com/tial_cl/status/2081598767409647929
2026-07-27 04:33:00,tial_cl,domain,mcafeeactivate.co.uk,#phishing,https://x.com/tial_cl/status/2081598767409647929
2026-07-27 04:33:00,tial_cl,url,http://mcafeeactivate.co.uk,#phishing,https://x.com/tial_cl/status/2081598767409647929
2026-07-27 04:33:00,tial_cl,domain,mcafeecomactivate.in,#phishing,https://x.com/tial_cl/status/2081598767409647929
2026-07-27 04:33:00,tial_cl,url,http://mcafeecomactivate.in,#phishing,https://x.com/tial_cl/status/2081598767409647929
2026-07-27 04:33:00,tial_cl,domain,movistarpagofactura.net,#phishing,https://x.com/tial_cl/status/2081598767409647929
2026-07-27 04:33:00,tial_cl,url,http://movistarpagofactura.net,#phishing,https://x.com/tial_cl/status/2081598767409647929
2026-07-27 04:33:00,tial_cl,domain,facturamovistar.com,#phishing,https://x.com/tial_cl/status/2081598767409647929
2026-07-27 04:33:00,tial_cl,url,http://facturamovistar.com,#phishing,https://x.com/tial_cl/status/2081598767409647929
2026-07-27 04:33:00,tial_cl,domain,nentendo.net,#phishing,https://x.com/tial_cl/status/2081598767409647929
2026-07-27 04:33:00,tial_cl,url,http://nentendo.net,#phishing,https://x.com/tial_cl/status/2081598767409647929
2026-07-27 04:33:00,tial_cl,domain,nintendoe.me,#phishing,https://x.com/tial_cl/status/2081598767409647929
2026-07-27 04:33:00,tial_cl,url,http://nintendoe.me,#phishing,https://x.com/tial_cl/status/2081598767409647929
2026-07-27 04:33:00,tial_cl,domain,giftsroblox.site,#phishing,https://x.com/tial_cl/status/2081598767409647929
2026-07-27 04:33:00,tial_cl,url,http://giftsroblox.site,#phishing,https://x.com/tial_cl/status/2081598767409647929
2026-07-27 04:33:00,tial_cl,domain,robiox.cn,#phishing,https://x.com/tial_cl/status/2081598767409647929
2026-07-27 04:33:00,tial_cl,url,http://robiox.cn,#phishing,https://x.com/tial_cl/status/2081598767409647929
2026-07-27 04:33:00,tial_cl,domain,telecram.sbs,#phishing,https://x.com/tial_cl/status/2081598767409647929
2026-07-27 04:33:00,tial_cl,url,http://telecram.sbs,#phishing,https://x.com/tial_cl/status/2081598767409647929
2026-07-27 04:33:00,tial_cl,domain,telegpam.click,#phishing,https://x.com/tial_cl/status/2081598767409647929
2026-07-27 04:33:00,tial_cl,url,http://telegpam.click,#phishing,https://x.com/tial_cl/status/2081598767409647929
2026-07-27 04:33:00,tial_cl,domain,betvisaonline-casino.com,#phishing,https://x.com/tial_cl/status/2081598767409647929
2026-07-27 04:33:00,tial_cl,url,http://betvisaonline-casino.com,#phishing,https://x.com/tial_cl/status/2081598767409647929
2026-07-27 04:33:00,tial_cl,domain,cgeboleta.cl,#phishing,https://x.com/tial_cl/status/2081598767409647929
2026-07-27 04:33:00,tial_cl,url,http://cgeboleta.cl,#phishing,https://x.com/tial_cl/status/2081598767409647929
2026-07-27 04:33:00,tial_cl,domain,813751-binance.com,#phishing,https://x.com/tial_cl/status/2081598767409647929
2026-07-27 04:33:00,tial_cl,url,http://813751-binance.com,#phishing,https://x.com/tial_cl/status/2081598767409647929
2026-07-27 04:33:00,tial_cl,domain,discurd.com,#phishing,https://x.com/tial_cl/status/2081598767409647929
2026-07-27 04:33:00,tial_cl,url,http://discurd.com,#phishing,https://x.com/tial_cl/status/2081598767409647929
2026-07-27 04:33:00,tial_cl,domain,dropboxfiles.online,#phishing,https://x.com/tial_cl/status/2081598767409647929
2026-07-27 04:33:00,tial_cl,url,http://dropboxfiles.online,#phishing,https://x.com/tial_cl/status/2081598767409647929
2026-07-27 04:33:00,tial_cl,domain,mi-entel-cl.online,#phishing,https://x.com/tial_cl/status/2081598767409647929
2026-07-27 04:33:00,tial_cl,url,http://mi-entel-cl.online,#phishing,https://x.com/tial_cl/status/2081598767409647929
2026-07-27 04:33:00,tial_cl,domain,certificadodefonasa.cl,#phishing,https://x.com/tial_cl/status/2081598767409647929
2026-07-27 04:33:00,tial_cl,url,http://certificadodefonasa.cl,#phishing,https://x.com/tial_cl/status/2081598767409647929
2026-07-27 04:33:00,tial_cl,domain,fartnite.icu,#phishing,https://x.com/tial_cl/status/2081598767409647929
2026-07-27 04:33:00,tial_cl,url,http://fartnite.icu,#phishing,https://x.com/tial_cl/status/2081598767409647929
2026-07-27 04:33:00,tial_cl,domain,garena1688s.com,#phishing,https://x.com/tial_cl/status/2081598767409647929
2026-07-27 04:33:00,tial_cl,url,http://garena1688s.com,#phishing,https://x.com/tial_cl/status/2081598767409647929
2026-07-27 04:33:00,tial_cl,domain,hsbc-help.info,#phishing,https://x.com/tial_cl/status/2081598767409647929
2026-07-27 04:33:00,tial_cl,url,http://hsbc-help.info,#phishing,https://x.com/tial_cl/status/2081598767409647929
2026-07-27 04:33:00,tial_cl,domain,mercadopagor.com,#phishing,https://x.com/tial_cl/status/2081598767409647929
2026-07-27 04:33:00,tial_cl,url,http://mercadopagor.com,#phishing,https://x.com/tial_cl/status/2081598767409647929
2026-07-27 04:33:00,tial_cl,domain,ninecraft.shop,#phishing,https://x.com/tial_cl/status/2081598767409647929
2026-07-27 04:33:00,tial_cl,url,http://ninecraft.shop,#phishing,https://x.com/tial_cl/status/2081598767409647929
2026-07-27 04:33:00,tial_cl,domain,nortonsecurityservices.net,#phishing,https://x.com/tial_cl/status/2081598767409647929
2026-07-27 04:33:00,tial_cl,url,http://nortonsecurityservices.net,#phishing,https://x.com/tial_cl/status/2081598767409647929
2026-07-27 04:33:00,tial_cl,domain,usservicepaypal.com,#phishing,https://x.com/tial_cl/status/2081598767409647929
2026-07-27 04:33:00,tial_cl,url,http://usservicepaypal.com,#phishing,https://x.com/tial_cl/status/2081598767409647929
2026-07-27 04:33:00,tial_cl,domain,santandersuport.com,#phishing,https://x.com/tial_cl/status/2081598767409647929
2026-07-27 04:33:00,tial_cl,url,http://santandersuport.com,#phishing,https://x.com/tial_cl/status/2081598767409647929
2026-07-27 04:33:00,tial_cl,domain,scotiabank-myappverification.com,#phishing,https://x.com/tial_cl/status/2081598767409647929
2026-07-27 04:33:00,tial_cl,url,http://scotiabank-myappverification.com,#phishing,https://x.com/tial_cl/status/2081598767409647929
2026-07-27 04:33:00,tial_cl,domain,servipay.cfd,#phishing,https://x.com/tial_cl/status/2081598767409647929
2026-07-27 04:33:00,tial_cl,url,http://servipay.cfd,#phishing,https://x.com/tial_cl/status/2081598767409647929
2026-07-27 04:33:00,tial_cl,domain,snapchatlogin.io,#phishing,https://x.com/tial_cl/status/2081598767409647929
2026-07-27 04:33:00,tial_cl,url,http://snapchatlogin.io,#phishing,https://x.com/tial_cl/status/2081598767409647929
2026-07-27 04:33:00,tial_cl,domain,msteamsbookingsinvites.online,#phishing,https://x.com/tial_cl/status/2081598767409647929
2026-07-27 04:33:00,tial_cl,url,http://msteamsbookingsinvites.online,#phishing,https://x.com/tial_cl/status/2081598767409647929
2026-07-27 04:33:00,tial_cl,domain,facturawom.online,#phishing,https://x.com/tial_cl/status/2081598767409647929
2026-07-27 04:33:00,tial_cl,url,http://facturawom.online,#phishing,https://x.com/tial_cl/status/2081598767409647929
2026-07-27 04:33:00,tial_cl,domain,accountssecuritymicrosoft.com,#phishing,https://x.com/tial_cl/status/2081598767409647929
2026-07-27 04:33:00,tial_cl,url,http://accountssecuritymicrosoft.com,#phishing,https://x.com/tial_cl/status/2081598767409647929
2026-07-27 04:33:00,tial_cl,domain,microsoft-billingupdate.com,#phishing,https://x.com/tial_cl/status/2081598767409647929
2026-07-27 04:33:00,tial_cl,url,http://microsoft-billingupdate.com,#phishing,https://x.com/tial_cl/status/2081598767409647929
2026-07-27 04:33:00,tial_cl,domain,security-help-microsoft.com,#phishing,https://x.com/tial_cl/status/2081598767409647929
2026-07-27 04:33:00,tial_cl,url,http://security-help-microsoft.com,#phishing,https://x.com/tial_cl/status/2081598767409647929
2026-07-27 04:33:00,tial_cl,domain,microsoftteamsonline.com,#phishing,https://x.com/tial_cl/status/2081598767409647929
2026-07-27 04:33:00,tial_cl,url,http://microsoftteamsonline.com,#phishing,https://x.com/tial_cl/status/2081598767409647929
2026-07-27 04:33:00,tial_cl,domain,office-budget-mail.ru,#phishing,https://x.com/tial_cl/status/2081598767409647929
2026-07-27 04:33:00,tial_cl,url,http://office-budget-mail.ru,#phishing,https://x.com/tial_cl/status/2081598767409647929
2026-07-27 04:33:00,tial_cl,domain,office-mailhub.online,#phishing,https://x.com/tial_cl/status/2081598767409647929
2026-07-27 04:33:00,tial_cl,url,http://office-mailhub.online,#phishing,https://x.com/tial_cl/status/2081598767409647929
2026-07-27 04:33:00,tial_cl,domain,andy-linkedin-receipts.com,#phishing,https://x.com/tial_cl/status/2081598767409647929
2026-07-27 04:33:00,tial_cl,url,http://andy-linkedin-receipts.com,#phishing,https://x.com/tial_cl/status/2081598767409647929
2026-07-27 04:33:00,tial_cl,domain,invreceiptslinkedin.com,#phishing,https://x.com/tial_cl/status/2081598767409647929
2026-07-27 04:33:00,tial_cl,url,http://invreceiptslinkedin.com,#phishing,https://x.com/tial_cl/status/2081598767409647929
2026-07-27 04:33:00,tial_cl,domain,linkedin-inv-receipts.com,#phishing,https://x.com/tial_cl/status/2081598767409647929
2026-07-27 04:33:00,tial_cl,url,http://linkedin-inv-receipts.com,#phishing,https://x.com/tial_cl/status/2081598767409647929
2026-07-27 04:33:00,tial_cl,domain,receipts-andy-linkedin.com,#phishing,https://x.com/tial_cl/status/2081598767409647929
2026-07-27 04:33:00,tial_cl,url,http://receipts-andy-linkedin.com,#phishing,https://x.com/tial_cl/status/2081598767409647929
2026-07-27 04:33:00,tial_cl,domain,receiptslinkedin.com,#phishing,https://x.com/tial_cl/status/2081598767409647929
2026-07-27 04:33:00,tial_cl,url,http://receiptslinkedin.com,#phishing,https://x.com/tial_cl/status/2081598767409647929
2026-07-27 04:33:00,tial_cl,domain,drobox.de,#phishing,https://x.com/tial_cl/status/2081598767409647929
2026-07-27 04:33:00,tial_cl,url,http://drobox.de,#phishing,https://x.com/tial_cl/status/2081598767409647929
2026-07-27 04:33:00,tial_cl,domain,dropox.de,#phishing,https://x.com/tial_cl/status/2081598767409647929
2026-07-27 04:33:00,tial_cl,url,http://dropox.de,#phishing,https://x.com/tial_cl/status/2081598767409647929
2026-07-27 04:33:00,tial_cl,domain,drropbox.de,#phishing,https://x.com/tial_cl/status/2081598767409647929
2026-07-27 04:33:00,tial_cl,url,http://drropbox.de,#phishing,https://x.com/tial_cl/status/2081598767409647929
2026-07-27 04:33:00,tial_cl,domain,chatwhatsapp.club,#phishing,https://x.com/tial_cl/status/2081598767409647929
2026-07-27 04:33:00,tial_cl,url,http://chatwhatsapp.club,#phishing,https://x.com/tial_cl/status/2081598767409647929
2026-07-27 04:33:00,tial_cl,domain,chatwhatsapp.lol,#phishing,https://x.com/tial_cl/status/2081598767409647929
2026-07-27 04:33:00,tial_cl,url,http://chatwhatsapp.lol,#phishing,https://x.com/tial_cl/status/2081598767409647929
2026-07-27 04:33:00,tial_cl,domain,whatapp.co.uk,#phishing,https://x.com/tial_cl/status/2081598767409647929
2026-07-27 04:33:00,tial_cl,url,http://whatapp.co.uk,#phishing,https://x.com/tial_cl/status/2081598767409647929
2026-07-27 04:33:00,tial_cl,domain,insagram.ru,#phishing,https://x.com/tial_cl/status/2081598767409647929
2026-07-27 04:33:00,tial_cl,url,http://insagram.ru,#phishing,https://x.com/tial_cl/status/2081598767409647929
2026-07-27 04:33:00,tial_cl,domain,instaglam.es,#phishing,https://x.com/tial_cl/status/2081598767409647929
2026-07-27 04:33:00,tial_cl,url,http://instaglam.es,#phishing,https://x.com/tial_cl/status/2081598767409647929
2026-07-27 04:33:00,tial_cl,domain,amazonseller.ca,#phishing,https://x.com/tial_cl/status/2081598767409647929
2026-07-27 04:33:00,tial_cl,url,http://amazonseller.ca,#phishing,https://x.com/tial_cl/status/2081598767409647929
2026-07-27 04:33:00,tial_cl,domain,areadefraudebancoestado.com,#phishing,https://x.com/tial_cl/status/2081598767409647929
2026-07-27 04:33:00,tial_cl,url,http://areadefraudebancoestado.com,#phishing,https://x.com/tial_cl/status/2081598767409647929
2026-07-27 04:33:00,tial_cl,domain,cisco-webexupdate.com,#phishing,https://x.com/tial_cl/status/2081598767409647929
2026-07-27 04:33:00,tial_cl,url,http://cisco-webexupdate.com,#phishing,https://x.com/tial_cl/status/2081598767409647929
2026-07-27 04:33:00,tial_cl,domain,securecontact-coinbase.com,#phishing,https://x.com/tial_cl/status/2081598767409647929
2026-07-27 04:33:00,tial_cl,url,http://securecontact-coinbase.com,#phishing,https://x.com/tial_cl/status/2081598767409647929
2026-07-27 04:33:00,tial_cl,domain,crowdstrike-securitypatch.com,#phishing,https://x.com/tial_cl/status/2081598767409647929
2026-07-27 04:33:00,tial_cl,url,http://crowdstrike-securitypatch.com,#phishing,https://x.com/tial_cl/status/2081598767409647929
2026-07-27 04:33:00,tial_cl,domain,trbinance-mail.com,#phishing,https://x.com/tial_cl/status/2081598767409647929
2026-07-27 04:33:00,tial_cl,url,http://trbinance-mail.com,#phishing,https://x.com/tial_cl/status/2081598767409647929
2026-07-27 04:33:00,tial_cl,domain,meradolibre.com.mx,#phishing,https://x.com/tial_cl/status/2081598767409647929
2026-07-27 04:33:00,tial_cl,url,http://meradolibre.com.mx,#phishing,https://x.com/tial_cl/status/2081598767409647929
2026-07-27 04:33:00,tial_cl,domain,snapchat-login.de,#phishing,https://x.com/tial_cl/status/2081598767409647929
2026-07-27 04:33:00,tial_cl,url,http://snapchat-login.de,#phishing,https://x.com/tial_cl/status/2081598767409647929
2026-07-27 04:33:00,tial_cl,domain,zoom-clientupdate.com,#phishing,https://x.com/tial_cl/status/2081598767409647929
2026-07-27 04:33:00,tial_cl,url,http://zoom-clientupdate.com,#phishing,https://x.com/tial_cl/status/2081598767409647929
2026-07-27 05:03:00,Metemcyber,domain,jzbrmq.cfd,#phishing,https://x.com/Metemcyber/status/2081606380360999366
2026-07-27 05:03:00,Metemcyber,url,https://jzbrmq.cfd/gRB0qs,#phishing,https://x.com/Metemcyber/status/2081606380360999366
2026-07-27 05:09:00,Metemcyber,domain,aeon.punwxbf.cn,#phishing,https://x.com/Metemcyber/status/2081607967687029033
2026-07-27 05:09:00,Metemcyber,url,https://aeon.punwxbf.cn/gipxpzuysu,#phishing,https://x.com/Metemcyber/status/2081607967687029033
2026-07-27 05:09:00,Metemcyber,url,http://43.167.15.126,#phishing,https://x.com/Metemcyber/status/2081607967687029033
2026-07-27 05:09:00,Metemcyber,ip,43.167.15.126,#phishing,https://x.com/Metemcyber/status/2081607967687029033
2026-07-27 05:32:00,Metemcyber,domain,aeon.aymmejx.cn,#phishing,https://x.com/Metemcyber/status/2081613601962623296
2026-07-27 05:32:00,Metemcyber,url,https://aeon.aymmejx.cn/efa0jdtdv1,#phishing,https://x.com/Metemcyber/status/2081613601962623296
2026-07-27 07:00:00,phishunt_io,domain,trustwallet.com-two-factor-authentication12.ao.yesixrq.com,#phishing,https://x.com/phishunt_io/status/2081635921301021084
2026-07-27 07:00:00,phishunt_io,url,http://trustwallet.com-two-factor-authentication12.ao.yesixrq.com,#phishing,https://x.com/phishunt_io/status/2081635921301021084
2026-07-27 07:00:00,phishunt_io,ip,77.68.5.178,#phishing,https://x.com/phishunt_io/status/2081635921301021084
2026-07-27 07:17:00,d1v35hresearch,sha256,01004ec08124a75c496644d11a5a137dc24f5ddfe79e918a3aefd49d24316ca6,#malware,https://x.com/d1v35hresearch/status/2081640191761187046
2026-07-27 07:25:00,etugenio,url,http://176.124.207.93,#malware,https://x.com/etugenio/status/2081642026966098267
2026-07-27 07:25:00,etugenio,ip,176.124.207.93,#malware,https://x.com/etugenio/status/2081642026966098267
2026-07-27 07:26:00,masaomi346,domain,votingonline.co.in,#phishing,https://x.com/masaomi346/status/2081642336325685697
2026-07-27 07:26:00,masaomi346,url,https://votingonline.co.in/newbiglobe/newbiglobe/,#phishing,https://x.com/masaomi346/status/2081642336325685697
2026-07-27 08:00:00,tdatwja,domain,withered-lake-8596.krzakanna172.workers.dev,,https://x.com/tdatwja/status/2081650901660647436
2026-07-27 08:00:00,tdatwja,url,http://withered-lake-8596.krzakanna172.workers.dev,,https://x.com/tdatwja/status/2081650901660647436
2026-07-27 08:00:00,tdatwja,domain,J-A20260727022544.zip,,https://x.com/tdatwja/status/2081650901660647436
2026-07-27 08:00:00,tdatwja,url,http://J-A20260727022544.zip,,https://x.com/tdatwja/status/2081650901660647436
2026-07-27 08:45:00,d1v35hresearch,ip,192.162.199.149,,https://x.com/d1v35hresearch/status/2081662255788409231
2026-07-27 08:45:00,d1v35hresearch,md5,9ba61edc10f9b9ddb61aa0a672f369d1,,https://x.com/d1v35hresearch/status/2081662255788409231
2026-07-27 08:45:00,d1v35hresearch,md5,66b6f9aee0f392e6d49894e7ddece286,,https://x.com/d1v35hresearch/status/2081662255788409231
2026-07-27 08:54:00,tdatwja,md5,1be01381846f57712e764d6941cccd0b,,https://x.com/tdatwja/status/2081664406203855141
2026-07-27 08:54:00,tdatwja,sha256,099f3251e60fa5a1872240e3e2ae6be86848b4a1f6cd8671dfc4045cdf81e65f,,https://x.com/tdatwja/status/2081664406203855141
2026-07-27 09:28:00,bomccss,url,https://withered-lake-8596.krzakanna172.workers.dev,,https://x.com/bomccss/status/2081672960348475777
2026-07-27 09:28:00,bomccss,url,http://haochisadnka.cc:6698,,https://x.com/bomccss/status/2081672962567201256
2026-07-27 09:28:00,bomccss,url,http://134.122.185.201:6698,,https://x.com/bomccss/status/2081672962567201256
2026-07-27 09:28:00,bomccss,sha256,ee0ef34a4402dea54ec8b4e0557de9605a038a4f2b82380f2978296fd60f9791,,https://x.com/bomccss/status/2081672962567201256
2026-07-27 09:40:00,skocherhan,domain,haochisadnka.cc,,https://x.com/skocherhan/status/2081676072584634703
2026-07-27 09:40:00,skocherhan,url,http://haochisadnka.cc:6698/(134.122.185.201:6698,,https://x.com/skocherhan/status/2081676072584634703
2026-07-27 09:40:00,skocherhan,domain,ダウンロードJ-A20260727022544.zip,,https://x.com/skocherhan/status/2081676072584634703
2026-07-27 09:40:00,skocherhan,url,http://ダウンロードJ-A20260727022544.zip,,https://x.com/skocherhan/status/2081676072584634703
2026-07-27 09:40:00,skocherhan,ip,134.122.185.201,,https://x.com/skocherhan/status/2081676072584634703
2026-07-27 09:43:00,bomccss,url,https://drive.google.com/uc?export=download&id=1cZtnLHKzPqBMPNIDSTBjBwHtZmotlbRj,#Formbook,https://x.com/bomccss/status/2081676745812635833
2026-07-27 09:43:00,bomccss,url,https://drive.google.com/uc?export=download&id=1qnpUArqWCidHejPJJD21e1DgUjaS6Lb0,#Formbook,https://x.com/bomccss/status/2081676745812635833
2026-07-27 10:04:00,abuse_ch,url,http://94.154.43.48/rebirth.arm7,,https://x.com/abuse_ch/status/2081682211430871419
2026-07-27 10:04:00,abuse_ch,ip,46.151.178.13,,https://x.com/abuse_ch/status/2081682211430871419
2026-07-27 10:04:00,abuse_ch,ip,178.16.52.104,,https://x.com/abuse_ch/status/2081682211430871419
2026-07-27 10:04:00,abuse_ch,ip,94.154.43.48,,https://x.com/abuse_ch/status/2081682211430871419
2026-07-27 10:04:00,abuse_ch,sha256,849840d92c44ed04af624abd9e5d79a7a082016c89ac39ac50d19f3d537839b5,,https://x.com/abuse_ch/status/2081682211430871419
2026-07-27 11:04:00,tobersotski,domain,paypal.dashboard-manage.net,#phishing,https://x.com/tobersotski/status/2081697149935407175
2026-07-27 11:04:00,tobersotski,url,http://paypal.dashboard-manage.net,#phishing,https://x.com/tobersotski/status/2081697149935407175
2026-07-27 11:13:00,skocherhan,domain,Government.dc.crsorgi.gov.in-crs.live,#APT,https://x.com/skocherhan/status/2081699497915150741
2026-07-27 11:13:00,skocherhan,url,http://Government.dc.crsorgi.gov.in-crs.live#India#ThreatIntel#APT,#APT,https://x.com/skocherhan/status/2081699497915150741
2026-07-27 11:24:00,skocherhan,domain,backhappymann.duckdns.org,#AsyncRAT #Xworm,https://x.com/skocherhan/status/2081702139940745306
2026-07-27 11:24:00,skocherhan,url,http://backhappymann.duckdns.org,#AsyncRAT #Xworm,https://x.com/skocherhan/status/2081702139940745306
2026-07-27 11:24:00,skocherhan,domain,backhappylove.duckdns.org,#AsyncRAT #Xworm,https://x.com/skocherhan/status/2081702139940745306
2026-07-27 11:24:00,skocherhan,url,http://backhappylove.duckdns.org,#AsyncRAT #Xworm,https://x.com/skocherhan/status/2081702139940745306
2026-07-27 11:24:00,skocherhan,domain,sanjayred.duckdns.org,#AsyncRAT #Xworm,https://x.com/skocherhan/status/2081702139940745306
2026-07-27 11:24:00,skocherhan,url,http://sanjayred.duckdns.org,#AsyncRAT #Xworm,https://x.com/skocherhan/status/2081702139940745306
2026-07-27 11:24:00,skocherhan,domain,sanjayrajweb.duckdns.org,#AsyncRAT #Xworm,https://x.com/skocherhan/status/2081702139940745306
2026-07-27 11:24:00,skocherhan,url,http://sanjayrajweb.duckdns.org,#AsyncRAT #Xworm,https://x.com/skocherhan/status/2081702139940745306
2026-07-27 11:24:00,skocherhan,domain,sanjayrajweb.ddnsgeek.com,#AsyncRAT #Xworm,https://x.com/skocherhan/status/2081702139940745306
2026-07-27 11:24:00,skocherhan,url,http://sanjayrajweb.ddnsgeek.com,#AsyncRAT #Xworm,https://x.com/skocherhan/status/2081702139940745306
2026-07-27 11:24:00,skocherhan,domain,ddnsgeek.overgainweb.duckdns.org,#AsyncRAT #Xworm,https://x.com/skocherhan/status/2081702139940745306
2026-07-27 11:24:00,skocherhan,url,http://ddnsgeek.overgainweb.duckdns.org,#AsyncRAT #Xworm,https://x.com/skocherhan/status/2081702139940745306
2026-07-27 11:24:00,skocherhan,domain,overgaainweb.ddnsgeek.overgainweb.duckdns.org,#AsyncRAT #Xworm,https://x.com/skocherhan/status/2081702139940745306
2026-07-27 11:24:00,skocherhan,url,http://overgaainweb.ddnsgeek.overgainweb.duckdns.org,#AsyncRAT #Xworm,https://x.com/skocherhan/status/2081702139940745306
2026-07-27 11:24:00,skocherhan,domain,kumarrajweb.duckdns.org,#AsyncRAT #Xworm,https://x.com/skocherhan/status/2081702139940745306
2026-07-27 11:24:00,skocherhan,url,http://kumarrajweb.duckdns.org,#AsyncRAT #Xworm,https://x.com/skocherhan/status/2081702139940745306
2026-07-27 11:24:00,skocherhan,domain,sandeepkumar.ddnsgeek.com,#AsyncRAT #Xworm,https://x.com/skocherhan/status/2081702139940745306
2026-07-27 11:24:00,skocherhan,url,http://sandeepkumar.ddnsgeek.com,#AsyncRAT #Xworm,https://x.com/skocherhan/status/2081702139940745306
2026-07-27 11:24:00,skocherhan,domain,newhopereddif.duckdns.org,#AsyncRAT #Xworm,https://x.com/skocherhan/status/2081702139940745306
2026-07-27 11:24:00,skocherhan,url,http://newhopereddif.duckdns.org,#AsyncRAT #Xworm,https://x.com/skocherhan/status/2081702139940745306
2026-07-27 11:24:00,skocherhan,domain,hopenewrediff.duckdns.org,#AsyncRAT #Xworm,https://x.com/skocherhan/status/2081702139940745306
2026-07-27 11:24:00,skocherhan,url,http://hopenewrediff.duckdns.org,#AsyncRAT #Xworm,https://x.com/skocherhan/status/2081702139940745306
2026-07-27 11:24:00,skocherhan,domain,newhoperediff.ddnsgeek.com,#AsyncRAT #Xworm,https://x.com/skocherhan/status/2081702139940745306
2026-07-27 11:24:00,skocherhan,url,http://newhoperediff.ddnsgeek.com,#AsyncRAT #Xworm,https://x.com/skocherhan/status/2081702139940745306
2026-07-27 11:24:00,skocherhan,domain,overgainweb.duckdns.org,#AsyncRAT #Xworm,https://x.com/skocherhan/status/2081702139940745306
2026-07-27 11:24:00,skocherhan,url,http://overgainweb.duckdns.org,#AsyncRAT #Xworm,https://x.com/skocherhan/status/2081702139940745306
2026-07-27 11:24:00,skocherhan,domain,overgaainweb.ddnsgeek.com,#AsyncRAT #Xworm,https://x.com/skocherhan/status/2081702139940745306
2026-07-27 11:24:00,skocherhan,url,http://overgaainweb.ddnsgeek.com,#AsyncRAT #Xworm,https://x.com/skocherhan/status/2081702139940745306
2026-07-27 11:24:00,skocherhan,domain,rajkumarred.ddnsgeek.com,#AsyncRAT #Xworm,https://x.com/skocherhan/status/2081702139940745306
2026-07-27 11:24:00,skocherhan,url,http://rajkumarred.ddnsgeek.com,#AsyncRAT #Xworm,https://x.com/skocherhan/status/2081702139940745306
2026-07-27 11:24:00,skocherhan,domain,rajkumarred.duckdns.org,#AsyncRAT #Xworm,https://x.com/skocherhan/status/2081702139940745306
2026-07-27 11:24:00,skocherhan,url,http://rajkumarred.duckdns.org,#AsyncRAT #Xworm,https://x.com/skocherhan/status/2081702139940745306
2026-07-27 11:24:00,skocherhan,url,http://46.151.182.18,#AsyncRAT #Xworm,https://x.com/skocherhan/status/2081702139940745306
2026-07-27 11:24:00,skocherhan,domain,unoparatodosytodospara123.duckdns.org,#AsyncRAT #Xworm,https://x.com/skocherhan/status/2081702139940745306
2026-07-27 11:24:00,skocherhan,url,http://unoparatodosytodospara123.duckdns.org,#AsyncRAT #Xworm,https://x.com/skocherhan/status/2081702139940745306
2026-07-27 11:24:00,skocherhan,domain,finalmundial202620262026mesiii.dynuddns.com,#AsyncRAT #Xworm,https://x.com/skocherhan/status/2081702139940745306
2026-07-27 11:24:00,skocherhan,url,http://finalmundial202620262026mesiii.dynuddns.com,#AsyncRAT #Xworm,https://x.com/skocherhan/status/2081702139940745306
2026-07-27 11:24:00,skocherhan,domain,windowsdefenderupdate004993004343.dynuddns.net,#AsyncRAT #Xworm,https://x.com/skocherhan/status/2081702139940745306
2026-07-27 11:24:00,skocherhan,url,http://windowsdefenderupdate004993004343.dynuddns.net,#AsyncRAT #Xworm,https://x.com/skocherhan/status/2081702139940745306
2026-07-27 11:24:00,skocherhan,domain,mundialmexicotransmision20262026.1cooldns.com,#AsyncRAT #Xworm,https://x.com/skocherhan/status/2081702139940745306
2026-07-27 11:24:00,skocherhan,url,http://mundialmexicotransmision20262026.1cooldns.com,#AsyncRAT #Xworm,https://x.com/skocherhan/status/2081702139940745306
2026-07-27 11:24:00,skocherhan,domain,climacoolllll202620262026.dynuddns.net,#AsyncRAT #Xworm,https://x.com/skocherhan/status/2081702139940745306
2026-07-27 11:24:00,skocherhan,url,http://climacoolllll202620262026.dynuddns.net,#AsyncRAT #Xworm,https://x.com/skocherhan/status/2081702139940745306
2026-07-27 11:24:00,skocherhan,domain,wolrdcup2026202620262026.dynuddns.net,#AsyncRAT #Xworm,https://x.com/skocherhan/status/2081702139940745306
2026-07-27 11:24:00,skocherhan,url,http://wolrdcup2026202620262026.dynuddns.net,#AsyncRAT #Xworm,https://x.com/skocherhan/status/2081702139940745306
2026-07-27 11:24:00,skocherhan,url,http://158.94.210.88,#AsyncRAT #Xworm,https://x.com/skocherhan/status/2081702139940745306
2026-07-27 11:24:00,skocherhan,ip,46.151.182.18,#AsyncRAT #Xworm,https://x.com/skocherhan/status/2081702139940745306
2026-07-27 11:24:00,skocherhan,ip,158.94.210.88,#AsyncRAT #Xworm,https://x.com/skocherhan/status/2081702139940745306
2026-07-27 11:28:00,skocherhan,domain,uafsoftware.in,,https://x.com/skocherhan/status/2081703303151264245
2026-07-27 11:28:00,skocherhan,url,http://uafsoftware.in/yzKGWy.html,,https://x.com/skocherhan/status/2081703303151264245
2026-07-27 11:35:00,skocherhan,domain,gameoflovewb.gleeze.com,#Xworm,https://x.com/skocherhan/status/2081704943946228161
2026-07-27 11:35:00,skocherhan,url,http://gameoflovewb.gleeze.com,#Xworm,https://x.com/skocherhan/status/2081704943946228161
2026-07-27 11:35:00,skocherhan,domain,gameofloveweb.duckdns.org,#Xworm,https://x.com/skocherhan/status/2081704943946228161
2026-07-27 11:35:00,skocherhan,url,http://gameofloveweb.duckdns.org,#Xworm,https://x.com/skocherhan/status/2081704943946228161
2026-07-27 11:35:00,skocherhan,url,http://91.92.42.65,#Xworm,https://x.com/skocherhan/status/2081704943946228161
2026-07-27 11:35:00,skocherhan,ip,91.92.42.65,#Xworm,https://x.com/skocherhan/status/2081704943946228161
2026-07-27 12:00:00,phishunt_io,domain,facebooksignuplogin.blogspot.com,#phishing,https://x.com/phishunt_io/status/2081711388280389776
2026-07-27 12:00:00,phishunt_io,url,http://facebooksignuplogin.blogspot.com,#phishing,https://x.com/phishunt_io/status/2081711388280389776
2026-07-27 12:00:00,phishunt_io,ip,192.178.183.132,#phishing,https://x.com/phishunt_io/status/2081711388280389776
2026-07-27 12:00:00,Malwarehunterr,domain,acquilarssb.top,#malware #phishing,https://x.com/Malwarehunterr/status/2081711332471222723
2026-07-27 12:00:00,Malwarehunterr,url,https://acquilarssb.top,#malware #phishing,https://x.com/Malwarehunterr/status/2081711332471222723
2026-07-27 12:00:00,Malwarehunterr,domain,kixoro.cfd,#malware #phishing,https://x.com/Malwarehunterr/status/2081711332471222723
2026-07-27 12:00:00,Malwarehunterr,url,https://kixoro.cfd/w/Sign/i.html,#malware #phishing,https://x.com/Malwarehunterr/status/2081711332471222723
2026-07-27 12:00:00,Malwarehunterr,domain,nestlemills31.screenconnect.com,#malware #phishing,https://x.com/Malwarehunterr/status/2081711332471222723
2026-07-27 12:00:00,Malwarehunterr,url,http://nestlemills31.screenconnect.com,#malware #phishing,https://x.com/Malwarehunterr/status/2081711332471222723
2026-07-27 12:00:00,Malwarehunterr,sha256,1bfb41a19de49c9c0dc63f434ff46f51ccba78e25629031bfda16e56b0f09df9,#malware #phishing,https://x.com/Malwarehunterr/status/2081711332471222723
2026-07-27 12:26:00,Malwarehunterr,domain,doocummenvb.top,#malware #phishing,https://x.com/Malwarehunterr/status/2081717832950354299
2026-07-27 12:26:00,Malwarehunterr,url,https://doocummenvb.top/docu/,#malware #phishing,https://x.com/Malwarehunterr/status/2081717832950354299
2026-07-27 12:26:00,Malwarehunterr,url,https://www.dropbox.com/scl/fi/mhbaqkhxa67gzk7721wqn/ScreenConnect.ClientSetup.msi,#malware #phishing,https://x.com/Malwarehunterr/status/2081717832950354299
2026-07-27 12:26:00,Malwarehunterr,sha256,9cb003eef21a9bc4b40536c667f65ece28f9d77665409908c81c3d64995f828b,#malware #phishing,https://x.com/Malwarehunterr/status/2081717832950354299
2026-07-27 13:46:00,fbgwls245,domain,o5lsqyar7ox25z734k6zaxt2vf7bsyi4q5rturi5iyxzqo3ica7bjsad.onion,,https://x.com/fbgwls245/status/2081738053962584546
2026-07-27 13:46:00,fbgwls245,url,http://o5lsqyar7ox25z734k6zaxt2vf7bsyi4q5rturi5iyxzqo3ica7bjsad.onion,,https://x.com/fbgwls245/status/2081738053962584546
2026-07-27 13:48:00,fbgwls245,domain,v76bdil3v7hczufr7kwk75eq6oks27d3qwj6v5ajj6v6rubbvwhcq2qd.onion,,https://x.com/fbgwls245/status/2081738540657037718
2026-07-27 13:48:00,fbgwls245,url,http://v76bdil3v7hczufr7kwk75eq6oks27d3qwj6v5ajj6v6rubbvwhcq2qd.onion,,https://x.com/fbgwls245/status/2081738540657037718
2026-07-27 13:49:00,nextronresearch,sha256,9130d7d2271e9cb118dd83907d9865cba547304a1f6c72743973efd59813df18,,https://x.com/nextronresearch/status/2081738627613114590
2026-07-27 13:49:00,nextronresearch,sha256,0bae4acd83015b8447e90aec97efa2e81d136bfd512a69301d6187fed2e45c74,,https://x.com/nextronresearch/status/2081738627613114590
2026-07-27 13:57:00,skocherhan,domain,agoras.hopto.org,,https://x.com/skocherhan/status/2081740805962637573
2026-07-27 13:57:00,skocherhan,url,http://agoras.hopto.org,,https://x.com/skocherhan/status/2081740805962637573
2026-07-27 13:57:00,skocherhan,domain,agoras.zapto.org,,https://x.com/skocherhan/status/2081740805962637573
2026-07-27 13:57:00,skocherhan,url,http://agoras.zapto.org,,https://x.com/skocherhan/status/2081740805962637573
2026-07-27 13:57:00,skocherhan,url,http://211.4.0.133,,https://x.com/skocherhan/status/2081740805962637573
2026-07-27 13:57:00,skocherhan,url,http://211.4.1.18,,https://x.com/skocherhan/status/2081740805962637573
2026-07-27 13:57:00,skocherhan,url,http://211.4.3.204,,https://x.com/skocherhan/status/2081740805962637573
2026-07-27 13:57:00,skocherhan,url,http://211.4.3.14,,https://x.com/skocherhan/status/2081740805962637573
2026-07-27 13:57:00,skocherhan,url,http://211.4.1.14,,https://x.com/skocherhan/status/2081740805962637573
2026-07-27 13:57:00,skocherhan,url,http://211.4.3.223,,https://x.com/skocherhan/status/2081740805962637573
2026-07-27 13:57:00,skocherhan,url,http://211.4.3.70,,https://x.com/skocherhan/status/2081740805962637573
2026-07-27 13:57:00,skocherhan,url,http://211.4.0.39,,https://x.com/skocherhan/status/2081740805962637573
2026-07-27 13:57:00,skocherhan,url,http://211.4.1.66,,https://x.com/skocherhan/status/2081740805962637573
2026-07-27 13:57:00,skocherhan,url,http://211.4.1.58,,https://x.com/skocherhan/status/2081740805962637573
2026-07-27 13:57:00,skocherhan,url,http://211.4.0.103,,https://x.com/skocherhan/status/2081740805962637573
2026-07-27 13:57:00,skocherhan,url,http://211.4.3.222,,https://x.com/skocherhan/status/2081740805962637573
2026-07-27 13:57:00,skocherhan,url,http://211.4.1.152,,https://x.com/skocherhan/status/2081740805962637573
2026-07-27 13:57:00,skocherhan,url,http://211.4.1.47,,https://x.com/skocherhan/status/2081740805962637573
2026-07-27 13:57:00,skocherhan,ip,211.4.0.133,,https://x.com/skocherhan/status/2081740805962637573
2026-07-27 13:57:00,skocherhan,ip,211.4.1.18,,https://x.com/skocherhan/status/2081740805962637573
2026-07-27 13:57:00,skocherhan,ip,211.4.3.204,,https://x.com/skocherhan/status/2081740805962637573
2026-07-27 13:57:00,skocherhan,ip,211.4.3.14,,https://x.com/skocherhan/status/2081740805962637573
2026-07-27 13:57:00,skocherhan,ip,211.4.1.14,,https://x.com/skocherhan/status/2081740805962637573
2026-07-27 13:57:00,skocherhan,ip,211.4.3.223,,https://x.com/skocherhan/status/2081740805962637573
2026-07-27 13:57:00,skocherhan,ip,211.4.3.70,,https://x.com/skocherhan/status/2081740805962637573
2026-07-27 13:57:00,skocherhan,ip,211.4.0.39,,https://x.com/skocherhan/status/2081740805962637573
2026-07-27 13:57:00,skocherhan,ip,211.4.1.66,,https://x.com/skocherhan/status/2081740805962637573
2026-07-27 13:57:00,skocherhan,ip,211.4.1.58,,https://x.com/skocherhan/status/2081740805962637573
2026-07-27 13:57:00,skocherhan,ip,211.4.0.103,,https://x.com/skocherhan/status/2081740805962637573
2026-07-27 13:57:00,skocherhan,ip,211.4.3.222,,https://x.com/skocherhan/status/2081740805962637573
2026-07-27 13:57:00,skocherhan,ip,211.4.1.152,,https://x.com/skocherhan/status/2081740805962637573
2026-07-27 13:57:00,skocherhan,ip,211.4.1.47,,https://x.com/skocherhan/status/2081740805962637573
2026-07-27 13:57:00,skocherhan,sha256,1c5dd7caaf5627303c3032f3ec6a4480a6c253db6a861a1e3f34b05cd4968c21,,https://x.com/skocherhan/status/2081739557557371326
2026-07-27 13:59:00,fbgwls245,domain,shibaitobajtr6yctvrijfitnugfulkmprrqbmu2ysk3zyzx2ufe3yqd.onion,#ransomware,https://x.com/fbgwls245/status/2081741166484271519
2026-07-27 13:59:00,fbgwls245,url,http://shibaitobajtr6yctvrijfitnugfulkmprrqbmu2ysk3zyzx2ufe3yqd.onion,#ransomware,https://x.com/fbgwls245/status/2081741166484271519
2026-07-27 15:16:00,tial_cl,domain,chat-whatsapp.net,#phishing,https://x.com/tial_cl/status/2081760527257149767
2026-07-27 15:16:00,tial_cl,url,http://chat-whatsapp.net,#phishing,https://x.com/tial_cl/status/2081760527257149767
2026-07-27 15:16:00,tial_cl,domain,cnweb-whatsapp.com,#phishing,https://x.com/tial_cl/status/2081760527257149767
2026-07-27 15:16:00,tial_cl,url,http://cnweb-whatsapp.com,#phishing,https://x.com/tial_cl/status/2081760527257149767
2026-07-27 15:16:00,tial_cl,domain,ef-whatsappdf.com,#phishing,https://x.com/tial_cl/status/2081760527257149767
2026-07-27 15:16:00,tial_cl,url,http://ef-whatsappdf.com,#phishing,https://x.com/tial_cl/status/2081760527257149767
2026-07-27 15:16:00,tial_cl,domain,help-whatsapp.org,#phishing,https://x.com/tial_cl/status/2081760527257149767
2026-07-27 15:16:00,tial_cl,url,http://help-whatsapp.org,#phishing,https://x.com/tial_cl/status/2081760527257149767
2026-07-27 15:16:00,tial_cl,domain,whats-app.love,#phishing,https://x.com/tial_cl/status/2081760527257149767
2026-07-27 15:16:00,tial_cl,url,http://whats-app.love,#phishing,https://x.com/tial_cl/status/2081760527257149767
2026-07-27 15:16:00,tial_cl,domain,whtsapp-assist.com,#phishing,https://x.com/tial_cl/status/2081760527257149767
2026-07-27 15:16:00,tial_cl,url,http://whtsapp-assist.com,#phishing,https://x.com/tial_cl/status/2081760527257149767
2026-07-27 15:16:00,tial_cl,domain,1-800-495-2277-scotiabank.com,#phishing,https://x.com/tial_cl/status/2081760527257149767
2026-07-27 15:16:00,tial_cl,url,http://1-800-495-2277-scotiabank.com,#phishing,https://x.com/tial_cl/status/2081760527257149767
2026-07-27 15:16:00,tial_cl,domain,info-scotiabank.com,#phishing,https://x.com/tial_cl/status/2081760527257149767
2026-07-27 15:16:00,tial_cl,url,http://info-scotiabank.com,#phishing,https://x.com/tial_cl/status/2081760527257149767
2026-07-27 15:16:00,tial_cl,domain,scotia-reset.com,#phishing,https://x.com/tial_cl/status/2081760527257149767
2026-07-27 15:16:00,tial_cl,url,http://scotia-reset.com,#phishing,https://x.com/tial_cl/status/2081760527257149767
2026-07-27 15:16:00,tial_cl,domain,scotiabanksecurityhelp.com,#phishing,https://x.com/tial_cl/status/2081760527257149767
2026-07-27 15:16:00,tial_cl,url,http://scotiabanksecurityhelp.com,#phishing,https://x.com/tial_cl/status/2081760527257149767
2026-07-27 15:16:00,tial_cl,domain,supports-appleid.com,#phishing,https://x.com/tial_cl/status/2081760527257149767
2026-07-27 15:16:00,tial_cl,url,http://supports-appleid.com,#phishing,https://x.com/tial_cl/status/2081760527257149767
2026-07-27 15:16:00,tial_cl,domain,support-apple.top,#phishing,https://x.com/tial_cl/status/2081760527257149767
2026-07-27 15:16:00,tial_cl,url,http://support-apple.top,#phishing,https://x.com/tial_cl/status/2081760527257149767
2026-07-27 15:16:00,tial_cl,domain,findmap-icloud.com,#phishing,https://x.com/tial_cl/status/2081760527257149767
2026-07-27 15:16:00,tial_cl,url,http://findmap-icloud.com,#phishing,https://x.com/tial_cl/status/2081760527257149767
2026-07-27 15:16:00,tial_cl,domain,microsfot.live,#phishing,https://x.com/tial_cl/status/2081760527257149767
2026-07-27 15:16:00,tial_cl,url,http://microsfot.live,#phishing,https://x.com/tial_cl/status/2081760527257149767
2026-07-27 15:16:00,tial_cl,domain,microsoft365businessbasic.com,#phishing,https://x.com/tial_cl/status/2081760527257149767
2026-07-27 15:16:00,tial_cl,url,http://microsoft365businessbasic.com,#phishing,https://x.com/tial_cl/status/2081760527257149767
2026-07-27 15:16:00,tial_cl,domain,shareonedrive.com,#phishing,https://x.com/tial_cl/status/2081760527257149767
2026-07-27 15:16:00,tial_cl,url,http://shareonedrive.com,#phishing,https://x.com/tial_cl/status/2081760527257149767
2026-07-27 15:16:00,tial_cl,domain,rablox.ltd,#phishing,https://x.com/tial_cl/status/2081760527257149767
2026-07-27 15:16:00,tial_cl,url,http://rablox.ltd,#phishing,https://x.com/tial_cl/status/2081760527257149767
2026-07-27 15:16:00,tial_cl,domain,roblos.org,#phishing,https://x.com/tial_cl/status/2081760527257149767
2026-07-27 15:16:00,tial_cl,url,http://roblos.org,#phishing,https://x.com/tial_cl/status/2081760527257149767
2026-07-27 15:16:00,tial_cl,domain,robloxprize.com,#phishing,https://x.com/tial_cl/status/2081760527257149767
2026-07-27 15:16:00,tial_cl,url,http://robloxprize.com,#phishing,https://x.com/tial_cl/status/2081760527257149767
2026-07-27 15:16:00,tial_cl,domain,tiktokmall.ink,#phishing,https://x.com/tial_cl/status/2081760527257149767
2026-07-27 15:16:00,tial_cl,url,http://tiktokmall.ink,#phishing,https://x.com/tial_cl/status/2081760527257149767
2026-07-27 15:16:00,tial_cl,domain,tiktokshopcn.shop,#phishing,https://x.com/tial_cl/status/2081760527257149767
2026-07-27 15:16:00,tial_cl,url,http://tiktokshopcn.shop,#phishing,https://x.com/tial_cl/status/2081760527257149767
2026-07-27 15:16:00,tial_cl,domain,descontos-tiktok.shop,#phishing,https://x.com/tial_cl/status/2081760527257149767
2026-07-27 15:16:00,tial_cl,url,http://descontos-tiktok.shop,#phishing,https://x.com/tial_cl/status/2081760527257149767
2026-07-27 15:16:00,tial_cl,domain,booking-confirmation178368app.com,#phishing,https://x.com/tial_cl/status/2081760527257149767
2026-07-27 15:16:00,tial_cl,url,http://booking-confirmation178368app.com,#phishing,https://x.com/tial_cl/status/2081760527257149767
2026-07-27 15:16:00,tial_cl,domain,booking-confirmation179428app.com,#phishing,https://x.com/tial_cl/status/2081760527257149767
2026-07-27 15:16:00,tial_cl,url,http://booking-confirmation179428app.com,#phishing,https://x.com/tial_cl/status/2081760527257149767
2026-07-27 15:16:00,tial_cl,domain,getlinkedinhelp.com,#phishing,https://x.com/tial_cl/status/2081760527257149767
2026-07-27 15:16:00,tial_cl,url,http://getlinkedinhelp.com,#phishing,https://x.com/tial_cl/status/2081760527257149767
2026-07-27 15:16:00,tial_cl,domain,invoicing-linkedln.com,#phishing,https://x.com/tial_cl/status/2081760527257149767
2026-07-27 15:16:00,tial_cl,url,http://invoicing-linkedln.com,#phishing,https://x.com/tial_cl/status/2081760527257149767
2026-07-27 15:16:00,tial_cl,domain,banoret.icu,#phishing,https://x.com/tial_cl/status/2081760527257149767
2026-07-27 15:16:00,tial_cl,url,http://banoret.icu,#phishing,https://x.com/tial_cl/status/2081760527257149767
2026-07-27 15:16:00,tial_cl,domain,bbvalim.bond,#phishing,https://x.com/tial_cl/status/2081760527257149767
2026-07-27 15:16:00,tial_cl,url,http://bbvalim.bond,#phishing,https://x.com/tial_cl/status/2081760527257149767
2026-07-27 15:16:00,tial_cl,domain,auth-coinbase.com,#phishing,https://x.com/tial_cl/status/2081760527257149767
2026-07-27 15:16:00,tial_cl,url,http://auth-coinbase.com,#phishing,https://x.com/tial_cl/status/2081760527257149767
2026-07-27 15:16:00,tial_cl,domain,719314-binance.com,#phishing,https://x.com/tial_cl/status/2081760527257149767
2026-07-27 15:16:00,tial_cl,url,http://719314-binance.com,#phishing,https://x.com/tial_cl/status/2081760527257149767
2026-07-27 15:16:00,tial_cl,domain,fireblocksdocusign.icu,#phishing,https://x.com/tial_cl/status/2081760527257149767
2026-07-27 15:16:00,tial_cl,url,http://fireblocksdocusign.icu,#phishing,https://x.com/tial_cl/status/2081760527257149767
2026-07-27 15:16:00,tial_cl,domain,faqcebook.com,#phishing,https://x.com/tial_cl/status/2081760527257149767
2026-07-27 15:16:00,tial_cl,url,http://faqcebook.com,#phishing,https://x.com/tial_cl/status/2081760527257149767
2026-07-27 15:16:00,tial_cl,domain,fortnitetournament.pro,#phishing,https://x.com/tial_cl/status/2081760527257149767
2026-07-27 15:16:00,tial_cl,url,http://fortnitetournament.pro,#phishing,https://x.com/tial_cl/status/2081760527257149767
2026-07-27 15:16:00,tial_cl,domain,instagramrecoveraccount.com,#phishing,https://x.com/tial_cl/status/2081760527257149767
2026-07-27 15:16:00,tial_cl,url,http://instagramrecoveraccount.com,#phishing,https://x.com/tial_cl/status/2081760527257149767
2026-07-27 15:16:00,tial_cl,domain,pagosmaprfe.com,#phishing,https://x.com/tial_cl/status/2081760527257149767
2026-07-27 15:16:00,tial_cl,url,http://pagosmaprfe.com,#phishing,https://x.com/tial_cl/status/2081760527257149767
2026-07-27 15:16:00,tial_cl,domain,prestamosfacilnequi.com,#phishing,https://x.com/tial_cl/status/2081760527257149767
2026-07-27 15:16:00,tial_cl,url,http://prestamosfacilnequi.com,#phishing,https://x.com/tial_cl/status/2081760527257149767
2026-07-27 15:16:00,tial_cl,domain,login-konto-pay-pal.com,#phishing,https://x.com/tial_cl/status/2081760527257149767
2026-07-27 15:16:00,tial_cl,url,http://login-konto-pay-pal.com,#phishing,https://x.com/tial_cl/status/2081760527257149767
2026-07-27 15:16:00,tial_cl,domain,temucoupons.com,#phishing,https://x.com/tial_cl/status/2081760527257149767
2026-07-27 15:16:00,tial_cl,url,http://temucoupons.com,#phishing,https://x.com/tial_cl/status/2081760527257149767
2026-07-27 15:16:00,tial_cl,domain,ubisoftgearbrand.shop,#phishing,https://x.com/tial_cl/status/2081760527257149767
2026-07-27 15:16:00,tial_cl,url,http://ubisoftgearbrand.shop,#phishing,https://x.com/tial_cl/status/2081760527257149767
2026-07-27 15:16:00,tial_cl,domain,walmartuso.icu,#phishing,https://x.com/tial_cl/status/2081760527257149767
2026-07-27 15:16:00,tial_cl,url,http://walmartuso.icu,#phishing,https://x.com/tial_cl/status/2081760527257149767
2026-07-27 15:16:00,tial_cl,domain,microsoftoffice365login.com,#phishing,https://x.com/tial_cl/status/2081760527257149767
2026-07-27 15:16:00,tial_cl,url,http://microsoftoffice365login.com,#phishing,https://x.com/tial_cl/status/2081760527257149767
2026-07-27 15:16:00,tial_cl,domain,microsoftonline-outlook.live,#phishing,https://x.com/tial_cl/status/2081760527257149767
2026-07-27 15:16:00,tial_cl,url,http://microsoftonline-outlook.live,#phishing,https://x.com/tial_cl/status/2081760527257149767
2026-07-27 15:16:00,tial_cl,domain,mysharepointpersonalfile.vip,#phishing,https://x.com/tial_cl/status/2081760527257149767
2026-07-27 15:16:00,tial_cl,url,http://mysharepointpersonalfile.vip,#phishing,https://x.com/tial_cl/status/2081760527257149767
2026-07-27 15:16:00,tial_cl,domain,e-mailmicrosoft.com,#phishing,https://x.com/tial_cl/status/2081760527257149767
2026-07-27 15:16:00,tial_cl,url,http://e-mailmicrosoft.com,#phishing,https://x.com/tial_cl/status/2081760527257149767
2026-07-27 15:16:00,tial_cl,domain,logmein-microsoftonline.com,#phishing,https://x.com/tial_cl/status/2081760527257149767
2026-07-27 15:16:00,tial_cl,url,http://logmein-microsoftonline.com,#phishing,https://x.com/tial_cl/status/2081760527257149767
2026-07-27 15:16:00,tial_cl,domain,microsoft-online.tech,#phishing,https://x.com/tial_cl/status/2081760527257149767
2026-07-27 15:16:00,tial_cl,url,http://microsoft-online.tech,#phishing,https://x.com/tial_cl/status/2081760527257149767
2026-07-27 15:16:00,tial_cl,domain,microsoft23.com,#phishing,https://x.com/tial_cl/status/2081760527257149767
2026-07-27 15:16:00,tial_cl,url,http://microsoft23.com,#phishing,https://x.com/tial_cl/status/2081760527257149767
2026-07-27 15:16:00,tial_cl,domain,microsoftonline.space,#phishing,https://x.com/tial_cl/status/2081760527257149767
2026-07-27 15:16:00,tial_cl,url,http://microsoftonline.space,#phishing,https://x.com/tial_cl/status/2081760527257149767
2026-07-27 15:16:00,tial_cl,domain,offices65.com,#phishing,https://x.com/tial_cl/status/2081760527257149767
2026-07-27 15:16:00,tial_cl,url,http://offices65.com,#phishing,https://x.com/tial_cl/status/2081760527257149767
2026-07-27 15:16:00,tial_cl,domain,ban-orte.com,#phishing,https://x.com/tial_cl/status/2081760527257149767
2026-07-27 15:16:00,tial_cl,url,http://ban-orte.com,#phishing,https://x.com/tial_cl/status/2081760527257149767
2026-07-27 15:16:00,tial_cl,domain,banarte.us,#phishing,https://x.com/tial_cl/status/2081760527257149767
2026-07-27 15:16:00,tial_cl,url,http://banarte.us,#phishing,https://x.com/tial_cl/status/2081760527257149767
2026-07-27 15:16:00,tial_cl,domain,banorate.icu,#phishing,https://x.com/tial_cl/status/2081760527257149767
2026-07-27 15:16:00,tial_cl,url,http://banorate.icu,#phishing,https://x.com/tial_cl/status/2081760527257149767
2026-07-27 15:16:00,tial_cl,domain,banorate.us,#phishing,https://x.com/tial_cl/status/2081760527257149767
2026-07-27 15:16:00,tial_cl,url,http://banorate.us,#phishing,https://x.com/tial_cl/status/2081760527257149767
2026-07-27 15:16:00,tial_cl,domain,banorote.com,#phishing,https://x.com/tial_cl/status/2081760527257149767
2026-07-27 15:16:00,tial_cl,url,http://banorote.com,#phishing,https://x.com/tial_cl/status/2081760527257149767
2026-07-27 15:16:00,tial_cl,domain,movistari.top,#phishing,https://x.com/tial_cl/status/2081760527257149767
2026-07-27 15:16:00,tial_cl,url,http://movistari.top,#phishing,https://x.com/tial_cl/status/2081760527257149767
2026-07-27 15:16:00,tial_cl,domain,facturacionesmovistar.com,#phishing,https://x.com/tial_cl/status/2081760527257149767
2026-07-27 15:16:00,tial_cl,url,http://facturacionesmovistar.com,#phishing,https://x.com/tial_cl/status/2081760527257149767
2026-07-27 15:16:00,tial_cl,domain,movistas.shop,#phishing,https://x.com/tial_cl/status/2081760527257149767
2026-07-27 15:16:00,tial_cl,url,http://movistas.shop,#phishing,https://x.com/tial_cl/status/2081760527257149767
2026-07-27 15:16:00,tial_cl,domain,movistaz.shop,#phishing,https://x.com/tial_cl/status/2081760527257149767
2026-07-27 15:16:00,tial_cl,url,http://movistaz.shop,#phishing,https://x.com/tial_cl/status/2081760527257149767
2026-07-27 15:16:00,tial_cl,domain,recaudosmovistarepayco.com,#phishing,https://x.com/tial_cl/status/2081760527257149767
2026-07-27 15:16:00,tial_cl,url,http://recaudosmovistarepayco.com,#phishing,https://x.com/tial_cl/status/2081760527257149767
2026-07-27 15:16:00,tial_cl,domain,flowtiktok.com,#phishing,https://x.com/tial_cl/status/2081760527257149767
2026-07-27 15:16:00,tial_cl,url,http://flowtiktok.com,#phishing,https://x.com/tial_cl/status/2081760527257149767
2026-07-27 15:16:00,tial_cl,domain,tik-tok.sale,#phishing,https://x.com/tial_cl/status/2081760527257149767
2026-07-27 15:16:00,tial_cl,url,http://tik-tok.sale,#phishing,https://x.com/tial_cl/status/2081760527257149767
2026-07-27 15:16:00,tial_cl,domain,tiktok19.win,#phishing,https://x.com/tial_cl/status/2081760527257149767
2026-07-27 15:16:00,tial_cl,url,http://tiktok19.win,#phishing,https://x.com/tial_cl/status/2081760527257149767
2026-07-27 15:16:00,tial_cl,domain,tiktokaicreator.com,#phishing,https://x.com/tial_cl/status/2081760527257149767
2026-07-27 15:16:00,tial_cl,url,http://tiktokaicreator.com,#phishing,https://x.com/tial_cl/status/2081760527257149767
2026-07-27 15:16:00,tial_cl,domain,docucloudadobe.org,#phishing,https://x.com/tial_cl/status/2081760527257149767
2026-07-27 15:16:00,tial_cl,url,http://docucloudadobe.org,#phishing,https://x.com/tial_cl/status/2081760527257149767
2026-07-27 15:16:00,tial_cl,domain,everythingsecurebyadobeacrobat.com,#phishing,https://x.com/tial_cl/status/2081760527257149767
2026-07-27 15:16:00,tial_cl,url,http://everythingsecurebyadobeacrobat.com,#phishing,https://x.com/tial_cl/status/2081760527257149767
2026-07-27 15:16:00,tial_cl,domain,everythingsecurebyadobeacrobat.online,#phishing,https://x.com/tial_cl/status/2081760527257149767
2026-07-27 15:16:00,tial_cl,url,http://everythingsecurebyadobeacrobat.online,#phishing,https://x.com/tial_cl/status/2081760527257149767
2026-07-27 15:16:00,tial_cl,domain,amazonde-play.com,#phishing,https://x.com/tial_cl/status/2081760527257149767
2026-07-27 15:16:00,tial_cl,url,http://amazonde-play.com,#phishing,https://x.com/tial_cl/status/2081760527257149767
2026-07-27 15:16:00,tial_cl,domain,amazonoaws.com,#phishing,https://x.com/tial_cl/status/2081760527257149767
2026-07-27 15:16:00,tial_cl,url,http://amazonoaws.com,#phishing,https://x.com/tial_cl/status/2081760527257149767
2026-07-27 15:16:00,tial_cl,domain,purchasing-amazon.com,#phishing,https://x.com/tial_cl/status/2081760527257149767
2026-07-27 15:16:00,tial_cl,url,http://purchasing-amazon.com,#phishing,https://x.com/tial_cl/status/2081760527257149767
2026-07-27 15:16:00,tial_cl,domain,appleid-applesecureco.com,#phishing,https://x.com/tial_cl/status/2081760527257149767
2026-07-27 15:16:00,tial_cl,url,http://appleid-applesecureco.com,#phishing,https://x.com/tial_cl/status/2081760527257149767
2026-07-27 15:16:00,tial_cl,domain,findmyimaps.com,#phishing,https://x.com/tial_cl/status/2081760527257149767
2026-07-27 15:16:00,tial_cl,url,http://findmyimaps.com,#phishing,https://x.com/tial_cl/status/2081760527257149767
2026-07-27 15:16:00,tial_cl,domain,myphones-icloud.help,#phishing,https://x.com/tial_cl/status/2081760527257149767
2026-07-27 15:16:00,tial_cl,url,http://myphones-icloud.help,#phishing,https://x.com/tial_cl/status/2081760527257149767
2026-07-27 15:16:00,tial_cl,domain,doc-sign.xyz,#phishing,https://x.com/tial_cl/status/2081760527257149767
2026-07-27 15:16:00,tial_cl,url,http://doc-sign.xyz,#phishing,https://x.com/tial_cl/status/2081760527257149767
2026-07-27 15:16:00,tial_cl,domain,docu-signs.icu,#phishing,https://x.com/tial_cl/status/2081760527257149767
2026-07-27 15:16:00,tial_cl,url,http://docu-signs.icu,#phishing,https://x.com/tial_cl/status/2081760527257149767
2026-07-27 15:16:00,tial_cl,domain,docusigndesktop.com,#phishing,https://x.com/tial_cl/status/2081760527257149767
2026-07-27 15:16:00,tial_cl,url,http://docusigndesktop.com,#phishing,https://x.com/tial_cl/status/2081760527257149767
2026-07-27 15:16:00,tial_cl,domain,app-facebook.online,#phishing,https://x.com/tial_cl/status/2081760527257149767
2026-07-27 15:16:00,tial_cl,url,http://app-facebook.online,#phishing,https://x.com/tial_cl/status/2081760527257149767
2026-07-27 15:16:00,tial_cl,domain,facebookadminservices.com,#phishing,https://x.com/tial_cl/status/2081760527257149767
2026-07-27 15:16:00,tial_cl,url,http://facebookadminservices.com,#phishing,https://x.com/tial_cl/status/2081760527257149767
2026-07-27 15:16:00,tial_cl,domain,faceboolk.com,#phishing,https://x.com/tial_cl/status/2081760527257149767
2026-07-27 15:16:00,tial_cl,url,http://faceboolk.com,#phishing,https://x.com/tial_cl/status/2081760527257149767
2026-07-27 15:16:00,tial_cl,domain,robloxx.icu,#phishing,https://x.com/tial_cl/status/2081760527257149767
2026-07-27 15:16:00,tial_cl,url,http://robloxx.icu,#phishing,https://x.com/tial_cl/status/2081760527257149767
2026-07-27 15:16:00,tial_cl,domain,robloxx.tech,#phishing,https://x.com/tial_cl/status/2081760527257149767
2026-07-27 15:16:00,tial_cl,url,http://robloxx.tech,#phishing,https://x.com/tial_cl/status/2081760527257149767
2026-07-27 15:16:00,tial_cl,domain,deltarobloxru.com,#phishing,https://x.com/tial_cl/status/2081760527257149767
2026-07-27 15:16:00,tial_cl,url,http://deltarobloxru.com,#phishing,https://x.com/tial_cl/status/2081760527257149767
2026-07-27 15:16:00,tial_cl,domain,wb-whatsappsh.com,#phishing,https://x.com/tial_cl/status/2081760527257149767
2026-07-27 15:16:00,tial_cl,url,http://wb-whatsappsh.com,#phishing,https://x.com/tial_cl/status/2081760527257149767
2026-07-27 15:16:00,tial_cl,domain,wuhatsapp.com,#phishing,https://x.com/tial_cl/status/2081760527257149767
2026-07-27 15:16:00,tial_cl,url,http://wuhatsapp.com,#phishing,https://x.com/tial_cl/status/2081760527257149767
2026-07-27 15:16:00,tial_cl,domain,wyhatsapp.com,#phishing,https://x.com/tial_cl/status/2081760527257149767
2026-07-27 15:16:00,tial_cl,url,http://wyhatsapp.com,#phishing,https://x.com/tial_cl/status/2081760527257149767
2026-07-27 15:16:00,tial_cl,domain,674512binance.com,#phishing,https://x.com/tial_cl/status/2081760527257149767
2026-07-27 15:16:00,tial_cl,url,http://674512binance.com,#phishing,https://x.com/tial_cl/status/2081760527257149767
2026-07-27 15:16:00,tial_cl,domain,674552binance.com,#phishing,https://x.com/tial_cl/status/2081760527257149767
2026-07-27 15:16:00,tial_cl,url,http://674552binance.com,#phishing,https://x.com/tial_cl/status/2081760527257149767
2026-07-27 15:16:00,tial_cl,domain,instagramaccount.info,#phishing,https://x.com/tial_cl/status/2081760527257149767
2026-07-27 15:16:00,tial_cl,url,http://instagramaccount.info,#phishing,https://x.com/tial_cl/status/2081760527257149767
2026-07-27 15:16:00,tial_cl,domain,instagranrm.info,#phishing,https://x.com/tial_cl/status/2081760527257149767
2026-07-27 15:16:00,tial_cl,url,http://instagranrm.info,#phishing,https://x.com/tial_cl/status/2081760527257149767
2026-07-27 15:16:00,tial_cl,domain,mercadopagol.xyz,#phishing,https://x.com/tial_cl/status/2081760527257149767
2026-07-27 15:16:00,tial_cl,url,http://mercadopagol.xyz,#phishing,https://x.com/tial_cl/status/2081760527257149767
2026-07-27 15:16:00,tial_cl,domain,merc-pago-play.site,#phishing,https://x.com/tial_cl/status/2081760527257149767
2026-07-27 15:16:00,tial_cl,url,http://merc-pago-play.site,#phishing,https://x.com/tial_cl/status/2081760527257149767
2026-07-27 15:16:00,tial_cl,domain,milecraft.shop,#phishing,https://x.com/tial_cl/status/2081760527257149767
2026-07-27 15:16:00,tial_cl,url,http://milecraft.shop,#phishing,https://x.com/tial_cl/status/2081760527257149767
2026-07-27 15:16:00,tial_cl,domain,robuxileminecraftskin.com,#phishing,https://x.com/tial_cl/status/2081760527257149767
2026-07-27 15:16:00,tial_cl,url,http://robuxileminecraftskin.com,#phishing,https://x.com/tial_cl/status/2081760527257149767
2026-07-27 15:16:00,tial_cl,domain,pichincha-encuestapago.lat,#phishing,https://x.com/tial_cl/status/2081760527257149767
2026-07-27 15:16:00,tial_cl,url,http://pichincha-encuestapago.lat,#phishing,https://x.com/tial_cl/status/2081760527257149767
2026-07-27 15:16:00,tial_cl,domain,pichinchaencuestapago.sbs,#phishing,https://x.com/tial_cl/status/2081760527257149767
2026-07-27 15:16:00,tial_cl,url,http://pichinchaencuestapago.sbs,#phishing,https://x.com/tial_cl/status/2081760527257149767
2026-07-27 15:16:00,tial_cl,domain,temucashback.com,#phishing,https://x.com/tial_cl/status/2081760527257149767
2026-07-27 15:16:00,tial_cl,url,http://temucashback.com,#phishing,https://x.com/tial_cl/status/2081760527257149767
2026-07-27 15:16:00,tial_cl,domain,temuonliner.com,#phishing,https://x.com/tial_cl/status/2081760527257149767
2026-07-27 15:16:00,tial_cl,url,http://temuonliner.com,#phishing,https://x.com/tial_cl/status/2081760527257149767
2026-07-27 15:16:00,tial_cl,domain,privatezoommeeting.com,#phishing,https://x.com/tial_cl/status/2081760527257149767
2026-07-27 15:16:00,tial_cl,url,http://privatezoommeeting.com,#phishing,https://x.com/tial_cl/status/2081760527257149767
2026-07-27 15:16:00,tial_cl,domain,privatezoommeeting.online,#phishing,https://x.com/tial_cl/status/2081760527257149767
2026-07-27 15:16:00,tial_cl,url,http://privatezoommeeting.online,#phishing,https://x.com/tial_cl/status/2081760527257149767
2026-07-27 15:16:00,tial_cl,domain,weblbbvanetcashrperu.online,#phishing,https://x.com/tial_cl/status/2081760527257149767
2026-07-27 15:16:00,tial_cl,url,http://weblbbvanetcashrperu.online,#phishing,https://x.com/tial_cl/status/2081760527257149767
2026-07-27 15:16:00,tial_cl,domain,booking-confirmation170728app.com,#phishing,https://x.com/tial_cl/status/2081760527257149767
2026-07-27 15:16:00,tial_cl,url,http://booking-confirmation170728app.com,#phishing,https://x.com/tial_cl/status/2081760527257149767
2026-07-27 15:16:00,tial_cl,domain,new-red5gclaro-pe.com,#phishing,https://x.com/tial_cl/status/2081760527257149767
2026-07-27 15:16:00,tial_cl,url,http://new-red5gclaro-pe.com,#phishing,https://x.com/tial_cl/status/2081760527257149767
2026-07-27 15:16:00,tial_cl,domain,discordsetupbot.xyz,#phishing,https://x.com/tial_cl/status/2081760527257149767
2026-07-27 15:16:00,tial_cl,url,http://discordsetupbot.xyz,#phishing,https://x.com/tial_cl/status/2081760527257149767
2026-07-27 15:16:00,tial_cl,domain,emaildropbox.net,#phishing,https://x.com/tial_cl/status/2081760527257149767
2026-07-27 15:16:00,tial_cl,url,http://emaildropbox.net,#phishing,https://x.com/tial_cl/status/2081760527257149767
2026-07-27 15:16:00,tial_cl,domain,entelmovil.com,#phishing,https://x.com/tial_cl/status/2081760527257149767
2026-07-27 15:16:00,tial_cl,url,http://entelmovil.com,#phishing,https://x.com/tial_cl/status/2081760527257149767
2026-07-27 15:16:00,tial_cl,domain,free-fire.com,#phishing,https://x.com/tial_cl/status/2081760527257149767
2026-07-27 15:16:00,tial_cl,url,http://free-fire.com,#phishing,https://x.com/tial_cl/status/2081760527257149767
2026-07-27 15:16:00,tial_cl,domain,googlemeet.lat,#phishing,https://x.com/tial_cl/status/2081760527257149767
2026-07-27 15:16:00,tial_cl,url,http://googlemeet.lat,#phishing,https://x.com/tial_cl/status/2081760527257149767
2026-07-27 15:16:00,tial_cl,domain,interbankswitch.info,#phishing,https://x.com/tial_cl/status/2081760527257149767
2026-07-27 15:16:00,tial_cl,url,http://interbankswitch.info,#phishing,https://x.com/tial_cl/status/2081760527257149767
2026-07-27 15:16:00,tial_cl,domain,itaumilhas.com,#phishing,https://x.com/tial_cl/status/2081760527257149767
2026-07-27 15:16:00,tial_cl,url,http://itaumilhas.com,#phishing,https://x.com/tial_cl/status/2081760527257149767
2026-07-27 15:16:00,tial_cl,domain,northfaceshrvatska.com,#phishing,https://x.com/tial_cl/status/2081760527257149767
2026-07-27 15:16:00,tial_cl,url,http://northfaceshrvatska.com,#phishing,https://x.com/tial_cl/status/2081760527257149767
2026-07-27 15:16:00,tial_cl,domain,parastesintago.club,#phishing,https://x.com/tial_cl/status/2081760527257149767
2026-07-27 15:16:00,tial_cl,url,http://parastesintago.club,#phishing,https://x.com/tial_cl/status/2081760527257149767
2026-07-27 15:16:00,tial_cl,domain,pagoluzygasrepsol.com,#phishing,https://x.com/tial_cl/status/2081760527257149767
2026-07-27 15:16:00,tial_cl,url,http://pagoluzygasrepsol.com,#phishing,https://x.com/tial_cl/status/2081760527257149767
2026-07-27 15:16:00,tial_cl,domain,validatescotiabankclient.com,#phishing,https://x.com/tial_cl/status/2081760527257149767
2026-07-27 15:16:00,tial_cl,url,http://validatescotiabankclient.com,#phishing,https://x.com/tial_cl/status/2081760527257149767
2026-07-27 15:16:00,tial_cl,domain,sharepointdocument.online,#phishing,https://x.com/tial_cl/status/2081760527257149767
2026-07-27 15:16:00,tial_cl,url,http://sharepointdocument.online,#phishing,https://x.com/tial_cl/status/2081760527257149767
2026-07-27 15:16:00,tial_cl,domain,dlai-telegrem.org,#phishing,https://x.com/tial_cl/status/2081760527257149767
2026-07-27 15:16:00,tial_cl,url,http://dlai-telegrem.org,#phishing,https://x.com/tial_cl/status/2081760527257149767
2026-07-27 15:16:00,tial_cl,domain,freefire.today,#phishing,https://x.com/tial_cl/status/2081760527257149767
2026-07-27 15:16:00,tial_cl,url,http://freefire.today,#phishing,https://x.com/tial_cl/status/2081760527257149767
2026-07-27 15:16:00,tial_cl,domain,freefireadvanceserverdl.com,#phishing,https://x.com/tial_cl/status/2081760527257149767
2026-07-27 15:16:00,tial_cl,url,http://freefireadvanceserverdl.com,#phishing,https://x.com/tial_cl/status/2081760527257149767
2026-07-27 15:16:00,tial_cl,domain,freefireadvanceserverdl.net,#phishing,https://x.com/tial_cl/status/2081760527257149767
2026-07-27 15:16:00,tial_cl,url,http://freefireadvanceserverdl.net,#phishing,https://x.com/tial_cl/status/2081760527257149767
2026-07-27 15:16:00,tial_cl,domain,freefireadvanceserverx.com,#phishing,https://x.com/tial_cl/status/2081760527257149767
2026-07-27 15:16:00,tial_cl,url,http://freefireadvanceserverx.com,#phishing,https://x.com/tial_cl/status/2081760527257149767
2026-07-27 15:16:00,tial_cl,domain,freefireadvanceserverx.net,#phishing,https://x.com/tial_cl/status/2081760527257149767
2026-07-27 15:16:00,tial_cl,url,http://freefireadvanceserverx.net,#phishing,https://x.com/tial_cl/status/2081760527257149767
2026-07-27 15:16:00,tial_cl,domain,bancofalabella.help,#phishing,https://x.com/tial_cl/status/2081760527257149767
2026-07-27 15:16:00,tial_cl,url,http://bancofalabella.help,#phishing,https://x.com/tial_cl/status/2081760527257149767
2026-07-27 15:16:00,tial_cl,domain,falabellacmr.info,#phishing,https://x.com/tial_cl/status/2081760527257149767
2026-07-27 15:16:00,tial_cl,url,http://falabellacmr.info,#phishing,https://x.com/tial_cl/status/2081760527257149767
2026-07-27 15:16:00,tial_cl,domain,falabellausuario.info,#phishing,https://x.com/tial_cl/status/2081760527257149767
2026-07-27 15:16:00,tial_cl,url,http://falabellausuario.info,#phishing,https://x.com/tial_cl/status/2081760527257149767
2026-07-27 15:16:00,tial_cl,domain,helpsecurity-microsoft.com,#phishing,https://x.com/tial_cl/status/2081760527257149767
2026-07-27 15:16:00,tial_cl,url,http://helpsecurity-microsoft.com,#phishing,https://x.com/tial_cl/status/2081760527257149767
2026-07-27 15:16:00,tial_cl,domain,securityhelp-microsoft.com,#phishing,https://x.com/tial_cl/status/2081760527257149767
2026-07-27 15:16:00,tial_cl,url,http://securityhelp-microsoft.com,#phishing,https://x.com/tial_cl/status/2081760527257149767
2026-07-27 15:16:00,tial_cl,domain,securityhelpmicrosoft.com,#phishing,https://x.com/tial_cl/status/2081760527257149767
2026-07-27 15:16:00,tial_cl,url,http://securityhelpmicrosoft.com,#phishing,https://x.com/tial_cl/status/2081760527257149767
2026-07-27 15:16:00,tial_cl,domain,liveadobe.com,#phishing,https://x.com/tial_cl/status/2081760527257149767
2026-07-27 15:16:00,tial_cl,url,http://liveadobe.com,#phishing,https://x.com/tial_cl/status/2081760527257149767
2026-07-27 15:16:00,tial_cl,domain,applesecurityserveraustralia.com,#phishing,https://x.com/tial_cl/status/2081760527257149767
2026-07-27 15:16:00,tial_cl,url,http://applesecurityserveraustralia.com,#phishing,https://x.com/tial_cl/status/2081760527257149767
2026-07-27 15:16:00,tial_cl,domain,keystonequillsigningagent.com,#phishing,https://x.com/tial_cl/status/2081760527257149767
2026-07-27 15:16:00,tial_cl,url,http://keystonequillsigningagent.com,#phishing,https://x.com/tial_cl/status/2081760527257149767
2026-07-27 15:16:00,tial_cl,domain,robox.se,#phishing,https://x.com/tial_cl/status/2081760527257149767
2026-07-27 15:16:00,tial_cl,url,http://robox.se,#phishing,https://x.com/tial_cl/status/2081760527257149767
2026-07-27 15:30:00,ShadowOpCode,sha256,0da0e50360469d64558e6de818b57f966126400d0b1e4b50cd50acd6cde86ae1,,https://x.com/ShadowOpCode/status/2081764112648884246
2026-07-27 15:30:00,ShadowOpCode,sha256,5cae7777da045d7c7d9b921e83a92e3703e39c0d489204564d037c3634170537,,https://x.com/ShadowOpCode/status/2081764112648884246
2026-07-27 15:32:00,skocherhan,url,https://204.44.93.88:8449,,https://x.com/skocherhan/status/2081764707321385003
2026-07-27 15:32:00,skocherhan,ip,204.44.93.88,,https://x.com/skocherhan/status/2081764707321385003
2026-07-27 15:47:00,skocherhan,url,http://github.com/eticosdatos903-wq,#AsyncRAT,https://x.com/skocherhan/status/2081768436120662266
2026-07-27 15:47:00,skocherhan,md5,7c3296f411c190404154aa89904a61b1,#AsyncRAT,https://x.com/skocherhan/status/2081768436120662266
2026-07-27 15:48:00,exfilsquad,domain,exfil5gqmbxrg6yky5aeitkdj7kfwxxjh3wxzrtlewjqi2x67o634iyd.onion,,https://x.com/exfilsquad/status/2081768684843110542
2026-07-27 15:48:00,exfilsquad,url,http://exfil5gqmbxrg6yky5aeitkdj7kfwxxjh3wxzrtlewjqi2x67o634iyd.onion/microsoft_samples.7z.torrent,,https://x.com/exfilsquad/status/2081768684843110542
2026-07-27 15:52:00,patialavii,url,https://mvuuf.screenconnect.com/Bin/ScreenConnect.ClientSetup.msi,#phishing,https://x.com/patialavii/status/2081769705631879284
2026-07-27 15:52:00,chum1ng0,domain,mi-paciente.com,,https://x.com/chum1ng0/status/2081769683187909068
2026-07-27 15:52:00,chum1ng0,url,http://mi-paciente.com,,https://x.com/chum1ng0/status/2081769683187909068
2026-07-27 16:05:00,James_inthe_box,sha256,c6713b3c5ba4da5044d96463cae74227a6a898abb051a5f75ab7b508eb20f7e1,,https://x.com/James_inthe_box/status/2081773019836666139
2026-07-27 16:10:00,skocherhan,domain,contactquest.com,#phishing,https://x.com/skocherhan/status/2081774329419759806
2026-07-27 16:10:00,skocherhan,url,https://contactquest.com/signin/edw/windows/invite.php,#phishing,https://x.com/skocherhan/status/2081774329419759806
2026-07-27 16:10:00,skocherhan,domain,mvuuf.screenconnect.com,#phishing,https://x.com/skocherhan/status/2081774329419759806
2026-07-27 16:10:00,skocherhan,url,https://mvuuf.screenconnect.com/Bin/ScreenConnect.ClientSetup.msiSHA256,#phishing,https://x.com/skocherhan/status/2081774329419759806
2026-07-27 16:10:00,skocherhan,sha256,116713d2198c38d56eddd7deed0f55390009747f4b080dd641030af75f6f64a0,#phishing,https://x.com/skocherhan/status/2081774329419759806
2026-07-27 16:37:00,volrant136,domain,vermillion-flan-23049b.netlify.app,,https://x.com/volrant136/status/2081780918750990336
2026-07-27 16:37:00,volrant136,url,http://vermillion-flan-23049b.netlify.app,,https://x.com/volrant136/status/2081780918750990336
2026-07-27 17:00:00,phishunt_io,domain,amazon-ae-relay.apps.prov.cx,#phishing,https://x.com/phishunt_io/status/2081786895034396768
2026-07-27 17:00:00,phishunt_io,url,http://amazon-ae-relay.apps.prov.cx,#phishing,https://x.com/phishunt_io/status/2081786895034396768
2026-07-27 17:00:00,phishunt_io,ip,79.124.58.150,#phishing,https://x.com/phishunt_io/status/2081786895034396768
2026-07-27 18:00:00,phatomcandle,domain,tremorcrest.click,#APT #malware,https://x.com/phatomcandle/status/2081801814488580442
2026-07-27 18:00:00,phatomcandle,url,http://tremorcrest.click,#APT #malware,https://x.com/phatomcandle/status/2081801814488580442
2026-07-27 18:15:00,volrant136,domain,spfc-punjab-govpk.xyz,,https://x.com/volrant136/status/2081805669175370115
2026-07-27 18:15:00,volrant136,url,https://www.spfc-punjab-govpk.xyz,,https://x.com/volrant136/status/2081805669175370115
2026-07-27 19:19:00,skocherhan,domain,bascofinefood.cfd,,https://x.com/skocherhan/status/2081821791287144740
2026-07-27 19:19:00,skocherhan,url,https://bascofinefood.cfd,,https://x.com/skocherhan/status/2081821791287144740
2026-07-27 19:19:00,skocherhan,url,https://bascofinefood.cfd:8443,,https://x.com/skocherhan/status/2081821791287144740
2026-07-27 19:24:00,skocherhan,ip,104.36.229.213,,https://x.com/skocherhan/status/2081823163114049879
2026-07-27 19:24:00,skocherhan,sha256,962816d91ffc29da83605699c467b88d7952d3fda7217a81fce5d2aff746a920,,https://x.com/skocherhan/status/2081823163114049879
2026-07-27 19:26:00,skocherhan,ip,5.189.151.112,,https://x.com/skocherhan/status/2081823448741884282
2026-07-27 19:48:00,Coolcarlos17,domain,shopdoseletroportateis.com.br,#phishing #scam,https://x.com/Coolcarlos17/status/2081829119944183952
2026-07-27 19:48:00,Coolcarlos17,url,http://shopdoseletroportateis.com.br,#phishing #scam,https://x.com/Coolcarlos17/status/2081829119944183952
2026-07-27 20:16:00,PhishStats,url,http://sharepointdocument.online/?rb.routing.mode=proxy&rb.routing.signature=80582,#phishing,https://x.com/PhishStats/status/2081836100180439223
2026-07-27 20:16:00,PhishStats,ip,52.72.49.79,#phishing,https://x.com/PhishStats/status/2081836100180439223
2026-07-27 21:31:00,smica83,sha256,ffa5c396a37ef0dbabf541cecc4e1bda84675eace39d2a8d2ccf355f08a9ca80,,https://x.com/smica83/status/2081855040143110231
