2026-07-12 07:08:00,Fact_Finder03,ip,217.60.195.144,#C2,https://x.com/Fact_Finder03/status/2076201894096310498
2026-07-12 07:58:00,Fact_Finder03,ip,2.27.248.138,#C2 #RAT,https://x.com/Fact_Finder03/status/2076214508125814872
2026-07-12 07:58:00,Fact_Finder03,sha256,79b6f2eb6583a83aabe590264de08c0ad1eb7e960ae9a4bdbc6ed84142ce95a9,#C2 #RAT,https://x.com/Fact_Finder03/status/2076214508125814872
2026-07-12 08:10:00,smica83,domain,publication-saving-reef-delete.trycloudflare.com,#opendir,https://x.com/smica83/status/2076217732970729748
2026-07-12 08:10:00,smica83,url,https://publication-saving-reef-delete.trycloudflare.com,#opendir,https://x.com/smica83/status/2076217732970729748
2026-07-12 08:16:00,smica83,domain,pub-5f8c8eaff71b48eb97dfe35290b55d11.r2.dev,,https://x.com/smica83/status/2076219098476732847
2026-07-12 08:16:00,smica83,url,https://pub-5f8c8eaff71b48eb97dfe35290b55d11.r2.dev/PorProfiler4.msi,,https://x.com/smica83/status/2076219098476732847
2026-07-12 08:16:00,smica83,url,http://196.251.107.6,,https://x.com/smica83/status/2076219098476732847
2026-07-12 08:16:00,smica83,ip,196.251.107.6,,https://x.com/smica83/status/2076219098476732847
2026-07-12 08:16:00,smica83,sha256,d88aa7f544145d8feda83c37b2c771b493bdbc6a3f84ce7ab9842823ea9f295f,,https://x.com/smica83/status/2076219098476732847
2026-07-12 08:20:00,smica83,domain,ms.982483.vg,,https://x.com/smica83/status/2076220123195625785
2026-07-12 08:20:00,smica83,url,https://ms.982483.vg/ZA2A_DONE.ps1,,https://x.com/smica83/status/2076220123195625785
2026-07-12 08:20:00,smica83,url,http://95.181.173.101,,https://x.com/smica83/status/2076220123195625785
2026-07-12 08:20:00,smica83,ip,95.181.173.101,,https://x.com/smica83/status/2076220123195625785
2026-07-12 08:20:00,smica83,sha256,81e6bc9a79e4234febec3a7aeea430d57c9edf46c670d26997e61bb3ef5aa32c,,https://x.com/smica83/status/2076220123195625785
2026-07-12 08:30:00,Malwarehunterr,domain,xn--igb2a4cg0ab.online,#phishing,https://x.com/Malwarehunterr/status/2076222594517496265
2026-07-12 08:30:00,Malwarehunterr,url,https://xn--igb2a4cg0ab.online,#phishing,https://x.com/Malwarehunterr/status/2076222594517496265
2026-07-12 08:47:00,Yusufcancakiir,url,http://185.199.197.81,,https://x.com/Yusufcancakiir/status/2076226949584744671
2026-07-12 08:47:00,Yusufcancakiir,ip,185.199.197.81,,https://x.com/Yusufcancakiir/status/2076226949584744671
2026-07-12 08:47:00,Yusufcancakiir,sha256,9d7723ac78bdbe11f93e0f6df40a4b025f6e539951e76108739e8885b28980bb,,https://x.com/Yusufcancakiir/status/2076226949584744671
2026-07-12 08:47:00,Yusufcancakiir,sha256,f01f7c9eaa7eab4898042ff1e9bc82300a85107dd3811a9cac13e2fbd11d3564,,https://x.com/Yusufcancakiir/status/2076226949584744671
2026-07-12 10:17:00,bsforvt727,md5,7dda98b4ccc81a372dcc62e3dd9196c0,#malware,https://x.com/bsforvt727/status/2076249499664810366
2026-07-12 10:17:00,bsforvt727,md5,810d4f818350cb3859c325d8e86e5ffc,#malware,https://x.com/bsforvt727/status/2076249499664810366
2026-07-12 10:24:00,smica83,url,http://27.124.6.203:7865/down/Serdea3bE89b,,https://x.com/smica83/status/2076251289336287591
2026-07-12 10:24:00,smica83,ip,27.124.6.203,,https://x.com/smica83/status/2076251289336287591
2026-07-12 10:24:00,smica83,sha256,cc16e880d67af10df85f43a178b824548e20ddb40cda6e23a73a75e4c456c8d9,,https://x.com/smica83/status/2076251289336287591
2026-07-12 10:31:00,smica83,url,http://91.92.35.230/szch0807/commercelogic.ps1,,https://x.com/smica83/status/2076253109446213877
2026-07-12 10:31:00,smica83,url,http://91.92.35.230/szch0807/decisiontired.ps1,,https://x.com/smica83/status/2076253109446213877
2026-07-12 10:31:00,smica83,ip,91.92.35.230,,https://x.com/smica83/status/2076253109446213877
2026-07-12 10:31:00,smica83,sha256,d448dfee940f4cbb2c26702951998ebeda7d24f137047a10ea8fbcbb6a903fab,,https://x.com/smica83/status/2076253109446213877
2026-07-12 10:37:00,skocherhan,url,http://134.122.128.135,,https://x.com/skocherhan/status/2076254620179988749
2026-07-12 10:37:00,skocherhan,ip,134.122.128.135,,https://x.com/skocherhan/status/2076254620179988749
2026-07-12 10:55:00,Malwarehunterr,domain,fawary-nfc-1.site,#phishing,https://x.com/Malwarehunterr/status/2076259089072742845
2026-07-12 10:55:00,Malwarehunterr,url,http://fawary-nfc-1.site,#phishing,https://x.com/Malwarehunterr/status/2076259089072742845
2026-07-12 10:58:00,skocherhan,md5,fa6e49af4bdb416b1f6bfbc04aa82287,,https://x.com/skocherhan/status/2076259925030809714
2026-07-12 10:58:00,skocherhan,md5,dedd6d6b77ab093098050405ada305d8,,https://x.com/skocherhan/status/2076259925030809714
2026-07-12 10:58:00,skocherhan,md5,f18fc6dfb28da984cf7730217389f165,,https://x.com/skocherhan/status/2076259925030809714
2026-07-12 10:58:00,skocherhan,md5,862a8bbf0df0cf0f6578dc84d81474b4,,https://x.com/skocherhan/status/2076259925030809714
2026-07-12 10:58:00,skocherhan,md5,9e82e564a9654e224b8251a4bed4a456,,https://x.com/skocherhan/status/2076259925030809714
2026-07-12 11:11:00,skocherhan,url,http://134.122.128.66:6666,,https://x.com/skocherhan/status/2076263289164632467
2026-07-12 11:11:00,skocherhan,ip,134.122.128.66,,https://x.com/skocherhan/status/2076263289164632467
2026-07-12 11:18:00,skocherhan,url,http://134.122.128.154,,https://x.com/skocherhan/status/2076264830743277762
2026-07-12 11:18:00,skocherhan,url,http://202.95.8.27:6666,,https://x.com/skocherhan/status/2076264830743277762
2026-07-12 11:18:00,skocherhan,ip,134.122.128.154,,https://x.com/skocherhan/status/2076264830743277762
2026-07-12 11:18:00,skocherhan,ip,202.95.8.27,,https://x.com/skocherhan/status/2076264830743277762
2026-07-12 11:36:00,Malwarehunterr,domain,pat-re-on.site,#phishing,https://x.com/Malwarehunterr/status/2076269554972700946
2026-07-12 11:36:00,Malwarehunterr,url,http://pat-re-on.site,#phishing,https://x.com/Malwarehunterr/status/2076269554972700946
2026-07-12 11:36:00,Malwarehunterr,domain,log.brunaecass.com,#phishing,https://x.com/Malwarehunterr/status/2076269554972700946
2026-07-12 11:36:00,Malwarehunterr,url,http://log.brunaecass.com,#phishing,https://x.com/Malwarehunterr/status/2076269554972700946
2026-07-12 11:36:00,Malwarehunterr,url,http://log.brunaecass.com/9730502/index,#phishing,https://x.com/Malwarehunterr/status/2076269554972700946
2026-07-12 11:36:00,Malwarehunterr,url,http://log.brunaecass.com/9730502/HubStream,#phishing,https://x.com/Malwarehunterr/status/2076269554972700946
2026-07-12 11:36:00,Malwarehunterr,url,http://log.brunaecass.com/9730502/window,#phishing,https://x.com/Malwarehunterr/status/2076269554972700946
2026-07-12 11:36:00,Malwarehunterr,url,http://log.brunaecass.com/9730502/intercepts.js,#phishing,https://x.com/Malwarehunterr/status/2076269554972700946
2026-07-12 11:36:00,skocherhan,domain,aoo.com.mx,#AsyncRAT,https://x.com/skocherhan/status/2076269433652146413
2026-07-12 11:36:00,skocherhan,url,http://aoo.com.mx,#AsyncRAT,https://x.com/skocherhan/status/2076269433652146413
2026-07-12 11:36:00,skocherhan,url,http://172.67.168.74:443,#AsyncRAT,https://x.com/skocherhan/status/2076269433652146413
2026-07-12 11:36:00,skocherhan,url,http://172.67.168.74:80,#AsyncRAT,https://x.com/skocherhan/status/2076269433652146413
2026-07-12 11:36:00,skocherhan,url,http://172.67.168.74:8443,#AsyncRAT,https://x.com/skocherhan/status/2076269433652146413
2026-07-12 11:36:00,skocherhan,url,http://172.67.168.74:8080,#AsyncRAT,https://x.com/skocherhan/status/2076269433652146413
2026-07-12 11:36:00,skocherhan,url,http://104.21.26.137:8443,#AsyncRAT,https://x.com/skocherhan/status/2076269433652146413
2026-07-12 11:36:00,skocherhan,url,http://104.21.26.137:443,#AsyncRAT,https://x.com/skocherhan/status/2076269433652146413
2026-07-12 11:36:00,skocherhan,md5,f2b4c4117580edf2327e432bc53ed6ee,#AsyncRAT,https://x.com/skocherhan/status/2076269433652146413
2026-07-12 11:40:00,skocherhan,domain,setmore.online,#phishing,https://x.com/skocherhan/status/2076270427035296011
2026-07-12 11:40:00,skocherhan,url,http://setmore.online,#phishing,https://x.com/skocherhan/status/2076270427035296011
2026-07-12 11:40:00,skocherhan,domain,referlza.online,#phishing,https://x.com/skocherhan/status/2076270427035296011
2026-07-12 11:40:00,skocherhan,url,http://referlza.online,#phishing,https://x.com/skocherhan/status/2076270427035296011
2026-07-12 11:40:00,skocherhan,domain,vagaro-online.site,#phishing,https://x.com/skocherhan/status/2076270427035296011
2026-07-12 11:40:00,skocherhan,url,http://vagaro-online.site,#phishing,https://x.com/skocherhan/status/2076270427035296011
2026-07-12 11:40:00,skocherhan,domain,vagarodas.com,#phishing,https://x.com/skocherhan/status/2076270427035296011
2026-07-12 11:40:00,skocherhan,url,http://vagarodas.com,#phishing,https://x.com/skocherhan/status/2076270427035296011
2026-07-12 11:40:00,skocherhan,domain,vagaro.online,#phishing,https://x.com/skocherhan/status/2076270427035296011
2026-07-12 11:40:00,skocherhan,url,http://vagaro.online,#phishing,https://x.com/skocherhan/status/2076270427035296011
2026-07-12 11:40:00,skocherhan,domain,eventbritesdashboardd.com,#phishing,https://x.com/skocherhan/status/2076270427035296011
2026-07-12 11:40:00,skocherhan,url,http://eventbritesdashboardd.com,#phishing,https://x.com/skocherhan/status/2076270427035296011
2026-07-12 11:40:00,skocherhan,domain,newsletter.vagaro.online,#phishing,https://x.com/skocherhan/status/2076270427035296011
2026-07-12 11:40:00,skocherhan,url,http://newsletter.vagaro.online,#phishing,https://x.com/skocherhan/status/2076270427035296011
2026-07-12 11:40:00,skocherhan,domain,tlcketleap.com,#phishing,https://x.com/skocherhan/status/2076270427035296011
2026-07-12 11:40:00,skocherhan,url,http://tlcketleap.com,#phishing,https://x.com/skocherhan/status/2076270427035296011
2026-07-12 11:40:00,skocherhan,domain,grub-hub.store,#phishing,https://x.com/skocherhan/status/2076270427035296011
2026-07-12 11:40:00,skocherhan,url,http://grub-hub.store,#phishing,https://x.com/skocherhan/status/2076270427035296011
2026-07-12 11:40:00,skocherhan,domain,eventbritee.store,#phishing,https://x.com/skocherhan/status/2076270427035296011
2026-07-12 11:40:00,skocherhan,url,http://eventbritee.store,#phishing,https://x.com/skocherhan/status/2076270427035296011
2026-07-12 11:40:00,skocherhan,domain,lumaevents.online,#phishing,https://x.com/skocherhan/status/2076270427035296011
2026-07-12 11:40:00,skocherhan,url,http://lumaevents.online,#phishing,https://x.com/skocherhan/status/2076270427035296011
2026-07-12 11:40:00,skocherhan,domain,zohooenterprise.com,#phishing,https://x.com/skocherhan/status/2076270427035296011
2026-07-12 11:40:00,skocherhan,url,http://zohooenterprise.com,#phishing,https://x.com/skocherhan/status/2076270427035296011
2026-07-12 11:40:00,skocherhan,domain,omnisened.com,#phishing,https://x.com/skocherhan/status/2076270427035296011
2026-07-12 11:40:00,skocherhan,url,http://omnisened.com,#phishing,https://x.com/skocherhan/status/2076270427035296011
2026-07-12 11:40:00,skocherhan,domain,ns2.theleaguechampions.com,#phishing,https://x.com/skocherhan/status/2076270427035296011
2026-07-12 11:40:00,skocherhan,url,http://ns2.theleaguechampions.com,#phishing,https://x.com/skocherhan/status/2076270427035296011
2026-07-12 11:40:00,skocherhan,domain,ns1.theleaguechampions.com,#phishing,https://x.com/skocherhan/status/2076270427035296011
2026-07-12 11:40:00,skocherhan,url,http://ns1.theleaguechampions.com,#phishing,https://x.com/skocherhan/status/2076270427035296011
2026-07-12 11:40:00,skocherhan,domain,prestigeloscabo.com,#phishing,https://x.com/skocherhan/status/2076270427035296011
2026-07-12 11:40:00,skocherhan,url,http://prestigeloscabo.com,#phishing,https://x.com/skocherhan/status/2076270427035296011
2026-07-12 11:40:00,skocherhan,domain,eveentbrite.com,#phishing,https://x.com/skocherhan/status/2076270427035296011
2026-07-12 11:40:00,skocherhan,url,http://eveentbrite.com,#phishing,https://x.com/skocherhan/status/2076270427035296011
2026-07-12 11:40:00,skocherhan,domain,appfoliolebro.site,#phishing,https://x.com/skocherhan/status/2076270427035296011
2026-07-12 11:40:00,skocherhan,url,http://appfoliolebro.site,#phishing,https://x.com/skocherhan/status/2076270427035296011
2026-07-12 11:40:00,skocherhan,domain,appfoliolebro.com,#phishing,https://x.com/skocherhan/status/2076270427035296011
2026-07-12 11:40:00,skocherhan,url,http://appfoliolebro.com,#phishing,https://x.com/skocherhan/status/2076270427035296011
2026-07-12 11:40:00,skocherhan,domain,server.theleaguechampions.com,#phishing,https://x.com/skocherhan/status/2076270427035296011
2026-07-12 11:40:00,skocherhan,url,http://server.theleaguechampions.com,#phishing,https://x.com/skocherhan/status/2076270427035296011
2026-07-12 11:40:00,skocherhan,domain,poshvipaccess.com,#phishing,https://x.com/skocherhan/status/2076270427035296011
2026-07-12 11:40:00,skocherhan,url,http://poshvipaccess.com,#phishing,https://x.com/skocherhan/status/2076270427035296011
2026-07-12 11:40:00,skocherhan,domain,appfoliosdahboard.com,#phishing,https://x.com/skocherhan/status/2076270427035296011
2026-07-12 11:40:00,skocherhan,url,http://appfoliosdahboard.com,#phishing,https://x.com/skocherhan/status/2076270427035296011
2026-07-12 11:40:00,skocherhan,domain,theleaguechampions.com,#phishing,https://x.com/skocherhan/status/2076270427035296011
2026-07-12 11:40:00,skocherhan,url,http://theleaguechampions.com,#phishing,https://x.com/skocherhan/status/2076270427035296011
2026-07-12 11:44:00,skocherhan,domain,cakhiaqq.io,#AsyncRAT,https://x.com/skocherhan/status/2076271561015783925
2026-07-12 11:44:00,skocherhan,url,http://cakhiaqq.io,#AsyncRAT,https://x.com/skocherhan/status/2076271561015783925
2026-07-12 11:44:00,skocherhan,url,http://104.21.15.79:443,#AsyncRAT,https://x.com/skocherhan/status/2076271561015783925
2026-07-12 11:44:00,skocherhan,url,http://172.67.161.244:443,#AsyncRAT,https://x.com/skocherhan/status/2076271561015783925
2026-07-12 11:50:00,skocherhan,domain,dagatructiep.ph,#AsyncRAT,https://x.com/skocherhan/status/2076273050387939552
2026-07-12 11:50:00,skocherhan,url,http://dagatructiep.ph,#AsyncRAT,https://x.com/skocherhan/status/2076273050387939552
2026-07-12 11:50:00,skocherhan,url,http://104.26.2.58,#AsyncRAT,https://x.com/skocherhan/status/2076273050387939552
2026-07-12 11:50:00,skocherhan,url,http://104.26.3.58,#AsyncRAT,https://x.com/skocherhan/status/2076273050387939552
2026-07-12 11:50:00,skocherhan,url,http://172.67.73.161,#AsyncRAT,https://x.com/skocherhan/status/2076273050387939552
2026-07-12 12:07:00,skocherhan,domain,livebytexscorez.com,#AsyncRAT,https://x.com/skocherhan/status/2076277139230331333
2026-07-12 12:07:00,skocherhan,url,http://livebytexscorez.com,#AsyncRAT,https://x.com/skocherhan/status/2076277139230331333
2026-07-12 12:07:00,skocherhan,url,http://104.18.6.118,#AsyncRAT,https://x.com/skocherhan/status/2076277139230331333
2026-07-12 12:07:00,skocherhan,url,http://104.18.7.118,#AsyncRAT,https://x.com/skocherhan/status/2076277139230331333
2026-07-12 12:07:00,skocherhan,url,http://104.21.36.190,#AsyncRAT,https://x.com/skocherhan/status/2076277139230331333
2026-07-12 12:07:00,skocherhan,url,http://172.67.198.192,#AsyncRAT,https://x.com/skocherhan/status/2076277139230331333
2026-07-12 12:14:00,skocherhan,domain,asentv.tv,#AsyncRAT,https://x.com/skocherhan/status/2076278921096470619
2026-07-12 12:14:00,skocherhan,url,http://asentv.tv,#AsyncRAT,https://x.com/skocherhan/status/2076278921096470619
2026-07-12 12:14:00,skocherhan,url,http://172.67.221.111,#AsyncRAT,https://x.com/skocherhan/status/2076278921096470619
2026-07-12 12:14:00,skocherhan,url,http://104.21.43.60,#AsyncRAT,https://x.com/skocherhan/status/2076278921096470619
2026-07-12 13:08:00,klawlikula,domain,xkpnjhi.com,,https://x.com/klawlikula/status/2076292626966294695
2026-07-12 13:08:00,klawlikula,url,https://xkpnjhi.com,,https://x.com/klawlikula/status/2076292626966294695
2026-07-12 13:08:00,klawlikula,url,http://45.13.38.82,,https://x.com/klawlikula/status/2076292626966294695
2026-07-12 13:08:00,klawlikula,ip,45.13.38.82,,https://x.com/klawlikula/status/2076292626966294695
2026-07-12 14:05:00,FsecIntelEs,domain,4k6plf4h2cm2nco6ae3inrsxnmqgl6lllmwefydhnlcq4tuhwbj4qpad.onion,#ransomware,https://x.com/FsecIntelEs/status/2076306923268321691
2026-07-12 14:05:00,FsecIntelEs,url,http://4k6plf4h2cm2nco6ae3inrsxnmqgl6lllmwefydhnlcq4tuhwbj4qpad.onion,#ransomware,https://x.com/FsecIntelEs/status/2076306923268321691
2026-07-12 15:13:00,skocherhan,domain,ringgo.fxbwljo.club,#phishing,https://x.com/skocherhan/status/2076324035399446576
2026-07-12 15:13:00,skocherhan,url,http://ringgo.fxbwljo.club,#phishing,https://x.com/skocherhan/status/2076324035399446576
2026-07-12 15:36:00,Fact_Finder03,ip,31.56.209.7,#C2,https://x.com/Fact_Finder03/status/2076329977696727476
2026-07-12 15:46:00,phatomcandle,domain,bakeloria.cloud,#APT #malware,https://x.com/phatomcandle/status/2076332329354879376
2026-07-12 15:46:00,phatomcandle,url,http://bakeloria.cloud,#APT #malware,https://x.com/phatomcandle/status/2076332329354879376
2026-07-12 15:58:00,PhishStats,domain,lamsharedonlywinsdom.sbs,#phishing,https://x.com/PhishStats/status/2076335477368496233
2026-07-12 15:58:00,PhishStats,url,https://lamsharedonlywinsdom.sbs/customer-resolve/#aaaa@example.jp,#phishing,https://x.com/PhishStats/status/2076335477368496233
2026-07-12 15:58:00,PhishStats,ip,37.77.150.237,#phishing,https://x.com/PhishStats/status/2076335477368496233
2026-07-12 16:42:00,Fact_Finder03,ip,47.239.87.131,#C2,https://x.com/Fact_Finder03/status/2076346346047783306
2026-07-12 16:51:00,skocherhan,domain,xmntxe.dynu.org,#DPRK #Kimsuky,https://x.com/skocherhan/status/2076348659956953492
2026-07-12 16:51:00,skocherhan,url,http://xmntxe.dynu.org,#DPRK #Kimsuky,https://x.com/skocherhan/status/2076348659956953492
2026-07-12 16:51:00,skocherhan,domain,ntxipos.dynu.org,#DPRK #Kimsuky,https://x.com/skocherhan/status/2076348659956953492
2026-07-12 16:51:00,skocherhan,url,http://ntxipos.dynu.org,#DPRK #Kimsuky,https://x.com/skocherhan/status/2076348659956953492
2026-07-12 16:51:00,skocherhan,domain,ntx-mipos.dynu.org,#DPRK #Kimsuky,https://x.com/skocherhan/status/2076348659956953492
2026-07-12 16:51:00,skocherhan,url,http://ntx-mipos.dynu.org,#DPRK #Kimsuky,https://x.com/skocherhan/status/2076348659956953492
2026-07-12 16:51:00,skocherhan,domain,nav-veirfy.dynu.org,#DPRK #Kimsuky,https://x.com/skocherhan/status/2076348659956953492
2026-07-12 16:51:00,skocherhan,url,http://nav-veirfy.dynu.org,#DPRK #Kimsuky,https://x.com/skocherhan/status/2076348659956953492
2026-07-12 16:51:00,skocherhan,domain,ntseno26s.dns.army,#DPRK #Kimsuky,https://x.com/skocherhan/status/2076348659956953492
2026-07-12 16:51:00,skocherhan,url,http://ntseno26s.dns.army,#DPRK #Kimsuky,https://x.com/skocherhan/status/2076348659956953492
2026-07-12 16:51:00,skocherhan,domain,nblog-verify.dynu.org,#DPRK #Kimsuky,https://x.com/skocherhan/status/2076348659956953492
2026-07-12 16:51:00,skocherhan,url,http://nblog-verify.dynu.org,#DPRK #Kimsuky,https://x.com/skocherhan/status/2076348659956953492
2026-07-12 16:51:00,skocherhan,domain,held12tr.dns.army,#DPRK #Kimsuky,https://x.com/skocherhan/status/2076348659956953492
2026-07-12 16:51:00,skocherhan,url,http://held12tr.dns.army,#DPRK #Kimsuky,https://x.com/skocherhan/status/2076348659956953492
2026-07-12 16:51:00,skocherhan,domain,nts19aed.dns.army,#DPRK #Kimsuky,https://x.com/skocherhan/status/2076348659956953492
2026-07-12 16:51:00,skocherhan,url,http://nts19aed.dns.army,#DPRK #Kimsuky,https://x.com/skocherhan/status/2076348659956953492
2026-07-12 16:51:00,skocherhan,domain,mas14ox.dns.navy,#DPRK #Kimsuky,https://x.com/skocherhan/status/2076348659956953492
2026-07-12 16:51:00,skocherhan,url,http://mas14ox.dns.navy,#DPRK #Kimsuky,https://x.com/skocherhan/status/2076348659956953492
2026-07-12 16:51:00,skocherhan,domain,nap32ox.dns.navy,#DPRK #Kimsuky,https://x.com/skocherhan/status/2076348659956953492
2026-07-12 16:51:00,skocherhan,url,http://nap32ox.dns.navy,#DPRK #Kimsuky,https://x.com/skocherhan/status/2076348659956953492
2026-07-12 16:51:00,skocherhan,domain,nid-user.nblog-verify.dynu.org,#DPRK #Kimsuky,https://x.com/skocherhan/status/2076348659956953492
2026-07-12 16:51:00,skocherhan,url,http://nid-user.nblog-verify.dynu.org,#DPRK #Kimsuky,https://x.com/skocherhan/status/2076348659956953492
2026-07-12 16:51:00,skocherhan,domain,nbclog.dynu.org,#DPRK #Kimsuky,https://x.com/skocherhan/status/2076348659956953492
2026-07-12 16:51:00,skocherhan,url,http://nbclog.dynu.org,#DPRK #Kimsuky,https://x.com/skocherhan/status/2076348659956953492
2026-07-12 16:51:00,skocherhan,domain,nclogt.dynu.org,#DPRK #Kimsuky,https://x.com/skocherhan/status/2076348659956953492
2026-07-12 16:51:00,skocherhan,url,http://nclogt.dynu.org,#DPRK #Kimsuky,https://x.com/skocherhan/status/2076348659956953492
2026-07-12 16:51:00,skocherhan,domain,ntxcdoc.dynu.org,#DPRK #Kimsuky,https://x.com/skocherhan/status/2076348659956953492
2026-07-12 16:51:00,skocherhan,url,http://ntxcdoc.dynu.org,#DPRK #Kimsuky,https://x.com/skocherhan/status/2076348659956953492
2026-07-12 16:51:00,skocherhan,domain,fgar7yg1jdoep4yk.bn.nnvesips.dns.army,#DPRK #Kimsuky,https://x.com/skocherhan/status/2076348659956953492
2026-07-12 16:51:00,skocherhan,url,http://fgar7yg1jdoep4yk.bn.nnvesips.dns.army,#DPRK #Kimsuky,https://x.com/skocherhan/status/2076348659956953492
2026-07-12 16:51:00,skocherhan,domain,nvtsp5s.dns.navy,#DPRK #Kimsuky,https://x.com/skocherhan/status/2076348659956953492
2026-07-12 16:51:00,skocherhan,url,http://nvtsp5s.dns.navy,#DPRK #Kimsuky,https://x.com/skocherhan/status/2076348659956953492
2026-07-12 16:51:00,skocherhan,domain,netnidloes.cn.ntsspic.dynv6.net,#DPRK #Kimsuky,https://x.com/skocherhan/status/2076348659956953492
2026-07-12 16:51:00,skocherhan,url,http://netnidloes.cn.ntsspic.dynv6.net,#DPRK #Kimsuky,https://x.com/skocherhan/status/2076348659956953492
2026-07-12 16:51:00,skocherhan,domain,netnids.cn.ntsspic.dynv6.net,#DPRK #Kimsuky,https://x.com/skocherhan/status/2076348659956953492
2026-07-12 16:51:00,skocherhan,url,http://netnids.cn.ntsspic.dynv6.net,#DPRK #Kimsuky,https://x.com/skocherhan/status/2076348659956953492
2026-07-12 16:51:00,skocherhan,domain,yjkfagyady71smts.cn.ntsspic.dynv6.net,#DPRK #Kimsuky,https://x.com/skocherhan/status/2076348659956953492
2026-07-12 16:51:00,skocherhan,url,http://yjkfagyady71smts.cn.ntsspic.dynv6.net,#DPRK #Kimsuky,https://x.com/skocherhan/status/2076348659956953492
2026-07-12 16:51:00,skocherhan,domain,cloud.hat9ex.dns.army,#DPRK #Kimsuky,https://x.com/skocherhan/status/2076348659956953492
2026-07-12 16:51:00,skocherhan,url,http://cloud.hat9ex.dns.army,#DPRK #Kimsuky,https://x.com/skocherhan/status/2076348659956953492
2026-07-12 16:51:00,skocherhan,domain,iflat0pd7wo7mnrm.ntpx12ee.dns.army,#DPRK #Kimsuky,https://x.com/skocherhan/status/2076348659956953492
2026-07-12 16:51:00,skocherhan,url,http://iflat0pd7wo7mnrm.ntpx12ee.dns.army,#DPRK #Kimsuky,https://x.com/skocherhan/status/2076348659956953492
2026-07-12 16:51:00,skocherhan,domain,netnidlogins.an.ntspiu.dynv6.net,#DPRK #Kimsuky,https://x.com/skocherhan/status/2076348659956953492
2026-07-12 16:51:00,skocherhan,url,http://netnidlogins.an.ntspiu.dynv6.net,#DPRK #Kimsuky,https://x.com/skocherhan/status/2076348659956953492
2026-07-12 16:51:00,skocherhan,domain,netnavs.bn.ntspiu.dynv6.net,#DPRK #Kimsuky,https://x.com/skocherhan/status/2076348659956953492
2026-07-12 16:51:00,skocherhan,url,http://netnavs.bn.ntspiu.dynv6.net,#DPRK #Kimsuky,https://x.com/skocherhan/status/2076348659956953492
2026-07-12 16:51:00,skocherhan,domain,netnid-user.enav.itpxops.dynv6.net,#DPRK #Kimsuky,https://x.com/skocherhan/status/2076348659956953492
2026-07-12 16:51:00,skocherhan,url,http://netnid-user.enav.itpxops.dynv6.net,#DPRK #Kimsuky,https://x.com/skocherhan/status/2076348659956953492
2026-07-12 16:51:00,skocherhan,domain,hks238ltyr9l0rlw.bn.nnvesips.dns.army,#DPRK #Kimsuky,https://x.com/skocherhan/status/2076348659956953492
2026-07-12 16:51:00,skocherhan,url,http://hks238ltyr9l0rlw.bn.nnvesips.dns.army,#DPRK #Kimsuky,https://x.com/skocherhan/status/2076348659956953492
2026-07-12 16:51:00,skocherhan,domain,q5klo33pj28mz24d.nhisd32s.dns.army,#DPRK #Kimsuky,https://x.com/skocherhan/status/2076348659956953492
2026-07-12 16:51:00,skocherhan,url,http://q5klo33pj28mz24d.nhisd32s.dns.army,#DPRK #Kimsuky,https://x.com/skocherhan/status/2076348659956953492
2026-07-12 16:51:00,skocherhan,domain,agfggdo04u2cq9f7.hometa21x.dns.army,#DPRK #Kimsuky,https://x.com/skocherhan/status/2076348659956953492
2026-07-12 16:51:00,skocherhan,url,http://agfggdo04u2cq9f7.hometa21x.dns.army,#DPRK #Kimsuky,https://x.com/skocherhan/status/2076348659956953492
2026-07-12 16:51:00,skocherhan,domain,ntxes38cs.dns.navy,#DPRK #Kimsuky,https://x.com/skocherhan/status/2076348659956953492
2026-07-12 16:51:00,skocherhan,url,http://ntxes38cs.dns.navy,#DPRK #Kimsuky,https://x.com/skocherhan/status/2076348659956953492
2026-07-12 16:51:00,skocherhan,domain,ntseno38s.dns.army,#DPRK #Kimsuky,https://x.com/skocherhan/status/2076348659956953492
2026-07-12 16:51:00,skocherhan,url,http://ntseno38s.dns.army,#DPRK #Kimsuky,https://x.com/skocherhan/status/2076348659956953492
2026-07-12 16:51:00,skocherhan,domain,q1jbvdukweew71ce.enav.itpxops.dynv6.net,#DPRK #Kimsuky,https://x.com/skocherhan/status/2076348659956953492
2026-07-12 16:51:00,skocherhan,url,http://q1jbvdukweew71ce.enav.itpxops.dynv6.net,#DPRK #Kimsuky,https://x.com/skocherhan/status/2076348659956953492
2026-07-12 16:51:00,skocherhan,domain,nhisd17s.dns.army,#DPRK #Kimsuky,https://x.com/skocherhan/status/2076348659956953492
2026-07-12 16:51:00,skocherhan,url,http://nhisd17s.dns.army,#DPRK #Kimsuky,https://x.com/skocherhan/status/2076348659956953492
2026-07-12 16:51:00,skocherhan,domain,82ynwbuwlpm6wm96.enav.itpxops.dynv6.net,#DPRK #Kimsuky,https://x.com/skocherhan/status/2076348659956953492
2026-07-12 16:51:00,skocherhan,url,http://82ynwbuwlpm6wm96.enav.itpxops.dynv6.net,#DPRK #Kimsuky,https://x.com/skocherhan/status/2076348659956953492
2026-07-12 16:51:00,skocherhan,domain,ncog30ks.dns.navy,#DPRK #Kimsuky,https://x.com/skocherhan/status/2076348659956953492
2026-07-12 16:51:00,skocherhan,url,http://ncog30ks.dns.navy,#DPRK #Kimsuky,https://x.com/skocherhan/status/2076348659956953492
2026-07-12 16:51:00,skocherhan,domain,igyeu61mb4mt6pq9.enav.itpxops.dynv6.net,#DPRK #Kimsuky,https://x.com/skocherhan/status/2076348659956953492
2026-07-12 16:51:00,skocherhan,url,http://igyeu61mb4mt6pq9.enav.itpxops.dynv6.net,#DPRK #Kimsuky,https://x.com/skocherhan/status/2076348659956953492
2026-07-12 16:51:00,skocherhan,domain,untxlog.dynu.org,#DPRK #Kimsuky,https://x.com/skocherhan/status/2076348659956953492
2026-07-12 16:51:00,skocherhan,url,http://untxlog.dynu.org,#DPRK #Kimsuky,https://x.com/skocherhan/status/2076348659956953492
2026-07-12 16:51:00,skocherhan,domain,trx21alert.dns.navy,#DPRK #Kimsuky,https://x.com/skocherhan/status/2076348659956953492
2026-07-12 16:51:00,skocherhan,url,http://trx21alert.dns.navy,#DPRK #Kimsuky,https://x.com/skocherhan/status/2076348659956953492
2026-07-12 16:51:00,skocherhan,domain,nxtdocs.dynu.org,#DPRK #Kimsuky,https://x.com/skocherhan/status/2076348659956953492
2026-07-12 16:51:00,skocherhan,url,http://nxtdocs.dynu.org,#DPRK #Kimsuky,https://x.com/skocherhan/status/2076348659956953492
2026-07-12 16:51:00,skocherhan,domain,nhisd14s.dns.army,#DPRK #Kimsuky,https://x.com/skocherhan/status/2076348659956953492
2026-07-12 16:51:00,skocherhan,url,http://nhisd14s.dns.army,#DPRK #Kimsuky,https://x.com/skocherhan/status/2076348659956953492
2026-07-12 16:51:00,skocherhan,domain,ntxes31cs.dns.navy,#DPRK #Kimsuky,https://x.com/skocherhan/status/2076348659956953492
2026-07-12 16:51:00,skocherhan,url,http://ntxes31cs.dns.navy,#DPRK #Kimsuky,https://x.com/skocherhan/status/2076348659956953492
2026-07-12 16:51:00,skocherhan,domain,ai42k661ixylqc0o.an.ntsspic.dynv6.net,#DPRK #Kimsuky,https://x.com/skocherhan/status/2076348659956953492
2026-07-12 16:51:00,skocherhan,url,http://ai42k661ixylqc0o.an.ntsspic.dynv6.net,#DPRK #Kimsuky,https://x.com/skocherhan/status/2076348659956953492
2026-07-12 16:51:00,skocherhan,domain,armyn-store.hometa21x.dns.army,#DPRK #Kimsuky,https://x.com/skocherhan/status/2076348659956953492
2026-07-12 16:51:00,skocherhan,url,http://armyn-store.hometa21x.dns.army,#DPRK #Kimsuky,https://x.com/skocherhan/status/2076348659956953492
2026-07-12 16:51:00,skocherhan,domain,nav38s.dns.army,#DPRK #Kimsuky,https://x.com/skocherhan/status/2076348659956953492
2026-07-12 16:51:00,skocherhan,url,http://nav38s.dns.army,#DPRK #Kimsuky,https://x.com/skocherhan/status/2076348659956953492
2026-07-12 16:51:00,skocherhan,domain,k0kyrmfcou.ntsgo.dynuddns.net,#DPRK #Kimsuky,https://x.com/skocherhan/status/2076348659956953492
2026-07-12 16:51:00,skocherhan,url,http://k0kyrmfcou.ntsgo.dynuddns.net,#DPRK #Kimsuky,https://x.com/skocherhan/status/2076348659956953492
2026-07-12 16:51:00,skocherhan,domain,nhisd32s.dns.army,#DPRK #Kimsuky,https://x.com/skocherhan/status/2076348659956953492
2026-07-12 16:51:00,skocherhan,url,http://nhisd32s.dns.army,#DPRK #Kimsuky,https://x.com/skocherhan/status/2076348659956953492
2026-07-12 16:51:00,skocherhan,domain,netnidlogins.cn.ntsspic.dynv6.net,#DPRK #Kimsuky,https://x.com/skocherhan/status/2076348659956953492
2026-07-12 16:51:00,skocherhan,url,http://netnidlogins.cn.ntsspic.dynv6.net,#DPRK #Kimsuky,https://x.com/skocherhan/status/2076348659956953492
2026-07-12 16:51:00,skocherhan,domain,armynid-user.ntxr37os.dns.army,#DPRK #Kimsuky,https://x.com/skocherhan/status/2076348659956953492
2026-07-12 16:51:00,skocherhan,url,http://armynid-user.ntxr37os.dns.army,#DPRK #Kimsuky,https://x.com/skocherhan/status/2076348659956953492
2026-07-12 16:51:00,skocherhan,domain,armynid.bn.nnvesips.dns.army,#DPRK #Kimsuky,https://x.com/skocherhan/status/2076348659956953492
2026-07-12 16:51:00,skocherhan,url,http://armynid.bn.nnvesips.dns.army,#DPRK #Kimsuky,https://x.com/skocherhan/status/2076348659956953492
2026-07-12 16:51:00,skocherhan,domain,netnidloes.an.ntsspic.dynv6.net,#DPRK #Kimsuky,https://x.com/skocherhan/status/2076348659956953492
2026-07-12 16:51:00,skocherhan,url,http://netnidloes.an.ntsspic.dynv6.net,#DPRK #Kimsuky,https://x.com/skocherhan/status/2076348659956953492
2026-07-12 16:51:00,skocherhan,domain,vpiwynids.trxs34es.dns.navy,#DPRK #Kimsuky,https://x.com/skocherhan/status/2076348659956953492
2026-07-12 16:51:00,skocherhan,url,http://vpiwynids.trxs34es.dns.navy,#DPRK #Kimsuky,https://x.com/skocherhan/status/2076348659956953492
2026-07-12 16:51:00,skocherhan,domain,netnids.an.ntsspic.dynv6.net,#DPRK #Kimsuky,https://x.com/skocherhan/status/2076348659956953492
2026-07-12 16:51:00,skocherhan,url,http://netnids.an.ntsspic.dynv6.net,#DPRK #Kimsuky,https://x.com/skocherhan/status/2076348659956953492
2026-07-12 16:51:00,skocherhan,domain,armynids.anav.htscops.dns.army,#DPRK #Kimsuky,https://x.com/skocherhan/status/2076348659956953492
2026-07-12 16:51:00,skocherhan,url,http://armynids.anav.htscops.dns.army,#DPRK #Kimsuky,https://x.com/skocherhan/status/2076348659956953492
2026-07-12 16:51:00,skocherhan,domain,nts-xdocs.dynu.org,#DPRK #Kimsuky,https://x.com/skocherhan/status/2076348659956953492
2026-07-12 16:51:00,skocherhan,url,http://nts-xdocs.dynu.org,#DPRK #Kimsuky,https://x.com/skocherhan/status/2076348659956953492
2026-07-12 16:51:00,skocherhan,domain,navynids.trxs34es.dns.navy,#DPRK #Kimsuky,https://x.com/skocherhan/status/2076348659956953492
2026-07-12 16:51:00,skocherhan,url,http://navynids.trxs34es.dns.navy,#DPRK #Kimsuky,https://x.com/skocherhan/status/2076348659956953492
2026-07-12 16:51:00,skocherhan,domain,o9boxycllsw0ewtg.enav.itpxops.dynv6.net,#DPRK #Kimsuky,https://x.com/skocherhan/status/2076348659956953492
2026-07-12 16:51:00,skocherhan,url,http://o9boxycllsw0ewtg.enav.itpxops.dynv6.net,#DPRK #Kimsuky,https://x.com/skocherhan/status/2076348659956953492
2026-07-12 16:51:00,skocherhan,domain,ai42k661ixylqc0o.bn.ntspiu.dynv6.net,#DPRK #Kimsuky,https://x.com/skocherhan/status/2076348659956953492
2026-07-12 16:51:00,skocherhan,url,http://ai42k661ixylqc0o.bn.ntspiu.dynv6.net,#DPRK #Kimsuky,https://x.com/skocherhan/status/2076348659956953492
2026-07-12 16:51:00,skocherhan,domain,msc6ox.dns.navy,#DPRK #Kimsuky,https://x.com/skocherhan/status/2076348659956953492
2026-07-12 16:51:00,skocherhan,url,http://msc6ox.dns.navy,#DPRK #Kimsuky,https://x.com/skocherhan/status/2076348659956953492
2026-07-12 16:51:00,skocherhan,domain,daw83v6eejomyzcg.cn.ntsspic.dynv6.net,#DPRK #Kimsuky,https://x.com/skocherhan/status/2076348659956953492
2026-07-12 16:51:00,skocherhan,url,http://daw83v6eejomyzcg.cn.ntsspic.dynv6.net,#DPRK #Kimsuky,https://x.com/skocherhan/status/2076348659956953492
2026-07-12 16:51:00,skocherhan,domain,ai42k661ixylqc0o.dn.ntsspic.dynv6.net,#DPRK #Kimsuky,https://x.com/skocherhan/status/2076348659956953492
2026-07-12 16:51:00,skocherhan,url,http://ai42k661ixylqc0o.dn.ntsspic.dynv6.net,#DPRK #Kimsuky,https://x.com/skocherhan/status/2076348659956953492
2026-07-12 16:51:00,skocherhan,domain,fgar7yg1jdoep4yk.cn.ntdepo.dns.army,#DPRK #Kimsuky,https://x.com/skocherhan/status/2076348659956953492
2026-07-12 16:51:00,skocherhan,url,http://fgar7yg1jdoep4yk.cn.ntdepo.dns.army,#DPRK #Kimsuky,https://x.com/skocherhan/status/2076348659956953492
2026-07-12 16:51:00,skocherhan,domain,navs.an.ntdepo.dns.army,#DPRK #Kimsuky,https://x.com/skocherhan/status/2076348659956953492
2026-07-12 16:51:00,skocherhan,url,http://navs.an.ntdepo.dns.army,#DPRK #Kimsuky,https://x.com/skocherhan/status/2076348659956953492
2026-07-12 16:51:00,skocherhan,domain,ntxr14os.dns.army,#DPRK #Kimsuky,https://x.com/skocherhan/status/2076348659956953492
2026-07-12 16:51:00,skocherhan,url,http://ntxr14os.dns.army,#DPRK #Kimsuky,https://x.com/skocherhan/status/2076348659956953492
2026-07-12 16:51:00,skocherhan,domain,nbloguty.dynu.org,#DPRK #Kimsuky,https://x.com/skocherhan/status/2076348659956953492
2026-07-12 16:51:00,skocherhan,url,http://nbloguty.dynu.org,#DPRK #Kimsuky,https://x.com/skocherhan/status/2076348659956953492
2026-07-12 16:51:00,skocherhan,domain,nblog-auty.dynu.org,#DPRK #Kimsuky,https://x.com/skocherhan/status/2076348659956953492
2026-07-12 16:51:00,skocherhan,url,http://nblog-auty.dynu.org,#DPRK #Kimsuky,https://x.com/skocherhan/status/2076348659956953492
2026-07-12 16:51:00,skocherhan,domain,nblogauth.dynuddns.net,#DPRK #Kimsuky,https://x.com/skocherhan/status/2076348659956953492
2026-07-12 16:51:00,skocherhan,url,http://nblogauth.dynuddns.net,#DPRK #Kimsuky,https://x.com/skocherhan/status/2076348659956953492
2026-07-12 16:51:00,skocherhan,domain,blogauth.dynuddns.net,#DPRK #Kimsuky,https://x.com/skocherhan/status/2076348659956953492
2026-07-12 16:51:00,skocherhan,url,http://blogauth.dynuddns.net,#DPRK #Kimsuky,https://x.com/skocherhan/status/2076348659956953492
2026-07-12 16:51:00,skocherhan,domain,ntxoge.dynuddns.net,#DPRK #Kimsuky,https://x.com/skocherhan/status/2076348659956953492
2026-07-12 16:51:00,skocherhan,url,http://ntxoge.dynuddns.net,#DPRK #Kimsuky,https://x.com/skocherhan/status/2076348659956953492
2026-07-12 16:51:00,skocherhan,domain,ntxelogs.dynuddns.net,#DPRK #Kimsuky,https://x.com/skocherhan/status/2076348659956953492
2026-07-12 16:51:00,skocherhan,url,http://ntxelogs.dynuddns.net,#DPRK #Kimsuky,https://x.com/skocherhan/status/2076348659956953492
2026-07-12 16:51:00,skocherhan,domain,nxealogs.dynuddns.net,#DPRK #Kimsuky,https://x.com/skocherhan/status/2076348659956953492
2026-07-12 16:51:00,skocherhan,url,http://nxealogs.dynuddns.net,#DPRK #Kimsuky,https://x.com/skocherhan/status/2076348659956953492
2026-07-12 16:51:00,skocherhan,domain,nxalogs.dynuddns.net,#DPRK #Kimsuky,https://x.com/skocherhan/status/2076348659956953492
2026-07-12 16:51:00,skocherhan,url,http://nxalogs.dynuddns.net,#DPRK #Kimsuky,https://x.com/skocherhan/status/2076348659956953492
2026-07-12 16:51:00,skocherhan,domain,anxtlog.dynuddns.net,#DPRK #Kimsuky,https://x.com/skocherhan/status/2076348659956953492
2026-07-12 16:51:00,skocherhan,url,http://anxtlog.dynuddns.net,#DPRK #Kimsuky,https://x.com/skocherhan/status/2076348659956953492
2026-07-12 16:51:00,skocherhan,domain,uitxlog.dynu.net,#DPRK #Kimsuky,https://x.com/skocherhan/status/2076348659956953492
2026-07-12 16:51:00,skocherhan,url,http://uitxlog.dynu.net,#DPRK #Kimsuky,https://x.com/skocherhan/status/2076348659956953492
2026-07-12 16:51:00,skocherhan,domain,uitxlog.dynuddns.net,#DPRK #Kimsuky,https://x.com/skocherhan/status/2076348659956953492
2026-07-12 16:51:00,skocherhan,url,http://uitxlog.dynuddns.net,#DPRK #Kimsuky,https://x.com/skocherhan/status/2076348659956953492
2026-07-12 16:51:00,skocherhan,domain,untxlog.dynu.net,#DPRK #Kimsuky,https://x.com/skocherhan/status/2076348659956953492
2026-07-12 16:51:00,skocherhan,url,http://untxlog.dynu.net,#DPRK #Kimsuky,https://x.com/skocherhan/status/2076348659956953492
2026-07-12 16:51:00,skocherhan,domain,navlogins.ntpx12ee.dns.army,#DPRK #Kimsuky,https://x.com/skocherhan/status/2076348659956953492
2026-07-12 16:51:00,skocherhan,url,http://navlogins.ntpx12ee.dns.army,#DPRK #Kimsuky,https://x.com/skocherhan/status/2076348659956953492
2026-07-12 16:51:00,skocherhan,domain,ntpx15ee.dns.army,#DPRK #Kimsuky,https://x.com/skocherhan/status/2076348659956953492
2026-07-12 16:51:00,skocherhan,url,http://ntpx15ee.dns.army,#DPRK #Kimsuky,https://x.com/skocherhan/status/2076348659956953492
2026-07-12 16:51:00,skocherhan,domain,navlogins.tpox18er.dns.army,#DPRK #Kimsuky,https://x.com/skocherhan/status/2076348659956953492
2026-07-12 16:51:00,skocherhan,url,http://navlogins.tpox18er.dns.army,#DPRK #Kimsuky,https://x.com/skocherhan/status/2076348659956953492
2026-07-12 16:51:00,skocherhan,domain,cy51nhs8we6w2s6p.en.ntsspic.dynv6.net,#DPRK #Kimsuky,https://x.com/skocherhan/status/2076348659956953492
2026-07-12 16:51:00,skocherhan,url,http://cy51nhs8we6w2s6p.en.ntsspic.dynv6.net,#DPRK #Kimsuky,https://x.com/skocherhan/status/2076348659956953492
2026-07-12 16:51:00,skocherhan,domain,nidservers.nap34ox.dns.navy,#DPRK #Kimsuky,https://x.com/skocherhan/status/2076348659956953492
2026-07-12 16:51:00,skocherhan,url,http://nidservers.nap34ox.dns.navy,#DPRK #Kimsuky,https://x.com/skocherhan/status/2076348659956953492
2026-07-12 16:51:00,skocherhan,domain,hzg4eccn7ejtzrhz.an.ntsspic.dynv6.net,#DPRK #Kimsuky,https://x.com/skocherhan/status/2076348659956953492
2026-07-12 16:51:00,skocherhan,url,http://hzg4eccn7ejtzrhz.an.ntsspic.dynv6.net,#DPRK #Kimsuky,https://x.com/skocherhan/status/2076348659956953492
2026-07-12 16:51:00,skocherhan,domain,nhlg09derx.ntx-naver.dynu.net,#DPRK #Kimsuky,https://x.com/skocherhan/status/2076348659956953492
2026-07-12 16:51:00,skocherhan,url,http://nhlg09derx.ntx-naver.dynu.net,#DPRK #Kimsuky,https://x.com/skocherhan/status/2076348659956953492
2026-07-12 16:51:00,skocherhan,domain,mntp14po.dynv6.net,#DPRK #Kimsuky,https://x.com/skocherhan/status/2076348659956953492
2026-07-12 16:51:00,skocherhan,url,http://mntp14po.dynv6.net,#DPRK #Kimsuky,https://x.com/skocherhan/status/2076348659956953492
2026-07-12 16:51:00,skocherhan,domain,zw6znpa0g2rw3pjl.enav.itpxops.dynv6.net,#DPRK #Kimsuky,https://x.com/skocherhan/status/2076348659956953492
2026-07-12 16:51:00,skocherhan,url,http://zw6znpa0g2rw3pjl.enav.itpxops.dynv6.net,#DPRK #Kimsuky,https://x.com/skocherhan/status/2076348659956953492
2026-07-12 16:51:00,skocherhan,domain,ntaxgo.dynu.org,#DPRK #Kimsuky,https://x.com/skocherhan/status/2076348659956953492
2026-07-12 16:51:00,skocherhan,url,http://ntaxgo.dynu.org,#DPRK #Kimsuky,https://x.com/skocherhan/status/2076348659956953492
2026-07-12 16:51:00,skocherhan,domain,bkxkuongcvi5f4mk.an.ntsspic.dynv6.net,#DPRK #Kimsuky,https://x.com/skocherhan/status/2076348659956953492
2026-07-12 16:51:00,skocherhan,url,http://bkxkuongcvi5f4mk.an.ntsspic.dynv6.net,#DPRK #Kimsuky,https://x.com/skocherhan/status/2076348659956953492
2026-07-12 16:51:00,skocherhan,domain,ntxalerts.dynu.org,#DPRK #Kimsuky,https://x.com/skocherhan/status/2076348659956953492
2026-07-12 16:51:00,skocherhan,url,http://ntxalerts.dynu.org,#DPRK #Kimsuky,https://x.com/skocherhan/status/2076348659956953492
2026-07-12 16:51:00,skocherhan,domain,ntx-go.dynu.org,#DPRK #Kimsuky,https://x.com/skocherhan/status/2076348659956953492
2026-07-12 16:51:00,skocherhan,url,http://ntx-go.dynu.org,#DPRK #Kimsuky,https://x.com/skocherhan/status/2076348659956953492
2026-07-12 16:51:00,skocherhan,domain,giys0s3gfd.nationalts.dynuddns.net,#DPRK #Kimsuky,https://x.com/skocherhan/status/2076348659956953492
2026-07-12 16:51:00,skocherhan,url,http://giys0s3gfd.nationalts.dynuddns.net,#DPRK #Kimsuky,https://x.com/skocherhan/status/2076348659956953492
2026-07-12 16:51:00,skocherhan,domain,nid-user.ntxcdoc.dynu.org,#DPRK #Kimsuky,https://x.com/skocherhan/status/2076348659956953492
2026-07-12 16:51:00,skocherhan,url,http://nid-user.ntxcdoc.dynu.org,#DPRK #Kimsuky,https://x.com/skocherhan/status/2076348659956953492
2026-07-12 16:51:00,skocherhan,domain,nidiogin.ntxcdoc.dynu.org,#DPRK #Kimsuky,https://x.com/skocherhan/status/2076348659956953492
2026-07-12 16:51:00,skocherhan,url,http://nidiogin.ntxcdoc.dynu.org,#DPRK #Kimsuky,https://x.com/skocherhan/status/2076348659956953492
2026-07-12 16:51:00,skocherhan,domain,ntx-naver.dynu.net,#DPRK #Kimsuky,https://x.com/skocherhan/status/2076348659956953492
2026-07-12 16:51:00,skocherhan,url,http://ntx-naver.dynu.net,#DPRK #Kimsuky,https://x.com/skocherhan/status/2076348659956953492
2026-07-12 16:51:00,skocherhan,domain,ntsgo.dynu.org,#DPRK #Kimsuky,https://x.com/skocherhan/status/2076348659956953492
2026-07-12 16:51:00,skocherhan,url,http://ntsgo.dynu.org,#DPRK #Kimsuky,https://x.com/skocherhan/status/2076348659956953492
2026-07-12 16:51:00,skocherhan,domain,nidiogin.ntx-naver.dynu.net,#DPRK #Kimsuky,https://x.com/skocherhan/status/2076348659956953492
2026-07-12 16:51:00,skocherhan,url,http://nidiogin.ntx-naver.dynu.net,#DPRK #Kimsuky,https://x.com/skocherhan/status/2076348659956953492
2026-07-12 16:51:00,skocherhan,domain,nationalts.dynuddns.net,#DPRK #Kimsuky,https://x.com/skocherhan/status/2076348659956953492
2026-07-12 16:51:00,skocherhan,url,http://nationalts.dynuddns.net,#DPRK #Kimsuky,https://x.com/skocherhan/status/2076348659956953492
2026-07-12 16:51:00,skocherhan,domain,nationalts.dynu.net,#DPRK #Kimsuky,https://x.com/skocherhan/status/2076348659956953492
2026-07-12 16:51:00,skocherhan,url,http://nationalts.dynu.net,#DPRK #Kimsuky,https://x.com/skocherhan/status/2076348659956953492
2026-07-12 16:51:00,skocherhan,domain,nid-store.nationalts.dynu.net,#DPRK #Kimsuky,https://x.com/skocherhan/status/2076348659956953492
2026-07-12 16:51:00,skocherhan,url,http://nid-store.nationalts.dynu.net,#DPRK #Kimsuky,https://x.com/skocherhan/status/2076348659956953492
2026-07-12 16:51:00,skocherhan,domain,ntsgo.dynuddns.net,#DPRK #Kimsuky,https://x.com/skocherhan/status/2076348659956953492
2026-07-12 16:51:00,skocherhan,url,http://ntsgo.dynuddns.net,#DPRK #Kimsuky,https://x.com/skocherhan/status/2076348659956953492
2026-07-12 16:51:00,skocherhan,domain,nid-cloud.ntsgo.dynuddns.net,#DPRK #Kimsuky,https://x.com/skocherhan/status/2076348659956953492
2026-07-12 16:51:00,skocherhan,url,http://nid-cloud.ntsgo.dynuddns.net,#DPRK #Kimsuky,https://x.com/skocherhan/status/2076348659956953492
2026-07-12 16:51:00,skocherhan,domain,trxs39es.dns.navy,#DPRK #Kimsuky,https://x.com/skocherhan/status/2076348659956953492
2026-07-12 16:51:00,skocherhan,url,http://trxs39es.dns.navy,#DPRK #Kimsuky,https://x.com/skocherhan/status/2076348659956953492
2026-07-12 16:51:00,skocherhan,domain,savtax.dynuddns.net,#DPRK #Kimsuky,https://x.com/skocherhan/status/2076348659956953492
2026-07-12 16:51:00,skocherhan,url,http://savtax.dynuddns.net,#DPRK #Kimsuky,https://x.com/skocherhan/status/2076348659956953492
2026-07-12 16:51:00,skocherhan,domain,taxserv.dynuddns.net,#DPRK #Kimsuky,https://x.com/skocherhan/status/2076348659956953492
2026-07-12 16:51:00,skocherhan,url,http://taxserv.dynuddns.net,#DPRK #Kimsuky,https://x.com/skocherhan/status/2076348659956953492
2026-07-12 16:51:00,skocherhan,domain,ataxed.dynuddns.net,#DPRK #Kimsuky,https://x.com/skocherhan/status/2076348659956953492
2026-07-12 16:51:00,skocherhan,url,http://ataxed.dynuddns.net,#DPRK #Kimsuky,https://x.com/skocherhan/status/2076348659956953492
2026-07-12 16:51:00,skocherhan,domain,ntxadoc.dynuddns.net,#DPRK #Kimsuky,https://x.com/skocherhan/status/2076348659956953492
2026-07-12 16:51:00,skocherhan,url,http://ntxadoc.dynuddns.net,#DPRK #Kimsuky,https://x.com/skocherhan/status/2076348659956953492
2026-07-12 16:51:00,skocherhan,domain,ntxaldos.dynuddns.net,#DPRK #Kimsuky,https://x.com/skocherhan/status/2076348659956953492
2026-07-12 16:51:00,skocherhan,url,http://ntxaldos.dynuddns.net,#DPRK #Kimsuky,https://x.com/skocherhan/status/2076348659956953492
2026-07-12 16:51:00,skocherhan,domain,ntxalerts.dynuddns.net,#DPRK #Kimsuky,https://x.com/skocherhan/status/2076348659956953492
2026-07-12 16:51:00,skocherhan,url,http://ntxalerts.dynuddns.net,#DPRK #Kimsuky,https://x.com/skocherhan/status/2076348659956953492
2026-07-12 16:51:00,skocherhan,domain,trx28alert.dns.navy,#DPRK #Kimsuky,https://x.com/skocherhan/status/2076348659956953492
2026-07-12 16:51:00,skocherhan,url,http://trx28alert.dns.navy,#DPRK #Kimsuky,https://x.com/skocherhan/status/2076348659956953492
2026-07-12 16:51:00,skocherhan,domain,agfggdo04u2cq9f7.bn.nnvesips.dns.army,#DPRK #Kimsuky,https://x.com/skocherhan/status/2076348659956953492
2026-07-12 16:51:00,skocherhan,url,http://agfggdo04u2cq9f7.bn.nnvesips.dns.army,#DPRK #Kimsuky,https://x.com/skocherhan/status/2076348659956953492
2026-07-12 16:51:00,skocherhan,domain,fem5rhqdsqk1a8ks.en.ntsspic.dynv6.net,#DPRK #Kimsuky,https://x.com/skocherhan/status/2076348659956953492
2026-07-12 16:51:00,skocherhan,url,http://fem5rhqdsqk1a8ks.en.ntsspic.dynv6.net,#DPRK #Kimsuky,https://x.com/skocherhan/status/2076348659956953492
2026-07-12 16:51:00,skocherhan,domain,trx22alert.dns.navy,#DPRK #Kimsuky,https://x.com/skocherhan/status/2076348659956953492
2026-07-12 16:51:00,skocherhan,url,http://trx22alert.dns.navy,#DPRK #Kimsuky,https://x.com/skocherhan/status/2076348659956953492
2026-07-12 16:51:00,skocherhan,domain,trx25alert.dns.navy,#DPRK #Kimsuky,https://x.com/skocherhan/status/2076348659956953492
2026-07-12 16:51:00,skocherhan,url,http://trx25alert.dns.navy,#DPRK #Kimsuky,https://x.com/skocherhan/status/2076348659956953492
2026-07-12 16:51:00,skocherhan,domain,trx29alert.dns.navy,#DPRK #Kimsuky,https://x.com/skocherhan/status/2076348659956953492
2026-07-12 16:51:00,skocherhan,url,http://trx29alert.dns.navy,#DPRK #Kimsuky,https://x.com/skocherhan/status/2076348659956953492
2026-07-12 16:51:00,skocherhan,domain,trx20alert.dns.navy,#DPRK #Kimsuky,https://x.com/skocherhan/status/2076348659956953492
2026-07-12 16:51:00,skocherhan,url,http://trx20alert.dns.navy,#DPRK #Kimsuky,https://x.com/skocherhan/status/2076348659956953492
2026-07-12 16:51:00,skocherhan,domain,trx19alert.dns.navy,#DPRK #Kimsuky,https://x.com/skocherhan/status/2076348659956953492
2026-07-12 16:51:00,skocherhan,url,http://trx19alert.dns.navy,#DPRK #Kimsuky,https://x.com/skocherhan/status/2076348659956953492
2026-07-12 16:51:00,skocherhan,domain,iflat0pd7wo7mnrm.hets16ex.dns.army,#DPRK #Kimsuky,https://x.com/skocherhan/status/2076348659956953492
2026-07-12 16:51:00,skocherhan,url,http://iflat0pd7wo7mnrm.hets16ex.dns.army,#DPRK #Kimsuky,https://x.com/skocherhan/status/2076348659956953492
2026-07-12 16:51:00,skocherhan,domain,agfggdo04u2cq9f7.ntseno38s.dns.army,#DPRK #Kimsuky,https://x.com/skocherhan/status/2076348659956953492
2026-07-12 16:51:00,skocherhan,url,http://agfggdo04u2cq9f7.ntseno38s.dns.army,#DPRK #Kimsuky,https://x.com/skocherhan/status/2076348659956953492
2026-07-12 16:51:00,skocherhan,domain,s156a1mqvz7iq9vn.hat22ex.dns.army,#DPRK #Kimsuky,https://x.com/skocherhan/status/2076348659956953492
2026-07-12 16:51:00,skocherhan,url,http://s156a1mqvz7iq9vn.hat22ex.dns.army,#DPRK #Kimsuky,https://x.com/skocherhan/status/2076348659956953492
2026-07-12 16:51:00,skocherhan,domain,nids.trxs33es.dns.navy,#DPRK #Kimsuky,https://x.com/skocherhan/status/2076348659956953492
2026-07-12 16:51:00,skocherhan,url,http://nids.trxs33es.dns.navy,#DPRK #Kimsuky,https://x.com/skocherhan/status/2076348659956953492
2026-07-12 16:51:00,skocherhan,domain,mas2ox.dns.navy,#DPRK #Kimsuky,https://x.com/skocherhan/status/2076348659956953492
2026-07-12 16:51:00,skocherhan,url,http://mas2ox.dns.navy,#DPRK #Kimsuky,https://x.com/skocherhan/status/2076348659956953492
2026-07-12 16:51:00,skocherhan,domain,agfggdo04u2cq9f7.dn.nnvesips.dns.army,#DPRK #Kimsuky,https://x.com/skocherhan/status/2076348659956953492
2026-07-12 16:51:00,skocherhan,url,http://agfggdo04u2cq9f7.dn.nnvesips.dns.army,#DPRK #Kimsuky,https://x.com/skocherhan/status/2076348659956953492
2026-07-12 16:51:00,skocherhan,domain,ntseno0s.dns.army,#DPRK #Kimsuky,https://x.com/skocherhan/status/2076348659956953492
2026-07-12 16:51:00,skocherhan,url,http://ntseno0s.dns.army,#DPRK #Kimsuky,https://x.com/skocherhan/status/2076348659956953492
2026-07-12 16:51:00,skocherhan,domain,trx16alert.dns.navy,#DPRK #Kimsuky,https://x.com/skocherhan/status/2076348659956953492
2026-07-12 16:51:00,skocherhan,url,http://trx16alert.dns.navy,#DPRK #Kimsuky,https://x.com/skocherhan/status/2076348659956953492
2026-07-12 16:51:00,skocherhan,domain,trx17alert.dns.navy,#DPRK #Kimsuky,https://x.com/skocherhan/status/2076348659956953492
2026-07-12 16:51:00,skocherhan,url,http://trx17alert.dns.navy,#DPRK #Kimsuky,https://x.com/skocherhan/status/2076348659956953492
2026-07-12 16:51:00,skocherhan,domain,trx10alert.dns.navy,#DPRK #Kimsuky,https://x.com/skocherhan/status/2076348659956953492
2026-07-12 16:51:00,skocherhan,url,http://trx10alert.dns.navy,#DPRK #Kimsuky,https://x.com/skocherhan/status/2076348659956953492
2026-07-12 16:51:00,skocherhan,domain,trxs33es.dns.navy,#DPRK #Kimsuky,https://x.com/skocherhan/status/2076348659956953492
2026-07-12 16:51:00,skocherhan,url,http://trxs33es.dns.navy,#DPRK #Kimsuky,https://x.com/skocherhan/status/2076348659956953492
2026-07-12 16:51:00,skocherhan,domain,trx12alert.dns.navy,#DPRK #Kimsuky,https://x.com/skocherhan/status/2076348659956953492
2026-07-12 16:51:00,skocherhan,url,http://trx12alert.dns.navy,#DPRK #Kimsuky,https://x.com/skocherhan/status/2076348659956953492
2026-07-12 16:51:00,skocherhan,domain,trxs38es.dns.navy,#DPRK #Kimsuky,https://x.com/skocherhan/status/2076348659956953492
2026-07-12 16:51:00,skocherhan,url,http://trxs38es.dns.navy,#DPRK #Kimsuky,https://x.com/skocherhan/status/2076348659956953492
2026-07-12 16:51:00,skocherhan,domain,trx9alert.dns.navy,#DPRK #Kimsuky,https://x.com/skocherhan/status/2076348659956953492
2026-07-12 16:51:00,skocherhan,url,http://trx9alert.dns.navy,#DPRK #Kimsuky,https://x.com/skocherhan/status/2076348659956953492
2026-07-12 16:51:00,skocherhan,domain,trx0alert.dns.navy,#DPRK #Kimsuky,https://x.com/skocherhan/status/2076348659956953492
2026-07-12 16:51:00,skocherhan,url,http://trx0alert.dns.navy,#DPRK #Kimsuky,https://x.com/skocherhan/status/2076348659956953492
2026-07-12 16:51:00,skocherhan,domain,msc7ox.dns.navy,#DPRK #Kimsuky,https://x.com/skocherhan/status/2076348659956953492
2026-07-12 16:51:00,skocherhan,url,http://msc7ox.dns.navy,#DPRK #Kimsuky,https://x.com/skocherhan/status/2076348659956953492
2026-07-12 16:51:00,skocherhan,domain,trx2alert.dns.navy,#DPRK #Kimsuky,https://x.com/skocherhan/status/2076348659956953492
2026-07-12 16:51:00,skocherhan,url,http://trx2alert.dns.navy,#DPRK #Kimsuky,https://x.com/skocherhan/status/2076348659956953492
2026-07-12 16:51:00,skocherhan,domain,trxs35es.dns.navy,#DPRK #Kimsuky,https://x.com/skocherhan/status/2076348659956953492
2026-07-12 16:51:00,skocherhan,url,http://trxs35es.dns.navy,#DPRK #Kimsuky,https://x.com/skocherhan/status/2076348659956953492
2026-07-12 16:51:00,skocherhan,domain,trxs32es.dns.navy,#DPRK #Kimsuky,https://x.com/skocherhan/status/2076348659956953492
2026-07-12 16:51:00,skocherhan,url,http://trxs32es.dns.navy,#DPRK #Kimsuky,https://x.com/skocherhan/status/2076348659956953492
2026-07-12 16:51:00,skocherhan,domain,trxs34es.dns.navy,#DPRK #Kimsuky,https://x.com/skocherhan/status/2076348659956953492
2026-07-12 16:51:00,skocherhan,url,http://trxs34es.dns.navy,#DPRK #Kimsuky,https://x.com/skocherhan/status/2076348659956953492
2026-07-12 16:51:00,skocherhan,domain,trxs4es.dns.navy,#DPRK #Kimsuky,https://x.com/skocherhan/status/2076348659956953492
2026-07-12 16:51:00,skocherhan,url,http://trxs4es.dns.navy,#DPRK #Kimsuky,https://x.com/skocherhan/status/2076348659956953492
2026-07-12 16:51:00,skocherhan,domain,nids.trxs34es.dns.navy,#DPRK #Kimsuky,https://x.com/skocherhan/status/2076348659956953492
2026-07-12 16:51:00,skocherhan,url,http://nids.trxs34es.dns.navy,#DPRK #Kimsuky,https://x.com/skocherhan/status/2076348659956953492
2026-07-12 16:51:00,skocherhan,domain,nida.trxs32es.dns.navy,#DPRK #Kimsuky,https://x.com/skocherhan/status/2076348659956953492
2026-07-12 16:51:00,skocherhan,url,http://nida.trxs32es.dns.navy,#DPRK #Kimsuky,https://x.com/skocherhan/status/2076348659956953492
2026-07-12 16:51:00,skocherhan,domain,nidservers.trxs4es.dns.navy,#DPRK #Kimsuky,https://x.com/skocherhan/status/2076348659956953492
2026-07-12 16:51:00,skocherhan,url,http://nidservers.trxs4es.dns.navy,#DPRK #Kimsuky,https://x.com/skocherhan/status/2076348659956953492
2026-07-12 16:51:00,skocherhan,domain,trxs0es.dns.navy,#DPRK #Kimsuky,https://x.com/skocherhan/status/2076348659956953492
2026-07-12 16:51:00,skocherhan,url,http://trxs0es.dns.navy,#DPRK #Kimsuky,https://x.com/skocherhan/status/2076348659956953492
2026-07-12 16:51:00,skocherhan,domain,trxs37es.dns.navy,#DPRK #Kimsuky,https://x.com/skocherhan/status/2076348659956953492
2026-07-12 16:51:00,skocherhan,url,http://trxs37es.dns.navy,#DPRK #Kimsuky,https://x.com/skocherhan/status/2076348659956953492
2026-07-12 16:51:00,skocherhan,domain,tals1ex.dynv6.net,#DPRK #Kimsuky,https://x.com/skocherhan/status/2076348659956953492
2026-07-12 16:51:00,skocherhan,url,http://tals1ex.dynv6.net,#DPRK #Kimsuky,https://x.com/skocherhan/status/2076348659956953492
2026-07-12 16:51:00,skocherhan,domain,trxs25es.dns.navy,#DPRK #Kimsuky,https://x.com/skocherhan/status/2076348659956953492
2026-07-12 16:51:00,skocherhan,url,http://trxs25es.dns.navy,#DPRK #Kimsuky,https://x.com/skocherhan/status/2076348659956953492
2026-07-12 16:51:00,skocherhan,domain,nap23ox.dns.navy,#DPRK #Kimsuky,https://x.com/skocherhan/status/2076348659956953492
2026-07-12 16:51:00,skocherhan,url,http://nap23ox.dns.navy,#DPRK #Kimsuky,https://x.com/skocherhan/status/2076348659956953492
2026-07-12 16:51:00,skocherhan,domain,nap6ox.dns.navy,#DPRK #Kimsuky,https://x.com/skocherhan/status/2076348659956953492
2026-07-12 16:51:00,skocherhan,url,http://nap6ox.dns.navy,#DPRK #Kimsuky,https://x.com/skocherhan/status/2076348659956953492
2026-07-12 16:51:00,skocherhan,domain,hets22ex.dns.army,#DPRK #Kimsuky,https://x.com/skocherhan/status/2076348659956953492
2026-07-12 16:51:00,skocherhan,url,http://hets22ex.dns.army,#DPRK #Kimsuky,https://x.com/skocherhan/status/2076348659956953492
2026-07-12 16:51:00,skocherhan,domain,dn3c5jhi388wj72n.ntxesdoc38s.dynv6.net,#DPRK #Kimsuky,https://x.com/skocherhan/status/2076348659956953492
2026-07-12 16:51:00,skocherhan,url,http://dn3c5jhi388wj72n.ntxesdoc38s.dynv6.net,#DPRK #Kimsuky,https://x.com/skocherhan/status/2076348659956953492
2026-07-12 16:51:00,skocherhan,domain,nblog4krs.dynu.org,#DPRK #Kimsuky,https://x.com/skocherhan/status/2076348659956953492
2026-07-12 16:51:00,skocherhan,url,http://nblog4krs.dynu.org,#DPRK #Kimsuky,https://x.com/skocherhan/status/2076348659956953492
2026-07-12 16:51:00,skocherhan,domain,xldghxshyoeexld4.cn.ntsspic.dynv6.net,#DPRK #Kimsuky,https://x.com/skocherhan/status/2076348659956953492
2026-07-12 16:51:00,skocherhan,url,http://xldghxshyoeexld4.cn.ntsspic.dynv6.net,#DPRK #Kimsuky,https://x.com/skocherhan/status/2076348659956953492
2026-07-12 16:51:00,skocherhan,domain,w6vpvc0hfn0ntuhh.bn.ntsspic.dynv6.net,#DPRK #Kimsuky,https://x.com/skocherhan/status/2076348659956953492
2026-07-12 16:51:00,skocherhan,url,http://w6vpvc0hfn0ntuhh.bn.ntsspic.dynv6.net,#DPRK #Kimsuky,https://x.com/skocherhan/status/2076348659956953492
2026-07-12 16:51:00,skocherhan,domain,mas26ox.dns.navy,#DPRK #Kimsuky,https://x.com/skocherhan/status/2076348659956953492
2026-07-12 16:51:00,skocherhan,url,http://mas26ox.dns.navy,#DPRK #Kimsuky,https://x.com/skocherhan/status/2076348659956953492
2026-07-12 16:51:00,skocherhan,domain,nap34ox.dns.navy,#DPRK #Kimsuky,https://x.com/skocherhan/status/2076348659956953492
2026-07-12 16:51:00,skocherhan,url,http://nap34ox.dns.navy,#DPRK #Kimsuky,https://x.com/skocherhan/status/2076348659956953492
2026-07-12 16:51:00,skocherhan,domain,mas24ox.dns.navy,#DPRK #Kimsuky,https://x.com/skocherhan/status/2076348659956953492
2026-07-12 16:51:00,skocherhan,url,http://mas24ox.dns.navy,#DPRK #Kimsuky,https://x.com/skocherhan/status/2076348659956953492
2026-07-12 16:51:00,skocherhan,domain,mas17ox.dns.navy,#DPRK #Kimsuky,https://x.com/skocherhan/status/2076348659956953492
2026-07-12 16:51:00,skocherhan,url,http://mas17ox.dns.navy,#DPRK #Kimsuky,https://x.com/skocherhan/status/2076348659956953492
2026-07-12 16:51:00,skocherhan,domain,msc31ox.dns.navy,#DPRK #Kimsuky,https://x.com/skocherhan/status/2076348659956953492
2026-07-12 16:51:00,skocherhan,url,http://msc31ox.dns.navy,#DPRK #Kimsuky,https://x.com/skocherhan/status/2076348659956953492
2026-07-12 16:51:00,skocherhan,domain,mas10ox.dns.navy,#DPRK #Kimsuky,https://x.com/skocherhan/status/2076348659956953492
2026-07-12 16:51:00,skocherhan,url,http://mas10ox.dns.navy,#DPRK #Kimsuky,https://x.com/skocherhan/status/2076348659956953492
2026-07-12 16:51:00,skocherhan,domain,msc19ox.dns.navy,#DPRK #Kimsuky,https://x.com/skocherhan/status/2076348659956953492
2026-07-12 16:51:00,skocherhan,url,http://msc19ox.dns.navy,#DPRK #Kimsuky,https://x.com/skocherhan/status/2076348659956953492
2026-07-12 16:51:00,skocherhan,domain,msc16ox.dns.navy,#DPRK #Kimsuky,https://x.com/skocherhan/status/2076348659956953492
2026-07-12 16:51:00,skocherhan,url,http://msc16ox.dns.navy,#DPRK #Kimsuky,https://x.com/skocherhan/status/2076348659956953492
2026-07-12 16:51:00,skocherhan,domain,pxes20es.dns.navy,#DPRK #Kimsuky,https://x.com/skocherhan/status/2076348659956953492
2026-07-12 16:51:00,skocherhan,url,http://pxes20es.dns.navy,#DPRK #Kimsuky,https://x.com/skocherhan/status/2076348659956953492
2026-07-12 16:51:00,skocherhan,domain,pxes25es.dns.navy,#DPRK #Kimsuky,https://x.com/skocherhan/status/2076348659956953492
2026-07-12 16:51:00,skocherhan,url,http://pxes25es.dns.navy,#DPRK #Kimsuky,https://x.com/skocherhan/status/2076348659956953492
2026-07-12 16:51:00,skocherhan,domain,pxes13es.dns.navy,#DPRK #Kimsuky,https://x.com/skocherhan/status/2076348659956953492
2026-07-12 16:51:00,skocherhan,url,http://pxes13es.dns.navy,#DPRK #Kimsuky,https://x.com/skocherhan/status/2076348659956953492
2026-07-12 16:51:00,skocherhan,domain,pxes19es.dns.navy,#DPRK #Kimsuky,https://x.com/skocherhan/status/2076348659956953492
2026-07-12 16:51:00,skocherhan,url,http://pxes19es.dns.navy,#DPRK #Kimsuky,https://x.com/skocherhan/status/2076348659956953492
2026-07-12 16:51:00,skocherhan,domain,pxes11es.dns.navy,#DPRK #Kimsuky,https://x.com/skocherhan/status/2076348659956953492
2026-07-12 16:51:00,skocherhan,url,http://pxes11es.dns.navy,#DPRK #Kimsuky,https://x.com/skocherhan/status/2076348659956953492
2026-07-12 16:59:00,skocherhan,domain,nid.taxonload.dynu.net,#DPRK #Kimsuky,https://x.com/skocherhan/status/2076350736380621247
2026-07-12 16:59:00,skocherhan,url,http://nid.taxonload.dynu.net,#DPRK #Kimsuky,https://x.com/skocherhan/status/2076350736380621247
2026-07-12 16:59:00,skocherhan,domain,ntv-method62type.dynv6.net,#DPRK #Kimsuky,https://x.com/skocherhan/status/2076350736380621247
2026-07-12 16:59:00,skocherhan,url,http://ntv-method62type.dynv6.net,#DPRK #Kimsuky,https://x.com/skocherhan/status/2076350736380621247
2026-07-12 16:59:00,skocherhan,domain,ntreferentrys.dynu.net,#DPRK #Kimsuky,https://x.com/skocherhan/status/2076350736380621247
2026-07-12 16:59:00,skocherhan,url,http://ntreferentrys.dynu.net,#DPRK #Kimsuky,https://x.com/skocherhan/status/2076350736380621247
2026-07-12 16:59:00,skocherhan,domain,nettprecord49id.dynv6.net,#DPRK #Kimsuky,https://x.com/skocherhan/status/2076350736380621247
2026-07-12 16:59:00,skocherhan,url,http://nettprecord49id.dynv6.net,#DPRK #Kimsuky,https://x.com/skocherhan/status/2076350736380621247
2026-07-12 16:59:00,skocherhan,domain,edoc.blogreference.dynuddns.net,#DPRK #Kimsuky,https://x.com/skocherhan/status/2076350736380621247
2026-07-12 16:59:00,skocherhan,url,http://edoc.blogreference.dynuddns.net,#DPRK #Kimsuky,https://x.com/skocherhan/status/2076350736380621247
2026-07-12 16:59:00,skocherhan,domain,evc4xrdpz0kpco6u.tprecord27id.dynv6.net,#DPRK #Kimsuky,https://x.com/skocherhan/status/2076350736380621247
2026-07-12 16:59:00,skocherhan,url,http://evc4xrdpz0kpco6u.tprecord27id.dynv6.net,#DPRK #Kimsuky,https://x.com/skocherhan/status/2076350736380621247
2026-07-12 16:59:00,skocherhan,domain,netdepartmentndoc27s.dynv6.net,#DPRK #Kimsuky,https://x.com/skocherhan/status/2076350736380621247
2026-07-12 16:59:00,skocherhan,url,http://netdepartmentndoc27s.dynv6.net,#DPRK #Kimsuky,https://x.com/skocherhan/status/2076350736380621247
2026-07-12 16:59:00,skocherhan,domain,ou8lrlau8x0xk0hj.ntv-method87type.dynv6.net,#DPRK #Kimsuky,https://x.com/skocherhan/status/2076350736380621247
2026-07-12 16:59:00,skocherhan,url,http://ou8lrlau8x0xk0hj.ntv-method87type.dynv6.net,#DPRK #Kimsuky,https://x.com/skocherhan/status/2076350736380621247
2026-07-12 16:59:00,skocherhan,domain,zvc30j98kh61ax6y.tprecord49id.dynv6.net,#DPRK #Kimsuky,https://x.com/skocherhan/status/2076350736380621247
2026-07-12 16:59:00,skocherhan,url,http://zvc30j98kh61ax6y.tprecord49id.dynv6.net,#DPRK #Kimsuky,https://x.com/skocherhan/status/2076350736380621247
2026-07-12 16:59:00,skocherhan,domain,jjk28b4xedcdekrg.tprecord67id.dynv6.net,#DPRK #Kimsuky,https://x.com/skocherhan/status/2076350736380621247
2026-07-12 16:59:00,skocherhan,url,http://jjk28b4xedcdekrg.tprecord67id.dynv6.net,#DPRK #Kimsuky,https://x.com/skocherhan/status/2076350736380621247
2026-07-12 16:59:00,skocherhan,domain,yjkfagyady71smts.tprecord55id.dynv6.net,#DPRK #Kimsuky,https://x.com/skocherhan/status/2076350736380621247
2026-07-12 16:59:00,skocherhan,url,http://yjkfagyady71smts.tprecord55id.dynv6.net,#DPRK #Kimsuky,https://x.com/skocherhan/status/2076350736380621247
2026-07-12 16:59:00,skocherhan,domain,y9v3iz4bi4.ntxreflist.dynu.net,#DPRK #Kimsuky,https://x.com/skocherhan/status/2076350736380621247
2026-07-12 16:59:00,skocherhan,url,http://y9v3iz4bi4.ntxreflist.dynu.net,#DPRK #Kimsuky,https://x.com/skocherhan/status/2076350736380621247
2026-07-12 16:59:00,skocherhan,domain,rkilgmpphvgt59cl.tprecord85id.dynv6.net,#DPRK #Kimsuky,https://x.com/skocherhan/status/2076350736380621247
2026-07-12 16:59:00,skocherhan,url,http://rkilgmpphvgt59cl.tprecord85id.dynv6.net,#DPRK #Kimsuky,https://x.com/skocherhan/status/2076350736380621247
2026-07-12 16:59:00,skocherhan,domain,nettprecord83id.dynv6.net,#DPRK #Kimsuky,https://x.com/skocherhan/status/2076350736380621247
2026-07-12 16:59:00,skocherhan,url,http://nettprecord83id.dynv6.net,#DPRK #Kimsuky,https://x.com/skocherhan/status/2076350736380621247
2026-07-12 16:59:00,skocherhan,domain,fwwhsg2giejccbmq.tprecord36id.dynv6.net,#DPRK #Kimsuky,https://x.com/skocherhan/status/2076350736380621247
2026-07-12 16:59:00,skocherhan,url,http://fwwhsg2giejccbmq.tprecord36id.dynv6.net,#DPRK #Kimsuky,https://x.com/skocherhan/status/2076350736380621247
2026-07-12 16:59:00,skocherhan,domain,netntxruv63s.dynv6.net,#DPRK #Kimsuky,https://x.com/skocherhan/status/2076350736380621247
2026-07-12 16:59:00,skocherhan,url,http://netntxruv63s.dynv6.net,#DPRK #Kimsuky,https://x.com/skocherhan/status/2076350736380621247
2026-07-12 16:59:00,skocherhan,domain,zonetaxload94nd.dynv6.net,#DPRK #Kimsuky,https://x.com/skocherhan/status/2076350736380621247
2026-07-12 16:59:00,skocherhan,url,http://zonetaxload94nd.dynv6.net,#DPRK #Kimsuky,https://x.com/skocherhan/status/2076350736380621247
2026-07-12 16:59:00,skocherhan,domain,11ccukcptk2udqvc.ntax-memd86s.dynv6.net,#DPRK #Kimsuky,https://x.com/skocherhan/status/2076350736380621247
2026-07-12 16:59:00,skocherhan,url,http://11ccukcptk2udqvc.ntax-memd86s.dynv6.net,#DPRK #Kimsuky,https://x.com/skocherhan/status/2076350736380621247
2026-07-12 16:59:00,skocherhan,domain,7r4rq00xpzbvbd5t.tprecord55id.dynv6.net,#DPRK #Kimsuky,https://x.com/skocherhan/status/2076350736380621247
2026-07-12 16:59:00,skocherhan,url,http://7r4rq00xpzbvbd5t.tprecord55id.dynv6.net,#DPRK #Kimsuky,https://x.com/skocherhan/status/2076350736380621247
2026-07-12 16:59:00,skocherhan,domain,ntservicer14th.dns.army,#DPRK #Kimsuky,https://x.com/skocherhan/status/2076350736380621247
2026-07-12 16:59:00,skocherhan,url,http://ntservicer14th.dns.army,#DPRK #Kimsuky,https://x.com/skocherhan/status/2076350736380621247
2026-07-12 16:59:00,skocherhan,domain,ntvlog23invoice.dns.army,#DPRK #Kimsuky,https://x.com/skocherhan/status/2076350736380621247
2026-07-12 16:59:00,skocherhan,url,http://ntvlog23invoice.dns.army,#DPRK #Kimsuky,https://x.com/skocherhan/status/2076350736380621247
2026-07-12 16:59:00,skocherhan,domain,netinsntx73s.dynv6.net,#DPRK #Kimsuky,https://x.com/skocherhan/status/2076350736380621247
2026-07-12 16:59:00,skocherhan,url,http://netinsntx73s.dynv6.net,#DPRK #Kimsuky,https://x.com/skocherhan/status/2076350736380621247
2026-07-12 16:59:00,skocherhan,domain,netinsntx66s.dynv6.net,#DPRK #Kimsuky,https://x.com/skocherhan/status/2076350736380621247
2026-07-12 16:59:00,skocherhan,url,http://netinsntx66s.dynv6.net,#DPRK #Kimsuky,https://x.com/skocherhan/status/2076350736380621247
2026-07-12 16:59:00,skocherhan,domain,nettprecord67id.dynv6.net,#DPRK #Kimsuky,https://x.com/skocherhan/status/2076350736380621247
2026-07-12 16:59:00,skocherhan,url,http://nettprecord67id.dynv6.net,#DPRK #Kimsuky,https://x.com/skocherhan/status/2076350736380621247
2026-07-12 16:59:00,skocherhan,domain,netnonreg7d-idtype.dynv6.net,#DPRK #Kimsuky,https://x.com/skocherhan/status/2076350736380621247
2026-07-12 16:59:00,skocherhan,url,http://netnonreg7d-idtype.dynv6.net,#DPRK #Kimsuky,https://x.com/skocherhan/status/2076350736380621247
2026-07-12 16:59:00,skocherhan,domain,netinsntx60s.dynv6.net,#DPRK #Kimsuky,https://x.com/skocherhan/status/2076350736380621247
2026-07-12 16:59:00,skocherhan,url,http://netinsntx60s.dynv6.net,#DPRK #Kimsuky,https://x.com/skocherhan/status/2076350736380621247
2026-07-12 16:59:00,skocherhan,domain,netntxruv61s.dynv6.net,#DPRK #Kimsuky,https://x.com/skocherhan/status/2076350736380621247
2026-07-12 16:59:00,skocherhan,url,http://netntxruv61s.dynv6.net,#DPRK #Kimsuky,https://x.com/skocherhan/status/2076350736380621247
2026-07-12 16:59:00,skocherhan,domain,ntmaindoc82th.dns.army,#DPRK #Kimsuky,https://x.com/skocherhan/status/2076350736380621247
2026-07-12 16:59:00,skocherhan,url,http://ntmaindoc82th.dns.army,#DPRK #Kimsuky,https://x.com/skocherhan/status/2076350736380621247
2026-07-12 16:59:00,skocherhan,domain,ntv-method93type.dynv6.net,#DPRK #Kimsuky,https://x.com/skocherhan/status/2076350736380621247
2026-07-12 16:59:00,skocherhan,url,http://ntv-method93type.dynv6.net,#DPRK #Kimsuky,https://x.com/skocherhan/status/2076350736380621247
2026-07-12 16:59:00,skocherhan,domain,ntv-method58type.dynv6.net,#DPRK #Kimsuky,https://x.com/skocherhan/status/2076350736380621247
2026-07-12 16:59:00,skocherhan,url,http://ntv-method58type.dynv6.net,#DPRK #Kimsuky,https://x.com/skocherhan/status/2076350736380621247
2026-07-12 16:59:00,skocherhan,domain,ai42k661ixylqc0o.tprecord26id.dynv6.net,#DPRK #Kimsuky,https://x.com/skocherhan/status/2076350736380621247
2026-07-12 16:59:00,skocherhan,url,http://ai42k661ixylqc0o.tprecord26id.dynv6.net,#DPRK #Kimsuky,https://x.com/skocherhan/status/2076350736380621247
2026-07-12 16:59:00,skocherhan,domain,yjkfagyady71smts.tprecord52id.dynv6.net,#DPRK #Kimsuky,https://x.com/skocherhan/status/2076350736380621247
2026-07-12 16:59:00,skocherhan,url,http://yjkfagyady71smts.tprecord52id.dynv6.net,#DPRK #Kimsuky,https://x.com/skocherhan/status/2076350736380621247
2026-07-12 16:59:00,skocherhan,domain,doc.lnkuserauth.giize.com,#DPRK #Kimsuky,https://x.com/skocherhan/status/2076350736380621247
2026-07-12 16:59:00,skocherhan,url,http://doc.lnkuserauth.giize.com,#DPRK #Kimsuky,https://x.com/skocherhan/status/2076350736380621247
2026-07-12 16:59:00,skocherhan,domain,dhvgu7xb02hu80nl.insntx78s.dynv6.net,#DPRK #Kimsuky,https://x.com/skocherhan/status/2076350736380621247
2026-07-12 16:59:00,skocherhan,url,http://dhvgu7xb02hu80nl.insntx78s.dynv6.net,#DPRK #Kimsuky,https://x.com/skocherhan/status/2076350736380621247
2026-07-12 16:59:00,skocherhan,domain,netntv-method96type.dynv6.net,#DPRK #Kimsuky,https://x.com/skocherhan/status/2076350736380621247
2026-07-12 16:59:00,skocherhan,url,http://netntv-method96type.dynv6.net,#DPRK #Kimsuky,https://x.com/skocherhan/status/2076350736380621247
2026-07-12 16:59:00,skocherhan,domain,b4ijmvnmfievhjnz.insntx65s.dynv6.net,#DPRK #Kimsuky,https://x.com/skocherhan/status/2076350736380621247
2026-07-12 16:59:00,skocherhan,url,http://b4ijmvnmfievhjnz.insntx65s.dynv6.net,#DPRK #Kimsuky,https://x.com/skocherhan/status/2076350736380621247
2026-07-12 16:59:00,skocherhan,domain,netdepartmentndoc67s.dynv6.net,#DPRK #Kimsuky,https://x.com/skocherhan/status/2076350736380621247
2026-07-12 16:59:00,skocherhan,url,http://netdepartmentndoc67s.dynv6.net,#DPRK #Kimsuky,https://x.com/skocherhan/status/2076350736380621247
2026-07-12 16:59:00,skocherhan,domain,9bcyyiui2re5jxkx.taxsecret94s.dynv6.net,#DPRK #Kimsuky,https://x.com/skocherhan/status/2076350736380621247
2026-07-12 16:59:00,skocherhan,url,http://9bcyyiui2re5jxkx.taxsecret94s.dynv6.net,#DPRK #Kimsuky,https://x.com/skocherhan/status/2076350736380621247
2026-07-12 16:59:00,skocherhan,domain,xtp7sxj9ty0a5fkd.ntax-memd86s.dynv6.net,#DPRK #Kimsuky,https://x.com/skocherhan/status/2076350736380621247
2026-07-12 16:59:00,skocherhan,url,http://xtp7sxj9ty0a5fkd.ntax-memd86s.dynv6.net,#DPRK #Kimsuky,https://x.com/skocherhan/status/2076350736380621247
2026-07-12 16:59:00,skocherhan,domain,ntjune16th.dynv6.net,#DPRK #Kimsuky,https://x.com/skocherhan/status/2076350736380621247
2026-07-12 16:59:00,skocherhan,url,http://ntjune16th.dynv6.net,#DPRK #Kimsuky,https://x.com/skocherhan/status/2076350736380621247
2026-07-12 16:59:00,skocherhan,domain,netinsntx71s.dynv6.net,#DPRK #Kimsuky,https://x.com/skocherhan/status/2076350736380621247
2026-07-12 16:59:00,skocherhan,url,http://netinsntx71s.dynv6.net,#DPRK #Kimsuky,https://x.com/skocherhan/status/2076350736380621247
2026-07-12 16:59:00,skocherhan,domain,netbxzzqeau.offichannel26id.dynv6.net,#DPRK #Kimsuky,https://x.com/skocherhan/status/2076350736380621247
2026-07-12 16:59:00,skocherhan,url,http://netbxzzqeau.offichannel26id.dynv6.net,#DPRK #Kimsuky,https://x.com/skocherhan/status/2076350736380621247
2026-07-12 16:59:00,skocherhan,domain,uinvoicezone.dynu.org,#DPRK #Kimsuky,https://x.com/skocherhan/status/2076350736380621247
2026-07-12 16:59:00,skocherhan,url,http://uinvoicezone.dynu.org,#DPRK #Kimsuky,https://x.com/skocherhan/status/2076350736380621247
2026-07-12 16:59:00,skocherhan,domain,cy51nhs8we6w2s6p.nxdeliv-24id.dynv6.net,#DPRK #Kimsuky,https://x.com/skocherhan/status/2076350736380621247
2026-07-12 16:59:00,skocherhan,url,http://cy51nhs8we6w2s6p.nxdeliv-24id.dynv6.net,#DPRK #Kimsuky,https://x.com/skocherhan/status/2076350736380621247
2026-07-12 16:59:00,skocherhan,domain,netntjune57th.dynv6.net,#DPRK #Kimsuky,https://x.com/skocherhan/status/2076350736380621247
2026-07-12 16:59:00,skocherhan,url,http://netntjune57th.dynv6.net,#DPRK #Kimsuky,https://x.com/skocherhan/status/2076350736380621247
2026-07-12 16:59:00,skocherhan,domain,h35egrz7fpn7s0y0.nxdeliv-24id.dynv6.net,#DPRK #Kimsuky,https://x.com/skocherhan/status/2076350736380621247
2026-07-12 16:59:00,skocherhan,url,http://h35egrz7fpn7s0y0.nxdeliv-24id.dynv6.net,#DPRK #Kimsuky,https://x.com/skocherhan/status/2076350736380621247
2026-07-12 16:59:00,skocherhan,domain,netinsntx85s.dynv6.net,#DPRK #Kimsuky,https://x.com/skocherhan/status/2076350736380621247
2026-07-12 16:59:00,skocherhan,url,http://netinsntx85s.dynv6.net,#DPRK #Kimsuky,https://x.com/skocherhan/status/2076350736380621247
2026-07-12 16:59:00,skocherhan,domain,armyrqxoeug.nregtaxinfo24s.dns.army,#DPRK #Kimsuky,https://x.com/skocherhan/status/2076350736380621247
2026-07-12 16:59:00,skocherhan,url,http://armyrqxoeug.nregtaxinfo24s.dns.army,#DPRK #Kimsuky,https://x.com/skocherhan/status/2076350736380621247
2026-07-12 16:59:00,skocherhan,domain,netinsntx65s.dynv6.net,#DPRK #Kimsuky,https://x.com/skocherhan/status/2076350736380621247
2026-07-12 16:59:00,skocherhan,url,http://netinsntx65s.dynv6.net,#DPRK #Kimsuky,https://x.com/skocherhan/status/2076350736380621247
2026-07-12 16:59:00,skocherhan,domain,netntxruv3s.dynv6.net,#DPRK #Kimsuky,https://x.com/skocherhan/status/2076350736380621247
2026-07-12 16:59:00,skocherhan,url,http://netntxruv3s.dynv6.net,#DPRK #Kimsuky,https://x.com/skocherhan/status/2076350736380621247
2026-07-12 16:59:00,skocherhan,domain,netdepartmentndoc17s.dynv6.net,#DPRK #Kimsuky,https://x.com/skocherhan/status/2076350736380621247
2026-07-12 16:59:00,skocherhan,url,http://netdepartmentndoc17s.dynv6.net,#DPRK #Kimsuky,https://x.com/skocherhan/status/2076350736380621247
2026-07-12 16:59:00,skocherhan,domain,nettprecord36id.dynv6.net,#DPRK #Kimsuky,https://x.com/skocherhan/status/2076350736380621247
2026-07-12 16:59:00,skocherhan,url,http://nettprecord36id.dynv6.net,#DPRK #Kimsuky,https://x.com/skocherhan/status/2076350736380621247
2026-07-12 16:59:00,skocherhan,domain,6c9y2ls527z2j9ck.tprecord95id.dynv6.net,#DPRK #Kimsuky,https://x.com/skocherhan/status/2076350736380621247
2026-07-12 16:59:00,skocherhan,url,http://6c9y2ls527z2j9ck.tprecord95id.dynv6.net,#DPRK #Kimsuky,https://x.com/skocherhan/status/2076350736380621247
2026-07-12 16:59:00,skocherhan,domain,ntservicer73th.dns.army,#DPRK #Kimsuky,https://x.com/skocherhan/status/2076350736380621247
2026-07-12 16:59:00,skocherhan,url,http://ntservicer73th.dns.army,#DPRK #Kimsuky,https://x.com/skocherhan/status/2076350736380621247
2026-07-12 16:59:00,skocherhan,domain,0l707x84em9hu7lq.tprecord72id.dynv6.net,#DPRK #Kimsuky,https://x.com/skocherhan/status/2076350736380621247
2026-07-12 16:59:00,skocherhan,url,http://0l707x84em9hu7lq.tprecord72id.dynv6.net,#DPRK #Kimsuky,https://x.com/skocherhan/status/2076350736380621247
2026-07-12 16:59:00,skocherhan,domain,netntsp-load0type.dynv6.net,#DPRK #Kimsuky,https://x.com/skocherhan/status/2076350736380621247
2026-07-12 16:59:00,skocherhan,url,http://netntsp-load0type.dynv6.net,#DPRK #Kimsuky,https://x.com/skocherhan/status/2076350736380621247
2026-07-12 16:59:00,skocherhan,domain,cbv4izjd0aonwcp1.ntxruv64s.dynv6.net,#DPRK #Kimsuky,https://x.com/skocherhan/status/2076350736380621247
2026-07-12 16:59:00,skocherhan,url,http://cbv4izjd0aonwcp1.ntxruv64s.dynv6.net,#DPRK #Kimsuky,https://x.com/skocherhan/status/2076350736380621247
2026-07-12 16:59:00,skocherhan,domain,referalntdoc.dynu.org,#DPRK #Kimsuky,https://x.com/skocherhan/status/2076350736380621247
2026-07-12 16:59:00,skocherhan,url,http://referalntdoc.dynu.org,#DPRK #Kimsuky,https://x.com/skocherhan/status/2076350736380621247
2026-07-12 16:59:00,skocherhan,domain,netinsntx78s.dynv6.net,#DPRK #Kimsuky,https://x.com/skocherhan/status/2076350736380621247
2026-07-12 16:59:00,skocherhan,url,http://netinsntx78s.dynv6.net,#DPRK #Kimsuky,https://x.com/skocherhan/status/2076350736380621247
2026-07-12 16:59:00,skocherhan,domain,ntservicer0th.dns.army,#DPRK #Kimsuky,https://x.com/skocherhan/status/2076350736380621247
2026-07-12 16:59:00,skocherhan,url,http://ntservicer0th.dns.army,#DPRK #Kimsuky,https://x.com/skocherhan/status/2076350736380621247
2026-07-12 16:59:00,skocherhan,domain,nettprecord55id.dynv6.net,#DPRK #Kimsuky,https://x.com/skocherhan/status/2076350736380621247
2026-07-12 16:59:00,skocherhan,url,http://nettprecord55id.dynv6.net,#DPRK #Kimsuky,https://x.com/skocherhan/status/2076350736380621247
2026-07-12 16:59:00,skocherhan,domain,gdtnc16s8sx48jkl.tprecord80id.dynv6.net,#DPRK #Kimsuky,https://x.com/skocherhan/status/2076350736380621247
2026-07-12 16:59:00,skocherhan,url,http://gdtnc16s8sx48jkl.tprecord80id.dynv6.net,#DPRK #Kimsuky,https://x.com/skocherhan/status/2076350736380621247
2026-07-12 16:59:00,skocherhan,domain,1k68jbmg26graed8.ntax-memd86s.dynv6.net,#DPRK #Kimsuky,https://x.com/skocherhan/status/2076350736380621247
2026-07-12 16:59:00,skocherhan,url,http://1k68jbmg26graed8.ntax-memd86s.dynv6.net,#DPRK #Kimsuky,https://x.com/skocherhan/status/2076350736380621247
2026-07-12 16:59:00,skocherhan,domain,netntv-method97type.dynv6.net,#DPRK #Kimsuky,https://x.com/skocherhan/status/2076350736380621247
2026-07-12 16:59:00,skocherhan,url,http://netntv-method97type.dynv6.net,#DPRK #Kimsuky,https://x.com/skocherhan/status/2076350736380621247
2026-07-12 16:59:00,skocherhan,domain,at7kypu214lavrah.insntx63s.dynv6.net,#DPRK #Kimsuky,https://x.com/skocherhan/status/2076350736380621247
2026-07-12 16:59:00,skocherhan,url,http://at7kypu214lavrah.insntx63s.dynv6.net,#DPRK #Kimsuky,https://x.com/skocherhan/status/2076350736380621247
2026-07-12 16:59:00,skocherhan,domain,netresearch-nt86in.dynv6.net,#DPRK #Kimsuky,https://x.com/skocherhan/status/2076350736380621247
2026-07-12 16:59:00,skocherhan,url,http://netresearch-nt86in.dynv6.net,#DPRK #Kimsuky,https://x.com/skocherhan/status/2076350736380621247
2026-07-12 16:59:00,skocherhan,domain,nettprecord66id.dynv6.net,#DPRK #Kimsuky,https://x.com/skocherhan/status/2076350736380621247
2026-07-12 16:59:00,skocherhan,url,http://nettprecord66id.dynv6.net,#DPRK #Kimsuky,https://x.com/skocherhan/status/2076350736380621247
2026-07-12 16:59:00,skocherhan,domain,bjrws7ratcpqs1gi.tprecord72id.dynv6.net,#DPRK #Kimsuky,https://x.com/skocherhan/status/2076350736380621247
2026-07-12 16:59:00,skocherhan,url,http://bjrws7ratcpqs1gi.tprecord72id.dynv6.net,#DPRK #Kimsuky,https://x.com/skocherhan/status/2076350736380621247
2026-07-12 16:59:00,skocherhan,domain,netinsntx84s.dynv6.net,#DPRK #Kimsuky,https://x.com/skocherhan/status/2076350736380621247
2026-07-12 16:59:00,skocherhan,url,http://netinsntx84s.dynv6.net,#DPRK #Kimsuky,https://x.com/skocherhan/status/2076350736380621247
2026-07-12 16:59:00,skocherhan,domain,netpqzxzxbd.nxdeliv-53id.dynv6.net,#DPRK #Kimsuky,https://x.com/skocherhan/status/2076350736380621247
2026-07-12 16:59:00,skocherhan,url,http://netpqzxzxbd.nxdeliv-53id.dynv6.net,#DPRK #Kimsuky,https://x.com/skocherhan/status/2076350736380621247
2026-07-12 16:59:00,skocherhan,domain,iqcomgddol15c3s8.ntv-method76type.dynv6.net,#DPRK #Kimsuky,https://x.com/skocherhan/status/2076350736380621247
2026-07-12 16:59:00,skocherhan,url,http://iqcomgddol15c3s8.ntv-method76type.dynv6.net,#DPRK #Kimsuky,https://x.com/skocherhan/status/2076350736380621247
2026-07-12 16:59:00,skocherhan,domain,ktni6clc0m3u90q6.nxdeliv-53id.dynv6.net,#DPRK #Kimsuky,https://x.com/skocherhan/status/2076350736380621247
2026-07-12 16:59:00,skocherhan,url,http://ktni6clc0m3u90q6.nxdeliv-53id.dynv6.net,#DPRK #Kimsuky,https://x.com/skocherhan/status/2076350736380621247
2026-07-12 16:59:00,skocherhan,domain,o9boxycllsw0ewtg.ntv-method70type.dynv6.net,#DPRK #Kimsuky,https://x.com/skocherhan/status/2076350736380621247
2026-07-12 16:59:00,skocherhan,url,http://o9boxycllsw0ewtg.ntv-method70type.dynv6.net,#DPRK #Kimsuky,https://x.com/skocherhan/status/2076350736380621247
2026-07-12 16:59:00,skocherhan,domain,udexak2jmzb4229o.ntv-method92type.dynv6.net,#DPRK #Kimsuky,https://x.com/skocherhan/status/2076350736380621247
2026-07-12 16:59:00,skocherhan,url,http://udexak2jmzb4229o.ntv-method92type.dynv6.net,#DPRK #Kimsuky,https://x.com/skocherhan/status/2076350736380621247
2026-07-12 16:59:00,skocherhan,domain,6os2ng0wcijbzsfy.insntx73s.dynv6.net,#DPRK #Kimsuky,https://x.com/skocherhan/status/2076350736380621247
2026-07-12 16:59:00,skocherhan,url,http://6os2ng0wcijbzsfy.insntx73s.dynv6.net,#DPRK #Kimsuky,https://x.com/skocherhan/status/2076350736380621247
2026-07-12 16:59:00,skocherhan,domain,netinsntx69s.dynv6.net,#DPRK #Kimsuky,https://x.com/skocherhan/status/2076350736380621247
2026-07-12 16:59:00,skocherhan,url,http://netinsntx69s.dynv6.net,#DPRK #Kimsuky,https://x.com/skocherhan/status/2076350736380621247
2026-07-12 16:59:00,skocherhan,domain,ntservicer68th.dns.army,#DPRK #Kimsuky,https://x.com/skocherhan/status/2076350736380621247
2026-07-12 16:59:00,skocherhan,url,http://ntservicer68th.dns.army,#DPRK #Kimsuky,https://x.com/skocherhan/status/2076350736380621247
2026-07-12 16:59:00,skocherhan,domain,ntservicer66th.dns.army,#DPRK #Kimsuky,https://x.com/skocherhan/status/2076350736380621247
2026-07-12 16:59:00,skocherhan,url,http://ntservicer66th.dns.army,#DPRK #Kimsuky,https://x.com/skocherhan/status/2076350736380621247
2026-07-12 16:59:00,skocherhan,domain,netinsntx62s.dynv6.net,#DPRK #Kimsuky,https://x.com/skocherhan/status/2076350736380621247
2026-07-12 16:59:00,skocherhan,url,http://netinsntx62s.dynv6.net,#DPRK #Kimsuky,https://x.com/skocherhan/status/2076350736380621247
2026-07-12 16:59:00,skocherhan,domain,p1j9peafzc.ntxzone.dynu.net,#DPRK #Kimsuky,https://x.com/skocherhan/status/2076350736380621247
2026-07-12 16:59:00,skocherhan,url,http://p1j9peafzc.ntxzone.dynu.net,#DPRK #Kimsuky,https://x.com/skocherhan/status/2076350736380621247
2026-07-12 16:59:00,skocherhan,domain,ylnzfpqzxzxbd.nxdeliv-53id.dynv6.net,#DPRK #Kimsuky,https://x.com/skocherhan/status/2076350736380621247
2026-07-12 16:59:00,skocherhan,url,http://ylnzfpqzxzxbd.nxdeliv-53id.dynv6.net,#DPRK #Kimsuky,https://x.com/skocherhan/status/2076350736380621247
2026-07-12 16:59:00,skocherhan,domain,netnidloes.ntxreferzone90nd.dynv6.net,#DPRK #Kimsuky,https://x.com/skocherhan/status/2076350736380621247
2026-07-12 16:59:00,skocherhan,url,http://netnidloes.ntxreferzone90nd.dynv6.net,#DPRK #Kimsuky,https://x.com/skocherhan/status/2076350736380621247
2026-07-12 16:59:00,skocherhan,domain,tprecord26id.dynv6.net,#DPRK #Kimsuky,https://x.com/skocherhan/status/2076350736380621247
2026-07-12 16:59:00,skocherhan,url,http://tprecord26id.dynv6.net,#DPRK #Kimsuky,https://x.com/skocherhan/status/2076350736380621247
2026-07-12 16:59:00,skocherhan,domain,netntv-method81type.dynv6.net,#DPRK #Kimsuky,https://x.com/skocherhan/status/2076350736380621247
2026-07-12 16:59:00,skocherhan,url,http://netntv-method81type.dynv6.net,#DPRK #Kimsuky,https://x.com/skocherhan/status/2076350736380621247
2026-07-12 16:59:00,skocherhan,domain,nettprecord78id.dynv6.net,#DPRK #Kimsuky,https://x.com/skocherhan/status/2076350736380621247
2026-07-12 16:59:00,skocherhan,url,http://nettprecord78id.dynv6.net,#DPRK #Kimsuky,https://x.com/skocherhan/status/2076350736380621247
2026-07-12 16:59:00,skocherhan,domain,netntxruv59s.dynv6.net,#DPRK #Kimsuky,https://x.com/skocherhan/status/2076350736380621247
2026-07-12 16:59:00,skocherhan,url,http://netntxruv59s.dynv6.net,#DPRK #Kimsuky,https://x.com/skocherhan/status/2076350736380621247
2026-07-12 16:59:00,skocherhan,domain,ntreferentry.dynu.net,#DPRK #Kimsuky,https://x.com/skocherhan/status/2076350736380621247
2026-07-12 16:59:00,skocherhan,url,http://ntreferentry.dynu.net,#DPRK #Kimsuky,https://x.com/skocherhan/status/2076350736380621247
2026-07-12 16:59:00,skocherhan,domain,altntspage.dynu.net,#DPRK #Kimsuky,https://x.com/skocherhan/status/2076350736380621247
2026-07-12 16:59:00,skocherhan,url,http://altntspage.dynu.net,#DPRK #Kimsuky,https://x.com/skocherhan/status/2076350736380621247
2026-07-12 16:59:00,skocherhan,domain,altntspages.dynu.net,#DPRK #Kimsuky,https://x.com/skocherhan/status/2076350736380621247
2026-07-12 16:59:00,skocherhan,url,http://altntspages.dynu.net,#DPRK #Kimsuky,https://x.com/skocherhan/status/2076350736380621247
2026-07-12 16:59:00,skocherhan,domain,intaxcheck.dynu.net,#DPRK #Kimsuky,https://x.com/skocherhan/status/2076350736380621247
2026-07-12 16:59:00,skocherhan,url,http://intaxcheck.dynu.net,#DPRK #Kimsuky,https://x.com/skocherhan/status/2076350736380621247
2026-07-12 16:59:00,skocherhan,domain,nidjiv.ntxzone.dynu.net,#DPRK #Kimsuky,https://x.com/skocherhan/status/2076350736380621247
2026-07-12 16:59:00,skocherhan,url,http://nidjiv.ntxzone.dynu.net,#DPRK #Kimsuky,https://x.com/skocherhan/status/2076350736380621247
2026-07-12 16:59:00,skocherhan,domain,inlinentcorp.dynu.net,#DPRK #Kimsuky,https://x.com/skocherhan/status/2076350736380621247
2026-07-12 16:59:00,skocherhan,url,http://inlinentcorp.dynu.net,#DPRK #Kimsuky,https://x.com/skocherhan/status/2076350736380621247
2026-07-12 16:59:00,skocherhan,domain,nidjzqf.inlinentcorp.dynu.net,#DPRK #Kimsuky,https://x.com/skocherhan/status/2076350736380621247
2026-07-12 16:59:00,skocherhan,url,http://nidjzqf.inlinentcorp.dynu.net,#DPRK #Kimsuky,https://x.com/skocherhan/status/2076350736380621247
2026-07-12 16:59:00,skocherhan,domain,nidygxeg.inlinentcorp.dynu.net,#DPRK #Kimsuky,https://x.com/skocherhan/status/2076350736380621247
2026-07-12 16:59:00,skocherhan,url,http://nidygxeg.inlinentcorp.dynu.net,#DPRK #Kimsuky,https://x.com/skocherhan/status/2076350736380621247
2026-07-12 16:59:00,skocherhan,domain,nidzuxi.inlinentcorp.dynu.net,#DPRK #Kimsuky,https://x.com/skocherhan/status/2076350736380621247
2026-07-12 16:59:00,skocherhan,url,http://nidzuxi.inlinentcorp.dynu.net,#DPRK #Kimsuky,https://x.com/skocherhan/status/2076350736380621247
2026-07-12 16:59:00,skocherhan,domain,interdoclist.dynu.net,#DPRK #Kimsuky,https://x.com/skocherhan/status/2076350736380621247
2026-07-12 16:59:00,skocherhan,url,http://interdoclist.dynu.net,#DPRK #Kimsuky,https://x.com/skocherhan/status/2076350736380621247
2026-07-12 16:59:00,skocherhan,domain,inlinentcorps.dynu.net,#DPRK #Kimsuky,https://x.com/skocherhan/status/2076350736380621247
2026-07-12 16:59:00,skocherhan,url,http://inlinentcorps.dynu.net,#DPRK #Kimsuky,https://x.com/skocherhan/status/2076350736380621247
2026-07-12 16:59:00,skocherhan,domain,inlinentcorps.dynu.org,#DPRK #Kimsuky,https://x.com/skocherhan/status/2076350736380621247
2026-07-12 16:59:00,skocherhan,url,http://inlinentcorps.dynu.org,#DPRK #Kimsuky,https://x.com/skocherhan/status/2076350736380621247
2026-07-12 16:59:00,skocherhan,domain,inlinentcorp.dynu.org,#DPRK #Kimsuky,https://x.com/skocherhan/status/2076350736380621247
2026-07-12 16:59:00,skocherhan,url,http://inlinentcorp.dynu.org,#DPRK #Kimsuky,https://x.com/skocherhan/status/2076350736380621247
2026-07-12 16:59:00,skocherhan,domain,interdoclists.dynu.net,#DPRK #Kimsuky,https://x.com/skocherhan/status/2076350736380621247
2026-07-12 16:59:00,skocherhan,url,http://interdoclists.dynu.net,#DPRK #Kimsuky,https://x.com/skocherhan/status/2076350736380621247
2026-07-12 16:59:00,skocherhan,domain,ublogapps14nd.dynv6.net,#DPRK #Kimsuky,https://x.com/skocherhan/status/2076350736380621247
2026-07-12 16:59:00,skocherhan,url,http://ublogapps14nd.dynv6.net,#DPRK #Kimsuky,https://x.com/skocherhan/status/2076350736380621247
2026-07-12 16:59:00,skocherhan,domain,wetaxofficers.dynu.net,#DPRK #Kimsuky,https://x.com/skocherhan/status/2076350736380621247
2026-07-12 16:59:00,skocherhan,url,http://wetaxofficers.dynu.net,#DPRK #Kimsuky,https://x.com/skocherhan/status/2076350736380621247
2026-07-12 16:59:00,skocherhan,domain,wetaxofficrs.dynu.net,#DPRK #Kimsuky,https://x.com/skocherhan/status/2076350736380621247
2026-07-12 16:59:00,skocherhan,url,http://wetaxofficrs.dynu.net,#DPRK #Kimsuky,https://x.com/skocherhan/status/2076350736380621247
2026-07-12 16:59:00,skocherhan,domain,ntxlqbtl.wetaxofficrs.dynu.net,#DPRK #Kimsuky,https://x.com/skocherhan/status/2076350736380621247
2026-07-12 16:59:00,skocherhan,url,http://ntxlqbtl.wetaxofficrs.dynu.net,#DPRK #Kimsuky,https://x.com/skocherhan/status/2076350736380621247
2026-07-12 16:59:00,skocherhan,domain,ntxlkpig.wetaxofficrs.dynu.net,#DPRK #Kimsuky,https://x.com/skocherhan/status/2076350736380621247
2026-07-12 16:59:00,skocherhan,url,http://ntxlkpig.wetaxofficrs.dynu.net,#DPRK #Kimsuky,https://x.com/skocherhan/status/2076350736380621247
2026-07-12 16:59:00,skocherhan,domain,ntxfldfo.wetaxofficrs.dynu.net,#DPRK #Kimsuky,https://x.com/skocherhan/status/2076350736380621247
2026-07-12 16:59:00,skocherhan,url,http://ntxfldfo.wetaxofficrs.dynu.net,#DPRK #Kimsuky,https://x.com/skocherhan/status/2076350736380621247
2026-07-12 16:59:00,skocherhan,domain,ntxcqjl.wetaxofficrs.dynu.net,#DPRK #Kimsuky,https://x.com/skocherhan/status/2076350736380621247
2026-07-12 16:59:00,skocherhan,url,http://ntxcqjl.wetaxofficrs.dynu.net,#DPRK #Kimsuky,https://x.com/skocherhan/status/2076350736380621247
2026-07-12 16:59:00,skocherhan,domain,wetaxofficer.dynu.net,#DPRK #Kimsuky,https://x.com/skocherhan/status/2076350736380621247
2026-07-12 16:59:00,skocherhan,url,http://wetaxofficer.dynu.net,#DPRK #Kimsuky,https://x.com/skocherhan/status/2076350736380621247
2026-07-12 16:59:00,skocherhan,domain,taxonloads.dynu.net,#DPRK #Kimsuky,https://x.com/skocherhan/status/2076350736380621247
2026-07-12 16:59:00,skocherhan,url,http://taxonloads.dynu.net,#DPRK #Kimsuky,https://x.com/skocherhan/status/2076350736380621247
2026-07-12 16:59:00,skocherhan,domain,taxonload.dynu.net,#DPRK #Kimsuky,https://x.com/skocherhan/status/2076350736380621247
2026-07-12 16:59:00,skocherhan,url,http://taxonload.dynu.net,#DPRK #Kimsuky,https://x.com/skocherhan/status/2076350736380621247
2026-07-12 16:59:00,skocherhan,domain,taxdepright.dynu.net,#DPRK #Kimsuky,https://x.com/skocherhan/status/2076350736380621247
2026-07-12 16:59:00,skocherhan,url,http://taxdepright.dynu.net,#DPRK #Kimsuky,https://x.com/skocherhan/status/2076350736380621247
2026-07-12 16:59:00,skocherhan,domain,taxdeprights.dynu.net,#DPRK #Kimsuky,https://x.com/skocherhan/status/2076350736380621247
2026-07-12 16:59:00,skocherhan,url,http://taxdeprights.dynu.net,#DPRK #Kimsuky,https://x.com/skocherhan/status/2076350736380621247
2026-07-12 16:59:00,skocherhan,domain,ntjune75th.dynv6.net,#DPRK #Kimsuky,https://x.com/skocherhan/status/2076350736380621247
2026-07-12 16:59:00,skocherhan,url,http://ntjune75th.dynv6.net,#DPRK #Kimsuky,https://x.com/skocherhan/status/2076350736380621247
2026-07-12 16:59:00,skocherhan,domain,ublogapps48nd.dynv6.net,#DPRK #Kimsuky,https://x.com/skocherhan/status/2076350736380621247
2026-07-12 16:59:00,skocherhan,url,http://ublogapps48nd.dynv6.net,#DPRK #Kimsuky,https://x.com/skocherhan/status/2076350736380621247
2026-07-12 16:59:00,skocherhan,domain,ublogapps72nd.dynv6.net,#DPRK #Kimsuky,https://x.com/skocherhan/status/2076350736380621247
2026-07-12 16:59:00,skocherhan,url,http://ublogapps72nd.dynv6.net,#DPRK #Kimsuky,https://x.com/skocherhan/status/2076350736380621247
2026-07-12 16:59:00,skocherhan,domain,ublogapps26nd.dynv6.net,#DPRK #Kimsuky,https://x.com/skocherhan/status/2076350736380621247
2026-07-12 16:59:00,skocherhan,url,http://ublogapps26nd.dynv6.net,#DPRK #Kimsuky,https://x.com/skocherhan/status/2076350736380621247
2026-07-12 16:59:00,skocherhan,domain,ublogapps68nd.dynv6.net,#DPRK #Kimsuky,https://x.com/skocherhan/status/2076350736380621247
2026-07-12 16:59:00,skocherhan,url,http://ublogapps68nd.dynv6.net,#DPRK #Kimsuky,https://x.com/skocherhan/status/2076350736380621247
2026-07-12 16:59:00,skocherhan,domain,ublogapps0nd.dynv6.net,#DPRK #Kimsuky,https://x.com/skocherhan/status/2076350736380621247
2026-07-12 16:59:00,skocherhan,url,http://ublogapps0nd.dynv6.net,#DPRK #Kimsuky,https://x.com/skocherhan/status/2076350736380621247
2026-07-12 16:59:00,skocherhan,domain,ublogapps75nd.dynv6.net,#DPRK #Kimsuky,https://x.com/skocherhan/status/2076350736380621247
2026-07-12 16:59:00,skocherhan,url,http://ublogapps75nd.dynv6.net,#DPRK #Kimsuky,https://x.com/skocherhan/status/2076350736380621247
2026-07-12 16:59:00,skocherhan,domain,zonetaxload4nd.dynv6.net,#DPRK #Kimsuky,https://x.com/skocherhan/status/2076350736380621247
2026-07-12 16:59:00,skocherhan,url,http://zonetaxload4nd.dynv6.net,#DPRK #Kimsuky,https://x.com/skocherhan/status/2076350736380621247
2026-07-12 16:59:00,skocherhan,domain,nid-blog.ublogapps84nd.dynv6.net,#DPRK #Kimsuky,https://x.com/skocherhan/status/2076350736380621247
2026-07-12 16:59:00,skocherhan,url,http://nid-blog.ublogapps84nd.dynv6.net,#DPRK #Kimsuky,https://x.com/skocherhan/status/2076350736380621247
2026-07-12 16:59:00,skocherhan,domain,ublogapps54nd.dynv6.net,#DPRK #Kimsuky,https://x.com/skocherhan/status/2076350736380621247
2026-07-12 16:59:00,skocherhan,url,http://ublogapps54nd.dynv6.net,#DPRK #Kimsuky,https://x.com/skocherhan/status/2076350736380621247
2026-07-12 16:59:00,skocherhan,domain,nid-blog.ublogapps54nd.dynv6.net,#DPRK #Kimsuky,https://x.com/skocherhan/status/2076350736380621247
2026-07-12 16:59:00,skocherhan,url,http://nid-blog.ublogapps54nd.dynv6.net,#DPRK #Kimsuky,https://x.com/skocherhan/status/2076350736380621247
2026-07-12 16:59:00,skocherhan,domain,ublogapps34nd.dynv6.net,#DPRK #Kimsuky,https://x.com/skocherhan/status/2076350736380621247
2026-07-12 16:59:00,skocherhan,url,http://ublogapps34nd.dynv6.net,#DPRK #Kimsuky,https://x.com/skocherhan/status/2076350736380621247
2026-07-12 16:59:00,skocherhan,domain,nidcenter.ublogapps26nd.dynv6.net,#DPRK #Kimsuky,https://x.com/skocherhan/status/2076350736380621247
2026-07-12 16:59:00,skocherhan,url,http://nidcenter.ublogapps26nd.dynv6.net,#DPRK #Kimsuky,https://x.com/skocherhan/status/2076350736380621247
2026-07-12 16:59:00,skocherhan,domain,ublogapps12nd.dynv6.net,#DPRK #Kimsuky,https://x.com/skocherhan/status/2076350736380621247
2026-07-12 16:59:00,skocherhan,url,http://ublogapps12nd.dynv6.net,#DPRK #Kimsuky,https://x.com/skocherhan/status/2076350736380621247
2026-07-12 16:59:00,skocherhan,domain,ublogapps77nd.dynv6.net,#DPRK #Kimsuky,https://x.com/skocherhan/status/2076350736380621247
2026-07-12 16:59:00,skocherhan,url,http://ublogapps77nd.dynv6.net,#DPRK #Kimsuky,https://x.com/skocherhan/status/2076350736380621247
2026-07-12 16:59:00,skocherhan,domain,ublogapps2nd.dynv6.net,#DPRK #Kimsuky,https://x.com/skocherhan/status/2076350736380621247
2026-07-12 16:59:00,skocherhan,url,http://ublogapps2nd.dynv6.net,#DPRK #Kimsuky,https://x.com/skocherhan/status/2076350736380621247
2026-07-12 16:59:00,skocherhan,domain,ublogapps16nd.dynv6.net,#DPRK #Kimsuky,https://x.com/skocherhan/status/2076350736380621247
2026-07-12 16:59:00,skocherhan,url,http://ublogapps16nd.dynv6.net,#DPRK #Kimsuky,https://x.com/skocherhan/status/2076350736380621247
2026-07-12 16:59:00,skocherhan,domain,ublogapps40nd.dynv6.net,#DPRK #Kimsuky,https://x.com/skocherhan/status/2076350736380621247
2026-07-12 16:59:00,skocherhan,url,http://ublogapps40nd.dynv6.net,#DPRK #Kimsuky,https://x.com/skocherhan/status/2076350736380621247
2026-07-12 16:59:00,skocherhan,domain,taxidentical.dynu.net,#DPRK #Kimsuky,https://x.com/skocherhan/status/2076350736380621247
2026-07-12 16:59:00,skocherhan,url,http://taxidentical.dynu.net,#DPRK #Kimsuky,https://x.com/skocherhan/status/2076350736380621247
2026-07-12 16:59:00,skocherhan,domain,npvlog1docs.dns.army,#DPRK #Kimsuky,https://x.com/skocherhan/status/2076350736380621247
2026-07-12 16:59:00,skocherhan,url,http://npvlog1docs.dns.army,#DPRK #Kimsuky,https://x.com/skocherhan/status/2076350736380621247
2026-07-12 16:59:00,skocherhan,domain,taxmarginlv24in.dynv6.net,#DPRK #Kimsuky,https://x.com/skocherhan/status/2076350736380621247
2026-07-12 16:59:00,skocherhan,url,http://taxmarginlv24in.dynv6.net,#DPRK #Kimsuky,https://x.com/skocherhan/status/2076350736380621247
2026-07-12 16:59:00,skocherhan,domain,ntxreflist.dynu.net,#DPRK #Kimsuky,https://x.com/skocherhan/status/2076350736380621247
2026-07-12 16:59:00,skocherhan,url,http://ntxreflist.dynu.net,#DPRK #Kimsuky,https://x.com/skocherhan/status/2076350736380621247
2026-07-12 16:59:00,skocherhan,domain,nidwkc.uinvoicezone.dynu.net,#DPRK #Kimsuky,https://x.com/skocherhan/status/2076350736380621247
2026-07-12 16:59:00,skocherhan,url,http://nidwkc.uinvoicezone.dynu.net,#DPRK #Kimsuky,https://x.com/skocherhan/status/2076350736380621247
2026-07-12 16:59:00,skocherhan,domain,nidakuy.uinvoicezone.dynu.net,#DPRK #Kimsuky,https://x.com/skocherhan/status/2076350736380621247
2026-07-12 16:59:00,skocherhan,url,http://nidakuy.uinvoicezone.dynu.net,#DPRK #Kimsuky,https://x.com/skocherhan/status/2076350736380621247
2026-07-12 16:59:00,skocherhan,domain,nidqlqy.uinvoicezone.dynu.net,#DPRK #Kimsuky,https://x.com/skocherhan/status/2076350736380621247
2026-07-12 16:59:00,skocherhan,url,http://nidqlqy.uinvoicezone.dynu.net,#DPRK #Kimsuky,https://x.com/skocherhan/status/2076350736380621247
2026-07-12 16:59:00,skocherhan,domain,uinvoicezone.dynu.net,#DPRK #Kimsuky,https://x.com/skocherhan/status/2076350736380621247
2026-07-12 16:59:00,skocherhan,url,http://uinvoicezone.dynu.net,#DPRK #Kimsuky,https://x.com/skocherhan/status/2076350736380621247
2026-07-12 16:59:00,skocherhan,domain,nidib.uinvoicezone.dynu.net,#DPRK #Kimsuky,https://x.com/skocherhan/status/2076350736380621247
2026-07-12 16:59:00,skocherhan,url,http://nidib.uinvoicezone.dynu.net,#DPRK #Kimsuky,https://x.com/skocherhan/status/2076350736380621247
2026-07-12 16:59:00,skocherhan,domain,nidmroe.uinvoicezone.dynu.net,#DPRK #Kimsuky,https://x.com/skocherhan/status/2076350736380621247
2026-07-12 16:59:00,skocherhan,url,http://nidmroe.uinvoicezone.dynu.net,#DPRK #Kimsuky,https://x.com/skocherhan/status/2076350736380621247
2026-07-12 16:59:00,skocherhan,domain,antxzone.dynu.net,#DPRK #Kimsuky,https://x.com/skocherhan/status/2076350736380621247
2026-07-12 16:59:00,skocherhan,url,http://antxzone.dynu.net,#DPRK #Kimsuky,https://x.com/skocherhan/status/2076350736380621247
2026-07-12 16:59:00,skocherhan,domain,resourcentdoc19th.dynv6.net,#DPRK #Kimsuky,https://x.com/skocherhan/status/2076350736380621247
2026-07-12 16:59:00,skocherhan,url,http://resourcentdoc19th.dynv6.net,#DPRK #Kimsuky,https://x.com/skocherhan/status/2076350736380621247
2026-07-12 16:59:00,skocherhan,domain,ntxzone.dynu.net,#DPRK #Kimsuky,https://x.com/skocherhan/status/2076350736380621247
2026-07-12 16:59:00,skocherhan,url,http://ntxzone.dynu.net,#DPRK #Kimsuky,https://x.com/skocherhan/status/2076350736380621247
2026-07-12 16:59:00,skocherhan,domain,ntjune30th.dynv6.net,#DPRK #Kimsuky,https://x.com/skocherhan/status/2076350736380621247
2026-07-12 16:59:00,skocherhan,url,http://ntjune30th.dynv6.net,#DPRK #Kimsuky,https://x.com/skocherhan/status/2076350736380621247
2026-07-12 16:59:00,skocherhan,domain,ntdoc-epayload10s.dynv6.net,#DPRK #Kimsuky,https://x.com/skocherhan/status/2076350736380621247
2026-07-12 16:59:00,skocherhan,url,http://ntdoc-epayload10s.dynv6.net,#DPRK #Kimsuky,https://x.com/skocherhan/status/2076350736380621247
2026-07-12 16:59:00,skocherhan,domain,nts-uinvoice67th.dynv6.net,#DPRK #Kimsuky,https://x.com/skocherhan/status/2076350736380621247
2026-07-12 16:59:00,skocherhan,url,http://nts-uinvoice67th.dynv6.net,#DPRK #Kimsuky,https://x.com/skocherhan/status/2076350736380621247
2026-07-12 16:59:00,skocherhan,domain,tprecord37id.dynv6.net,#DPRK #Kimsuky,https://x.com/skocherhan/status/2076350736380621247
2026-07-12 16:59:00,skocherhan,url,http://tprecord37id.dynv6.net,#DPRK #Kimsuky,https://x.com/skocherhan/status/2076350736380621247
2026-07-12 16:59:00,skocherhan,domain,ntxreferzone81nd.dynv6.net,#DPRK #Kimsuky,https://x.com/skocherhan/status/2076350736380621247
2026-07-12 16:59:00,skocherhan,url,http://ntxreferzone81nd.dynv6.net,#DPRK #Kimsuky,https://x.com/skocherhan/status/2076350736380621247
2026-07-12 16:59:00,skocherhan,domain,refertaxcode15in.dynv6.net,#DPRK #Kimsuky,https://x.com/skocherhan/status/2076350736380621247
2026-07-12 16:59:00,skocherhan,url,http://refertaxcode15in.dynv6.net,#DPRK #Kimsuky,https://x.com/skocherhan/status/2076350736380621247
2026-07-12 16:59:00,skocherhan,domain,zonetaxload24nd.dynv6.net,#DPRK #Kimsuky,https://x.com/skocherhan/status/2076350736380621247
2026-07-12 16:59:00,skocherhan,url,http://zonetaxload24nd.dynv6.net,#DPRK #Kimsuky,https://x.com/skocherhan/status/2076350736380621247
2026-07-12 16:59:00,skocherhan,domain,ntv-method40type.dynv6.net,#DPRK #Kimsuky,https://x.com/skocherhan/status/2076350736380621247
2026-07-12 16:59:00,skocherhan,url,http://ntv-method40type.dynv6.net,#DPRK #Kimsuky,https://x.com/skocherhan/status/2076350736380621247
2026-07-12 16:59:00,skocherhan,domain,ntdoc-epayload43s.dynv6.net,#DPRK #Kimsuky,https://x.com/skocherhan/status/2076350736380621247
2026-07-12 16:59:00,skocherhan,url,http://ntdoc-epayload43s.dynv6.net,#DPRK #Kimsuky,https://x.com/skocherhan/status/2076350736380621247
2026-07-12 16:59:00,skocherhan,domain,zonetaxload53nd.dynv6.net,#DPRK #Kimsuky,https://x.com/skocherhan/status/2076350736380621247
2026-07-12 16:59:00,skocherhan,url,http://zonetaxload53nd.dynv6.net,#DPRK #Kimsuky,https://x.com/skocherhan/status/2076350736380621247
2026-07-12 16:59:00,skocherhan,domain,ntv-method82type.dynv6.net,#DPRK #Kimsuky,https://x.com/skocherhan/status/2076350736380621247
2026-07-12 16:59:00,skocherhan,url,http://ntv-method82type.dynv6.net,#DPRK #Kimsuky,https://x.com/skocherhan/status/2076350736380621247
2026-07-12 16:59:00,skocherhan,domain,ntxreferzone90nd.dynv6.net,#DPRK #Kimsuky,https://x.com/skocherhan/status/2076350736380621247
2026-07-12 16:59:00,skocherhan,url,http://ntxreferzone90nd.dynv6.net,#DPRK #Kimsuky,https://x.com/skocherhan/status/2076350736380621247
2026-07-12 16:59:00,skocherhan,domain,nidloes.ntxreferzone90nd.dynv6.net,#DPRK #Kimsuky,https://x.com/skocherhan/status/2076350736380621247
2026-07-12 16:59:00,skocherhan,url,http://nidloes.ntxreferzone90nd.dynv6.net,#DPRK #Kimsuky,https://x.com/skocherhan/status/2076350736380621247
2026-07-12 16:59:00,skocherhan,domain,resourcentdoc7th.dynv6.net,#DPRK #Kimsuky,https://x.com/skocherhan/status/2076350736380621247
2026-07-12 16:59:00,skocherhan,url,http://resourcentdoc7th.dynv6.net,#DPRK #Kimsuky,https://x.com/skocherhan/status/2076350736380621247
2026-07-12 16:59:00,skocherhan,domain,ntxreferzone44nd.dynv6.net,#DPRK #Kimsuky,https://x.com/skocherhan/status/2076350736380621247
2026-07-12 16:59:00,skocherhan,url,http://ntxreferzone44nd.dynv6.net,#DPRK #Kimsuky,https://x.com/skocherhan/status/2076350736380621247
2026-07-12 16:59:00,skocherhan,domain,ntxreferzone33nd.dynv6.net,#DPRK #Kimsuky,https://x.com/skocherhan/status/2076350736380621247
2026-07-12 16:59:00,skocherhan,url,http://ntxreferzone33nd.dynv6.net,#DPRK #Kimsuky,https://x.com/skocherhan/status/2076350736380621247
2026-07-12 16:59:00,skocherhan,domain,tprecord36id.dynv6.net,#DPRK #Kimsuky,https://x.com/skocherhan/status/2076350736380621247
2026-07-12 16:59:00,skocherhan,url,http://tprecord36id.dynv6.net,#DPRK #Kimsuky,https://x.com/skocherhan/status/2076350736380621247
2026-07-12 16:59:00,skocherhan,domain,ntxreferzone32nd.dynv6.net,#DPRK #Kimsuky,https://x.com/skocherhan/status/2076350736380621247
2026-07-12 16:59:00,skocherhan,url,http://ntxreferzone32nd.dynv6.net,#DPRK #Kimsuky,https://x.com/skocherhan/status/2076350736380621247
2026-07-12 16:59:00,skocherhan,domain,ntxreferzone85nd.dynv6.net,#DPRK #Kimsuky,https://x.com/skocherhan/status/2076350736380621247
2026-07-12 16:59:00,skocherhan,url,http://ntxreferzone85nd.dynv6.net,#DPRK #Kimsuky,https://x.com/skocherhan/status/2076350736380621247
2026-07-12 16:59:00,skocherhan,domain,ntxreferzone48nd.dynv6.net,#DPRK #Kimsuky,https://x.com/skocherhan/status/2076350736380621247
2026-07-12 16:59:00,skocherhan,url,http://ntxreferzone48nd.dynv6.net,#DPRK #Kimsuky,https://x.com/skocherhan/status/2076350736380621247
2026-07-12 16:59:00,skocherhan,domain,zonetaxload23nd.dynv6.net,#DPRK #Kimsuky,https://x.com/skocherhan/status/2076350736380621247
2026-07-12 16:59:00,skocherhan,url,http://zonetaxload23nd.dynv6.net,#DPRK #Kimsuky,https://x.com/skocherhan/status/2076350736380621247
2026-07-12 16:59:00,skocherhan,domain,zonetaxload92nd.dynv6.net,#DPRK #Kimsuky,https://x.com/skocherhan/status/2076350736380621247
2026-07-12 16:59:00,skocherhan,url,http://zonetaxload92nd.dynv6.net,#DPRK #Kimsuky,https://x.com/skocherhan/status/2076350736380621247
2026-07-12 16:59:00,skocherhan,domain,zonetaxload1nd.dynv6.net,#DPRK #Kimsuky,https://x.com/skocherhan/status/2076350736380621247
2026-07-12 16:59:00,skocherhan,url,http://zonetaxload1nd.dynv6.net,#DPRK #Kimsuky,https://x.com/skocherhan/status/2076350736380621247
2026-07-12 16:59:00,skocherhan,domain,zonetaxload73nd.dynv6.net,#DPRK #Kimsuky,https://x.com/skocherhan/status/2076350736380621247
2026-07-12 16:59:00,skocherhan,url,http://zonetaxload73nd.dynv6.net,#DPRK #Kimsuky,https://x.com/skocherhan/status/2076350736380621247
2026-07-12 16:59:00,skocherhan,domain,nid.zonetaxload73nd.dynv6.net,#DPRK #Kimsuky,https://x.com/skocherhan/status/2076350736380621247
2026-07-12 16:59:00,skocherhan,url,http://nid.zonetaxload73nd.dynv6.net,#DPRK #Kimsuky,https://x.com/skocherhan/status/2076350736380621247
2026-07-12 16:59:00,skocherhan,domain,tprecord24id.dynv6.net,#DPRK #Kimsuky,https://x.com/skocherhan/status/2076350736380621247
2026-07-12 16:59:00,skocherhan,url,http://tprecord24id.dynv6.net,#DPRK #Kimsuky,https://x.com/skocherhan/status/2076350736380621247
2026-07-12 16:59:00,skocherhan,domain,ntltax13in.dynv6.net,#DPRK #Kimsuky,https://x.com/skocherhan/status/2076350736380621247
2026-07-12 16:59:00,skocherhan,url,http://ntltax13in.dynv6.net,#DPRK #Kimsuky,https://x.com/skocherhan/status/2076350736380621247
2026-07-12 16:59:00,skocherhan,domain,taxmarginlv98in.dynv6.net,#DPRK #Kimsuky,https://x.com/skocherhan/status/2076350736380621247
2026-07-12 16:59:00,skocherhan,url,http://taxmarginlv98in.dynv6.net,#DPRK #Kimsuky,https://x.com/skocherhan/status/2076350736380621247
2026-07-12 16:59:00,skocherhan,domain,refertaxcode57in.dynv6.net,#DPRK #Kimsuky,https://x.com/skocherhan/status/2076350736380621247
2026-07-12 16:59:00,skocherhan,url,http://refertaxcode57in.dynv6.net,#DPRK #Kimsuky,https://x.com/skocherhan/status/2076350736380621247
2026-07-12 16:59:00,skocherhan,domain,ntdmenu6in.dynv6.net,#DPRK #Kimsuky,https://x.com/skocherhan/status/2076350736380621247
2026-07-12 16:59:00,skocherhan,url,http://ntdmenu6in.dynv6.net,#DPRK #Kimsuky,https://x.com/skocherhan/status/2076350736380621247
2026-07-12 16:59:00,skocherhan,domain,tprecord39id.dynv6.net,#DPRK #Kimsuky,https://x.com/skocherhan/status/2076350736380621247
2026-07-12 16:59:00,skocherhan,url,http://tprecord39id.dynv6.net,#DPRK #Kimsuky,https://x.com/skocherhan/status/2076350736380621247
2026-07-12 16:59:00,skocherhan,domain,refertaxcode83in.dynv6.net,#DPRK #Kimsuky,https://x.com/skocherhan/status/2076350736380621247
2026-07-12 16:59:00,skocherhan,url,http://refertaxcode83in.dynv6.net,#DPRK #Kimsuky,https://x.com/skocherhan/status/2076350736380621247
2026-07-12 16:59:00,skocherhan,domain,refertaxcode32in.dynv6.net,#DPRK #Kimsuky,https://x.com/skocherhan/status/2076350736380621247
2026-07-12 16:59:00,skocherhan,url,http://refertaxcode32in.dynv6.net,#DPRK #Kimsuky,https://x.com/skocherhan/status/2076350736380621247
2026-07-12 16:59:00,skocherhan,domain,ntv-method46type.dynv6.net,#DPRK #Kimsuky,https://x.com/skocherhan/status/2076350736380621247
2026-07-12 16:59:00,skocherhan,url,http://ntv-method46type.dynv6.net,#DPRK #Kimsuky,https://x.com/skocherhan/status/2076350736380621247
2026-07-12 16:59:00,skocherhan,domain,refertaxcode11in.dynv6.net,#DPRK #Kimsuky,https://x.com/skocherhan/status/2076350736380621247
2026-07-12 16:59:00,skocherhan,url,http://refertaxcode11in.dynv6.net,#DPRK #Kimsuky,https://x.com/skocherhan/status/2076350736380621247
2026-07-12 16:59:00,skocherhan,domain,taxmarginlv41in.dynv6.net,#DPRK #Kimsuky,https://x.com/skocherhan/status/2076350736380621247
2026-07-12 16:59:00,skocherhan,url,http://taxmarginlv41in.dynv6.net,#DPRK #Kimsuky,https://x.com/skocherhan/status/2076350736380621247
2026-07-12 16:59:00,skocherhan,domain,ntxsourcea63th.dynv6.net,#DPRK #Kimsuky,https://x.com/skocherhan/status/2076350736380621247
2026-07-12 16:59:00,skocherhan,url,http://ntxsourcea63th.dynv6.net,#DPRK #Kimsuky,https://x.com/skocherhan/status/2076350736380621247
2026-07-12 16:59:00,skocherhan,domain,departmentndoc27s.dynv6.net,#DPRK #Kimsuky,https://x.com/skocherhan/status/2076350736380621247
2026-07-12 16:59:00,skocherhan,url,http://departmentndoc27s.dynv6.net,#DPRK #Kimsuky,https://x.com/skocherhan/status/2076350736380621247
2026-07-12 16:59:00,skocherhan,domain,tprecord53id.dynv6.net,#DPRK #Kimsuky,https://x.com/skocherhan/status/2076350736380621247
2026-07-12 16:59:00,skocherhan,url,http://tprecord53id.dynv6.net,#DPRK #Kimsuky,https://x.com/skocherhan/status/2076350736380621247
2026-07-12 16:59:00,skocherhan,domain,ntv-method51type.dynv6.net,#DPRK #Kimsuky,https://x.com/skocherhan/status/2076350736380621247
2026-07-12 16:59:00,skocherhan,url,http://ntv-method51type.dynv6.net,#DPRK #Kimsuky,https://x.com/skocherhan/status/2076350736380621247
2026-07-12 16:59:00,skocherhan,domain,envelopecheck.webredirect.org,#DPRK #Kimsuky,https://x.com/skocherhan/status/2076350736380621247
2026-07-12 16:59:00,skocherhan,url,http://envelopecheck.webredirect.org,#DPRK #Kimsuky,https://x.com/skocherhan/status/2076350736380621247
2026-07-12 16:59:00,skocherhan,domain,tprecord44id.dynv6.net,#DPRK #Kimsuky,https://x.com/skocherhan/status/2076350736380621247
2026-07-12 16:59:00,skocherhan,url,http://tprecord44id.dynv6.net,#DPRK #Kimsuky,https://x.com/skocherhan/status/2076350736380621247
2026-07-12 16:59:00,skocherhan,domain,ntv-method89type.dynv6.net,#DPRK #Kimsuky,https://x.com/skocherhan/status/2076350736380621247
2026-07-12 16:59:00,skocherhan,url,http://ntv-method89type.dynv6.net,#DPRK #Kimsuky,https://x.com/skocherhan/status/2076350736380621247
2026-07-12 16:59:00,skocherhan,domain,nsmspol55doc.dynv6.net,#DPRK #Kimsuky,https://x.com/skocherhan/status/2076350736380621247
2026-07-12 16:59:00,skocherhan,url,http://nsmspol55doc.dynv6.net,#DPRK #Kimsuky,https://x.com/skocherhan/status/2076350736380621247
2026-07-12 16:59:00,skocherhan,domain,ntv-method84type.dynv6.net,#DPRK #Kimsuky,https://x.com/skocherhan/status/2076350736380621247
2026-07-12 16:59:00,skocherhan,url,http://ntv-method84type.dynv6.net,#DPRK #Kimsuky,https://x.com/skocherhan/status/2076350736380621247
2026-07-12 16:59:00,skocherhan,domain,taxmarginlv99in.dynv6.net,#DPRK #Kimsuky,https://x.com/skocherhan/status/2076350736380621247
2026-07-12 16:59:00,skocherhan,url,http://taxmarginlv99in.dynv6.net,#DPRK #Kimsuky,https://x.com/skocherhan/status/2076350736380621247
2026-07-12 16:59:00,skocherhan,domain,taxmarginlv18in.dynv6.net,#DPRK #Kimsuky,https://x.com/skocherhan/status/2076350736380621247
2026-07-12 16:59:00,skocherhan,url,http://taxmarginlv18in.dynv6.net,#DPRK #Kimsuky,https://x.com/skocherhan/status/2076350736380621247
2026-07-12 16:59:00,skocherhan,domain,taxmarginlv90in.dynv6.net,#DPRK #Kimsuky,https://x.com/skocherhan/status/2076350736380621247
2026-07-12 16:59:00,skocherhan,url,http://taxmarginlv90in.dynv6.net,#DPRK #Kimsuky,https://x.com/skocherhan/status/2076350736380621247
2026-07-12 16:59:00,skocherhan,domain,tprecord41id.dynv6.net,#DPRK #Kimsuky,https://x.com/skocherhan/status/2076350736380621247
2026-07-12 16:59:00,skocherhan,url,http://tprecord41id.dynv6.net,#DPRK #Kimsuky,https://x.com/skocherhan/status/2076350736380621247
2026-07-12 16:59:00,skocherhan,domain,tprecord47id.dynv6.net,#DPRK #Kimsuky,https://x.com/skocherhan/status/2076350736380621247
2026-07-12 16:59:00,skocherhan,url,http://tprecord47id.dynv6.net,#DPRK #Kimsuky,https://x.com/skocherhan/status/2076350736380621247
2026-07-12 16:59:00,skocherhan,domain,ntv-method71type.dynv6.net,#DPRK #Kimsuky,https://x.com/skocherhan/status/2076350736380621247
2026-07-12 16:59:00,skocherhan,url,http://ntv-method71type.dynv6.net,#DPRK #Kimsuky,https://x.com/skocherhan/status/2076350736380621247
2026-07-12 16:59:00,skocherhan,domain,ntxsourcea97th.dynv6.net,#DPRK #Kimsuky,https://x.com/skocherhan/status/2076350736380621247
2026-07-12 16:59:00,skocherhan,url,http://ntxsourcea97th.dynv6.net,#DPRK #Kimsuky,https://x.com/skocherhan/status/2076350736380621247
2026-07-12 16:59:00,skocherhan,domain,ntservicer54th.dns.army,#DPRK #Kimsuky,https://x.com/skocherhan/status/2076350736380621247
2026-07-12 16:59:00,skocherhan,url,http://ntservicer54th.dns.army,#DPRK #Kimsuky,https://x.com/skocherhan/status/2076350736380621247
2026-07-12 16:59:00,skocherhan,domain,ntjune37th.dynv6.net,#DPRK #Kimsuky,https://x.com/skocherhan/status/2076350736380621247
2026-07-12 16:59:00,skocherhan,url,http://ntjune37th.dynv6.net,#DPRK #Kimsuky,https://x.com/skocherhan/status/2076350736380621247
2026-07-12 16:59:00,skocherhan,domain,ntjune1th.dynv6.net,#DPRK #Kimsuky,https://x.com/skocherhan/status/2076350736380621247
2026-07-12 16:59:00,skocherhan,url,http://ntjune1th.dynv6.net,#DPRK #Kimsuky,https://x.com/skocherhan/status/2076350736380621247
2026-07-12 16:59:00,skocherhan,domain,ntxsourcea18th.dynv6.net,#DPRK #Kimsuky,https://x.com/skocherhan/status/2076350736380621247
2026-07-12 16:59:00,skocherhan,url,http://ntxsourcea18th.dynv6.net,#DPRK #Kimsuky,https://x.com/skocherhan/status/2076350736380621247
2026-07-12 16:59:00,skocherhan,domain,resourcentdoc83th.dynv6.net,#DPRK #Kimsuky,https://x.com/skocherhan/status/2076350736380621247
2026-07-12 16:59:00,skocherhan,url,http://resourcentdoc83th.dynv6.net,#DPRK #Kimsuky,https://x.com/skocherhan/status/2076350736380621247
2026-07-12 16:59:00,skocherhan,domain,departmentndoc35s.dynv6.net,#DPRK #Kimsuky,https://x.com/skocherhan/status/2076350736380621247
2026-07-12 16:59:00,skocherhan,url,http://departmentndoc35s.dynv6.net,#DPRK #Kimsuky,https://x.com/skocherhan/status/2076350736380621247
2026-07-12 16:59:00,skocherhan,domain,ntxsourcea8th.dynv6.net,#DPRK #Kimsuky,https://x.com/skocherhan/status/2076350736380621247
2026-07-12 16:59:00,skocherhan,url,http://ntxsourcea8th.dynv6.net,#DPRK #Kimsuky,https://x.com/skocherhan/status/2076350736380621247
2026-07-12 16:59:00,skocherhan,domain,ntltax38in.dynv6.net,#DPRK #Kimsuky,https://x.com/skocherhan/status/2076350736380621247
2026-07-12 16:59:00,skocherhan,url,http://ntltax38in.dynv6.net,#DPRK #Kimsuky,https://x.com/skocherhan/status/2076350736380621247
2026-07-12 16:59:00,skocherhan,domain,ntltax6in.dynv6.net,#DPRK #Kimsuky,https://x.com/skocherhan/status/2076350736380621247
2026-07-12 16:59:00,skocherhan,url,http://ntltax6in.dynv6.net,#DPRK #Kimsuky,https://x.com/skocherhan/status/2076350736380621247
2026-07-12 16:59:00,skocherhan,domain,navs.ntltax6in.dynv6.net,#DPRK #Kimsuky,https://x.com/skocherhan/status/2076350736380621247
2026-07-12 16:59:00,skocherhan,url,http://navs.ntltax6in.dynv6.net,#DPRK #Kimsuky,https://x.com/skocherhan/status/2076350736380621247
2026-07-12 16:59:00,skocherhan,domain,ntltax15in.dynv6.net,#DPRK #Kimsuky,https://x.com/skocherhan/status/2076350736380621247
2026-07-12 16:59:00,skocherhan,url,http://ntltax15in.dynv6.net,#DPRK #Kimsuky,https://x.com/skocherhan/status/2076350736380621247
2026-07-12 16:59:00,skocherhan,domain,ntxsourcea66th.dynv6.net,#DPRK #Kimsuky,https://x.com/skocherhan/status/2076350736380621247
2026-07-12 16:59:00,skocherhan,url,http://ntxsourcea66th.dynv6.net,#DPRK #Kimsuky,https://x.com/skocherhan/status/2076350736380621247
2026-07-12 16:59:00,skocherhan,domain,nts-uinvoice49th.dynv6.net,#DPRK #Kimsuky,https://x.com/skocherhan/status/2076350736380621247
2026-07-12 16:59:00,skocherhan,url,http://nts-uinvoice49th.dynv6.net,#DPRK #Kimsuky,https://x.com/skocherhan/status/2076350736380621247
2026-07-12 16:59:00,skocherhan,domain,ntjunemem18in.dynv6.net,#DPRK #Kimsuky,https://x.com/skocherhan/status/2076350736380621247
2026-07-12 16:59:00,skocherhan,url,http://ntjunemem18in.dynv6.net,#DPRK #Kimsuky,https://x.com/skocherhan/status/2076350736380621247
2026-07-12 16:59:00,skocherhan,domain,ntservicer13th.dns.army,#DPRK #Kimsuky,https://x.com/skocherhan/status/2076350736380621247
2026-07-12 16:59:00,skocherhan,url,http://ntservicer13th.dns.army,#DPRK #Kimsuky,https://x.com/skocherhan/status/2076350736380621247
2026-07-12 16:59:00,skocherhan,domain,resourcentdoc80th.dynv6.net,#DPRK #Kimsuky,https://x.com/skocherhan/status/2076350736380621247
2026-07-12 16:59:00,skocherhan,url,http://resourcentdoc80th.dynv6.net,#DPRK #Kimsuky,https://x.com/skocherhan/status/2076350736380621247
2026-07-12 16:59:00,skocherhan,domain,research-nt86in.dynv6.net,#DPRK #Kimsuky,https://x.com/skocherhan/status/2076350736380621247
2026-07-12 16:59:00,skocherhan,url,http://research-nt86in.dynv6.net,#DPRK #Kimsuky,https://x.com/skocherhan/status/2076350736380621247
2026-07-12 16:59:00,skocherhan,domain,ntxsourcea4th.dynv6.net,#DPRK #Kimsuky,https://x.com/skocherhan/status/2076350736380621247
2026-07-12 16:59:00,skocherhan,url,http://ntxsourcea4th.dynv6.net,#DPRK #Kimsuky,https://x.com/skocherhan/status/2076350736380621247
2026-07-12 16:59:00,skocherhan,domain,nt-taxbill15th.dynv6.net,#DPRK #Kimsuky,https://x.com/skocherhan/status/2076350736380621247
2026-07-12 16:59:00,skocherhan,url,http://nt-taxbill15th.dynv6.net,#DPRK #Kimsuky,https://x.com/skocherhan/status/2076350736380621247
2026-07-12 16:59:00,skocherhan,domain,ntjune44th.dynv6.net,#DPRK #Kimsuky,https://x.com/skocherhan/status/2076350736380621247
2026-07-12 16:59:00,skocherhan,url,http://ntjune44th.dynv6.net,#DPRK #Kimsuky,https://x.com/skocherhan/status/2076350736380621247
2026-07-12 16:59:00,skocherhan,domain,ntsunidoc8th.dynv6.net,#DPRK #Kimsuky,https://x.com/skocherhan/status/2076350736380621247
2026-07-12 16:59:00,skocherhan,url,http://ntsunidoc8th.dynv6.net,#DPRK #Kimsuky,https://x.com/skocherhan/status/2076350736380621247
2026-07-12 16:59:00,skocherhan,domain,ntxsourcea15th.dynv6.net,#DPRK #Kimsuky,https://x.com/skocherhan/status/2076350736380621247
2026-07-12 16:59:00,skocherhan,url,http://ntxsourcea15th.dynv6.net,#DPRK #Kimsuky,https://x.com/skocherhan/status/2076350736380621247
2026-07-12 16:59:00,skocherhan,domain,ntxsourcea91th.dynv6.net,#DPRK #Kimsuky,https://x.com/skocherhan/status/2076350736380621247
2026-07-12 16:59:00,skocherhan,url,http://ntxsourcea91th.dynv6.net,#DPRK #Kimsuky,https://x.com/skocherhan/status/2076350736380621247
2026-07-12 16:59:00,skocherhan,domain,nt-taxbill70th.dynv6.net,#DPRK #Kimsuky,https://x.com/skocherhan/status/2076350736380621247
2026-07-12 16:59:00,skocherhan,url,http://nt-taxbill70th.dynv6.net,#DPRK #Kimsuky,https://x.com/skocherhan/status/2076350736380621247
2026-07-12 16:59:00,skocherhan,domain,ntsunidoc6th.dynv6.net,#DPRK #Kimsuky,https://x.com/skocherhan/status/2076350736380621247
2026-07-12 16:59:00,skocherhan,url,http://ntsunidoc6th.dynv6.net,#DPRK #Kimsuky,https://x.com/skocherhan/status/2076350736380621247
2026-07-12 16:59:00,skocherhan,domain,nts-uinvoice86th.dynv6.net,#DPRK #Kimsuky,https://x.com/skocherhan/status/2076350736380621247
2026-07-12 16:59:00,skocherhan,url,http://nts-uinvoice86th.dynv6.net,#DPRK #Kimsuky,https://x.com/skocherhan/status/2076350736380621247
2026-07-12 16:59:00,skocherhan,domain,ntsunidoc2th.dynv6.net,#DPRK #Kimsuky,https://x.com/skocherhan/status/2076350736380621247
2026-07-12 16:59:00,skocherhan,url,http://ntsunidoc2th.dynv6.net,#DPRK #Kimsuky,https://x.com/skocherhan/status/2076350736380621247
2026-07-12 16:59:00,skocherhan,domain,ntjune73th.dynv6.net,#DPRK #Kimsuky,https://x.com/skocherhan/status/2076350736380621247
2026-07-12 16:59:00,skocherhan,url,http://ntjune73th.dynv6.net,#DPRK #Kimsuky,https://x.com/skocherhan/status/2076350736380621247
2026-07-12 16:59:00,skocherhan,domain,ntxsourcea48th.dynv6.net,#DPRK #Kimsuky,https://x.com/skocherhan/status/2076350736380621247
2026-07-12 16:59:00,skocherhan,url,http://ntxsourcea48th.dynv6.net,#DPRK #Kimsuky,https://x.com/skocherhan/status/2076350736380621247
2026-07-12 16:59:00,skocherhan,domain,ntjune21th.dynv6.net,#DPRK #Kimsuky,https://x.com/skocherhan/status/2076350736380621247
2026-07-12 16:59:00,skocherhan,url,http://ntjune21th.dynv6.net,#DPRK #Kimsuky,https://x.com/skocherhan/status/2076350736380621247
2026-07-12 18:00:00,phatomcandle,domain,plavtorix.life,#APT #malware,https://x.com/phatomcandle/status/2076365998383649239
2026-07-12 18:00:00,phatomcandle,url,http://plavtorix.life,#APT #malware,https://x.com/phatomcandle/status/2076365998383649239
2026-07-12 18:49:00,FABO97662188,domain,j9af4sr.guru,#malware,https://x.com/FABO97662188/status/2076378510923284785
2026-07-12 18:49:00,FABO97662188,url,http://j9af4sr.guru,#malware,https://x.com/FABO97662188/status/2076378510923284785
2026-07-12 19:27:00,skocherhan,domain,ai-openclaw.best,#phishing,https://x.com/skocherhan/status/2076388006819229717
2026-07-12 19:27:00,skocherhan,url,http://ai-openclaw.best,#phishing,https://x.com/skocherhan/status/2076388006819229717
2026-07-12 19:41:00,Now_on_VT,sha256,9a75e798a71c2541f17102128f7c546288bbd3eb30b6b2b4948b17e73873a510,,https://x.com/Now_on_VT/status/2076391514150957307
2026-07-12 19:57:00,skocherhan,domain,njzlopghznkamkl.cfd,,https://x.com/skocherhan/status/2076395545791180971
2026-07-12 19:57:00,skocherhan,url,http://njzlopghznkamkl.cfd,,https://x.com/skocherhan/status/2076395545791180971
2026-07-12 20:06:00,skocherhan,domain,kynxdev.xyz,,https://x.com/skocherhan/status/2076397826192334892
2026-07-12 20:06:00,skocherhan,url,http://kynxdev.xyz,,https://x.com/skocherhan/status/2076397826192334892
2026-07-12 20:17:00,skocherhan,domain,schijndelse.nl,#AsyncRAT,https://x.com/skocherhan/status/2076400578637320217
2026-07-12 20:17:00,skocherhan,url,http://schijndelse.nl,#AsyncRAT,https://x.com/skocherhan/status/2076400578637320217
2026-07-12 20:17:00,skocherhan,url,http://104.21.7.7,#AsyncRAT,https://x.com/skocherhan/status/2076400578637320217
2026-07-12 20:17:00,skocherhan,url,http://172.67.155.87,#AsyncRAT,https://x.com/skocherhan/status/2076400578637320217
2026-07-12 22:22:00,skocherhan,url,http://github.com/lorenzoDick,#AsyncRAT #Remcos #Xworm,https://x.com/skocherhan/status/2076431978962841886
2026-07-12 22:22:00,skocherhan,md5,5846954c1d2a6b518d35dca1dc58a43b,#AsyncRAT #Remcos #Xworm,https://x.com/skocherhan/status/2076431978962841886
2026-07-12 22:32:00,skocherhan,url,http://github.com/albaluzzgom-byte,,https://x.com/skocherhan/status/2076434591854866547
2026-07-12 22:32:00,skocherhan,md5,1bfed54ae970308843d0e55ee96eddd9,,https://x.com/skocherhan/status/2076434591854866547
2026-07-12 22:41:00,skocherhan,url,http://github.com/ultrarenewrecargado-alt,#AsyncRAT,https://x.com/skocherhan/status/2076436880535560450
2026-07-12 22:41:00,skocherhan,md5,98740bb0d8b1f23fcc1293ede85d920a,#AsyncRAT,https://x.com/skocherhan/status/2076436880535560450
2026-07-12 22:42:00,skocherhan,domain,skocherhan98740bb0d8b1f23fcc1293ede85d920agithub.com,#AsyncRAT,https://x.com/skocherhan/status/2076437149893685747
2026-07-12 22:42:00,skocherhan,url,http://skocherhan98740bb0d8b1f23fcc1293ede85d920agithub.com/ultrarenewrecargado-alt,#AsyncRAT,https://x.com/skocherhan/status/2076437149893685747
2026-07-12 22:54:00,skocherhan,domain,newzamrecarga.duckdns.org,#Dcrat #Njrat,https://x.com/skocherhan/status/2076440022161424893
2026-07-12 22:54:00,skocherhan,url,http://newzamrecarga.duckdns.org,#Dcrat #Njrat,https://x.com/skocherhan/status/2076440022161424893
2026-07-12 22:54:00,skocherhan,domain,doblelaidentedi.duckdns.org,#Dcrat #Njrat,https://x.com/skocherhan/status/2076440022161424893
2026-07-12 22:54:00,skocherhan,url,http://doblelaidentedi.duckdns.org,#Dcrat #Njrat,https://x.com/skocherhan/status/2076440022161424893
2026-07-12 22:54:00,skocherhan,url,http://45.225.135.22:8987,#Dcrat #Njrat,https://x.com/skocherhan/status/2076440022161424893
2026-07-12 22:54:00,skocherhan,url,http://45.225.135.22:50001,#Dcrat #Njrat,https://x.com/skocherhan/status/2076440022161424893
2026-07-12 22:54:00,skocherhan,ip,45.225.135.22,#Dcrat #Njrat,https://x.com/skocherhan/status/2076440022161424893
2026-07-12 23:05:00,cyberwar_15,url,http://5.180.208.57,,https://x.com/cyberwar_15/status/2076442918823575557
2026-07-12 23:05:00,cyberwar_15,url,http://5.180.208.60,,https://x.com/cyberwar_15/status/2076442918823575557
2026-07-12 23:05:00,cyberwar_15,url,http://89.147.101.197,,https://x.com/cyberwar_15/status/2076442918823575557
2026-07-12 23:05:00,cyberwar_15,url,http://89.187.161.220,,https://x.com/cyberwar_15/status/2076442918823575557
2026-07-12 23:05:00,cyberwar_15,url,http://160.238.37.95,,https://x.com/cyberwar_15/status/2076442918823575557
2026-07-12 23:05:00,cyberwar_15,url,http://160.238.37.100,,https://x.com/cyberwar_15/status/2076442918823575557
2026-07-12 23:05:00,cyberwar_15,ip,5.180.208.57,,https://x.com/cyberwar_15/status/2076442918823575557
2026-07-12 23:05:00,cyberwar_15,ip,5.180.208.60,,https://x.com/cyberwar_15/status/2076442918823575557
2026-07-12 23:05:00,cyberwar_15,ip,89.147.101.197,,https://x.com/cyberwar_15/status/2076442918823575557
2026-07-12 23:05:00,cyberwar_15,ip,89.187.161.220,,https://x.com/cyberwar_15/status/2076442918823575557
2026-07-12 23:05:00,cyberwar_15,ip,160.238.37.95,,https://x.com/cyberwar_15/status/2076442918823575557
2026-07-12 23:05:00,cyberwar_15,ip,160.238.37.100,,https://x.com/cyberwar_15/status/2076442918823575557
2026-07-12 23:05:00,cyberwar_15,md5,e5c9bb3938f2a24e755ee39073fc3aca,,https://x.com/cyberwar_15/status/2076442918823575557
2026-07-12 23:12:00,masaomi346,domain,login.1unextoffice-qr.biz.id,#phishing,https://x.com/masaomi346/status/2076444701297959037
2026-07-12 23:12:00,masaomi346,url,https://login.1unextoffice-qr.biz.id,#phishing,https://x.com/masaomi346/status/2076444701297959037
