2026-07-28 00:24:00,skocherhan,domain,intesa.banca-rs.com,#phishing,https://x.com/skocherhan/status/2081898579820445714
2026-07-28 00:24:00,skocherhan,url,http://intesa.banca-rs.com,#phishing,https://x.com/skocherhan/status/2081898579820445714
2026-07-28 00:53:00,Merlax_,url,http://pastebin.com/raw/egRXhWVs,#malware,https://x.com/Merlax_/status/2081905778751897664
2026-07-28 01:23:00,tial_cl,domain,appleid-assitance-support.com,#phishing,https://x.com/tial_cl/status/2081913334111035722
2026-07-28 01:23:00,tial_cl,url,http://appleid-assitance-support.com,#phishing,https://x.com/tial_cl/status/2081913334111035722
2026-07-28 01:23:00,tial_cl,domain,sms-appleid.com,#phishing,https://x.com/tial_cl/status/2081913334111035722
2026-07-28 01:23:00,tial_cl,url,http://sms-appleid.com,#phishing,https://x.com/tial_cl/status/2081913334111035722
2026-07-28 01:23:00,tial_cl,domain,applepaysupplies.berlin,#phishing,https://x.com/tial_cl/status/2081913334111035722
2026-07-28 01:23:00,tial_cl,url,http://applepaysupplies.berlin,#phishing,https://x.com/tial_cl/status/2081913334111035722
2026-07-28 01:23:00,tial_cl,domain,findmy-apple.org,#phishing,https://x.com/tial_cl/status/2081913334111035722
2026-07-28 01:23:00,tial_cl,url,http://findmy-apple.org,#phishing,https://x.com/tial_cl/status/2081913334111035722
2026-07-28 01:23:00,tial_cl,domain,findmy-idevice.info,#phishing,https://x.com/tial_cl/status/2081913334111035722
2026-07-28 01:23:00,tial_cl,url,http://findmy-idevice.info,#phishing,https://x.com/tial_cl/status/2081913334111035722
2026-07-28 01:23:00,tial_cl,domain,findmy-maps.online,#phishing,https://x.com/tial_cl/status/2081913334111035722
2026-07-28 01:23:00,tial_cl,url,http://findmy-maps.online,#phishing,https://x.com/tial_cl/status/2081913334111035722
2026-07-28 01:23:00,tial_cl,domain,findmylcloud.com,#phishing,https://x.com/tial_cl/status/2081913334111035722
2026-07-28 01:23:00,tial_cl,url,http://findmylcloud.com,#phishing,https://x.com/tial_cl/status/2081913334111035722
2026-07-28 01:23:00,tial_cl,domain,findmymap.live,#phishing,https://x.com/tial_cl/status/2081913334111035722
2026-07-28 01:23:00,tial_cl,url,http://findmymap.live,#phishing,https://x.com/tial_cl/status/2081913334111035722
2026-07-28 01:23:00,tial_cl,domain,ic9-icloud.top,#phishing,https://x.com/tial_cl/status/2081913334111035722
2026-07-28 01:23:00,tial_cl,url,http://ic9-icloud.top,#phishing,https://x.com/tial_cl/status/2081913334111035722
2026-07-28 01:23:00,tial_cl,domain,icloud-find-sms.com,#phishing,https://x.com/tial_cl/status/2081913334111035722
2026-07-28 01:23:00,tial_cl,url,http://icloud-find-sms.com,#phishing,https://x.com/tial_cl/status/2081913334111035722
2026-07-28 01:23:00,tial_cl,domain,inside-findmy.com,#phishing,https://x.com/tial_cl/status/2081913334111035722
2026-07-28 01:23:00,tial_cl,url,http://inside-findmy.com,#phishing,https://x.com/tial_cl/status/2081913334111035722
2026-07-28 01:23:00,tial_cl,domain,kx5-icloud.top,#phishing,https://x.com/tial_cl/status/2081913334111035722
2026-07-28 01:23:00,tial_cl,url,http://kx5-icloud.top,#phishing,https://x.com/tial_cl/status/2081913334111035722
2026-07-28 01:23:00,tial_cl,domain,noreply-findmy.com,#phishing,https://x.com/tial_cl/status/2081913334111035722
2026-07-28 01:23:00,tial_cl,url,http://noreply-findmy.com,#phishing,https://x.com/tial_cl/status/2081913334111035722
2026-07-28 01:23:00,tial_cl,domain,py5-icloud.top,#phishing,https://x.com/tial_cl/status/2081913334111035722
2026-07-28 01:23:00,tial_cl,url,http://py5-icloud.top,#phishing,https://x.com/tial_cl/status/2081913334111035722
2026-07-28 01:23:00,tial_cl,domain,amazonglobal1.com,#phishing,https://x.com/tial_cl/status/2081913334111035722
2026-07-28 01:23:00,tial_cl,url,http://amazonglobal1.com,#phishing,https://x.com/tial_cl/status/2081913334111035722
2026-07-28 01:23:00,tial_cl,domain,amazonglobal6.com,#phishing,https://x.com/tial_cl/status/2081913334111035722
2026-07-28 01:23:00,tial_cl,url,http://amazonglobal6.com,#phishing,https://x.com/tial_cl/status/2081913334111035722
2026-07-28 01:23:00,tial_cl,domain,amazonsg.shop,#phishing,https://x.com/tial_cl/status/2081913334111035722
2026-07-28 01:23:00,tial_cl,url,http://amazonsg.shop,#phishing,https://x.com/tial_cl/status/2081913334111035722
2026-07-28 01:23:00,tial_cl,domain,amazonshopping7.com,#phishing,https://x.com/tial_cl/status/2081913334111035722
2026-07-28 01:23:00,tial_cl,url,http://amazonshopping7.com,#phishing,https://x.com/tial_cl/status/2081913334111035722
2026-07-28 01:23:00,tial_cl,domain,amazonshopping8.com,#phishing,https://x.com/tial_cl/status/2081913334111035722
2026-07-28 01:23:00,tial_cl,url,http://amazonshopping8.com,#phishing,https://x.com/tial_cl/status/2081913334111035722
2026-07-28 01:23:00,tial_cl,domain,amazonshopping9.com,#phishing,https://x.com/tial_cl/status/2081913334111035722
2026-07-28 01:23:00,tial_cl,url,http://amazonshopping9.com,#phishing,https://x.com/tial_cl/status/2081913334111035722
2026-07-28 01:23:00,tial_cl,domain,paypalx.bond,#phishing,https://x.com/tial_cl/status/2081913334111035722
2026-07-28 01:23:00,tial_cl,url,http://paypalx.bond,#phishing,https://x.com/tial_cl/status/2081913334111035722
2026-07-28 01:23:00,tial_cl,domain,paypalx.cfd,#phishing,https://x.com/tial_cl/status/2081913334111035722
2026-07-28 01:23:00,tial_cl,url,http://paypalx.cfd,#phishing,https://x.com/tial_cl/status/2081913334111035722
2026-07-28 01:23:00,tial_cl,domain,paypalx.sbs,#phishing,https://x.com/tial_cl/status/2081913334111035722
2026-07-28 01:23:00,tial_cl,url,http://paypalx.sbs,#phishing,https://x.com/tial_cl/status/2081913334111035722
2026-07-28 01:23:00,tial_cl,domain,whatappp.site,#phishing,https://x.com/tial_cl/status/2081913334111035722
2026-07-28 01:23:00,tial_cl,url,http://whatappp.site,#phishing,https://x.com/tial_cl/status/2081913334111035722
2026-07-28 01:23:00,tial_cl,domain,whatsaip.com,#phishing,https://x.com/tial_cl/status/2081913334111035722
2026-07-28 01:23:00,tial_cl,url,http://whatsaip.com,#phishing,https://x.com/tial_cl/status/2081913334111035722
2026-07-28 01:23:00,tial_cl,domain,whatsapp-go.icu,#phishing,https://x.com/tial_cl/status/2081913334111035722
2026-07-28 01:23:00,tial_cl,url,http://whatsapp-go.icu,#phishing,https://x.com/tial_cl/status/2081913334111035722
2026-07-28 01:23:00,tial_cl,domain,instagrarn.help,#phishing,https://x.com/tial_cl/status/2081913334111035722
2026-07-28 01:23:00,tial_cl,url,http://instagrarn.help,#phishing,https://x.com/tial_cl/status/2081913334111035722
2026-07-28 01:23:00,tial_cl,domain,safetyinstagreview.com,#phishing,https://x.com/tial_cl/status/2081913334111035722
2026-07-28 01:23:00,tial_cl,url,http://safetyinstagreview.com,#phishing,https://x.com/tial_cl/status/2081913334111035722
2026-07-28 01:23:00,tial_cl,domain,movistarr.top,#phishing,https://x.com/tial_cl/status/2081913334111035722
2026-07-28 01:23:00,tial_cl,url,http://movistarr.top,#phishing,https://x.com/tial_cl/status/2081913334111035722
2026-07-28 01:23:00,tial_cl,domain,movistarz.shop,#phishing,https://x.com/tial_cl/status/2081913334111035722
2026-07-28 01:23:00,tial_cl,url,http://movistarz.shop,#phishing,https://x.com/tial_cl/status/2081913334111035722
2026-07-28 01:23:00,tial_cl,domain,qoblox.com,#phishing,https://x.com/tial_cl/status/2081913334111035722
2026-07-28 01:23:00,tial_cl,url,http://qoblox.com,#phishing,https://x.com/tial_cl/status/2081913334111035722
2026-07-28 01:23:00,tial_cl,domain,robloxsummerevent.com,#phishing,https://x.com/tial_cl/status/2081913334111035722
2026-07-28 01:23:00,tial_cl,url,http://robloxsummerevent.com,#phishing,https://x.com/tial_cl/status/2081913334111035722
2026-07-28 01:23:00,tial_cl,domain,tiktokshop421.com,#phishing,https://x.com/tial_cl/status/2081913334111035722
2026-07-28 01:23:00,tial_cl,url,http://tiktokshop421.com,#phishing,https://x.com/tial_cl/status/2081913334111035722
2026-07-28 01:23:00,tial_cl,domain,titokshop.online,#phishing,https://x.com/tial_cl/status/2081913334111035722
2026-07-28 01:23:00,tial_cl,url,http://titokshop.online,#phishing,https://x.com/tial_cl/status/2081913334111035722
2026-07-28 01:23:00,tial_cl,domain,pichincha.life,#phishing,https://x.com/tial_cl/status/2081913334111035722
2026-07-28 01:23:00,tial_cl,url,http://pichincha.life,#phishing,https://x.com/tial_cl/status/2081913334111035722
2026-07-28 01:23:00,tial_cl,domain,banorte-mx.pro,#phishing,https://x.com/tial_cl/status/2081913334111035722
2026-07-28 01:23:00,tial_cl,url,http://banorte-mx.pro,#phishing,https://x.com/tial_cl/status/2081913334111035722
2026-07-28 01:23:00,tial_cl,domain,732814-binance.com,#phishing,https://x.com/tial_cl/status/2081913334111035722
2026-07-28 01:23:00,tial_cl,url,http://732814-binance.com,#phishing,https://x.com/tial_cl/status/2081913334111035722
2026-07-28 01:23:00,tial_cl,domain,facebookshop24.com,#phishing,https://x.com/tial_cl/status/2081913334111035722
2026-07-28 01:23:00,tial_cl,url,http://facebookshop24.com,#phishing,https://x.com/tial_cl/status/2081913334111035722
2026-07-28 01:23:00,tial_cl,domain,microsoft.berlin,#phishing,https://x.com/tial_cl/status/2081913334111035722
2026-07-28 01:23:00,tial_cl,url,http://microsoft.berlin,#phishing,https://x.com/tial_cl/status/2081913334111035722
2026-07-28 01:23:00,tial_cl,domain,scotiabankadminvalidation.com,#phishing,https://x.com/tial_cl/status/2081913334111035722
2026-07-28 01:23:00,tial_cl,url,http://scotiabankadminvalidation.com,#phishing,https://x.com/tial_cl/status/2081913334111035722
2026-07-28 01:23:00,tial_cl,domain,apple-id-alert.live,#phishing,https://x.com/tial_cl/status/2081913334111035722
2026-07-28 01:23:00,tial_cl,url,http://apple-id-alert.live,#phishing,https://x.com/tial_cl/status/2081913334111035722
2026-07-28 01:23:00,tial_cl,domain,appleid-assitance-support.net,#phishing,https://x.com/tial_cl/status/2081913334111035722
2026-07-28 01:23:00,tial_cl,url,http://appleid-assitance-support.net,#phishing,https://x.com/tial_cl/status/2081913334111035722
2026-07-28 01:23:00,tial_cl,domain,myappleid-support.help,#phishing,https://x.com/tial_cl/status/2081913334111035722
2026-07-28 01:23:00,tial_cl,url,http://myappleid-support.help,#phishing,https://x.com/tial_cl/status/2081913334111035722
2026-07-28 01:23:00,tial_cl,domain,mail-supportfindmydevicesid.live,#phishing,https://x.com/tial_cl/status/2081913334111035722
2026-07-28 01:23:00,tial_cl,url,http://mail-supportfindmydevicesid.live,#phishing,https://x.com/tial_cl/status/2081913334111035722
2026-07-28 01:23:00,tial_cl,domain,appleid.berlin,#phishing,https://x.com/tial_cl/status/2081913334111035722
2026-07-28 01:23:00,tial_cl,url,http://appleid.berlin,#phishing,https://x.com/tial_cl/status/2081913334111035722
2026-07-28 01:23:00,tial_cl,domain,supporticloud.online,#phishing,https://x.com/tial_cl/status/2081913334111035722
2026-07-28 01:23:00,tial_cl,url,http://supporticloud.online,#phishing,https://x.com/tial_cl/status/2081913334111035722
2026-07-28 01:23:00,tial_cl,domain,findmy-cloudi0s.lat,#phishing,https://x.com/tial_cl/status/2081913334111035722
2026-07-28 01:23:00,tial_cl,url,http://findmy-cloudi0s.lat,#phishing,https://x.com/tial_cl/status/2081913334111035722
2026-07-28 01:23:00,tial_cl,domain,findmy-cloudi0s.site,#phishing,https://x.com/tial_cl/status/2081913334111035722
2026-07-28 01:23:00,tial_cl,url,http://findmy-cloudi0s.site,#phishing,https://x.com/tial_cl/status/2081913334111035722
2026-07-28 01:23:00,tial_cl,domain,apple-device.org,#phishing,https://x.com/tial_cl/status/2081913334111035722
2026-07-28 01:23:00,tial_cl,url,http://apple-device.org,#phishing,https://x.com/tial_cl/status/2081913334111035722
2026-07-28 01:23:00,tial_cl,domain,apple-findmy.org,#phishing,https://x.com/tial_cl/status/2081913334111035722
2026-07-28 01:23:00,tial_cl,url,http://apple-findmy.org,#phishing,https://x.com/tial_cl/status/2081913334111035722
2026-07-28 01:23:00,tial_cl,domain,by-icloud.top,#phishing,https://x.com/tial_cl/status/2081913334111035722
2026-07-28 01:23:00,tial_cl,url,http://by-icloud.top,#phishing,https://x.com/tial_cl/status/2081913334111035722
2026-07-28 01:23:00,tial_cl,domain,device-findmy.com,#phishing,https://x.com/tial_cl/status/2081913334111035722
2026-07-28 01:23:00,tial_cl,url,http://device-findmy.com,#phishing,https://x.com/tial_cl/status/2081913334111035722
2026-07-28 01:23:00,tial_cl,domain,findmy-locate.live,#phishing,https://x.com/tial_cl/status/2081913334111035722
2026-07-28 01:23:00,tial_cl,url,http://findmy-locate.live,#phishing,https://x.com/tial_cl/status/2081913334111035722
2026-07-28 01:23:00,tial_cl,domain,findmy-locator.live,#phishing,https://x.com/tial_cl/status/2081913334111035722
2026-07-28 01:23:00,tial_cl,url,http://findmy-locator.live,#phishing,https://x.com/tial_cl/status/2081913334111035722
2026-07-28 01:23:00,tial_cl,domain,findmy-tracking.org,#phishing,https://x.com/tial_cl/status/2081913334111035722
2026-07-28 01:23:00,tial_cl,url,http://findmy-tracking.org,#phishing,https://x.com/tial_cl/status/2081913334111035722
2026-07-28 01:23:00,tial_cl,domain,icloud-find-help.info,#phishing,https://x.com/tial_cl/status/2081913334111035722
2026-07-28 01:23:00,tial_cl,url,http://icloud-find-help.info,#phishing,https://x.com/tial_cl/status/2081913334111035722
2026-07-28 01:23:00,tial_cl,domain,icloud-imaps.help,#phishing,https://x.com/tial_cl/status/2081913334111035722
2026-07-28 01:23:00,tial_cl,url,http://icloud-imaps.help,#phishing,https://x.com/tial_cl/status/2081913334111035722
2026-07-28 01:23:00,tial_cl,domain,il7-icloud.top,#phishing,https://x.com/tial_cl/status/2081913334111035722
2026-07-28 01:23:00,tial_cl,url,http://il7-icloud.top,#phishing,https://x.com/tial_cl/status/2081913334111035722
2026-07-28 01:23:00,tial_cl,domain,ip2-icloud.top,#phishing,https://x.com/tial_cl/status/2081913334111035722
2026-07-28 01:23:00,tial_cl,url,http://ip2-icloud.top,#phishing,https://x.com/tial_cl/status/2081913334111035722
2026-07-28 01:23:00,tial_cl,domain,kc2-icloud.top,#phishing,https://x.com/tial_cl/status/2081913334111035722
2026-07-28 01:23:00,tial_cl,url,http://kc2-icloud.top,#phishing,https://x.com/tial_cl/status/2081913334111035722
2026-07-28 01:23:00,tial_cl,domain,lcloud-findmydevicesid.com,#phishing,https://x.com/tial_cl/status/2081913334111035722
2026-07-28 01:23:00,tial_cl,url,http://lcloud-findmydevicesid.com,#phishing,https://x.com/tial_cl/status/2081913334111035722
2026-07-28 01:23:00,tial_cl,domain,lcloud-findmydevicesid.net,#phishing,https://x.com/tial_cl/status/2081913334111035722
2026-07-28 01:23:00,tial_cl,url,http://lcloud-findmydevicesid.net,#phishing,https://x.com/tial_cl/status/2081913334111035722
2026-07-28 01:23:00,tial_cl,domain,location-apple.org,#phishing,https://x.com/tial_cl/status/2081913334111035722
2026-07-28 01:23:00,tial_cl,url,http://location-apple.org,#phishing,https://x.com/tial_cl/status/2081913334111035722
2026-07-28 01:23:00,tial_cl,domain,my-iclouds.com,#phishing,https://x.com/tial_cl/status/2081913334111035722
2026-07-28 01:23:00,tial_cl,url,http://my-iclouds.com,#phishing,https://x.com/tial_cl/status/2081913334111035722
2026-07-28 01:23:00,tial_cl,domain,nh4-icloud.top,#phishing,https://x.com/tial_cl/status/2081913334111035722
2026-07-28 01:23:00,tial_cl,url,http://nh4-icloud.top,#phishing,https://x.com/tial_cl/status/2081913334111035722
2026-07-28 01:23:00,tial_cl,domain,noreply-icloud.app,#phishing,https://x.com/tial_cl/status/2081913334111035722
2026-07-28 01:23:00,tial_cl,url,http://noreply-icloud.app,#phishing,https://x.com/tial_cl/status/2081913334111035722
2026-07-28 01:23:00,tial_cl,domain,noreplyfindmy.support,#phishing,https://x.com/tial_cl/status/2081913334111035722
2026-07-28 01:23:00,tial_cl,url,http://noreplyfindmy.support,#phishing,https://x.com/tial_cl/status/2081913334111035722
2026-07-28 01:23:00,tial_cl,domain,sms-myicloud.com,#phishing,https://x.com/tial_cl/status/2081913334111035722
2026-07-28 01:23:00,tial_cl,url,http://sms-myicloud.com,#phishing,https://x.com/tial_cl/status/2081913334111035722
2026-07-28 01:23:00,tial_cl,domain,tc4-icloud.top,#phishing,https://x.com/tial_cl/status/2081913334111035722
2026-07-28 01:23:00,tial_cl,url,http://tc4-icloud.top,#phishing,https://x.com/tial_cl/status/2081913334111035722
2026-07-28 01:23:00,tial_cl,domain,verifyitapple.com,#phishing,https://x.com/tial_cl/status/2081913334111035722
2026-07-28 01:23:00,tial_cl,url,http://verifyitapple.com,#phishing,https://x.com/tial_cl/status/2081913334111035722
2026-07-28 01:23:00,tial_cl,domain,vy8-icloud.top,#phishing,https://x.com/tial_cl/status/2081913334111035722
2026-07-28 01:23:00,tial_cl,url,http://vy8-icloud.top,#phishing,https://x.com/tial_cl/status/2081913334111035722
2026-07-28 01:23:00,tial_cl,domain,wwwicloud-find.xyz,#phishing,https://x.com/tial_cl/status/2081913334111035722
2026-07-28 01:23:00,tial_cl,url,http://wwwicloud-find.xyz,#phishing,https://x.com/tial_cl/status/2081913334111035722
2026-07-28 01:23:00,tial_cl,domain,metawhatsapp.berlin,#phishing,https://x.com/tial_cl/status/2081913334111035722
2026-07-28 01:23:00,tial_cl,url,http://metawhatsapp.berlin,#phishing,https://x.com/tial_cl/status/2081913334111035722
2026-07-28 01:23:00,tial_cl,domain,nows-whatappop.com,#phishing,https://x.com/tial_cl/status/2081913334111035722
2026-07-28 01:23:00,tial_cl,url,http://nows-whatappop.com,#phishing,https://x.com/tial_cl/status/2081913334111035722
2026-07-28 01:23:00,tial_cl,domain,toub-whatappop.com,#phishing,https://x.com/tial_cl/status/2081913334111035722
2026-07-28 01:23:00,tial_cl,url,http://toub-whatappop.com,#phishing,https://x.com/tial_cl/status/2081913334111035722
2026-07-28 01:23:00,tial_cl,domain,web-whatappop.com,#phishing,https://x.com/tial_cl/status/2081913334111035722
2026-07-28 01:23:00,tial_cl,url,http://web-whatappop.com,#phishing,https://x.com/tial_cl/status/2081913334111035722
2026-07-28 01:23:00,tial_cl,domain,what-s-app-uz.shop,#phishing,https://x.com/tial_cl/status/2081913334111035722
2026-07-28 01:23:00,tial_cl,url,http://what-s-app-uz.shop,#phishing,https://x.com/tial_cl/status/2081913334111035722
2026-07-28 01:23:00,tial_cl,domain,whataspp-cz.com,#phishing,https://x.com/tial_cl/status/2081913334111035722
2026-07-28 01:23:00,tial_cl,url,http://whataspp-cz.com,#phishing,https://x.com/tial_cl/status/2081913334111035722
2026-07-28 01:23:00,tial_cl,domain,whatsapp-go.shop,#phishing,https://x.com/tial_cl/status/2081913334111035722
2026-07-28 01:23:00,tial_cl,url,http://whatsapp-go.shop,#phishing,https://x.com/tial_cl/status/2081913334111035722
2026-07-28 01:23:00,tial_cl,domain,wzhatsapp.com,#phishing,https://x.com/tial_cl/status/2081913334111035722
2026-07-28 01:23:00,tial_cl,url,http://wzhatsapp.com,#phishing,https://x.com/tial_cl/status/2081913334111035722
2026-07-28 01:23:00,tial_cl,domain,wwwfacebookcom-share-v-1e7.video,#phishing,https://x.com/tial_cl/status/2081913334111035722
2026-07-28 01:23:00,tial_cl,url,http://wwwfacebookcom-share-v-1e7.video,#phishing,https://x.com/tial_cl/status/2081913334111035722
2026-07-28 01:23:00,tial_cl,domain,facebok.berlin,#phishing,https://x.com/tial_cl/status/2081913334111035722
2026-07-28 01:23:00,tial_cl,url,http://facebok.berlin,#phishing,https://x.com/tial_cl/status/2081913334111035722
2026-07-28 01:23:00,tial_cl,domain,facebook-shopping.com,#phishing,https://x.com/tial_cl/status/2081913334111035722
2026-07-28 01:23:00,tial_cl,url,http://facebook-shopping.com,#phishing,https://x.com/tial_cl/status/2081913334111035722
2026-07-28 01:23:00,tial_cl,domain,facebookp.club,#phishing,https://x.com/tial_cl/status/2081913334111035722
2026-07-28 01:23:00,tial_cl,url,http://facebookp.club,#phishing,https://x.com/tial_cl/status/2081913334111035722
2026-07-28 01:23:00,tial_cl,domain,metafacebook.berlin,#phishing,https://x.com/tial_cl/status/2081913334111035722
2026-07-28 01:23:00,tial_cl,url,http://metafacebook.berlin,#phishing,https://x.com/tial_cl/status/2081913334111035722
2026-07-28 01:23:00,tial_cl,domain,instagranrm.com,#phishing,https://x.com/tial_cl/status/2081913334111035722
2026-07-28 01:23:00,tial_cl,url,http://instagranrm.com,#phishing,https://x.com/tial_cl/status/2081913334111035722
2026-07-28 01:23:00,tial_cl,domain,instagranrm.online,#phishing,https://x.com/tial_cl/status/2081913334111035722
2026-07-28 01:23:00,tial_cl,url,http://instagranrm.online,#phishing,https://x.com/tial_cl/status/2081913334111035722
2026-07-28 01:23:00,tial_cl,domain,premio-instagram.com,#phishing,https://x.com/tial_cl/status/2081913334111035722
2026-07-28 01:23:00,tial_cl,url,http://premio-instagram.com,#phishing,https://x.com/tial_cl/status/2081913334111035722
2026-07-28 01:23:00,tial_cl,domain,saque-instagram.com,#phishing,https://x.com/tial_cl/status/2081913334111035722
2026-07-28 01:23:00,tial_cl,url,http://saque-instagram.com,#phishing,https://x.com/tial_cl/status/2081913334111035722
2026-07-28 01:23:00,tial_cl,domain,saqueinstagram.com,#phishing,https://x.com/tial_cl/status/2081913334111035722
2026-07-28 01:23:00,tial_cl,url,http://saqueinstagram.com,#phishing,https://x.com/tial_cl/status/2081913334111035722
2026-07-28 01:23:00,tial_cl,domain,deltaroblox.app,#phishing,https://x.com/tial_cl/status/2081913334111035722
2026-07-28 01:23:00,tial_cl,url,http://deltaroblox.app,#phishing,https://x.com/tial_cl/status/2081913334111035722
2026-07-28 01:23:00,tial_cl,domain,koblox.xyz,#phishing,https://x.com/tial_cl/status/2081913334111035722
2026-07-28 01:23:00,tial_cl,url,http://koblox.xyz,#phishing,https://x.com/tial_cl/status/2081913334111035722
2026-07-28 01:23:00,tial_cl,domain,roblox-xeno.info,#phishing,https://x.com/tial_cl/status/2081913334111035722
2026-07-28 01:23:00,tial_cl,url,http://roblox-xeno.info,#phishing,https://x.com/tial_cl/status/2081913334111035722
2026-07-28 01:23:00,tial_cl,domain,robloxcheats.fun,#phishing,https://x.com/tial_cl/status/2081913334111035722
2026-07-28 01:23:00,tial_cl,url,http://robloxcheats.fun,#phishing,https://x.com/tial_cl/status/2081913334111035722
2026-07-28 01:23:00,tial_cl,domain,robloxxxgameafaaedses.club,#phishing,https://x.com/tial_cl/status/2081913334111035722
2026-07-28 01:23:00,tial_cl,url,http://robloxxxgameafaaedses.club,#phishing,https://x.com/tial_cl/status/2081913334111035722
2026-07-28 01:23:00,tial_cl,domain,194483coinbase.com,#phishing,https://x.com/tial_cl/status/2081913334111035722
2026-07-28 01:23:00,tial_cl,url,http://194483coinbase.com,#phishing,https://x.com/tial_cl/status/2081913334111035722
2026-07-28 01:23:00,tial_cl,domain,195739coinbase.com,#phishing,https://x.com/tial_cl/status/2081913334111035722
2026-07-28 01:23:00,tial_cl,url,http://195739coinbase.com,#phishing,https://x.com/tial_cl/status/2081913334111035722
2026-07-28 01:23:00,tial_cl,domain,489182binance.com,#phishing,https://x.com/tial_cl/status/2081913334111035722
2026-07-28 01:23:00,tial_cl,url,http://489182binance.com,#phishing,https://x.com/tial_cl/status/2081913334111035722
2026-07-28 01:23:00,tial_cl,domain,fortnitecrossnationals.com,#phishing,https://x.com/tial_cl/status/2081913334111035722
2026-07-28 01:23:00,tial_cl,url,http://fortnitecrossnationals.com,#phishing,https://x.com/tial_cl/status/2081913334111035722
2026-07-28 01:23:00,tial_cl,domain,fortniteprize.org,#phishing,https://x.com/tial_cl/status/2081913334111035722
2026-07-28 01:23:00,tial_cl,url,http://fortniteprize.org,#phishing,https://x.com/tial_cl/status/2081913334111035722
2026-07-28 01:23:00,tial_cl,domain,fortnitextfcnationals.com,#phishing,https://x.com/tial_cl/status/2081913334111035722
2026-07-28 01:23:00,tial_cl,url,http://fortnitextfcnationals.com,#phishing,https://x.com/tial_cl/status/2081913334111035722
2026-07-28 01:23:00,tial_cl,domain,tiktokshop6531.com,#phishing,https://x.com/tial_cl/status/2081913334111035722
2026-07-28 01:23:00,tial_cl,url,http://tiktokshop6531.com,#phishing,https://x.com/tial_cl/status/2081913334111035722
2026-07-28 01:23:00,tial_cl,domain,akses-tiktak.shop,#phishing,https://x.com/tial_cl/status/2081913334111035722
2026-07-28 01:23:00,tial_cl,url,http://akses-tiktak.shop,#phishing,https://x.com/tial_cl/status/2081913334111035722
2026-07-28 01:23:00,tial_cl,domain,tiktokcash.live,#phishing,https://x.com/tial_cl/status/2081913334111035722
2026-07-28 01:23:00,tial_cl,url,http://tiktokcash.live,#phishing,https://x.com/tial_cl/status/2081913334111035722
2026-07-28 01:23:00,tial_cl,domain,amazon789.ink,#phishing,https://x.com/tial_cl/status/2081913334111035722
2026-07-28 01:23:00,tial_cl,url,http://amazon789.ink,#phishing,https://x.com/tial_cl/status/2081913334111035722
2026-07-28 01:23:00,tial_cl,domain,amazonservice03.com,#phishing,https://x.com/tial_cl/status/2081913334111035722
2026-07-28 01:23:00,tial_cl,url,http://amazonservice03.com,#phishing,https://x.com/tial_cl/status/2081913334111035722
2026-07-28 01:23:00,tial_cl,domain,bbvalim.autos,#phishing,https://x.com/tial_cl/status/2081913334111035722
2026-07-28 01:23:00,tial_cl,url,http://bbvalim.autos,#phishing,https://x.com/tial_cl/status/2081913334111035722
2026-07-28 01:23:00,tial_cl,domain,bbvalim.boats,#phishing,https://x.com/tial_cl/status/2081913334111035722
2026-07-28 01:23:00,tial_cl,url,http://bbvalim.boats,#phishing,https://x.com/tial_cl/status/2081913334111035722
2026-07-28 01:23:00,tial_cl,domain,analisis-dropibox.com,#phishing,https://x.com/tial_cl/status/2081913334111035722
2026-07-28 01:23:00,tial_cl,url,http://analisis-dropibox.com,#phishing,https://x.com/tial_cl/status/2081913334111035722
2026-07-28 01:23:00,tial_cl,domain,flowdropox.shop,#phishing,https://x.com/tial_cl/status/2081913334111035722
2026-07-28 01:23:00,tial_cl,url,http://flowdropox.shop,#phishing,https://x.com/tial_cl/status/2081913334111035722
2026-07-28 01:23:00,tial_cl,domain,mercadolivreoferta-app.com,#phishing,https://x.com/tial_cl/status/2081913334111035722
2026-07-28 01:23:00,tial_cl,url,http://mercadolivreoferta-app.com,#phishing,https://x.com/tial_cl/status/2081913334111035722
2026-07-28 01:23:00,tial_cl,domain,mercadolivrepremios.com,#phishing,https://x.com/tial_cl/status/2081913334111035722
2026-07-28 01:23:00,tial_cl,url,http://mercadolivrepremios.com,#phishing,https://x.com/tial_cl/status/2081913334111035722
2026-07-28 01:23:00,tial_cl,domain,mercado-pagol.com,#phishing,https://x.com/tial_cl/status/2081913334111035722
2026-07-28 01:23:00,tial_cl,url,http://mercado-pagol.com,#phishing,https://x.com/tial_cl/status/2081913334111035722
2026-07-28 01:23:00,tial_cl,domain,merca-pago-cl.site,#phishing,https://x.com/tial_cl/status/2081913334111035722
2026-07-28 01:23:00,tial_cl,url,http://merca-pago-cl.site,#phishing,https://x.com/tial_cl/status/2081913334111035722
2026-07-28 01:23:00,tial_cl,domain,dcminecraftworld.online,#phishing,https://x.com/tial_cl/status/2081913334111035722
2026-07-28 01:23:00,tial_cl,url,http://dcminecraftworld.online,#phishing,https://x.com/tial_cl/status/2081913334111035722
2026-07-28 01:23:00,tial_cl,domain,finecraft.site,#phishing,https://x.com/tial_cl/status/2081913334111035722
2026-07-28 01:23:00,tial_cl,url,http://finecraft.site,#phishing,https://x.com/tial_cl/status/2081913334111035722
2026-07-28 01:23:00,tial_cl,domain,liquidacionesmovistar.com,#phishing,https://x.com/tial_cl/status/2081913334111035722
2026-07-28 01:23:00,tial_cl,url,http://liquidacionesmovistar.com,#phishing,https://x.com/tial_cl/status/2081913334111035722
2026-07-28 01:23:00,tial_cl,domain,movistars.top,#phishing,https://x.com/tial_cl/status/2081913334111035722
2026-07-28 01:23:00,tial_cl,url,http://movistars.top,#phishing,https://x.com/tial_cl/status/2081913334111035722
2026-07-28 01:23:00,tial_cl,domain,itau.pro,#phishing,https://x.com/tial_cl/status/2081913334111035722
2026-07-28 01:23:00,tial_cl,url,http://itau.pro,#phishing,https://x.com/tial_cl/status/2081913334111035722
2026-07-28 01:23:00,tial_cl,domain,banort-1.icu,#phishing,https://x.com/tial_cl/status/2081913334111035722
2026-07-28 01:23:00,tial_cl,url,http://banort-1.icu,#phishing,https://x.com/tial_cl/status/2081913334111035722
2026-07-28 01:23:00,tial_cl,domain,nueva-red5gclarope.com,#phishing,https://x.com/tial_cl/status/2081913334111035722
2026-07-28 01:23:00,tial_cl,url,http://nueva-red5gclarope.com,#phishing,https://x.com/tial_cl/status/2081913334111035722
2026-07-28 01:23:00,tial_cl,domain,promocionesfalabella.com,#phishing,https://x.com/tial_cl/status/2081913334111035722
2026-07-28 01:23:00,tial_cl,url,http://promocionesfalabella.com,#phishing,https://x.com/tial_cl/status/2081913334111035722
2026-07-28 01:23:00,tial_cl,domain,beneficiosfalabellamx.com,#phishing,https://x.com/tial_cl/status/2081913334111035722
2026-07-28 01:23:00,tial_cl,url,http://beneficiosfalabellamx.com,#phishing,https://x.com/tial_cl/status/2081913334111035722
2026-07-28 01:23:00,tial_cl,domain,interbankswitch.com,#phishing,https://x.com/tial_cl/status/2081913334111035722
2026-07-28 01:23:00,tial_cl,url,http://interbankswitch.com,#phishing,https://x.com/tial_cl/status/2081913334111035722
2026-07-28 01:23:00,tial_cl,domain,appnequi.com,#phishing,https://x.com/tial_cl/status/2081913334111035722
2026-07-28 01:23:00,tial_cl,url,http://appnequi.com,#phishing,https://x.com/tial_cl/status/2081913334111035722
2026-07-28 01:23:00,tial_cl,domain,800-495-2277-scotiaonline-scotiabank.com,#phishing,https://x.com/tial_cl/status/2081913334111035722
2026-07-28 01:23:00,tial_cl,url,http://800-495-2277-scotiaonline-scotiabank.com,#phishing,https://x.com/tial_cl/status/2081913334111035722
2026-07-28 01:23:00,tial_cl,domain,snapchat-security-check.help,#phishing,https://x.com/tial_cl/status/2081913334111035722
2026-07-28 01:23:00,tial_cl,url,http://snapchat-security-check.help,#phishing,https://x.com/tial_cl/status/2081913334111035722
2026-07-28 01:23:00,tial_cl,domain,telegam-zh.com,#phishing,https://x.com/tial_cl/status/2081913334111035722
2026-07-28 01:23:00,tial_cl,url,http://telegam-zh.com,#phishing,https://x.com/tial_cl/status/2081913334111035722
2026-07-28 01:23:00,tial_cl,domain,uspto-notice.com,#phishing,https://x.com/tial_cl/status/2081913334111035722
2026-07-28 01:23:00,tial_cl,url,http://uspto-notice.com,#phishing,https://x.com/tial_cl/status/2081913334111035722
2026-07-28 01:23:00,tial_cl,domain,interbank.shop,#phishing,https://x.com/tial_cl/status/2081913334111035722
2026-07-28 01:23:00,tial_cl,url,http://interbank.shop,#phishing,https://x.com/tial_cl/status/2081913334111035722
2026-07-28 01:23:00,tial_cl,domain,boa-online2fa.com,#phishing,https://x.com/tial_cl/status/2081913334111035722
2026-07-28 01:23:00,tial_cl,url,http://boa-online2fa.com,#phishing,https://x.com/tial_cl/status/2081913334111035722
2026-07-28 01:23:00,tial_cl,domain,facebookchat.xyz,#phishing,https://x.com/tial_cl/status/2081913334111035722
2026-07-28 01:23:00,tial_cl,url,http://facebookchat.xyz,#phishing,https://x.com/tial_cl/status/2081913334111035722
2026-07-28 01:23:00,tial_cl,domain,falabella-2025.shop,#phishing,https://x.com/tial_cl/status/2081913334111035722
2026-07-28 01:23:00,tial_cl,url,http://falabella-2025.shop,#phishing,https://x.com/tial_cl/status/2081913334111035722
2026-07-28 01:23:00,tial_cl,domain,dlai-telegrem.tel,#phishing,https://x.com/tial_cl/status/2081913334111035722
2026-07-28 01:23:00,tial_cl,url,http://dlai-telegrem.tel,#phishing,https://x.com/tial_cl/status/2081913334111035722
2026-07-28 01:23:00,tial_cl,domain,zoom-security.berlin,#phishing,https://x.com/tial_cl/status/2081913334111035722
2026-07-28 01:23:00,tial_cl,url,http://zoom-security.berlin,#phishing,https://x.com/tial_cl/status/2081913334111035722
2026-07-28 01:25:00,skocherhan,domain,stcokspmj.com,#phishing,https://x.com/skocherhan/status/2081913916188225702
2026-07-28 01:25:00,skocherhan,url,http://stcokspmj.com/page/rtptrhvgvc,#phishing,https://x.com/skocherhan/status/2081913916188225702
2026-07-28 01:25:00,skocherhan,domain,bgsgjzdbfgcrdx.top,#phishing,https://x.com/skocherhan/status/2081913916188225702
2026-07-28 01:25:00,skocherhan,url,http://bgsgjzdbfgcrdx.top/jp,#phishing,https://x.com/skocherhan/status/2081913916188225702
2026-07-28 01:25:00,skocherhan,url,http://43.128.252.32,#phishing,https://x.com/skocherhan/status/2081913916188225702
2026-07-28 01:25:00,skocherhan,ip,43.128.252.32,#phishing,https://x.com/skocherhan/status/2081913916188225702
2026-07-28 01:28:00,skocherhan,domain,cvnjlox.com,,https://x.com/skocherhan/status/2081914778134393140
2026-07-28 01:28:00,skocherhan,url,http://cvnjlox.com/DCahCpNp,,https://x.com/skocherhan/status/2081914778134393140
2026-07-28 01:28:00,skocherhan,url,http://192.227.190.150,,https://x.com/skocherhan/status/2081914778134393140
2026-07-28 01:28:00,skocherhan,ip,192.227.190.150,,https://x.com/skocherhan/status/2081914778134393140
2026-07-28 01:32:00,skocherhan,domain,zdkteam.com,,https://x.com/skocherhan/status/2081915563836645671
2026-07-28 01:32:00,skocherhan,url,http://zdkteam.com/EiuORbxD,,https://x.com/skocherhan/status/2081915563836645671
2026-07-28 01:32:00,skocherhan,url,http://8.211.158.201,,https://x.com/skocherhan/status/2081915563836645671
2026-07-28 01:32:00,skocherhan,ip,8.211.158.201,,https://x.com/skocherhan/status/2081915563836645671
2026-07-28 01:36:00,skocherhan,domain,fnxxcl.com,#phishing,https://x.com/skocherhan/status/2081916596226830553
2026-07-28 01:36:00,skocherhan,url,http://fnxxcl.com/ocoss,#phishing,https://x.com/skocherhan/status/2081916596226830553
2026-07-28 01:36:00,skocherhan,domain,manyishw.com,#phishing,https://x.com/skocherhan/status/2081916596226830553
2026-07-28 01:36:00,skocherhan,url,http://manyishw.com/UcifotqL,#phishing,https://x.com/skocherhan/status/2081916596226830553
2026-07-28 01:36:00,skocherhan,url,http://96.44.169.124,#phishing,https://x.com/skocherhan/status/2081916596226830553
2026-07-28 01:36:00,skocherhan,ip,96.44.169.124,#phishing,https://x.com/skocherhan/status/2081916596226830553
2026-07-28 02:20:00,Metemcyber,domain,aeon.pehfkmt.cn,#phishing,https://x.com/Metemcyber/status/2081927822344626181
2026-07-28 02:20:00,Metemcyber,url,https://aeon.pehfkmt.cn/0smmgpsrbk,#phishing,https://x.com/Metemcyber/status/2081927822344626181
2026-07-28 02:20:00,Metemcyber,url,http://43.167.15.126,#phishing,https://x.com/Metemcyber/status/2081927822344626181
2026-07-28 02:20:00,Metemcyber,ip,43.167.15.126,#phishing,https://x.com/Metemcyber/status/2081927822344626181
2026-07-28 02:40:00,masaomi346,domain,xcllgnb.cn,#phishing,https://x.com/masaomi346/status/2081932660130361358
2026-07-28 02:40:00,masaomi346,url,https://xcllgnb.cn/login,#phishing,https://x.com/masaomi346/status/2081932660130361358
2026-07-28 04:31:00,scanmalware,domain,urlshort-linkmrrwjc0kdzql.esu2n5lwqi.workers.dev,#ransomware,https://x.com/scanmalware/status/2081960736574550439
2026-07-28 04:31:00,scanmalware,url,http://urlshort-linkmrrwjc0kdzql.esu2n5lwqi.workers.dev,#ransomware,https://x.com/scanmalware/status/2081960736574550439
2026-07-28 05:25:00,0xBurgers,url,https://github.com/microsoft-services/,,https://x.com/0xBurgers/status/2081974180040622426
2026-07-28 05:34:00,RakeshKrish12,md5,598b222fe1d12453639dc14b390b3fa9,#malware #ransomware,https://x.com/RakeshKrish12/status/2081976599256371286
2026-07-28 06:16:00,Metemcyber,domain,mzrtkb.cfd,#phishing,https://x.com/Metemcyber/status/2081987170244669652
2026-07-28 06:16:00,Metemcyber,url,https://mzrtkb.cfd/gRB0qs,#phishing,https://x.com/Metemcyber/status/2081987170244669652
2026-07-28 06:45:00,Fact_Finder03,ip,178.128.100.171,#C2,https://x.com/Fact_Finder03/status/2081994340042514562
2026-07-28 07:06:00,masaomi346,domain,kalorexivakena.net,#phishing,https://x.com/masaomi346/status/2081999693152940507
2026-07-28 07:06:00,masaomi346,url,https://kalorexivakena.net/jp,#phishing,https://x.com/masaomi346/status/2081999693152940507
2026-07-28 07:30:00,Fact_Finder03,ip,67.217.228.244,#C2,https://x.com/Fact_Finder03/status/2082005637161267472
2026-07-28 07:33:00,Metemcyber,url,http://43.155.174.59,#phishing,https://x.com/Metemcyber/status/2082006426541760653
2026-07-28 07:33:00,Metemcyber,ip,43.155.174.59,#phishing,https://x.com/Metemcyber/status/2082006426541760653
2026-07-28 07:46:00,Fact_Finder03,ip,108.165.12.143,#C2 #RAT,https://x.com/Fact_Finder03/status/2082009663051051327
2026-07-28 07:50:00,tdatwja,domain,drive.careernetwork.co.nz,,https://x.com/tdatwja/status/2082010812324131039
2026-07-28 07:50:00,tdatwja,url,http://drive.careernetwork.co.nz/download.php/,,https://x.com/tdatwja/status/2082010812324131039
2026-07-28 08:47:00,bsforvt727,md5,698a96701561254ffa1bac9a7b4a7600,#malware #stealer,https://x.com/bsforvt727/status/2082025156487295050
2026-07-28 09:01:00,blackorbird,domain,pick.storewebzone.net,,https://x.com/blackorbird/status/2082028695909449873
2026-07-28 09:01:00,blackorbird,url,http://pick.storewebzone.net,,https://x.com/blackorbird/status/2082028695909449873
2026-07-28 09:01:00,blackorbird,url,http://185.151.31.111,,https://x.com/blackorbird/status/2082028695909449873
2026-07-28 09:01:00,blackorbird,domain,ad43-nxs.com,,https://x.com/blackorbird/status/2082028695909449873
2026-07-28 09:01:00,blackorbird,url,http://ad43-nxs.com,,https://x.com/blackorbird/status/2082028695909449873
2026-07-28 09:01:00,blackorbird,ip,185.151.31.111,,https://x.com/blackorbird/status/2082028695909449873
2026-07-28 09:41:00,Fact_Finder03,ip,217.217.97.111,#AdaptixC2,https://x.com/Fact_Finder03/status/2082038603861872694
2026-07-28 09:58:00,bomccss,domain,logs.uvexio.com,,https://x.com/bomccss/status/2082043061908259296
2026-07-28 09:58:00,bomccss,url,https://logs.uvexio.com:8443,,https://x.com/bomccss/status/2082043061908259296
2026-07-28 09:58:00,bomccss,url,http://193.26.115.118:8443,,https://x.com/bomccss/status/2082043061908259296
2026-07-28 09:58:00,bomccss,domain,tea.vexexo.com,,https://x.com/bomccss/status/2082043061908259296
2026-07-28 09:58:00,bomccss,url,http://tea.vexexo.com:56001,,https://x.com/bomccss/status/2082043061908259296
2026-07-28 09:58:00,bomccss,url,http://185.139.214.102:56001,,https://x.com/bomccss/status/2082043061908259296
2026-07-28 09:58:00,bomccss,ip,193.26.115.118,,https://x.com/bomccss/status/2082043061908259296
2026-07-28 09:58:00,bomccss,ip,185.139.214.102,,https://x.com/bomccss/status/2082043061908259296
2026-07-28 10:11:00,skocherhan,domain,ing-seguridad-es-clientes.lulufa.ro,#phishing,https://x.com/skocherhan/status/2082046245317534127
2026-07-28 10:11:00,skocherhan,url,http://ing-seguridad-es-clientes.lulufa.ro/es/servicio-8920-0000183/auth/login.php,#phishing,https://x.com/skocherhan/status/2082046245317534127
2026-07-28 10:27:00,skocherhan,md5,141280bc97444f90d665a64ce5f9facc,,https://x.com/skocherhan/status/2082050241881137154
2026-07-28 10:50:00,skocherhan,md5,33016cc9ff0f4bbf257a83c4b895a466,,https://x.com/skocherhan/status/2082056089890148710
2026-07-28 10:50:00,500mk500,domain,winupdatehelper.online,,https://x.com/500mk500/status/2081106662207705380
2026-07-28 10:50:00,500mk500,url,http://winupdatehelper.online,,https://x.com/500mk500/status/2081106662207705380
2026-07-28 10:50:00,500mk500,sha256,1618d761d9062db463e372b5bde1c595e13c701b881ccaa4fa6c26a409bc26cb,,https://x.com/500mk500/status/2081106662207705380
2026-07-28 11:22:00,AgidCert,domain,illportaledelautomobilista.org,,https://x.com/AgidCert/status/2082064135181791433
2026-07-28 11:22:00,AgidCert,url,http://illportaledelautomobilista.org,,https://x.com/AgidCert/status/2082064135181791433
2026-07-28 11:35:00,suyog41,url,http://196.251.107.171:3000/api/agent/download,,https://x.com/suyog41/status/2082067382848364784
2026-07-28 11:35:00,suyog41,url,http://196.251.107.171:3000/api/reports/upload,,https://x.com/suyog41/status/2082067382848364784
2026-07-28 11:35:00,suyog41,domain,dfsjfisafosdikfos.info,,https://x.com/suyog41/status/2082067382848364784
2026-07-28 11:35:00,suyog41,url,https://dfsjfisafosdikfos.info/api/agent/download,,https://x.com/suyog41/status/2082067382848364784
2026-07-28 11:35:00,suyog41,url,https://dfsjfisafosdikfos.info/api/reports/upload,,https://x.com/suyog41/status/2082067382848364784
2026-07-28 11:35:00,suyog41,domain,lewokodwqko.icu,,https://x.com/suyog41/status/2082067382848364784
2026-07-28 11:35:00,suyog41,url,https://lewokodwqko.icu/api/agent/download,,https://x.com/suyog41/status/2082067382848364784
2026-07-28 11:35:00,suyog41,url,https://lewokodwqko.icu/api/reports/upload,,https://x.com/suyog41/status/2082067382848364784
2026-07-28 11:35:00,suyog41,domain,shopguoerve.pro,,https://x.com/suyog41/status/2082067382848364784
2026-07-28 11:35:00,suyog41,url,https://shopguoerve.pro/api/agent/download,,https://x.com/suyog41/status/2082067382848364784
2026-07-28 11:35:00,suyog41,url,https://shopguoerve.pro/api/reports/upload,,https://x.com/suyog41/status/2082067382848364784
2026-07-28 11:35:00,suyog41,ip,196.251.107.171,,https://x.com/suyog41/status/2082067382848364784
2026-07-28 11:35:00,suyog41,md5,027787110fdb39777198b0eacf42b85b,,https://x.com/suyog41/status/2082067382848364784
2026-07-28 11:35:00,suyog41,md5,31301dff04089b138e613078ffb3cd35,,https://x.com/suyog41/status/2082067382848364784
2026-07-28 11:55:00,Now_on_VT,md5,3e9b3306644b1a4d8c3ac23c7e0d4c7b,,https://x.com/Now_on_VT/status/2082072368672108703
2026-07-28 12:02:00,smica83,sha256,41dfa4fbcc8c68d98a2e773bb2de3df0b136ee9b608351290738d953ccbcc309,,https://x.com/smica83/status/2082074224890466595
2026-07-28 12:18:00,webamon_search,domain,sqllq.com,,https://x.com/webamon_search/status/2082078185466761414
2026-07-28 12:18:00,webamon_search,url,http://sqllq.com,,https://x.com/webamon_search/status/2082078185466761414
2026-07-28 12:18:00,webamon_search,domain,hashedsolver.icu,,https://x.com/webamon_search/status/2082078185466761414
2026-07-28 12:18:00,webamon_search,url,http://hashedsolver.icu,,https://x.com/webamon_search/status/2082078185466761414
2026-07-28 12:18:00,webamon_search,domain,1thirty.com,,https://x.com/webamon_search/status/2082078185466761414
2026-07-28 12:18:00,webamon_search,url,http://1thirty.com,,https://x.com/webamon_search/status/2082078185466761414
2026-07-28 12:18:00,webamon_search,domain,26television.com,,https://x.com/webamon_search/status/2082078185466761414
2026-07-28 12:18:00,webamon_search,url,http://26television.com,,https://x.com/webamon_search/status/2082078185466761414
2026-07-28 12:25:00,malwrhunterteam,domain,truth-mag.org,,https://x.com/malwrhunterteam/status/2082080091786313891
2026-07-28 12:25:00,malwrhunterteam,url,http://truth-mag.org,,https://x.com/malwrhunterteam/status/2082080091786313891
2026-07-28 12:25:00,BlinkzSec,sha256,624ac3ad002bf57ad104a1153a4196e24d954086091348bcf7a0b57b38998dbc,,https://x.com/BlinkzSec/status/2082076588544303332
2026-07-28 12:25:00,BlinkzSec,sha256,d8b6088156477df342a5387bc81aef1e242f12d2f722e5e2030cbc51c203d547,,https://x.com/BlinkzSec/status/2082076588544303332
2026-07-28 12:33:00,c9lab_soc,domain,walmartamp.com,#phishing #scam,https://x.com/c9lab_soc/status/2082081969660186934
2026-07-28 12:33:00,c9lab_soc,url,http://walmartamp.com,#phishing #scam,https://x.com/c9lab_soc/status/2082081969660186934
2026-07-28 12:33:00,c9lab_soc,domain,cn-microsoft.com,#phishing #scam,https://x.com/c9lab_soc/status/2082081909656396117
2026-07-28 12:33:00,c9lab_soc,url,http://cn-microsoft.com,#phishing #scam,https://x.com/c9lab_soc/status/2082081909656396117
2026-07-28 12:37:00,c9lab_soc,domain,salesforcecertification.net,#phishing #scam,https://x.com/c9lab_soc/status/2082082983092121680
2026-07-28 12:37:00,c9lab_soc,url,http://salesforcecertification.net,#phishing #scam,https://x.com/c9lab_soc/status/2082082983092121680
2026-07-28 12:37:00,c9lab_soc,domain,kinonetflix.ru,#phishing #scam,https://x.com/c9lab_soc/status/2082082940876398681
2026-07-28 12:37:00,c9lab_soc,url,http://kinonetflix.ru,#phishing #scam,https://x.com/c9lab_soc/status/2082082940876398681
2026-07-28 13:23:00,Coolcarlos17,domain,construnovaatacado.com,#phishing #scam,https://x.com/Coolcarlos17/status/2082094546037465233
2026-07-28 13:23:00,Coolcarlos17,url,https://construnovaatacado.com,#phishing #scam,https://x.com/Coolcarlos17/status/2082094546037465233
2026-07-28 14:16:00,harugasumi,domain,soravikenaxira.com,#phishing,https://x.com/harugasumi/status/2082107898151453100
2026-07-28 14:16:00,harugasumi,url,https://soravikenaxira.com/page/hfvfegkqrn,#phishing,https://x.com/harugasumi/status/2082107898151453100
2026-07-28 14:16:00,harugasumi,ip,43.163.207.119,#phishing,https://x.com/harugasumi/status/2082107898151453100
2026-07-28 15:08:00,skocherhan,domain,pmdc.gov.pk-hq.cc,,https://x.com/skocherhan/status/2082121070585283062
2026-07-28 15:08:00,skocherhan,url,http://www.pmdc.gov.pk-hq.cc,,https://x.com/skocherhan/status/2082121070585283062
2026-07-28 15:50:00,skocherhan,domain,web.n26portale.com,,https://x.com/skocherhan/status/2082131676612669499
2026-07-28 15:50:00,skocherhan,url,https://web.n26portale.com,,https://x.com/skocherhan/status/2082131676612669499
2026-07-28 15:50:00,skocherhan,url,http://web.n26portale.com,,https://x.com/skocherhan/status/2082131676612669499
2026-07-28 15:58:00,Dixit_404,sha256,b5f4e1c142b5bcb472b30ab4428de4c891a7192c9687c471dabb93e85473b9fe,,https://x.com/Dixit_404/status/2082133556068044934
2026-07-28 15:59:00,onlyrosevelvet,url,https://www.nbcchicago.com/consumer/caught-on-camera-woman-records-possible-donation-scam-that-left-chicago-residents-out-thousands/3964946/,#scam,https://x.com/onlyrosevelvet/status/2082133869986271475
2026-07-28 16:36:00,AndreaDraghetti,url,http://37.148.161.44,,https://x.com/AndreaDraghetti/status/2082143167478976593
2026-07-28 16:36:00,AndreaDraghetti,ip,37.148.161.44,,https://x.com/AndreaDraghetti/status/2082143167478976593
2026-07-28 16:36:00,AndreaDraghetti,md5,298a6d3c18508b7ccab7fde444ddab1c,,https://x.com/AndreaDraghetti/status/2082143167478976593
2026-07-28 16:36:00,AndreaDraghetti,md5,e792fedfd11d56a9ad68e6d407b9a09e,,https://x.com/AndreaDraghetti/status/2082143167478976593
2026-07-28 17:07:00,tial_cl,domain,ab-whatsappdf.com,#phishing,https://x.com/tial_cl/status/2082151080973201598
2026-07-28 17:07:00,tial_cl,url,http://ab-whatsappdf.com,#phishing,https://x.com/tial_cl/status/2082151080973201598
2026-07-28 17:07:00,tial_cl,domain,ak-whatsappsh.com,#phishing,https://x.com/tial_cl/status/2082151080973201598
2026-07-28 17:07:00,tial_cl,url,http://ak-whatsappsh.com,#phishing,https://x.com/tial_cl/status/2082151080973201598
2026-07-28 17:07:00,tial_cl,domain,whatsapp-11.com,#phishing,https://x.com/tial_cl/status/2082151080973201598
2026-07-28 17:07:00,tial_cl,url,http://whatsapp-11.com,#phishing,https://x.com/tial_cl/status/2082151080973201598
2026-07-28 17:07:00,tial_cl,domain,whatsapp-12.com,#phishing,https://x.com/tial_cl/status/2082151080973201598
2026-07-28 17:07:00,tial_cl,url,http://whatsapp-12.com,#phishing,https://x.com/tial_cl/status/2082151080973201598
2026-07-28 17:07:00,tial_cl,domain,whatsappac.top,#phishing,https://x.com/tial_cl/status/2082151080973201598
2026-07-28 17:07:00,tial_cl,url,http://whatsappac.top,#phishing,https://x.com/tial_cl/status/2082151080973201598
2026-07-28 17:07:00,tial_cl,domain,whatsappcq.top,#phishing,https://x.com/tial_cl/status/2082151080973201598
2026-07-28 17:07:00,tial_cl,url,http://whatsappcq.top,#phishing,https://x.com/tial_cl/status/2082151080973201598
2026-07-28 17:07:00,tial_cl,domain,whatsappllc.top,#phishing,https://x.com/tial_cl/status/2082151080973201598
2026-07-28 17:07:00,tial_cl,url,http://whatsappllc.top,#phishing,https://x.com/tial_cl/status/2082151080973201598
2026-07-28 17:07:00,tial_cl,domain,whatsapppq.top,#phishing,https://x.com/tial_cl/status/2082151080973201598
2026-07-28 17:07:00,tial_cl,url,http://whatsapppq.top,#phishing,https://x.com/tial_cl/status/2082151080973201598
2026-07-28 17:07:00,tial_cl,domain,whatsappweb.store,#phishing,https://x.com/tial_cl/status/2082151080973201598
2026-07-28 17:07:00,tial_cl,url,http://whatsappweb.store,#phishing,https://x.com/tial_cl/status/2082151080973201598
2026-07-28 17:07:00,tial_cl,domain,whatsappy.online,#phishing,https://x.com/tial_cl/status/2082151080973201598
2026-07-28 17:07:00,tial_cl,url,http://whatsappy.online,#phishing,https://x.com/tial_cl/status/2082151080973201598
2026-07-28 17:07:00,tial_cl,domain,whattapp.icu,#phishing,https://x.com/tial_cl/status/2082151080973201598
2026-07-28 17:07:00,tial_cl,url,http://whattapp.icu,#phishing,https://x.com/tial_cl/status/2082151080973201598
2026-07-28 17:07:00,tial_cl,domain,whtsapp-assist.help,#phishing,https://x.com/tial_cl/status/2082151080973201598
2026-07-28 17:07:00,tial_cl,url,http://whtsapp-assist.help,#phishing,https://x.com/tial_cl/status/2082151080973201598
2026-07-28 17:07:00,tial_cl,domain,whtsapp.icu,#phishing,https://x.com/tial_cl/status/2082151080973201598
2026-07-28 17:07:00,tial_cl,url,http://whtsapp.icu,#phishing,https://x.com/tial_cl/status/2082151080973201598
2026-07-28 17:07:00,tial_cl,domain,731832-binance.com,#phishing,https://x.com/tial_cl/status/2082151080973201598
2026-07-28 17:07:00,tial_cl,url,http://731832-binance.com,#phishing,https://x.com/tial_cl/status/2082151080973201598
2026-07-28 17:07:00,tial_cl,domain,819302-binance.com,#phishing,https://x.com/tial_cl/status/2082151080973201598
2026-07-28 17:07:00,tial_cl,url,http://819302-binance.com,#phishing,https://x.com/tial_cl/status/2082151080973201598
2026-07-28 17:07:00,tial_cl,domain,830125coinbase.com,#phishing,https://x.com/tial_cl/status/2082151080973201598
2026-07-28 17:07:00,tial_cl,url,http://830125coinbase.com,#phishing,https://x.com/tial_cl/status/2082151080973201598
2026-07-28 17:07:00,tial_cl,domain,https-robiox.com,#phishing,https://x.com/tial_cl/status/2082151080973201598
2026-07-28 17:07:00,tial_cl,url,http://https-robiox.com,#phishing,https://x.com/tial_cl/status/2082151080973201598
2026-07-28 17:07:00,tial_cl,domain,robloxplyss.sbs,#phishing,https://x.com/tial_cl/status/2082151080973201598
2026-07-28 17:07:00,tial_cl,url,http://robloxplyss.sbs,#phishing,https://x.com/tial_cl/status/2082151080973201598
2026-07-28 17:07:00,tial_cl,domain,robloxrobux.top,#phishing,https://x.com/tial_cl/status/2082151080973201598
2026-07-28 17:07:00,tial_cl,url,http://robloxrobux.top,#phishing,https://x.com/tial_cl/status/2082151080973201598
2026-07-28 17:07:00,tial_cl,domain,acceso-santander.com,#phishing,https://x.com/tial_cl/status/2082151080973201598
2026-07-28 17:07:00,tial_cl,url,http://acceso-santander.com,#phishing,https://x.com/tial_cl/status/2082151080973201598
2026-07-28 17:07:00,tial_cl,domain,atualizacaosantanderpj.digital,#phishing,https://x.com/tial_cl/status/2082151080973201598
2026-07-28 17:07:00,tial_cl,url,http://atualizacaosantanderpj.digital,#phishing,https://x.com/tial_cl/status/2082151080973201598
2026-07-28 17:07:00,tial_cl,domain,identidad-santander.com,#phishing,https://x.com/tial_cl/status/2082151080973201598
2026-07-28 17:07:00,tial_cl,url,http://identidad-santander.com,#phishing,https://x.com/tial_cl/status/2082151080973201598
2026-07-28 17:07:00,tial_cl,domain,aliexpress-loginn028378223423.xyz,#phishing,https://x.com/tial_cl/status/2082151080973201598
2026-07-28 17:07:00,tial_cl,url,http://aliexpress-loginn028378223423.xyz,#phishing,https://x.com/tial_cl/status/2082151080973201598
2026-07-28 17:07:00,tial_cl,domain,aliexpress-luckyspin0283423423.xyz,#phishing,https://x.com/tial_cl/status/2082151080973201598
2026-07-28 17:07:00,tial_cl,url,http://aliexpress-luckyspin0283423423.xyz,#phishing,https://x.com/tial_cl/status/2082151080973201598
2026-07-28 17:07:00,tial_cl,domain,amazonprimeusa.com,#phishing,https://x.com/tial_cl/status/2082151080973201598
2026-07-28 17:07:00,tial_cl,url,http://amazonprimeusa.com,#phishing,https://x.com/tial_cl/status/2082151080973201598
2026-07-28 17:07:00,tial_cl,domain,sellercentroamazon.com,#phishing,https://x.com/tial_cl/status/2082151080973201598
2026-07-28 17:07:00,tial_cl,url,http://sellercentroamazon.com,#phishing,https://x.com/tial_cl/status/2082151080973201598
2026-07-28 17:07:00,tial_cl,domain,microsofts.net,#phishing,https://x.com/tial_cl/status/2082151080973201598
2026-07-28 17:07:00,tial_cl,url,http://microsofts.net,#phishing,https://x.com/tial_cl/status/2082151080973201598
2026-07-28 17:07:00,tial_cl,domain,shein-sp.com,#phishing,https://x.com/tial_cl/status/2082151080973201598
2026-07-28 17:07:00,tial_cl,url,http://shein-sp.com,#phishing,https://x.com/tial_cl/status/2082151080973201598
2026-07-28 17:07:00,tial_cl,domain,sheinai.xyz,#phishing,https://x.com/tial_cl/status/2082151080973201598
2026-07-28 17:07:00,tial_cl,url,http://sheinai.xyz,#phishing,https://x.com/tial_cl/status/2082151080973201598
2026-07-28 17:07:00,tial_cl,domain,tiktokshop64.shop,#phishing,https://x.com/tial_cl/status/2082151080973201598
2026-07-28 17:07:00,tial_cl,url,http://tiktokshop64.shop,#phishing,https://x.com/tial_cl/status/2082151080973201598
2026-07-28 17:07:00,tial_cl,domain,tiktokshop76.shop,#phishing,https://x.com/tial_cl/status/2082151080973201598
2026-07-28 17:07:00,tial_cl,url,http://tiktokshop76.shop,#phishing,https://x.com/tial_cl/status/2082151080973201598
2026-07-28 17:07:00,tial_cl,domain,29831-icloud.com,#phishing,https://x.com/tial_cl/status/2082151080973201598
2026-07-28 17:07:00,tial_cl,url,http://29831-icloud.com,#phishing,https://x.com/tial_cl/status/2082151080973201598
2026-07-28 17:07:00,tial_cl,domain,banorte.store,#phishing,https://x.com/tial_cl/status/2082151080973201598
2026-07-28 17:07:00,tial_cl,url,http://banorte.store,#phishing,https://x.com/tial_cl/status/2082151080973201598
2026-07-28 17:07:00,tial_cl,domain,bbvabanco.info,#phishing,https://x.com/tial_cl/status/2082151080973201598
2026-07-28 17:07:00,tial_cl,url,http://bbvabanco.info,#phishing,https://x.com/tial_cl/status/2082151080973201598
2026-07-28 17:07:00,tial_cl,domain,thecallofduty.shop,#phishing,https://x.com/tial_cl/status/2082151080973201598
2026-07-28 17:07:00,tial_cl,url,http://thecallofduty.shop,#phishing,https://x.com/tial_cl/status/2082151080973201598
2026-07-28 17:07:00,tial_cl,domain,eldo-dropbox.top,#phishing,https://x.com/tial_cl/status/2082151080973201598
2026-07-28 17:07:00,tial_cl,url,http://eldo-dropbox.top,#phishing,https://x.com/tial_cl/status/2082151080973201598
2026-07-28 17:07:00,tial_cl,domain,sssinstagram.xyz,#phishing,https://x.com/tial_cl/status/2082151080973201598
2026-07-28 17:07:00,tial_cl,url,http://sssinstagram.xyz,#phishing,https://x.com/tial_cl/status/2082151080973201598
2026-07-28 17:07:00,tial_cl,domain,linkedinweb.live,#phishing,https://x.com/tial_cl/status/2082151080973201598
2026-07-28 17:07:00,tial_cl,url,http://linkedinweb.live,#phishing,https://x.com/tial_cl/status/2082151080973201598
2026-07-28 17:07:00,tial_cl,domain,desbloqueiomercadolivre.com,#phishing,https://x.com/tial_cl/status/2082151080973201598
2026-07-28 17:07:00,tial_cl,url,http://desbloqueiomercadolivre.com,#phishing,https://x.com/tial_cl/status/2082151080973201598
2026-07-28 17:07:00,tial_cl,domain,norton-activate.com,#phishing,https://x.com/tial_cl/status/2082151080973201598
2026-07-28 17:07:00,tial_cl,url,http://norton-activate.com,#phishing,https://x.com/tial_cl/status/2082151080973201598
2026-07-28 17:07:00,tial_cl,domain,paypal.baby,#phishing,https://x.com/tial_cl/status/2082151080973201598
2026-07-28 17:07:00,tial_cl,url,http://paypal.baby,#phishing,https://x.com/tial_cl/status/2082151080973201598
2026-07-28 17:07:00,tial_cl,domain,steamcommunity.blog,#phishing,https://x.com/tial_cl/status/2082151080973201598
2026-07-28 17:07:00,tial_cl,url,http://steamcommunity.blog,#phishing,https://x.com/tial_cl/status/2082151080973201598
2026-07-28 17:07:00,tial_cl,domain,movst4r-pagos.site,#phishing,https://x.com/tial_cl/status/2082151080973201598
2026-07-28 17:07:00,tial_cl,url,http://movst4r-pagos.site,#phishing,https://x.com/tial_cl/status/2082151080973201598
2026-07-28 17:07:00,tial_cl,domain,mvstr-pagos.site,#phishing,https://x.com/tial_cl/status/2082151080973201598
2026-07-28 17:07:00,tial_cl,url,http://mvstr-pagos.site,#phishing,https://x.com/tial_cl/status/2082151080973201598
2026-07-28 17:07:00,tial_cl,domain,mvstr-pags.site,#phishing,https://x.com/tial_cl/status/2082151080973201598
2026-07-28 17:07:00,tial_cl,url,http://mvstr-pags.site,#phishing,https://x.com/tial_cl/status/2082151080973201598
2026-07-28 17:07:00,tial_cl,domain,mvstr-recau.site,#phishing,https://x.com/tial_cl/status/2082151080973201598
2026-07-28 17:07:00,tial_cl,url,http://mvstr-recau.site,#phishing,https://x.com/tial_cl/status/2082151080973201598
2026-07-28 17:07:00,tial_cl,domain,pagos-movst4r.site,#phishing,https://x.com/tial_cl/status/2082151080973201598
2026-07-28 17:07:00,tial_cl,url,http://pagos-movst4r.site,#phishing,https://x.com/tial_cl/status/2082151080973201598
2026-07-28 17:07:00,tial_cl,domain,pagos-mvstr.site,#phishing,https://x.com/tial_cl/status/2082151080973201598
2026-07-28 17:07:00,tial_cl,url,http://pagos-mvstr.site,#phishing,https://x.com/tial_cl/status/2082151080973201598
2026-07-28 17:07:00,tial_cl,domain,pags-mvstr.site,#phishing,https://x.com/tial_cl/status/2082151080973201598
2026-07-28 17:07:00,tial_cl,url,http://pags-mvstr.site,#phishing,https://x.com/tial_cl/status/2082151080973201598
2026-07-28 17:07:00,tial_cl,domain,recau-movst4r.site,#phishing,https://x.com/tial_cl/status/2082151080973201598
2026-07-28 17:07:00,tial_cl,url,http://recau-movst4r.site,#phishing,https://x.com/tial_cl/status/2082151080973201598
2026-07-28 17:07:00,tial_cl,domain,movistar-ar.com,#phishing,https://x.com/tial_cl/status/2082151080973201598
2026-07-28 17:07:00,tial_cl,url,http://movistar-ar.com,#phishing,https://x.com/tial_cl/status/2082151080973201598
2026-07-28 17:07:00,tial_cl,domain,movistard.top,#phishing,https://x.com/tial_cl/status/2082151080973201598
2026-07-28 17:07:00,tial_cl,url,http://movistard.top,#phishing,https://x.com/tial_cl/status/2082151080973201598
2026-07-28 17:07:00,tial_cl,domain,movister.top,#phishing,https://x.com/tial_cl/status/2082151080973201598
2026-07-28 17:07:00,tial_cl,url,http://movister.top,#phishing,https://x.com/tial_cl/status/2082151080973201598
2026-07-28 17:07:00,tial_cl,domain,movst4r.site,#phishing,https://x.com/tial_cl/status/2082151080973201598
2026-07-28 17:07:00,tial_cl,url,http://movst4r.site,#phishing,https://x.com/tial_cl/status/2082151080973201598
2026-07-28 17:07:00,tial_cl,domain,robloxx.click,#phishing,https://x.com/tial_cl/status/2082151080973201598
2026-07-28 17:07:00,tial_cl,url,http://robloxx.click,#phishing,https://x.com/tial_cl/status/2082151080973201598
2026-07-28 17:07:00,tial_cl,domain,promo-lrobloxl.click,#phishing,https://x.com/tial_cl/status/2082151080973201598
2026-07-28 17:07:00,tial_cl,url,http://promo-lrobloxl.click,#phishing,https://x.com/tial_cl/status/2082151080973201598
2026-07-28 17:07:00,tial_cl,domain,roblax.click,#phishing,https://x.com/tial_cl/status/2082151080973201598
2026-07-28 17:07:00,tial_cl,url,http://roblax.click,#phishing,https://x.com/tial_cl/status/2082151080973201598
2026-07-28 17:07:00,tial_cl,domain,roblox2026event.com,#phishing,https://x.com/tial_cl/status/2082151080973201598
2026-07-28 17:07:00,tial_cl,url,http://roblox2026event.com,#phishing,https://x.com/tial_cl/status/2082151080973201598
2026-07-28 17:07:00,tial_cl,domain,robloxact.top,#phishing,https://x.com/tial_cl/status/2082151080973201598
2026-07-28 17:07:00,tial_cl,url,http://robloxact.top,#phishing,https://x.com/tial_cl/status/2082151080973201598
2026-07-28 17:07:00,tial_cl,domain,robloxlforall.click,#phishing,https://x.com/tial_cl/status/2082151080973201598
2026-07-28 17:07:00,tial_cl,url,http://robloxlforall.click,#phishing,https://x.com/tial_cl/status/2082151080973201598
2026-07-28 17:07:00,tial_cl,domain,robloxo.cam,#phishing,https://x.com/tial_cl/status/2082151080973201598
2026-07-28 17:07:00,tial_cl,url,http://robloxo.cam,#phishing,https://x.com/tial_cl/status/2082151080973201598
2026-07-28 17:07:00,tial_cl,domain,rodlox.click,#phishing,https://x.com/tial_cl/status/2082151080973201598
2026-07-28 17:07:00,tial_cl,url,http://rodlox.click,#phishing,https://x.com/tial_cl/status/2082151080973201598
2026-07-28 17:07:00,tial_cl,domain,rolox.online,#phishing,https://x.com/tial_cl/status/2082151080973201598
2026-07-28 17:07:00,tial_cl,url,http://rolox.online,#phishing,https://x.com/tial_cl/status/2082151080973201598
2026-07-28 17:07:00,tial_cl,domain,rolox.store,#phishing,https://x.com/tial_cl/status/2082151080973201598
2026-07-28 17:07:00,tial_cl,url,http://rolox.store,#phishing,https://x.com/tial_cl/status/2082151080973201598
2026-07-28 17:07:00,tial_cl,domain,beibeicloud.cfd,#phishing,https://x.com/tial_cl/status/2082151080973201598
2026-07-28 17:07:00,tial_cl,url,http://beibeicloud.cfd,#phishing,https://x.com/tial_cl/status/2082151080973201598
2026-07-28 17:07:00,tial_cl,domain,beibeicloud.cyou,#phishing,https://x.com/tial_cl/status/2082151080973201598
2026-07-28 17:07:00,tial_cl,url,http://beibeicloud.cyou,#phishing,https://x.com/tial_cl/status/2082151080973201598
2026-07-28 17:07:00,tial_cl,domain,find-my-iphone.us,#phishing,https://x.com/tial_cl/status/2082151080973201598
2026-07-28 17:07:00,tial_cl,url,http://find-my-iphone.us,#phishing,https://x.com/tial_cl/status/2082151080973201598
2026-07-28 17:07:00,tial_cl,domain,find-my-location.app,#phishing,https://x.com/tial_cl/status/2082151080973201598
2026-07-28 17:07:00,tial_cl,url,http://find-my-location.app,#phishing,https://x.com/tial_cl/status/2082151080973201598
2026-07-28 17:07:00,tial_cl,domain,findmymx-info.help,#phishing,https://x.com/tial_cl/status/2082151080973201598
2026-07-28 17:07:00,tial_cl,url,http://findmymx-info.help,#phishing,https://x.com/tial_cl/status/2082151080973201598
2026-07-28 17:07:00,tial_cl,domain,icloud-fotos.help,#phishing,https://x.com/tial_cl/status/2082151080973201598
2026-07-28 17:07:00,tial_cl,url,http://icloud-fotos.help,#phishing,https://x.com/tial_cl/status/2082151080973201598
2026-07-28 17:07:00,tial_cl,domain,icloud-photo.app,#phishing,https://x.com/tial_cl/status/2082151080973201598
2026-07-28 17:07:00,tial_cl,url,http://icloud-photo.app,#phishing,https://x.com/tial_cl/status/2082151080973201598
2026-07-28 17:07:00,tial_cl,domain,icloud4k.sbs,#phishing,https://x.com/tial_cl/status/2082151080973201598
2026-07-28 17:07:00,tial_cl,url,http://icloud4k.sbs,#phishing,https://x.com/tial_cl/status/2082151080973201598
2026-07-28 17:07:00,tial_cl,domain,icloudfi.com,#phishing,https://x.com/tial_cl/status/2082151080973201598
2026-07-28 17:07:00,tial_cl,url,http://icloudfi.com,#phishing,https://x.com/tial_cl/status/2082151080973201598
2026-07-28 17:07:00,tial_cl,domain,hk-whatsapp.one,#phishing,https://x.com/tial_cl/status/2082151080973201598
2026-07-28 17:07:00,tial_cl,url,http://hk-whatsapp.one,#phishing,https://x.com/tial_cl/status/2082151080973201598
2026-07-28 17:07:00,tial_cl,domain,whatsapp-10.com,#phishing,https://x.com/tial_cl/status/2082151080973201598
2026-07-28 17:07:00,tial_cl,url,http://whatsapp-10.com,#phishing,https://x.com/tial_cl/status/2082151080973201598
2026-07-28 17:07:00,tial_cl,domain,whatsapp-5.com,#phishing,https://x.com/tial_cl/status/2082151080973201598
2026-07-28 17:07:00,tial_cl,url,http://whatsapp-5.com,#phishing,https://x.com/tial_cl/status/2082151080973201598
2026-07-28 17:07:00,tial_cl,domain,whatsapp-6.com,#phishing,https://x.com/tial_cl/status/2082151080973201598
2026-07-28 17:07:00,tial_cl,url,http://whatsapp-6.com,#phishing,https://x.com/tial_cl/status/2082151080973201598
2026-07-28 17:07:00,tial_cl,domain,whatsapp-7.com,#phishing,https://x.com/tial_cl/status/2082151080973201598
2026-07-28 17:07:00,tial_cl,url,http://whatsapp-7.com,#phishing,https://x.com/tial_cl/status/2082151080973201598
2026-07-28 17:07:00,tial_cl,domain,whatsapp-9.com,#phishing,https://x.com/tial_cl/status/2082151080973201598
2026-07-28 17:07:00,tial_cl,url,http://whatsapp-9.com,#phishing,https://x.com/tial_cl/status/2082151080973201598
2026-07-28 17:07:00,tial_cl,domain,whatsappgroupp.top,#phishing,https://x.com/tial_cl/status/2082151080973201598
2026-07-28 17:07:00,tial_cl,url,http://whatsappgroupp.top,#phishing,https://x.com/tial_cl/status/2082151080973201598
2026-07-28 17:07:00,tial_cl,domain,whatsappqu.top,#phishing,https://x.com/tial_cl/status/2082151080973201598
2026-07-28 17:07:00,tial_cl,url,http://whatsappqu.top,#phishing,https://x.com/tial_cl/status/2082151080973201598
2026-07-28 17:07:00,tial_cl,domain,amazon-slot-ca.com,#phishing,https://x.com/tial_cl/status/2082151080973201598
2026-07-28 17:07:00,tial_cl,url,http://amazon-slot-ca.com,#phishing,https://x.com/tial_cl/status/2082151080973201598
2026-07-28 17:07:00,tial_cl,domain,amazonfreeslots.com,#phishing,https://x.com/tial_cl/status/2082151080973201598
2026-07-28 17:07:00,tial_cl,url,http://amazonfreeslots.com,#phishing,https://x.com/tial_cl/status/2082151080973201598
2026-07-28 17:07:00,tial_cl,domain,amazongamegrey.com,#phishing,https://x.com/tial_cl/status/2082151080973201598
2026-07-28 17:07:00,tial_cl,url,http://amazongamegrey.com,#phishing,https://x.com/tial_cl/status/2082151080973201598
2026-07-28 17:07:00,tial_cl,domain,amazonslotstoday.com,#phishing,https://x.com/tial_cl/status/2082151080973201598
2026-07-28 17:07:00,tial_cl,url,http://amazonslotstoday.com,#phishing,https://x.com/tial_cl/status/2082151080973201598
2026-07-28 17:07:00,tial_cl,domain,playamazon-red.com,#phishing,https://x.com/tial_cl/status/2082151080973201598
2026-07-28 17:07:00,tial_cl,url,http://playamazon-red.com,#phishing,https://x.com/tial_cl/status/2082151080973201598
2026-07-28 17:07:00,tial_cl,domain,playamazon.online,#phishing,https://x.com/tial_cl/status/2082151080973201598
2026-07-28 17:07:00,tial_cl,url,http://playamazon.online,#phishing,https://x.com/tial_cl/status/2082151080973201598
2026-07-28 17:07:00,tial_cl,domain,ramazon.click,#phishing,https://x.com/tial_cl/status/2082151080973201598
2026-07-28 17:07:00,tial_cl,url,http://ramazon.click,#phishing,https://x.com/tial_cl/status/2082151080973201598
2026-07-28 17:07:00,tial_cl,domain,ntflx-pago.top,#phishing,https://x.com/tial_cl/status/2082151080973201598
2026-07-28 17:07:00,tial_cl,url,http://ntflx-pago.top,#phishing,https://x.com/tial_cl/status/2082151080973201598
2026-07-28 17:07:00,tial_cl,domain,casinonetflix.org,#phishing,https://x.com/tial_cl/status/2082151080973201598
2026-07-28 17:07:00,tial_cl,url,http://casinonetflix.org,#phishing,https://x.com/tial_cl/status/2082151080973201598
2026-07-28 17:07:00,tial_cl,domain,netflix-casinos.com,#phishing,https://x.com/tial_cl/status/2082151080973201598
2026-07-28 17:07:00,tial_cl,url,http://netflix-casinos.com,#phishing,https://x.com/tial_cl/status/2082151080973201598
2026-07-28 17:07:00,tial_cl,domain,one-paypl.club,#phishing,https://x.com/tial_cl/status/2082151080973201598
2026-07-28 17:07:00,tial_cl,url,http://one-paypl.club,#phishing,https://x.com/tial_cl/status/2082151080973201598
2026-07-28 17:07:00,tial_cl,domain,one-paypl.lol,#phishing,https://x.com/tial_cl/status/2082151080973201598
2026-07-28 17:07:00,tial_cl,url,http://one-paypl.lol,#phishing,https://x.com/tial_cl/status/2082151080973201598
2026-07-28 17:07:00,tial_cl,domain,uspaypal.top,#phishing,https://x.com/tial_cl/status/2082151080973201598
2026-07-28 17:07:00,tial_cl,url,http://uspaypal.top,#phishing,https://x.com/tial_cl/status/2082151080973201598
2026-07-28 17:07:00,tial_cl,domain,scotiabank-pin.com,#phishing,https://x.com/tial_cl/status/2082151080973201598
2026-07-28 17:07:00,tial_cl,url,http://scotiabank-pin.com,#phishing,https://x.com/tial_cl/status/2082151080973201598
2026-07-28 17:07:00,tial_cl,domain,scotiareset.app,#phishing,https://x.com/tial_cl/status/2082151080973201598
2026-07-28 17:07:00,tial_cl,url,http://scotiareset.app,#phishing,https://x.com/tial_cl/status/2082151080973201598
2026-07-28 17:07:00,tial_cl,domain,scotia.info,#phishing,https://x.com/tial_cl/status/2082151080973201598
2026-07-28 17:07:00,tial_cl,url,http://scotia.info,#phishing,https://x.com/tial_cl/status/2082151080973201598
2026-07-28 17:07:00,tial_cl,domain,sheinclaim.xyz,#phishing,https://x.com/tial_cl/status/2082151080973201598
2026-07-28 17:07:00,tial_cl,url,http://sheinclaim.xyz,#phishing,https://x.com/tial_cl/status/2082151080973201598
2026-07-28 17:07:00,tial_cl,domain,shein-wk.com,#phishing,https://x.com/tial_cl/status/2082151080973201598
2026-07-28 17:07:00,tial_cl,url,http://shein-wk.com,#phishing,https://x.com/tial_cl/status/2082151080973201598
2026-07-28 17:07:00,tial_cl,domain,sheinworkvip.com,#phishing,https://x.com/tial_cl/status/2082151080973201598
2026-07-28 17:07:00,tial_cl,url,http://sheinworkvip.com,#phishing,https://x.com/tial_cl/status/2082151080973201598
2026-07-28 17:07:00,tial_cl,domain,retiropaytiktokbonu.win,#phishing,https://x.com/tial_cl/status/2082151080973201598
2026-07-28 17:07:00,tial_cl,url,http://retiropaytiktokbonu.win,#phishing,https://x.com/tial_cl/status/2082151080973201598
2026-07-28 17:07:00,tial_cl,domain,tiktokshop72.shop,#phishing,https://x.com/tial_cl/status/2082151080973201598
2026-07-28 17:07:00,tial_cl,url,http://tiktokshop72.shop,#phishing,https://x.com/tial_cl/status/2082151080973201598
2026-07-28 17:07:00,tial_cl,domain,tiktok-promo.fun,#phishing,https://x.com/tial_cl/status/2082151080973201598
2026-07-28 17:07:00,tial_cl,url,http://tiktok-promo.fun,#phishing,https://x.com/tial_cl/status/2082151080973201598
2026-07-28 17:07:00,tial_cl,domain,aliexpress.college,#phishing,https://x.com/tial_cl/status/2082151080973201598
2026-07-28 17:07:00,tial_cl,url,http://aliexpress.college,#phishing,https://x.com/tial_cl/status/2082151080973201598
2026-07-28 17:07:00,tial_cl,domain,aliexpressonline.com,#phishing,https://x.com/tial_cl/status/2082151080973201598
2026-07-28 17:07:00,tial_cl,url,http://aliexpressonline.com,#phishing,https://x.com/tial_cl/status/2082151080973201598
2026-07-28 17:07:00,tial_cl,domain,docusign-access.icu,#phishing,https://x.com/tial_cl/status/2082151080973201598
2026-07-28 17:07:00,tial_cl,url,http://docusign-access.icu,#phishing,https://x.com/tial_cl/status/2082151080973201598
2026-07-28 17:07:00,tial_cl,domain,docusign.media,#phishing,https://x.com/tial_cl/status/2082151080973201598
2026-07-28 17:07:00,tial_cl,url,http://docusign.media,#phishing,https://x.com/tial_cl/status/2082151080973201598
2026-07-28 17:07:00,tial_cl,domain,fortnite-games.net,#phishing,https://x.com/tial_cl/status/2082151080973201598
2026-07-28 17:07:00,tial_cl,url,http://fortnite-games.net,#phishing,https://x.com/tial_cl/status/2082151080973201598
2026-07-28 17:07:00,tial_cl,domain,fortnitelocker.lol,#phishing,https://x.com/tial_cl/status/2082151080973201598
2026-07-28 17:07:00,tial_cl,url,http://fortnitelocker.lol,#phishing,https://x.com/tial_cl/status/2082151080973201598
2026-07-28 17:07:00,tial_cl,domain,onedrivebymicrosoft.com,#phishing,https://x.com/tial_cl/status/2082151080973201598
2026-07-28 17:07:00,tial_cl,url,http://onedrivebymicrosoft.com,#phishing,https://x.com/tial_cl/status/2082151080973201598
2026-07-28 17:07:00,tial_cl,domain,microsoft63.com,#phishing,https://x.com/tial_cl/status/2082151080973201598
2026-07-28 17:07:00,tial_cl,url,http://microsoft63.com,#phishing,https://x.com/tial_cl/status/2082151080973201598
2026-07-28 17:07:00,tial_cl,domain,ripley-serial.top,#phishing,https://x.com/tial_cl/status/2082151080973201598
2026-07-28 17:07:00,tial_cl,url,http://ripley-serial.top,#phishing,https://x.com/tial_cl/status/2082151080973201598
2026-07-28 17:07:00,tial_cl,domain,ripleyperu.com,#phishing,https://x.com/tial_cl/status/2082151080973201598
2026-07-28 17:07:00,tial_cl,url,http://ripleyperu.com,#phishing,https://x.com/tial_cl/status/2082151080973201598
2026-07-28 17:07:00,tial_cl,domain,ad0bedcumentsharingreview.online,#phishing,https://x.com/tial_cl/status/2082151080973201598
2026-07-28 17:07:00,tial_cl,url,http://ad0bedcumentsharingreview.online,#phishing,https://x.com/tial_cl/status/2082151080973201598
2026-07-28 17:07:00,tial_cl,domain,boa-support.us,#phishing,https://x.com/tial_cl/status/2082151080973201598
2026-07-28 17:07:00,tial_cl,url,http://boa-support.us,#phishing,https://x.com/tial_cl/status/2082151080973201598
2026-07-28 17:07:00,tial_cl,domain,bbvamensajesweb.com,#phishing,https://x.com/tial_cl/status/2082151080973201598
2026-07-28 17:07:00,tial_cl,url,http://bbvamensajesweb.com,#phishing,https://x.com/tial_cl/status/2082151080973201598
2026-07-28 17:07:00,tial_cl,domain,chileatiendegob.xyz,#phishing,https://x.com/tial_cl/status/2082151080973201598
2026-07-28 17:07:00,tial_cl,url,http://chileatiendegob.xyz,#phishing,https://x.com/tial_cl/status/2082151080973201598
2026-07-28 17:07:00,tial_cl,domain,nuevared-5gclaro-pe.com,#phishing,https://x.com/tial_cl/status/2082151080973201598
2026-07-28 17:07:00,tial_cl,url,http://nuevared-5gclaro-pe.com,#phishing,https://x.com/tial_cl/status/2082151080973201598
2026-07-28 17:07:00,tial_cl,domain,discordboost.info,#phishing,https://x.com/tial_cl/status/2082151080973201598
2026-07-28 17:07:00,tial_cl,url,http://discordboost.info,#phishing,https://x.com/tial_cl/status/2082151080973201598
2026-07-28 17:07:00,tial_cl,domain,facebook-invst.com,#phishing,https://x.com/tial_cl/status/2082151080973201598
2026-07-28 17:07:00,tial_cl,url,http://facebook-invst.com,#phishing,https://x.com/tial_cl/status/2082151080973201598
2026-07-28 17:07:00,tial_cl,domain,mlibrepagofull.com,#phishing,https://x.com/tial_cl/status/2082151080973201598
2026-07-28 17:07:00,tial_cl,url,http://mlibrepagofull.com,#phishing,https://x.com/tial_cl/status/2082151080973201598
2026-07-28 17:07:00,tial_cl,domain,paypayvip.bond,#phishing,https://x.com/tial_cl/status/2082151080973201598
2026-07-28 17:07:00,tial_cl,url,http://paypayvip.bond,#phishing,https://x.com/tial_cl/status/2082151080973201598
2026-07-28 17:07:00,tial_cl,domain,surasoatseguro.top,#phishing,https://x.com/tial_cl/status/2082151080973201598
2026-07-28 17:07:00,tial_cl,url,http://surasoatseguro.top,#phishing,https://x.com/tial_cl/status/2082151080973201598
2026-07-28 17:07:00,tial_cl,domain,telegram-org-doanload.xyz,#phishing,https://x.com/tial_cl/status/2082151080973201598
2026-07-28 17:07:00,tial_cl,url,http://telegram-org-doanload.xyz,#phishing,https://x.com/tial_cl/status/2082151080973201598
2026-07-28 17:07:00,tial_cl,domain,valorantacc.ru,#phishing,https://x.com/tial_cl/status/2082151080973201598
2026-07-28 17:07:00,tial_cl,url,http://valorantacc.ru,#phishing,https://x.com/tial_cl/status/2082151080973201598
2026-07-28 17:07:00,tial_cl,domain,globalwalmart.xyz,#phishing,https://x.com/tial_cl/status/2082151080973201598
2026-07-28 17:07:00,tial_cl,url,http://globalwalmart.xyz,#phishing,https://x.com/tial_cl/status/2082151080973201598
2026-07-28 17:07:00,tial_cl,domain,wechatonay.shop,#phishing,https://x.com/tial_cl/status/2082151080973201598
2026-07-28 17:07:00,tial_cl,url,http://wechatonay.shop,#phishing,https://x.com/tial_cl/status/2082151080973201598
2026-07-28 17:07:00,tial_cl,domain,whatsappweb.blog,#phishing,https://x.com/tial_cl/status/2082151080973201598
2026-07-28 17:07:00,tial_cl,url,http://whatsappweb.blog,#phishing,https://x.com/tial_cl/status/2082151080973201598
2026-07-28 17:07:00,tial_cl,domain,whatsappweb.fyi,#phishing,https://x.com/tial_cl/status/2082151080973201598
2026-07-28 17:07:00,tial_cl,url,http://whatsappweb.fyi,#phishing,https://x.com/tial_cl/status/2082151080973201598
2026-07-28 17:07:00,tial_cl,domain,whatsappweb.llc,#phishing,https://x.com/tial_cl/status/2082151080973201598
2026-07-28 17:07:00,tial_cl,url,http://whatsappweb.llc,#phishing,https://x.com/tial_cl/status/2082151080973201598
2026-07-28 17:07:00,tial_cl,domain,whatsappweb.lol,#phishing,https://x.com/tial_cl/status/2082151080973201598
2026-07-28 17:07:00,tial_cl,url,http://whatsappweb.lol,#phishing,https://x.com/tial_cl/status/2082151080973201598
2026-07-28 17:07:00,tial_cl,domain,whatsappweb.now,#phishing,https://x.com/tial_cl/status/2082151080973201598
2026-07-28 17:07:00,tial_cl,url,http://whatsappweb.now,#phishing,https://x.com/tial_cl/status/2082151080973201598
2026-07-28 17:07:00,tial_cl,domain,amazonslot1.com,#phishing,https://x.com/tial_cl/status/2082151080973201598
2026-07-28 17:07:00,tial_cl,url,http://amazonslot1.com,#phishing,https://x.com/tial_cl/status/2082151080973201598
2026-07-28 17:07:00,tial_cl,domain,apple-id.click,#phishing,https://x.com/tial_cl/status/2082151080973201598
2026-07-28 17:07:00,tial_cl,url,http://apple-id.click,#phishing,https://x.com/tial_cl/status/2082151080973201598
2026-07-28 17:07:00,tial_cl,domain,coinbasebackoffice.exchange,#phishing,https://x.com/tial_cl/status/2082151080973201598
2026-07-28 17:07:00,tial_cl,url,http://coinbasebackoffice.exchange,#phishing,https://x.com/tial_cl/status/2082151080973201598
2026-07-28 17:07:00,tial_cl,domain,mercadopagosupport.org,#phishing,https://x.com/tial_cl/status/2082151080973201598
2026-07-28 17:07:00,tial_cl,url,http://mercadopagosupport.org,#phishing,https://x.com/tial_cl/status/2082151080973201598
2026-07-28 17:07:00,tial_cl,domain,microsoftteams24.com,#phishing,https://x.com/tial_cl/status/2082151080973201598
2026-07-28 17:07:00,tial_cl,url,http://microsoftteams24.com,#phishing,https://x.com/tial_cl/status/2082151080973201598
2026-07-28 17:07:00,tial_cl,domain,valorantacc.online,#phishing,https://x.com/tial_cl/status/2082151080973201598
2026-07-28 17:07:00,tial_cl,url,http://valorantacc.online,#phishing,https://x.com/tial_cl/status/2082151080973201598
2026-07-28 17:07:00,tial_cl,domain,wechat888.com,#phishing,https://x.com/tial_cl/status/2082151080973201598
2026-07-28 17:07:00,tial_cl,url,http://wechat888.com,#phishing,https://x.com/tial_cl/status/2082151080973201598
2026-07-28 17:07:00,tial_cl,domain,rablox.click,#phishing,https://x.com/tial_cl/status/2082151080973201598
2026-07-28 17:07:00,tial_cl,url,http://rablox.click,#phishing,https://x.com/tial_cl/status/2082151080973201598
2026-07-28 17:07:00,tial_cl,domain,robblox.click,#phishing,https://x.com/tial_cl/status/2082151080973201598
2026-07-28 17:07:00,tial_cl,url,http://robblox.click,#phishing,https://x.com/tial_cl/status/2082151080973201598
2026-07-28 17:07:00,tial_cl,domain,robloxcon.top,#phishing,https://x.com/tial_cl/status/2082151080973201598
2026-07-28 17:07:00,tial_cl,url,http://robloxcon.top,#phishing,https://x.com/tial_cl/status/2082151080973201598
2026-07-28 17:07:00,tial_cl,domain,ripley.app,#phishing,https://x.com/tial_cl/status/2082151080973201598
2026-07-28 17:07:00,tial_cl,url,http://ripley.app,#phishing,https://x.com/tial_cl/status/2082151080973201598
2026-07-28 17:07:00,tial_cl,domain,teleegram-app.com,#phishing,https://x.com/tial_cl/status/2082150910101225915
2026-07-28 17:07:00,tial_cl,url,http://teleegram-app.com,#phishing,https://x.com/tial_cl/status/2082150910101225915
2026-07-28 17:07:00,tial_cl,domain,telegramm-app.com,#phishing,https://x.com/tial_cl/status/2082150910101225915
2026-07-28 17:07:00,tial_cl,url,http://telegramm-app.com,#phishing,https://x.com/tial_cl/status/2082150910101225915
2026-07-28 17:07:00,tial_cl,domain,telegramq-app.com,#phishing,https://x.com/tial_cl/status/2082150910101225915
2026-07-28 17:07:00,tial_cl,url,http://telegramq-app.com,#phishing,https://x.com/tial_cl/status/2082150910101225915
2026-07-28 17:07:00,tial_cl,domain,telegranm-app.com,#phishing,https://x.com/tial_cl/status/2082150910101225915
2026-07-28 17:07:00,tial_cl,url,http://telegranm-app.com,#phishing,https://x.com/tial_cl/status/2082150910101225915
2026-07-28 17:07:00,tial_cl,domain,telegrram-app.com,#phishing,https://x.com/tial_cl/status/2082150910101225915
2026-07-28 17:07:00,tial_cl,url,http://telegrram-app.com,#phishing,https://x.com/tial_cl/status/2082150910101225915
2026-07-28 17:07:00,tial_cl,domain,telepram.life,#phishing,https://x.com/tial_cl/status/2082150910101225915
2026-07-28 17:07:00,tial_cl,url,http://telepram.life,#phishing,https://x.com/tial_cl/status/2082150910101225915
2026-07-28 17:07:00,tial_cl,domain,teltegram-app.com,#phishing,https://x.com/tial_cl/status/2082150910101225915
2026-07-28 17:07:00,tial_cl,url,http://teltegram-app.com,#phishing,https://x.com/tial_cl/status/2082150910101225915
2026-07-28 17:07:00,tial_cl,domain,amazon-tech.ru,#phishing,https://x.com/tial_cl/status/2082150910101225915
2026-07-28 17:07:00,tial_cl,url,http://amazon-tech.ru,#phishing,https://x.com/tial_cl/status/2082150910101225915
2026-07-28 17:07:00,tial_cl,domain,amazonenterprise3.com,#phishing,https://x.com/tial_cl/status/2082150910101225915
2026-07-28 17:07:00,tial_cl,url,http://amazonenterprise3.com,#phishing,https://x.com/tial_cl/status/2082150910101225915
2026-07-28 17:07:00,tial_cl,domain,amazony.club,#phishing,https://x.com/tial_cl/status/2082150910101225915
2026-07-28 17:07:00,tial_cl,url,http://amazony.club,#phishing,https://x.com/tial_cl/status/2082150910101225915
2026-07-28 17:07:00,tial_cl,domain,fileamazoncloud.com,#phishing,https://x.com/tial_cl/status/2082150910101225915
2026-07-28 17:07:00,tial_cl,url,http://fileamazoncloud.com,#phishing,https://x.com/tial_cl/status/2082150910101225915
2026-07-28 17:07:00,tial_cl,domain,fileamazonhub.com,#phishing,https://x.com/tial_cl/status/2082150910101225915
2026-07-28 17:07:00,tial_cl,url,http://fileamazonhub.com,#phishing,https://x.com/tial_cl/status/2082150910101225915
2026-07-28 17:07:00,tial_cl,domain,ak-whatsappsh.top,#phishing,https://x.com/tial_cl/status/2082150910101225915
2026-07-28 17:07:00,tial_cl,url,http://ak-whatsappsh.top,#phishing,https://x.com/tial_cl/status/2082150910101225915
2026-07-28 17:07:00,tial_cl,domain,shop-whatapp.com,#phishing,https://x.com/tial_cl/status/2082150910101225915
2026-07-28 17:07:00,tial_cl,url,http://shop-whatapp.com,#phishing,https://x.com/tial_cl/status/2082150910101225915
2026-07-28 17:07:00,tial_cl,domain,what-sapp.cyou,#phishing,https://x.com/tial_cl/status/2082150910101225915
2026-07-28 17:07:00,tial_cl,url,http://what-sapp.cyou,#phishing,https://x.com/tial_cl/status/2082150910101225915
2026-07-28 17:07:00,tial_cl,domain,whatsapp188.com,#phishing,https://x.com/tial_cl/status/2082150910101225915
2026-07-28 17:07:00,tial_cl,url,http://whatsapp188.com,#phishing,https://x.com/tial_cl/status/2082150910101225915
2026-07-28 17:07:00,tial_cl,domain,findmyapple.top,#phishing,https://x.com/tial_cl/status/2082150910101225915
2026-07-28 17:07:00,tial_cl,url,http://findmyapple.top,#phishing,https://x.com/tial_cl/status/2082150910101225915
2026-07-28 17:07:00,tial_cl,domain,macosapplesecure.com,#phishing,https://x.com/tial_cl/status/2082150910101225915
2026-07-28 17:07:00,tial_cl,url,http://macosapplesecure.com,#phishing,https://x.com/tial_cl/status/2082150910101225915
2026-07-28 17:07:00,tial_cl,domain,mz8-icloud.top,#phishing,https://x.com/tial_cl/status/2082150910101225915
2026-07-28 17:07:00,tial_cl,url,http://mz8-icloud.top,#phishing,https://x.com/tial_cl/status/2082150910101225915
2026-07-28 17:07:00,tial_cl,domain,modrobloxapk.com,#phishing,https://x.com/tial_cl/status/2082150910101225915
2026-07-28 17:07:00,tial_cl,url,http://modrobloxapk.com,#phishing,https://x.com/tial_cl/status/2082150910101225915
2026-07-28 17:07:00,tial_cl,domain,roblox-xeno.com,#phishing,https://x.com/tial_cl/status/2082150910101225915
2026-07-28 17:07:00,tial_cl,url,http://roblox-xeno.com,#phishing,https://x.com/tial_cl/status/2082150910101225915
2026-07-28 17:07:00,tial_cl,domain,roblox-xeno.net,#phishing,https://x.com/tial_cl/status/2082150910101225915
2026-07-28 17:07:00,tial_cl,url,http://roblox-xeno.net,#phishing,https://x.com/tial_cl/status/2082150910101225915
2026-07-28 17:07:00,tial_cl,domain,adobe-documents.site,#phishing,https://x.com/tial_cl/status/2082150910101225915
2026-07-28 17:07:00,tial_cl,url,http://adobe-documents.site,#phishing,https://x.com/tial_cl/status/2082150910101225915
2026-07-28 17:07:00,tial_cl,domain,adobe-documentscloud.site,#phishing,https://x.com/tial_cl/status/2082150910101225915
2026-07-28 17:07:00,tial_cl,url,http://adobe-documentscloud.site,#phishing,https://x.com/tial_cl/status/2082150910101225915
2026-07-28 17:07:00,tial_cl,domain,131559coinbase.com,#phishing,https://x.com/tial_cl/status/2082150910101225915
2026-07-28 17:07:00,tial_cl,url,http://131559coinbase.com,#phishing,https://x.com/tial_cl/status/2082150910101225915
2026-07-28 17:07:00,tial_cl,domain,385855coinbase.com,#phishing,https://x.com/tial_cl/status/2082150910101225915
2026-07-28 17:07:00,tial_cl,url,http://385855coinbase.com,#phishing,https://x.com/tial_cl/status/2082150910101225915
2026-07-28 17:07:00,tial_cl,domain,microsoftsupport.cfd,#phishing,https://x.com/tial_cl/status/2082150910101225915
2026-07-28 17:07:00,tial_cl,url,http://microsoftsupport.cfd,#phishing,https://x.com/tial_cl/status/2082150910101225915
2026-07-28 17:07:00,tial_cl,domain,microsoftteam.info,#phishing,https://x.com/tial_cl/status/2082150910101225915
2026-07-28 17:07:00,tial_cl,url,http://microsoftteam.info,#phishing,https://x.com/tial_cl/status/2082150910101225915
2026-07-28 17:07:00,tial_cl,domain,one-paypl.biz,#phishing,https://x.com/tial_cl/status/2082150910101225915
2026-07-28 17:07:00,tial_cl,url,http://one-paypl.biz,#phishing,https://x.com/tial_cl/status/2082150910101225915
2026-07-28 17:07:00,tial_cl,domain,paypaln.com,#phishing,https://x.com/tial_cl/status/2082150910101225915
2026-07-28 17:07:00,tial_cl,url,http://paypaln.com,#phishing,https://x.com/tial_cl/status/2082150910101225915
2026-07-28 17:07:00,tial_cl,domain,activisionfreevip.com,#phishing,https://x.com/tial_cl/status/2082150910101225915
2026-07-28 17:07:00,tial_cl,url,http://activisionfreevip.com,#phishing,https://x.com/tial_cl/status/2082150910101225915
2026-07-28 17:07:00,tial_cl,domain,banorte-mobile.pro,#phishing,https://x.com/tial_cl/status/2082150910101225915
2026-07-28 17:07:00,tial_cl,url,http://banorte-mobile.pro,#phishing,https://x.com/tial_cl/status/2082150910101225915
2026-07-28 17:07:00,tial_cl,domain,crowdstrikedlp.store,#phishing,https://x.com/tial_cl/status/2082150910101225915
2026-07-28 17:07:00,tial_cl,url,http://crowdstrikedlp.store,#phishing,https://x.com/tial_cl/status/2082150910101225915
2026-07-28 17:07:00,tial_cl,domain,fortniteglobal.com,#phishing,https://x.com/tial_cl/status/2082150910101225915
2026-07-28 17:07:00,tial_cl,url,http://fortniteglobal.com,#phishing,https://x.com/tial_cl/status/2082150910101225915
2026-07-28 17:07:00,tial_cl,domain,kasperskydownload.wiki,#phishing,https://x.com/tial_cl/status/2082150910101225915
2026-07-28 17:07:00,tial_cl,url,http://kasperskydownload.wiki,#phishing,https://x.com/tial_cl/status/2082150910101225915
2026-07-28 17:07:00,tial_cl,domain,linkedln.store,#phishing,https://x.com/tial_cl/status/2082150910101225915
2026-07-28 17:07:00,tial_cl,url,http://linkedln.store,#phishing,https://x.com/tial_cl/status/2082150910101225915
2026-07-28 17:07:00,tial_cl,domain,mapfre.online,#phishing,https://x.com/tial_cl/status/2082150910101225915
2026-07-28 17:07:00,tial_cl,url,http://mapfre.online,#phishing,https://x.com/tial_cl/status/2082150910101225915
2026-07-28 17:07:00,tial_cl,domain,pichinchaencuesta.biz,#phishing,https://x.com/tial_cl/status/2082150910101225915
2026-07-28 17:07:00,tial_cl,url,http://pichinchaencuesta.biz,#phishing,https://x.com/tial_cl/status/2082150910101225915
2026-07-28 17:07:00,tial_cl,domain,santanderbank.store,#phishing,https://x.com/tial_cl/status/2082150910101225915
2026-07-28 17:07:00,tial_cl,url,http://santanderbank.store,#phishing,https://x.com/tial_cl/status/2082150910101225915
2026-07-28 17:07:00,tial_cl,domain,tiktokai.sbs,#phishing,https://x.com/tial_cl/status/2082150910101225915
2026-07-28 17:07:00,tial_cl,url,http://tiktokai.sbs,#phishing,https://x.com/tial_cl/status/2082150910101225915
2026-07-28 17:07:00,tial_cl,domain,pasastesintagebc.top,#phishing,https://x.com/tial_cl/status/2082150910101225915
2026-07-28 17:07:00,tial_cl,url,http://pasastesintagebc.top,#phishing,https://x.com/tial_cl/status/2082150910101225915
2026-07-28 17:07:00,tial_cl,domain,pasastesintagedc.top,#phishing,https://x.com/tial_cl/status/2082150910101225915
2026-07-28 17:07:00,tial_cl,url,http://pasastesintagedc.top,#phishing,https://x.com/tial_cl/status/2082150910101225915
2026-07-28 17:07:00,tial_cl,domain,pasastesintageec.top,#phishing,https://x.com/tial_cl/status/2082150910101225915
2026-07-28 17:07:00,tial_cl,url,http://pasastesintageec.top,#phishing,https://x.com/tial_cl/status/2082150910101225915
2026-07-28 17:07:00,tial_cl,domain,pasastesintagefc.top,#phishing,https://x.com/tial_cl/status/2082150910101225915
2026-07-28 17:07:00,tial_cl,url,http://pasastesintagefc.top,#phishing,https://x.com/tial_cl/status/2082150910101225915
2026-07-28 17:07:00,tial_cl,domain,pasastesintagegc.top,#phishing,https://x.com/tial_cl/status/2082150910101225915
2026-07-28 17:07:00,tial_cl,url,http://pasastesintagegc.top,#phishing,https://x.com/tial_cl/status/2082150910101225915
2026-07-28 17:07:00,tial_cl,domain,pasastesintagehc.top,#phishing,https://x.com/tial_cl/status/2082150910101225915
2026-07-28 17:07:00,tial_cl,url,http://pasastesintagehc.top,#phishing,https://x.com/tial_cl/status/2082150910101225915
2026-07-28 17:07:00,tial_cl,domain,pasastesintageic.top,#phishing,https://x.com/tial_cl/status/2082150910101225915
2026-07-28 17:07:00,tial_cl,url,http://pasastesintageic.top,#phishing,https://x.com/tial_cl/status/2082150910101225915
2026-07-28 17:07:00,tial_cl,domain,pasastesintagejc.top,#phishing,https://x.com/tial_cl/status/2082150910101225915
2026-07-28 17:07:00,tial_cl,url,http://pasastesintagejc.top,#phishing,https://x.com/tial_cl/status/2082150910101225915
2026-07-28 17:07:00,tial_cl,domain,pasastesintagekc.top,#phishing,https://x.com/tial_cl/status/2082150910101225915
2026-07-28 17:07:00,tial_cl,url,http://pasastesintagekc.top,#phishing,https://x.com/tial_cl/status/2082150910101225915
2026-07-28 17:07:00,tial_cl,domain,pasastesintagelc.top,#phishing,https://x.com/tial_cl/status/2082150910101225915
2026-07-28 17:07:00,tial_cl,url,http://pasastesintagelc.top,#phishing,https://x.com/tial_cl/status/2082150910101225915
2026-07-28 17:07:00,tial_cl,domain,pasastesintagemc.top,#phishing,https://x.com/tial_cl/status/2082150910101225915
2026-07-28 17:07:00,tial_cl,url,http://pasastesintagemc.top,#phishing,https://x.com/tial_cl/status/2082150910101225915
2026-07-28 17:07:00,tial_cl,domain,pasastesintagenc.top,#phishing,https://x.com/tial_cl/status/2082150910101225915
2026-07-28 17:07:00,tial_cl,url,http://pasastesintagenc.top,#phishing,https://x.com/tial_cl/status/2082150910101225915
2026-07-28 17:07:00,tial_cl,domain,pasastesintageoc.top,#phishing,https://x.com/tial_cl/status/2082150910101225915
2026-07-28 17:07:00,tial_cl,url,http://pasastesintageoc.top,#phishing,https://x.com/tial_cl/status/2082150910101225915
2026-07-28 17:07:00,tial_cl,domain,pasastesintagepc.top,#phishing,https://x.com/tial_cl/status/2082150910101225915
2026-07-28 17:07:00,tial_cl,url,http://pasastesintagepc.top,#phishing,https://x.com/tial_cl/status/2082150910101225915
2026-07-28 17:07:00,tial_cl,domain,pasastesintagerc.top,#phishing,https://x.com/tial_cl/status/2082150910101225915
2026-07-28 17:07:00,tial_cl,url,http://pasastesintagerc.top,#phishing,https://x.com/tial_cl/status/2082150910101225915
2026-07-28 17:07:00,tial_cl,domain,pasastesintagesc.top,#phishing,https://x.com/tial_cl/status/2082150910101225915
2026-07-28 17:07:00,tial_cl,url,http://pasastesintagesc.top,#phishing,https://x.com/tial_cl/status/2082150910101225915
2026-07-28 17:07:00,tial_cl,domain,pasastesintagetc.top,#phishing,https://x.com/tial_cl/status/2082150910101225915
2026-07-28 17:07:00,tial_cl,url,http://pasastesintagetc.top,#phishing,https://x.com/tial_cl/status/2082150910101225915
2026-07-28 17:07:00,tial_cl,domain,pasastesintageuc.top,#phishing,https://x.com/tial_cl/status/2082150910101225915
2026-07-28 17:07:00,tial_cl,url,http://pasastesintageuc.top,#phishing,https://x.com/tial_cl/status/2082150910101225915
2026-07-28 17:07:00,tial_cl,domain,pasastesintagevc.top,#phishing,https://x.com/tial_cl/status/2082150910101225915
2026-07-28 17:07:00,tial_cl,url,http://pasastesintagevc.top,#phishing,https://x.com/tial_cl/status/2082150910101225915
2026-07-28 17:07:00,tial_cl,domain,pasastesintagewc.top,#phishing,https://x.com/tial_cl/status/2082150910101225915
2026-07-28 17:07:00,tial_cl,url,http://pasastesintagewc.top,#phishing,https://x.com/tial_cl/status/2082150910101225915
2026-07-28 17:07:00,tial_cl,domain,pasastesintagexc.top,#phishing,https://x.com/tial_cl/status/2082150910101225915
2026-07-28 17:07:00,tial_cl,url,http://pasastesintagexc.top,#phishing,https://x.com/tial_cl/status/2082150910101225915
2026-07-28 17:07:00,tial_cl,domain,pasastesintageyc.top,#phishing,https://x.com/tial_cl/status/2082150910101225915
2026-07-28 17:07:00,tial_cl,url,http://pasastesintageyc.top,#phishing,https://x.com/tial_cl/status/2082150910101225915
2026-07-28 17:07:00,tial_cl,domain,pasastesintagezc.top,#phishing,https://x.com/tial_cl/status/2082150910101225915
2026-07-28 17:07:00,tial_cl,url,http://pasastesintagezc.top,#phishing,https://x.com/tial_cl/status/2082150910101225915
2026-07-28 17:07:00,tial_cl,domain,icloud-buscardispositivo.com,#phishing,https://x.com/tial_cl/status/2082150910101225915
2026-07-28 17:07:00,tial_cl,url,http://icloud-buscardispositivo.com,#phishing,https://x.com/tial_cl/status/2082150910101225915
2026-07-28 17:07:00,tial_cl,domain,supporto-icloud.support,#phishing,https://x.com/tial_cl/status/2082150910101225915
2026-07-28 17:07:00,tial_cl,url,http://supporto-icloud.support,#phishing,https://x.com/tial_cl/status/2082150910101225915
2026-07-28 17:07:00,tial_cl,domain,woist-appleid.com,#phishing,https://x.com/tial_cl/status/2082150910101225915
2026-07-28 17:07:00,tial_cl,url,http://woist-appleid.com,#phishing,https://x.com/tial_cl/status/2082150910101225915
2026-07-28 17:07:00,tial_cl,domain,apple-find.help,#phishing,https://x.com/tial_cl/status/2082150910101225915
2026-07-28 17:07:00,tial_cl,url,http://apple-find.help,#phishing,https://x.com/tial_cl/status/2082150910101225915
2026-07-28 17:07:00,tial_cl,domain,applessupports.live,#phishing,https://x.com/tial_cl/status/2082150910101225915
2026-07-28 17:07:00,tial_cl,url,http://applessupports.live,#phishing,https://x.com/tial_cl/status/2082150910101225915
2026-07-28 17:07:00,tial_cl,domain,assign-icloud.com,#phishing,https://x.com/tial_cl/status/2082150910101225915
2026-07-28 17:07:00,tial_cl,url,http://assign-icloud.com,#phishing,https://x.com/tial_cl/status/2082150910101225915
2026-07-28 17:07:00,tial_cl,domain,bz8-icloud.top,#phishing,https://x.com/tial_cl/status/2082150910101225915
2026-07-28 17:07:00,tial_cl,url,http://bz8-icloud.top,#phishing,https://x.com/tial_cl/status/2082150910101225915
2026-07-28 17:07:00,tial_cl,domain,findmy-devlce.online,#phishing,https://x.com/tial_cl/status/2082150910101225915
2026-07-28 17:07:00,tial_cl,url,http://findmy-devlce.online,#phishing,https://x.com/tial_cl/status/2082150910101225915
2026-07-28 17:07:00,tial_cl,domain,findmy-locator.app,#phishing,https://x.com/tial_cl/status/2082150910101225915
2026-07-28 17:07:00,tial_cl,url,http://findmy-locator.app,#phishing,https://x.com/tial_cl/status/2082150910101225915
2026-07-28 17:07:00,tial_cl,domain,findmy-phone-location.live,#phishing,https://x.com/tial_cl/status/2082150910101225915
2026-07-28 17:07:00,tial_cl,url,http://findmy-phone-location.live,#phishing,https://x.com/tial_cl/status/2082150910101225915
2026-07-28 17:07:00,tial_cl,domain,hf8-icloud.top,#phishing,https://x.com/tial_cl/status/2082150910101225915
2026-07-28 17:07:00,tial_cl,url,http://hf8-icloud.top,#phishing,https://x.com/tial_cl/status/2082150910101225915
2026-07-28 17:07:00,tial_cl,domain,icloud-network.com,#phishing,https://x.com/tial_cl/status/2082150910101225915
2026-07-28 17:07:00,tial_cl,url,http://icloud-network.com,#phishing,https://x.com/tial_cl/status/2082150910101225915
2026-07-28 17:07:00,tial_cl,domain,imapicloud.site,#phishing,https://x.com/tial_cl/status/2082150910101225915
2026-07-28 17:07:00,tial_cl,url,http://imapicloud.site,#phishing,https://x.com/tial_cl/status/2082150910101225915
2026-07-28 17:07:00,tial_cl,domain,ip9-icloud.top,#phishing,https://x.com/tial_cl/status/2082150910101225915
2026-07-28 17:07:00,tial_cl,url,http://ip9-icloud.top,#phishing,https://x.com/tial_cl/status/2082150910101225915
2026-07-28 17:07:00,tial_cl,domain,jz7-icloud.top,#phishing,https://x.com/tial_cl/status/2082150910101225915
2026-07-28 17:07:00,tial_cl,url,http://jz7-icloud.top,#phishing,https://x.com/tial_cl/status/2082150910101225915
2026-07-28 17:07:00,tial_cl,domain,li7-icloud.top,#phishing,https://x.com/tial_cl/status/2082150910101225915
2026-07-28 17:07:00,tial_cl,url,http://li7-icloud.top,#phishing,https://x.com/tial_cl/status/2082150910101225915
2026-07-28 17:07:00,tial_cl,domain,location-apple.net,#phishing,https://x.com/tial_cl/status/2082150910101225915
2026-07-28 17:07:00,tial_cl,url,http://location-apple.net,#phishing,https://x.com/tial_cl/status/2082150910101225915
2026-07-28 17:07:00,tial_cl,domain,oz5-icloud.top,#phishing,https://x.com/tial_cl/status/2082150910101225915
2026-07-28 17:07:00,tial_cl,url,http://oz5-icloud.top,#phishing,https://x.com/tial_cl/status/2082150910101225915
2026-07-28 17:07:00,tial_cl,domain,ps3-icloud.top,#phishing,https://x.com/tial_cl/status/2082150910101225915
2026-07-28 17:07:00,tial_cl,url,http://ps3-icloud.top,#phishing,https://x.com/tial_cl/status/2082150910101225915
2026-07-28 17:07:00,tial_cl,domain,te2-icloud.top,#phishing,https://x.com/tial_cl/status/2082150910101225915
2026-07-28 17:07:00,tial_cl,url,http://te2-icloud.top,#phishing,https://x.com/tial_cl/status/2082150910101225915
2026-07-28 17:07:00,tial_cl,domain,www-findmydevice.online,#phishing,https://x.com/tial_cl/status/2082150910101225915
2026-07-28 17:07:00,tial_cl,url,http://www-findmydevice.online,#phishing,https://x.com/tial_cl/status/2082150910101225915
2026-07-28 17:07:00,tial_cl,domain,zh2-icloud.top,#phishing,https://x.com/tial_cl/status/2082150910101225915
2026-07-28 17:07:00,tial_cl,url,http://zh2-icloud.top,#phishing,https://x.com/tial_cl/status/2082150910101225915
2026-07-28 17:07:00,tial_cl,domain,amazonleobilling.com,#phishing,https://x.com/tial_cl/status/2082150910101225915
2026-07-28 17:07:00,tial_cl,url,http://amazonleobilling.com,#phishing,https://x.com/tial_cl/status/2082150910101225915
2026-07-28 17:07:00,tial_cl,domain,billing-amazon-leo.com,#phishing,https://x.com/tial_cl/status/2082150910101225915
2026-07-28 17:07:00,tial_cl,url,http://billing-amazon-leo.com,#phishing,https://x.com/tial_cl/status/2082150910101225915
2026-07-28 17:07:00,tial_cl,domain,amazon-bucket.online,#phishing,https://x.com/tial_cl/status/2082150910101225915
2026-07-28 17:07:00,tial_cl,url,http://amazon-bucket.online,#phishing,https://x.com/tial_cl/status/2082150910101225915
2026-07-28 17:07:00,tial_cl,domain,amazonaf.cfd,#phishing,https://x.com/tial_cl/status/2082150910101225915
2026-07-28 17:07:00,tial_cl,url,http://amazonaf.cfd,#phishing,https://x.com/tial_cl/status/2082150910101225915
2026-07-28 17:07:00,tial_cl,domain,amazonawsbedrock.com,#phishing,https://x.com/tial_cl/status/2082150910101225915
2026-07-28 17:07:00,tial_cl,url,http://amazonawsbedrock.com,#phishing,https://x.com/tial_cl/status/2082150910101225915
2026-07-28 17:07:00,tial_cl,domain,amazonenterprise1.com,#phishing,https://x.com/tial_cl/status/2082150910101225915
2026-07-28 17:07:00,tial_cl,url,http://amazonenterprise1.com,#phishing,https://x.com/tial_cl/status/2082150910101225915
2026-07-28 17:07:00,tial_cl,domain,amazonenterprise2.com,#phishing,https://x.com/tial_cl/status/2082150910101225915
2026-07-28 17:07:00,tial_cl,url,http://amazonenterprise2.com,#phishing,https://x.com/tial_cl/status/2082150910101225915
2026-07-28 17:07:00,tial_cl,domain,amazonfree.online,#phishing,https://x.com/tial_cl/status/2082150910101225915
2026-07-28 17:07:00,tial_cl,url,http://amazonfree.online,#phishing,https://x.com/tial_cl/status/2082150910101225915
2026-07-28 17:07:00,tial_cl,domain,amazonmgmstudio.org,#phishing,https://x.com/tial_cl/status/2082150910101225915
2026-07-28 17:07:00,tial_cl,url,http://amazonmgmstudio.org,#phishing,https://x.com/tial_cl/status/2082150910101225915
2026-07-28 17:07:00,tial_cl,domain,amazonnetwork360.com,#phishing,https://x.com/tial_cl/status/2082150910101225915
2026-07-28 17:07:00,tial_cl,url,http://amazonnetwork360.com,#phishing,https://x.com/tial_cl/status/2082150910101225915
2026-07-28 17:07:00,tial_cl,domain,amazonvoiceai.com,#phishing,https://x.com/tial_cl/status/2082150910101225915
2026-07-28 17:07:00,tial_cl,url,http://amazonvoiceai.com,#phishing,https://x.com/tial_cl/status/2082150910101225915
2026-07-28 17:07:00,tial_cl,domain,ab-whatsappdf.top,#phishing,https://x.com/tial_cl/status/2082150910101225915
2026-07-28 17:07:00,tial_cl,url,http://ab-whatsappdf.top,#phishing,https://x.com/tial_cl/status/2082150910101225915
2026-07-28 17:07:00,tial_cl,domain,rk-whatsappsh.top,#phishing,https://x.com/tial_cl/status/2082150910101225915
2026-07-28 17:07:00,tial_cl,url,http://rk-whatsappsh.top,#phishing,https://x.com/tial_cl/status/2082150910101225915
2026-07-28 17:07:00,tial_cl,domain,whasappdata.top,#phishing,https://x.com/tial_cl/status/2082150910101225915
2026-07-28 17:07:00,tial_cl,url,http://whasappdata.top,#phishing,https://x.com/tial_cl/status/2082150910101225915
2026-07-28 17:07:00,tial_cl,domain,whasappla.top,#phishing,https://x.com/tial_cl/status/2082150910101225915
2026-07-28 17:07:00,tial_cl,url,http://whasappla.top,#phishing,https://x.com/tial_cl/status/2082150910101225915
2026-07-28 17:07:00,tial_cl,domain,whasapplc.top,#phishing,https://x.com/tial_cl/status/2082150910101225915
2026-07-28 17:07:00,tial_cl,url,http://whasapplc.top,#phishing,https://x.com/tial_cl/status/2082150910101225915
2026-07-28 17:07:00,tial_cl,domain,whasapptc.top,#phishing,https://x.com/tial_cl/status/2082150910101225915
2026-07-28 17:07:00,tial_cl,url,http://whasapptc.top,#phishing,https://x.com/tial_cl/status/2082150910101225915
2026-07-28 17:07:00,tial_cl,domain,whassapp-us.com,#phishing,https://x.com/tial_cl/status/2082150910101225915
2026-07-28 17:07:00,tial_cl,url,http://whassapp-us.com,#phishing,https://x.com/tial_cl/status/2082150910101225915
2026-07-28 17:07:00,tial_cl,domain,whataspp-cx.com,#phishing,https://x.com/tial_cl/status/2082150910101225915
2026-07-28 17:07:00,tial_cl,url,http://whataspp-cx.com,#phishing,https://x.com/tial_cl/status/2082150910101225915
2026-07-28 17:07:00,tial_cl,domain,whatsapp-me-chatnow.club,#phishing,https://x.com/tial_cl/status/2082150910101225915
2026-07-28 17:07:00,tial_cl,url,http://whatsapp-me-chatnow.club,#phishing,https://x.com/tial_cl/status/2082150910101225915
2026-07-28 17:07:00,tial_cl,domain,21argarena.com,#phishing,https://x.com/tial_cl/status/2082150910101225915
2026-07-28 17:07:00,tial_cl,url,http://21argarena.com,#phishing,https://x.com/tial_cl/status/2082150910101225915
2026-07-28 17:07:00,tial_cl,domain,21argarena1.com,#phishing,https://x.com/tial_cl/status/2082150910101225915
2026-07-28 17:07:00,tial_cl,url,http://21argarena1.com,#phishing,https://x.com/tial_cl/status/2082150910101225915
2026-07-28 17:07:00,tial_cl,domain,21argarena2.com,#phishing,https://x.com/tial_cl/status/2082150910101225915
2026-07-28 17:07:00,tial_cl,url,http://21argarena2.com,#phishing,https://x.com/tial_cl/status/2082150910101225915
2026-07-28 17:07:00,tial_cl,domain,21argarena3.com,#phishing,https://x.com/tial_cl/status/2082150910101225915
2026-07-28 17:07:00,tial_cl,url,http://21argarena3.com,#phishing,https://x.com/tial_cl/status/2082150910101225915
2026-07-28 17:07:00,tial_cl,domain,21argarena4.com,#phishing,https://x.com/tial_cl/status/2082150910101225915
2026-07-28 17:07:00,tial_cl,url,http://21argarena4.com,#phishing,https://x.com/tial_cl/status/2082150910101225915
2026-07-28 17:07:00,tial_cl,domain,garena138.net,#phishing,https://x.com/tial_cl/status/2082150910101225915
2026-07-28 17:07:00,tial_cl,url,http://garena138.net,#phishing,https://x.com/tial_cl/status/2082150910101225915
2026-07-28 17:07:00,tial_cl,domain,garena888.net,#phishing,https://x.com/tial_cl/status/2082150910101225915
2026-07-28 17:07:00,tial_cl,url,http://garena888.net,#phishing,https://x.com/tial_cl/status/2082150910101225915
2026-07-28 17:07:00,tial_cl,domain,office365-customercareservicelicensingsupport.com,#phishing,https://x.com/tial_cl/status/2082150910101225915
2026-07-28 17:07:00,tial_cl,url,http://office365-customercareservicelicensingsupport.com,#phishing,https://x.com/tial_cl/status/2082150910101225915
2026-07-28 17:07:00,tial_cl,domain,office365licensingsupport.com,#phishing,https://x.com/tial_cl/status/2082150910101225915
2026-07-28 17:07:00,tial_cl,url,http://office365licensingsupport.com,#phishing,https://x.com/tial_cl/status/2082150910101225915
2026-07-28 17:07:00,tial_cl,domain,microsoftsupport.pro,#phishing,https://x.com/tial_cl/status/2082150910101225915
2026-07-28 17:07:00,tial_cl,url,http://microsoftsupport.pro,#phishing,https://x.com/tial_cl/status/2082150910101225915
2026-07-28 17:07:00,tial_cl,domain,801500-microsoft.top,#phishing,https://x.com/tial_cl/status/2082150910101225915
2026-07-28 17:07:00,tial_cl,url,http://801500-microsoft.top,#phishing,https://x.com/tial_cl/status/2082150910101225915
2026-07-28 17:07:00,tial_cl,domain,microsofts.vip,#phishing,https://x.com/tial_cl/status/2082150910101225915
2026-07-28 17:07:00,tial_cl,url,http://microsofts.vip,#phishing,https://x.com/tial_cl/status/2082150910101225915
2026-07-28 17:07:00,tial_cl,domain,office-downloadsecure.click,#phishing,https://x.com/tial_cl/status/2082150910101225915
2026-07-28 17:07:00,tial_cl,url,http://office-downloadsecure.click,#phishing,https://x.com/tial_cl/status/2082150910101225915
2026-07-28 17:07:00,tial_cl,domain,outlookmail.social,#phishing,https://x.com/tial_cl/status/2082150910101225915
2026-07-28 17:07:00,tial_cl,url,http://outlookmail.social,#phishing,https://x.com/tial_cl/status/2082150910101225915
2026-07-28 17:07:00,tial_cl,domain,cybercommandroblox.com,#phishing,https://x.com/tial_cl/status/2082150910101225915
2026-07-28 17:07:00,tial_cl,url,http://cybercommandroblox.com,#phishing,https://x.com/tial_cl/status/2082150910101225915
2026-07-28 17:07:00,tial_cl,domain,cyberroblox.com,#phishing,https://x.com/tial_cl/status/2082150910101225915
2026-07-28 17:07:00,tial_cl,url,http://cyberroblox.com,#phishing,https://x.com/tial_cl/status/2082150910101225915
2026-07-28 17:07:00,tial_cl,domain,freerobloxtix.com,#phishing,https://x.com/tial_cl/status/2082150910101225915
2026-07-28 17:07:00,tial_cl,url,http://freerobloxtix.com,#phishing,https://x.com/tial_cl/status/2082150910101225915
2026-07-28 17:07:00,tial_cl,domain,robilox.fun,#phishing,https://x.com/tial_cl/status/2082150910101225915
2026-07-28 17:07:00,tial_cl,url,http://robilox.fun,#phishing,https://x.com/tial_cl/status/2082150910101225915
2026-07-28 17:07:00,tial_cl,domain,roblox-xeno.online,#phishing,https://x.com/tial_cl/status/2082150910101225915
2026-07-28 17:07:00,tial_cl,url,http://roblox-xeno.online,#phishing,https://x.com/tial_cl/status/2082150910101225915
2026-07-28 17:07:00,tial_cl,domain,robloxcopymap.com,#phishing,https://x.com/tial_cl/status/2082150910101225915
2026-07-28 17:07:00,tial_cl,url,http://robloxcopymap.com,#phishing,https://x.com/tial_cl/status/2082150910101225915
2026-07-28 17:07:00,tial_cl,domain,robox.info,#phishing,https://x.com/tial_cl/status/2082150910101225915
2026-07-28 17:07:00,tial_cl,url,http://robox.info,#phishing,https://x.com/tial_cl/status/2082150910101225915
2026-07-28 17:07:00,tial_cl,domain,tiktokglobalstore.buzz,#phishing,https://x.com/tial_cl/status/2082150910101225915
2026-07-28 17:07:00,tial_cl,url,http://tiktokglobalstore.buzz,#phishing,https://x.com/tial_cl/status/2082150910101225915
2026-07-28 17:07:00,tial_cl,domain,tiktokshop164.shop,#phishing,https://x.com/tial_cl/status/2082150910101225915
2026-07-28 17:07:00,tial_cl,url,http://tiktokshop164.shop,#phishing,https://x.com/tial_cl/status/2082150910101225915
2026-07-28 17:07:00,tial_cl,domain,tiktokshop211.shop,#phishing,https://x.com/tial_cl/status/2082150910101225915
2026-07-28 17:07:00,tial_cl,url,http://tiktokshop211.shop,#phishing,https://x.com/tial_cl/status/2082150910101225915
2026-07-28 17:07:00,tial_cl,domain,tiktokshop513.shop,#phishing,https://x.com/tial_cl/status/2082150910101225915
2026-07-28 17:07:00,tial_cl,url,http://tiktokshop513.shop,#phishing,https://x.com/tial_cl/status/2082150910101225915
2026-07-28 17:07:00,tial_cl,domain,clonetiktok.shop,#phishing,https://x.com/tial_cl/status/2082150910101225915
2026-07-28 17:07:00,tial_cl,url,http://clonetiktok.shop,#phishing,https://x.com/tial_cl/status/2082150910101225915
2026-07-28 17:07:00,tial_cl,domain,tiktokcopaliive.com,#phishing,https://x.com/tial_cl/status/2082150910101225915
2026-07-28 17:07:00,tial_cl,url,http://tiktokcopaliive.com,#phishing,https://x.com/tial_cl/status/2082150910101225915
2026-07-28 17:07:00,tial_cl,domain,support-telegrarn.info,#phishing,https://x.com/tial_cl/status/2082150910101225915
2026-07-28 17:07:00,tial_cl,url,http://support-telegrarn.info,#phishing,https://x.com/tial_cl/status/2082150910101225915
2026-07-28 17:07:00,tial_cl,domain,teleggram-app.com,#phishing,https://x.com/tial_cl/status/2082150910101225915
2026-07-28 17:07:00,tial_cl,url,http://teleggram-app.com,#phishing,https://x.com/tial_cl/status/2082150910101225915
2026-07-28 17:07:00,tial_cl,domain,telegraam-app.com,#phishing,https://x.com/tial_cl/status/2082150910101225915
2026-07-28 17:07:00,tial_cl,url,http://telegraam-app.com,#phishing,https://x.com/tial_cl/status/2082150910101225915
2026-07-28 17:07:00,tial_cl,domain,telegramw-app.com,#phishing,https://x.com/tial_cl/status/2082150910101225915
2026-07-28 17:07:00,tial_cl,url,http://telegramw-app.com,#phishing,https://x.com/tial_cl/status/2082150910101225915
2026-07-28 17:07:00,tial_cl,domain,tellegram-app.com,#phishing,https://x.com/tial_cl/status/2082150910101225915
2026-07-28 17:07:00,tial_cl,url,http://tellegram-app.com,#phishing,https://x.com/tial_cl/status/2082150910101225915
2026-07-28 17:07:00,tial_cl,domain,mercadolibreorg.shop,#phishing,https://x.com/tial_cl/status/2082150910101225915
2026-07-28 17:07:00,tial_cl,url,http://mercadolibreorg.shop,#phishing,https://x.com/tial_cl/status/2082150910101225915
2026-07-28 17:07:00,tial_cl,domain,mercadolibr-us.bond,#phishing,https://x.com/tial_cl/status/2082150910101225915
2026-07-28 17:07:00,tial_cl,url,http://mercadolibr-us.bond,#phishing,https://x.com/tial_cl/status/2082150910101225915
2026-07-28 17:07:00,tial_cl,domain,mercadolibr-us.cam,#phishing,https://x.com/tial_cl/status/2082150910101225915
2026-07-28 17:07:00,tial_cl,url,http://mercadolibr-us.cam,#phishing,https://x.com/tial_cl/status/2082150910101225915
2026-07-28 17:07:00,tial_cl,domain,mercadolibr-us.shop,#phishing,https://x.com/tial_cl/status/2082150910101225915
2026-07-28 17:07:00,tial_cl,url,http://mercadolibr-us.shop,#phishing,https://x.com/tial_cl/status/2082150910101225915
2026-07-28 17:07:00,tial_cl,domain,banorte-pay.pro,#phishing,https://x.com/tial_cl/status/2082150910101225915
2026-07-28 17:07:00,tial_cl,url,http://banorte-pay.pro,#phishing,https://x.com/tial_cl/status/2082150910101225915
2026-07-28 17:07:00,tial_cl,domain,banorte-payout.pro,#phishing,https://x.com/tial_cl/status/2082150910101225915
2026-07-28 17:07:00,tial_cl,url,http://banorte-payout.pro,#phishing,https://x.com/tial_cl/status/2082150910101225915
2026-07-28 17:07:00,tial_cl,domain,pay-banorte.pro,#phishing,https://x.com/tial_cl/status/2082150910101225915
2026-07-28 17:07:00,tial_cl,url,http://pay-banorte.pro,#phishing,https://x.com/tial_cl/status/2082150910101225915
2026-07-28 17:07:00,tial_cl,domain,fortbite-sale.com,#phishing,https://x.com/tial_cl/status/2082150910101225915
2026-07-28 17:07:00,tial_cl,url,http://fortbite-sale.com,#phishing,https://x.com/tial_cl/status/2082150910101225915
2026-07-28 17:07:00,tial_cl,domain,fortnite-champions-league.com,#phishing,https://x.com/tial_cl/status/2082150910101225915
2026-07-28 17:07:00,tial_cl,url,http://fortnite-champions-league.com,#phishing,https://x.com/tial_cl/status/2082150910101225915
2026-07-28 17:07:00,tial_cl,domain,fortnitesell.club,#phishing,https://x.com/tial_cl/status/2082150910101225915
2026-07-28 17:07:00,tial_cl,url,http://fortnitesell.club,#phishing,https://x.com/tial_cl/status/2082150910101225915
2026-07-28 17:07:00,tial_cl,domain,sheinsale.com,#phishing,https://x.com/tial_cl/status/2082150910101225915
2026-07-28 17:07:00,tial_cl,url,http://sheinsale.com,#phishing,https://x.com/tial_cl/status/2082150910101225915
2026-07-28 17:07:00,tial_cl,domain,sheintop.com,#phishing,https://x.com/tial_cl/status/2082150910101225915
2026-07-28 17:07:00,tial_cl,url,http://sheintop.com,#phishing,https://x.com/tial_cl/status/2082150910101225915
2026-07-28 17:07:00,tial_cl,domain,tk777-shein.com,#phishing,https://x.com/tial_cl/status/2082150910101225915
2026-07-28 17:07:00,tial_cl,url,http://tk777-shein.com,#phishing,https://x.com/tial_cl/status/2082150910101225915
2026-07-28 17:07:00,tial_cl,domain,fullcopece.top,#phishing,https://x.com/tial_cl/status/2082150910101225915
2026-07-28 17:07:00,tial_cl,url,http://fullcopece.top,#phishing,https://x.com/tial_cl/status/2082150910101225915
2026-07-28 17:07:00,tial_cl,domain,fullcopect.top,#phishing,https://x.com/tial_cl/status/2082150910101225915
2026-07-28 17:07:00,tial_cl,url,http://fullcopect.top,#phishing,https://x.com/tial_cl/status/2082150910101225915
2026-07-28 17:07:00,tial_cl,domain,linkdin.ru,#phishing,https://x.com/tial_cl/status/2082150910101225915
2026-07-28 17:07:00,tial_cl,url,http://linkdin.ru,#phishing,https://x.com/tial_cl/status/2082150910101225915
2026-07-28 17:07:00,tial_cl,domain,linkedinreceivablesmail.com,#phishing,https://x.com/tial_cl/status/2082150910101225915
2026-07-28 17:07:00,tial_cl,url,http://linkedinreceivablesmail.com,#phishing,https://x.com/tial_cl/status/2082150910101225915
2026-07-28 17:07:00,tial_cl,domain,movistarc.top,#phishing,https://x.com/tial_cl/status/2082150910101225915
2026-07-28 17:07:00,tial_cl,url,http://movistarc.top,#phishing,https://x.com/tial_cl/status/2082150910101225915
2026-07-28 17:07:00,tial_cl,domain,transaccionesmovistar.com,#phishing,https://x.com/tial_cl/status/2082150910101225915
2026-07-28 17:07:00,tial_cl,url,http://transaccionesmovistar.com,#phishing,https://x.com/tial_cl/status/2082150910101225915
2026-07-28 17:07:00,tial_cl,domain,aliexpressdelivery.store,#phishing,https://x.com/tial_cl/status/2082150910101225915
2026-07-28 17:07:00,tial_cl,url,http://aliexpressdelivery.store,#phishing,https://x.com/tial_cl/status/2082150910101225915
2026-07-28 17:07:00,tial_cl,domain,itau.store,#phishing,https://x.com/tial_cl/status/2082150910101225915
2026-07-28 17:07:00,tial_cl,url,http://itau.store,#phishing,https://x.com/tial_cl/status/2082150910101225915
2026-07-28 17:07:00,tial_cl,domain,chileatiende.top,#phishing,https://x.com/tial_cl/status/2082150910101225915
2026-07-28 17:07:00,tial_cl,url,http://chileatiende.top,#phishing,https://x.com/tial_cl/status/2082150910101225915
2026-07-28 17:07:00,tial_cl,domain,clubauthdiscord.com,#phishing,https://x.com/tial_cl/status/2082150910101225915
2026-07-28 17:07:00,tial_cl,url,http://clubauthdiscord.com,#phishing,https://x.com/tial_cl/status/2082150910101225915
2026-07-28 17:07:00,tial_cl,domain,docsign.ch,#phishing,https://x.com/tial_cl/status/2082150910101225915
2026-07-28 17:07:00,tial_cl,url,http://docsign.ch,#phishing,https://x.com/tial_cl/status/2082150910101225915
2026-07-28 17:07:00,tial_cl,domain,drobbox.ru,#phishing,https://x.com/tial_cl/status/2082150910101225915
2026-07-28 17:07:00,tial_cl,url,http://drobbox.ru,#phishing,https://x.com/tial_cl/status/2082150910101225915
2026-07-28 17:07:00,tial_cl,domain,facebookp.skin,#phishing,https://x.com/tial_cl/status/2082150910101225915
2026-07-28 17:07:00,tial_cl,url,http://facebookp.skin,#phishing,https://x.com/tial_cl/status/2082150910101225915
2026-07-28 17:07:00,tial_cl,domain,recoverysystem-gmail.com,#phishing,https://x.com/tial_cl/status/2082150910101225915
2026-07-28 17:07:00,tial_cl,url,http://recoverysystem-gmail.com,#phishing,https://x.com/tial_cl/status/2082150910101225915
2026-07-28 17:07:00,tial_cl,domain,lnstagram.store,#phishing,https://x.com/tial_cl/status/2082150910101225915
2026-07-28 17:07:00,tial_cl,url,http://lnstagram.store,#phishing,https://x.com/tial_cl/status/2082150910101225915
2026-07-28 17:07:00,tial_cl,domain,mincraft.ru,#phishing,https://x.com/tial_cl/status/2082150910101225915
2026-07-28 17:07:00,tial_cl,url,http://mincraft.ru,#phishing,https://x.com/tial_cl/status/2082150910101225915
2026-07-28 17:07:00,tial_cl,domain,app-nequi.site,#phishing,https://x.com/tial_cl/status/2082150910101225915
2026-07-28 17:07:00,tial_cl,url,http://app-nequi.site,#phishing,https://x.com/tial_cl/status/2082150910101225915
2026-07-28 17:07:00,tial_cl,domain,nubankapp.com,#phishing,https://x.com/tial_cl/status/2082150910101225915
2026-07-28 17:07:00,tial_cl,url,http://nubankapp.com,#phishing,https://x.com/tial_cl/status/2082150910101225915
2026-07-28 17:07:00,tial_cl,domain,pichencuestapago.biz,#phishing,https://x.com/tial_cl/status/2082150910101225915
2026-07-28 17:07:00,tial_cl,url,http://pichencuestapago.biz,#phishing,https://x.com/tial_cl/status/2082150910101225915
2026-07-28 17:07:00,tial_cl,domain,scotiabankch.com,#phishing,https://x.com/tial_cl/status/2082150910101225915
2026-07-28 17:07:00,tial_cl,url,http://scotiabankch.com,#phishing,https://x.com/tial_cl/status/2082150910101225915
2026-07-28 17:07:00,tial_cl,domain,getsnapchatpro.com,#phishing,https://x.com/tial_cl/status/2082150910101225915
2026-07-28 17:07:00,tial_cl,url,http://getsnapchatpro.com,#phishing,https://x.com/tial_cl/status/2082150910101225915
2026-07-28 17:07:00,tial_cl,domain,tagtotall.top,#phishing,https://x.com/tial_cl/status/2082150910101225915
2026-07-28 17:07:00,tial_cl,url,http://tagtotall.top,#phishing,https://x.com/tial_cl/status/2082150910101225915
2026-07-28 17:07:00,tial_cl,domain,wechatverify.online,#phishing,https://x.com/tial_cl/status/2082150910101225915
2026-07-28 17:07:00,tial_cl,url,http://wechatverify.online,#phishing,https://x.com/tial_cl/status/2082150910101225915
2026-07-28 17:07:00,tial_cl,domain,office365licensing.com,#phishing,https://x.com/tial_cl/status/2082150910101225915
2026-07-28 17:07:00,tial_cl,url,http://office365licensing.com,#phishing,https://x.com/tial_cl/status/2082150910101225915
2026-07-28 17:07:00,tial_cl,domain,certsep-microsoft.com,#phishing,https://x.com/tial_cl/status/2082150910101225915
2026-07-28 17:07:00,tial_cl,url,http://certsep-microsoft.com,#phishing,https://x.com/tial_cl/status/2082150910101225915
2026-07-28 17:07:00,tial_cl,domain,micorsoft.net,#phishing,https://x.com/tial_cl/status/2082150910101225915
2026-07-28 17:07:00,tial_cl,url,http://micorsoft.net,#phishing,https://x.com/tial_cl/status/2082150910101225915
2026-07-28 17:07:00,tial_cl,domain,amazoninvit.com,#phishing,https://x.com/tial_cl/status/2082150910101225915
2026-07-28 17:07:00,tial_cl,url,http://amazoninvit.com,#phishing,https://x.com/tial_cl/status/2082150910101225915
2026-07-28 17:07:00,tial_cl,domain,icloudnets.com,#phishing,https://x.com/tial_cl/status/2082150910101225915
2026-07-28 17:07:00,tial_cl,url,http://icloudnets.com,#phishing,https://x.com/tial_cl/status/2082150910101225915
2026-07-28 17:07:00,tial_cl,domain,canorte.com,#phishing,https://x.com/tial_cl/status/2082150910101225915
2026-07-28 17:07:00,tial_cl,url,http://canorte.com,#phishing,https://x.com/tial_cl/status/2082150910101225915
2026-07-28 17:07:00,tial_cl,domain,receiveableslinkedin.com,#phishing,https://x.com/tial_cl/status/2082150910101225915
2026-07-28 17:07:00,tial_cl,url,http://receiveableslinkedin.com,#phishing,https://x.com/tial_cl/status/2082150910101225915
2026-07-28 17:07:00,tial_cl,domain,robloxmm2.store,#phishing,https://x.com/tial_cl/status/2082150910101225915
2026-07-28 17:07:00,tial_cl,url,http://robloxmm2.store,#phishing,https://x.com/tial_cl/status/2082150910101225915
2026-07-28 17:07:00,tial_cl,domain,katakjptiktok.site,#phishing,https://x.com/tial_cl/status/2082150910101225915
2026-07-28 17:07:00,tial_cl,url,http://katakjptiktok.site,#phishing,https://x.com/tial_cl/status/2082150910101225915
2026-07-28 17:07:00,tial_cl,domain,garena79ku.life,#phishing,https://x.com/tial_cl/status/2082150910101225915
2026-07-28 17:07:00,tial_cl,url,http://garena79ku.life,#phishing,https://x.com/tial_cl/status/2082150910101225915
2026-07-28 17:07:00,tial_cl,domain,tellegram-web.com,#phishing,https://x.com/tial_cl/status/2082150910101225915
2026-07-28 17:07:00,tial_cl,url,http://tellegram-web.com,#phishing,https://x.com/tial_cl/status/2082150910101225915
2026-07-28 18:01:00,skocherhan,domain,ecliptera.info,#APT #C2 #malware,https://x.com/skocherhan/status/2082164540410576948
2026-07-28 18:01:00,skocherhan,url,http://ecliptera.info,#APT #C2 #malware,https://x.com/skocherhan/status/2082164540410576948
2026-07-28 18:16:00,PhishStats,domain,aplgareana-lienquan.com,#phishing,https://x.com/PhishStats/status/2082168288822407304
2026-07-28 18:16:00,PhishStats,url,https://aplgareana-lienquan.com,#phishing,https://x.com/PhishStats/status/2082168288822407304
2026-07-28 18:28:00,k3dg3,sha256,885e45a141aaba366ed919fae0aef40f465a1703fe8d657b12d3b3acd70bb62a,,https://x.com/k3dg3/status/2082171417567924227
2026-07-28 19:05:00,TeamDreier,domain,dns1.p02.nsone.net,#phishing,https://x.com/TeamDreier/status/2082180625432223744
2026-07-28 19:05:00,TeamDreier,url,http://dns1.p02.nsone.net,#phishing,https://x.com/TeamDreier/status/2082180625432223744
2026-07-28 19:38:00,smica83,domain,1d2ef215ce65986951fe48e70c16d6d4.r2.cloudflarestorage.com,,https://x.com/smica83/status/2082188998210887885
2026-07-28 19:38:00,smica83,url,https://1d2ef215ce65986951fe48e70c16d6d4.r2.cloudflarestorage.com/my-files/5.msi?X-Amz-Algorithm=AWS4-HMAC-SHA256&X-Amz-Credential=6483d30e4e635518dc3375a0d3ab56a6/20260727/auto/s3/aws4_request&X-Amz-Date=20260727T191829Z&X-Amz-Expires=604800&X-Amz-SignedHeaders=host&X-Amz-Signature=a9992d87e82deb0062b4299448b1050236e325aeaef616a16debb9690a8ca832,,https://x.com/smica83/status/2082188998210887885
2026-07-28 19:38:00,smica83,sha256,309373483b37a15cf1f6372a918418681c4fbc549cc128429c672e8d837dbf88,,https://x.com/smica83/status/2082188998210887885
2026-07-28 19:38:00,smica83,sha256,606f4256012f37e7e120966888e6a7bad12abb004e135c4f663bc73e124699ea,,https://x.com/smica83/status/2082188998210887885
2026-07-28 19:40:00,malwrhunterteam,url,http://103.193.173.83/login,,https://x.com/malwrhunterteam/status/2082189466999890380
2026-07-28 19:40:00,malwrhunterteam,ip,103.193.173.83,,https://x.com/malwrhunterteam/status/2082189466999890380
2026-07-28 19:46:00,skocherhan,domain,windowsupd.to,,https://x.com/skocherhan/status/2082190914093539765
2026-07-28 19:46:00,skocherhan,url,http://windowsupd.to,,https://x.com/skocherhan/status/2082190914093539765
2026-07-28 20:25:00,smica83,sha256,350e280370d76945e1b4d460009d97d6976fcc4e33c966d73c78d4b520b50874,,https://x.com/smica83/status/2082200807592599683
2026-07-28 20:27:00,smica83,domain,junction-equation-kodak-counseling.trycloudflare.com,#WsgiDAV #opendir,https://x.com/smica83/status/2082201328172888396
2026-07-28 20:27:00,smica83,url,https://junction-equation-kodak-counseling.trycloudflare.com,#WsgiDAV #opendir,https://x.com/smica83/status/2082201328172888396
2026-07-28 20:34:00,smica83,domain,events-seek-metallica-something.trycloudflare.com,#opendir,https://x.com/smica83/status/2082203053533364565
2026-07-28 20:34:00,smica83,url,https://events-seek-metallica-something.trycloudflare.com,#opendir,https://x.com/smica83/status/2082203053533364565
2026-07-28 20:36:00,smica83,domain,controls-happens-consultancy-kinase.trycloudflare.com,#WsgiDAV #opendir,https://x.com/smica83/status/2082203472687243536
2026-07-28 20:36:00,smica83,url,https://controls-happens-consultancy-kinase.trycloudflare.com,#WsgiDAV #opendir,https://x.com/smica83/status/2082203472687243536
2026-07-28 20:37:00,smica83,domain,kingston-coding-rely-fourth.trycloudflare.com,#WsgiDAV #opendir,https://x.com/smica83/status/2082203911960604938
2026-07-28 20:37:00,smica83,url,https://kingston-coding-rely-fourth.trycloudflare.com,#WsgiDAV #opendir,https://x.com/smica83/status/2082203911960604938
2026-07-28 20:39:00,smica83,domain,var-prohibited-strike-seventh.trycloudflare.com,#WsgiDAV #opendir,https://x.com/smica83/status/2082204354392531145
2026-07-28 20:39:00,smica83,url,https://var-prohibited-strike-seventh.trycloudflare.com,#WsgiDAV #opendir,https://x.com/smica83/status/2082204354392531145
2026-07-28 20:41:00,skocherhan,domain,azale1980.duckdns.org,#WsgiDAV #opendir,https://x.com/skocherhan/status/2082204771331575833
2026-07-28 20:41:00,skocherhan,url,http://azale1980.duckdns.org,#WsgiDAV #opendir,https://x.com/skocherhan/status/2082204771331575833
2026-07-28 20:41:00,skocherhan,domain,robin43hf.duckdns.org,#WsgiDAV #opendir,https://x.com/skocherhan/status/2082204771331575833
2026-07-28 20:41:00,skocherhan,url,http://robin43hf.duckdns.org,#WsgiDAV #opendir,https://x.com/skocherhan/status/2082204771331575833
2026-07-28 20:41:00,skocherhan,url,http://var-prohibited-strike-seventh.trycloudflare.com,#WsgiDAV #opendir,https://x.com/skocherhan/status/2082204771331575833
2026-07-28 20:50:00,skocherhan,domain,jul1986icara.duckdns.org,,https://x.com/skocherhan/status/2082207113011724298
2026-07-28 20:50:00,skocherhan,url,http://jul1986icara.duckdns.org,,https://x.com/skocherhan/status/2082207113011724298
2026-07-28 20:50:00,skocherhan,domain,hvnjune8500.duckdns.org,,https://x.com/skocherhan/status/2082207113011724298
2026-07-28 20:50:00,skocherhan,url,http://hvnjune8500.duckdns.org,,https://x.com/skocherhan/status/2082207113011724298
2026-07-28 20:50:00,skocherhan,domain,xwjun7250.duckdns.org,,https://x.com/skocherhan/status/2082207113011724298
2026-07-28 20:50:00,skocherhan,url,http://xwjun7250.duckdns.org,,https://x.com/skocherhan/status/2082207113011724298
2026-07-28 20:50:00,skocherhan,domain,robvbs8500.duckdns.org,,https://x.com/skocherhan/status/2082207113011724298
2026-07-28 20:50:00,skocherhan,url,http://robvbs8500.duckdns.org,,https://x.com/skocherhan/status/2082207113011724298
2026-07-28 20:50:00,skocherhan,domain,mayvioel1982.duckdns.org,,https://x.com/skocherhan/status/2082207113011724298
2026-07-28 20:50:00,skocherhan,url,http://mayvioel1982.duckdns.org,,https://x.com/skocherhan/status/2082207113011724298
2026-07-28 20:50:00,skocherhan,domain,sepvio1982.duckdns.org,,https://x.com/skocherhan/status/2082207113011724298
2026-07-28 20:50:00,skocherhan,url,http://sepvio1982.duckdns.org,,https://x.com/skocherhan/status/2082207113011724298
2026-07-28 20:50:00,skocherhan,domain,apri1982om.duckdns.org,,https://x.com/skocherhan/status/2082207113011724298
2026-07-28 20:50:00,skocherhan,url,http://apri1982om.duckdns.org,,https://x.com/skocherhan/status/2082207113011724298
2026-07-28 20:50:00,skocherhan,domain,octhnv8787.duckdns.org,,https://x.com/skocherhan/status/2082207113011724298
2026-07-28 20:50:00,skocherhan,url,http://octhnv8787.duckdns.org,,https://x.com/skocherhan/status/2082207113011724298
2026-07-28 20:50:00,skocherhan,domain,sep8787hvn.duckdns.org,,https://x.com/skocherhan/status/2082207113011724298
2026-07-28 20:50:00,skocherhan,url,http://sep8787hvn.duckdns.org,,https://x.com/skocherhan/status/2082207113011724298
2026-07-28 20:50:00,skocherhan,domain,hvnjuly8787.duckdns.org,,https://x.com/skocherhan/status/2082207113011724298
2026-07-28 20:50:00,skocherhan,url,http://hvnjuly8787.duckdns.org,,https://x.com/skocherhan/status/2082207113011724298
2026-07-28 20:50:00,skocherhan,domain,asyaugusth5858.duckdns.org,,https://x.com/skocherhan/status/2082207113011724298
2026-07-28 20:50:00,skocherhan,url,http://asyaugusth5858.duckdns.org,,https://x.com/skocherhan/status/2082207113011724298
2026-07-28 20:50:00,skocherhan,domain,asyjuly5858.duckdns.org,,https://x.com/skocherhan/status/2082207113011724298
2026-07-28 20:50:00,skocherhan,url,http://asyjuly5858.duckdns.org,,https://x.com/skocherhan/status/2082207113011724298
2026-07-28 20:50:00,skocherhan,domain,recfebnew8100.duckdns.org,,https://x.com/skocherhan/status/2082207113011724298
2026-07-28 20:50:00,skocherhan,url,http://recfebnew8100.duckdns.org,,https://x.com/skocherhan/status/2082207113011724298
2026-07-28 20:50:00,skocherhan,domain,jul5050quasaf.duckdns.org,,https://x.com/skocherhan/status/2082207113011724298
2026-07-28 20:50:00,skocherhan,url,http://jul5050quasaf.duckdns.org,,https://x.com/skocherhan/status/2082207113011724298
2026-07-28 20:50:00,skocherhan,domain,asyn5858july.duckdns.org,,https://x.com/skocherhan/status/2082207113011724298
2026-07-28 20:50:00,skocherhan,url,http://asyn5858july.duckdns.org,,https://x.com/skocherhan/status/2082207113011724298
2026-07-28 20:50:00,skocherhan,domain,asy5858d.duckdns.org,,https://x.com/skocherhan/status/2082207113011724298
2026-07-28 20:50:00,skocherhan,url,http://asy5858d.duckdns.org,,https://x.com/skocherhan/status/2082207113011724298
2026-07-28 20:50:00,skocherhan,domain,voilt1984may.duckdns.org,,https://x.com/skocherhan/status/2082207113011724298
2026-07-28 20:50:00,skocherhan,url,http://voilt1984may.duckdns.org,,https://x.com/skocherhan/status/2082207113011724298
2026-07-28 20:50:00,skocherhan,domain,marc5858asy2n.duckdns.org,,https://x.com/skocherhan/status/2082207113011724298
2026-07-28 20:50:00,skocherhan,url,http://marc5858asy2n.duckdns.org,,https://x.com/skocherhan/status/2082207113011724298
2026-07-28 20:50:00,skocherhan,domain,marc5858asy4n.duckdns.org,,https://x.com/skocherhan/status/2082207113011724298
2026-07-28 20:50:00,skocherhan,url,http://marc5858asy4n.duckdns.org,,https://x.com/skocherhan/status/2082207113011724298
2026-07-28 20:50:00,skocherhan,domain,xwr9402may.duckdns.org,,https://x.com/skocherhan/status/2082207113011724298
2026-07-28 20:50:00,skocherhan,url,http://xwr9402may.duckdns.org,,https://x.com/skocherhan/status/2082207113011724298
2026-07-28 20:50:00,skocherhan,domain,xwom9402a.duckdns.org,,https://x.com/skocherhan/status/2082207113011724298
2026-07-28 20:50:00,skocherhan,url,http://xwom9402a.duckdns.org,,https://x.com/skocherhan/status/2082207113011724298
2026-07-28 20:50:00,skocherhan,domain,hnvapri8787.duckdns.org,,https://x.com/skocherhan/status/2082207113011724298
2026-07-28 20:50:00,skocherhan,url,http://hnvapri8787.duckdns.org,,https://x.com/skocherhan/status/2082207113011724298
2026-07-28 20:50:00,skocherhan,domain,xrwo9402maynew.duckdns.org,,https://x.com/skocherhan/status/2082207113011724298
2026-07-28 20:50:00,skocherhan,url,http://xrwo9402maynew.duckdns.org,,https://x.com/skocherhan/status/2082207113011724298
2026-07-28 20:50:00,skocherhan,domain,xrw9402july.duckdns.org,,https://x.com/skocherhan/status/2082207113011724298
2026-07-28 20:50:00,skocherhan,url,http://xrw9402july.duckdns.org,,https://x.com/skocherhan/status/2082207113011724298
2026-07-28 20:50:00,skocherhan,domain,marc5858asyn.duckdns.org,,https://x.com/skocherhan/status/2082207113011724298
2026-07-28 20:50:00,skocherhan,url,http://marc5858asyn.duckdns.org,,https://x.com/skocherhan/status/2082207113011724298
2026-07-28 20:50:00,skocherhan,domain,marcc9402xrwo.duckdns.org,,https://x.com/skocherhan/status/2082207113011724298
2026-07-28 20:50:00,skocherhan,url,http://marcc9402xrwo.duckdns.org,,https://x.com/skocherhan/status/2082207113011724298
2026-07-28 20:50:00,skocherhan,domain,phvnmarch8787.duckdns.org,,https://x.com/skocherhan/status/2082207113011724298
2026-07-28 20:50:00,skocherhan,url,http://phvnmarch8787.duckdns.org,,https://x.com/skocherhan/status/2082207113011724298
2026-07-28 20:50:00,skocherhan,domain,marccc9402xrw.duckdns.org,,https://x.com/skocherhan/status/2082207113011724298
2026-07-28 20:50:00,skocherhan,url,http://marccc9402xrw.duckdns.org,,https://x.com/skocherhan/status/2082207113011724298
2026-07-28 20:50:00,skocherhan,domain,dec9402xwoo.duckdns.org,,https://x.com/skocherhan/status/2082207113011724298
2026-07-28 20:50:00,skocherhan,url,http://dec9402xwoo.duckdns.org,,https://x.com/skocherhan/status/2082207113011724298
2026-07-28 20:50:00,skocherhan,domain,dec9402xwo.duckdns.org,,https://x.com/skocherhan/status/2082207113011724298
2026-07-28 20:50:00,skocherhan,url,http://dec9402xwo.duckdns.org,,https://x.com/skocherhan/status/2082207113011724298
2026-07-28 20:50:00,skocherhan,domain,dec9402xwor.duckdns.org,,https://x.com/skocherhan/status/2082207113011724298
2026-07-28 20:50:00,skocherhan,url,http://dec9402xwor.duckdns.org,,https://x.com/skocherhan/status/2082207113011724298
2026-07-28 20:50:00,skocherhan,domain,phvnc8500.duckdns.org,,https://x.com/skocherhan/status/2082207113011724298
2026-07-28 20:50:00,skocherhan,url,http://phvnc8500.duckdns.org,,https://x.com/skocherhan/status/2082207113011724298
2026-07-28 20:50:00,skocherhan,domain,novxwor9402.duckdns.org,,https://x.com/skocherhan/status/2082207113011724298
2026-07-28 20:50:00,skocherhan,url,http://novxwor9402.duckdns.org,,https://x.com/skocherhan/status/2082207113011724298
2026-07-28 20:50:00,skocherhan,domain,novxrw9402.duckdns.org,,https://x.com/skocherhan/status/2082207113011724298
2026-07-28 20:50:00,skocherhan,url,http://novxrw9402.duckdns.org,,https://x.com/skocherhan/status/2082207113011724298
2026-07-28 20:50:00,skocherhan,domain,xroct9402.duckdns.org,,https://x.com/skocherhan/status/2082207113011724298
2026-07-28 20:50:00,skocherhan,url,http://xroct9402.duckdns.org,,https://x.com/skocherhan/status/2082207113011724298
2026-07-28 20:50:00,skocherhan,domain,lar7250js.duckdns.org,,https://x.com/skocherhan/status/2082207113011724298
2026-07-28 20:50:00,skocherhan,url,http://lar7250js.duckdns.org,,https://x.com/skocherhan/status/2082207113011724298
2026-07-28 20:50:00,skocherhan,domain,daislyjs7250.duckdns.org,,https://x.com/skocherhan/status/2082207113011724298
2026-07-28 20:50:00,skocherhan,url,http://daislyjs7250.duckdns.org,,https://x.com/skocherhan/status/2082207113011724298
2026-07-28 20:50:00,skocherhan,domain,gen7250js.duckdns.org,,https://x.com/skocherhan/status/2082207113011724298
2026-07-28 20:50:00,skocherhan,url,http://gen7250js.duckdns.org,,https://x.com/skocherhan/status/2082207113011724298
2026-07-28 20:50:00,skocherhan,domain,x5wo9402sep.duckdns.org,,https://x.com/skocherhan/status/2082207113011724298
2026-07-28 20:50:00,skocherhan,url,http://x5wo9402sep.duckdns.org,,https://x.com/skocherhan/status/2082207113011724298
2026-07-28 20:50:00,skocherhan,domain,xwor3july.duckdns.org,,https://x.com/skocherhan/status/2082207113011724298
2026-07-28 20:50:00,skocherhan,url,http://xwor3july.duckdns.org,,https://x.com/skocherhan/status/2082207113011724298
2026-07-28 20:50:00,skocherhan,domain,cav7250js.duckdns.org,,https://x.com/skocherhan/status/2082207113011724298
2026-07-28 20:50:00,skocherhan,url,http://cav7250js.duckdns.org,,https://x.com/skocherhan/status/2082207113011724298
2026-07-28 20:50:00,skocherhan,domain,rem8000jun.duckdns.org,,https://x.com/skocherhan/status/2082207113011724298
2026-07-28 20:50:00,skocherhan,url,http://rem8000jun.duckdns.org,,https://x.com/skocherhan/status/2082207113011724298
2026-07-28 20:50:00,skocherhan,domain,asen9400jun.duckdns.org,,https://x.com/skocherhan/status/2082207113011724298
2026-07-28 20:50:00,skocherhan,url,http://asen9400jun.duckdns.org,,https://x.com/skocherhan/status/2082207113011724298
2026-07-28 20:50:00,skocherhan,domain,7250js.duckdns.org,,https://x.com/skocherhan/status/2082207113011724298
2026-07-28 20:50:00,skocherhan,url,http://7250js.duckdns.org,,https://x.com/skocherhan/status/2082207113011724298
2026-07-28 20:50:00,skocherhan,domain,1982js.duckdns.org,,https://x.com/skocherhan/status/2082207113011724298
2026-07-28 20:50:00,skocherhan,url,http://1982js.duckdns.org,,https://x.com/skocherhan/status/2082207113011724298
2026-07-28 20:50:00,skocherhan,domain,june9402xw.duckdns.org,,https://x.com/skocherhan/status/2082207113011724298
2026-07-28 20:50:00,skocherhan,url,http://june9402xw.duckdns.org,,https://x.com/skocherhan/status/2082207113011724298
2026-07-28 20:50:00,skocherhan,domain,hvn8500newmay.duckdns.org,,https://x.com/skocherhan/status/2082207113011724298
2026-07-28 20:50:00,skocherhan,url,http://hvn8500newmay.duckdns.org,,https://x.com/skocherhan/status/2082207113011724298
2026-07-28 20:50:00,skocherhan,domain,maynewxw9402.duckdns.org,,https://x.com/skocherhan/status/2082207113011724298
2026-07-28 20:50:00,skocherhan,url,http://maynewxw9402.duckdns.org,,https://x.com/skocherhan/status/2082207113011724298
2026-07-28 20:50:00,skocherhan,domain,hmay8500.duckdns.org,,https://x.com/skocherhan/status/2082207113011724298
2026-07-28 20:50:00,skocherhan,url,http://hmay8500.duckdns.org,,https://x.com/skocherhan/status/2082207113011724298
2026-07-28 20:50:00,skocherhan,domain,reco8100may.duckdns.org,,https://x.com/skocherhan/status/2082207113011724298
2026-07-28 20:50:00,skocherhan,url,http://reco8100may.duckdns.org,,https://x.com/skocherhan/status/2082207113011724298
2026-07-28 20:50:00,skocherhan,domain,mayxw9402.duckdns.org,,https://x.com/skocherhan/status/2082207113011724298
2026-07-28 20:50:00,skocherhan,url,http://mayxw9402.duckdns.org,,https://x.com/skocherhan/status/2082207113011724298
2026-07-28 20:50:00,skocherhan,domain,xw9402may.duckdns.org,,https://x.com/skocherhan/status/2082207113011724298
2026-07-28 20:50:00,skocherhan,url,http://xw9402may.duckdns.org,,https://x.com/skocherhan/status/2082207113011724298
2026-07-28 20:50:00,skocherhan,domain,xmay8000.duckdns.org,,https://x.com/skocherhan/status/2082207113011724298
2026-07-28 20:50:00,skocherhan,url,http://xmay8000.duckdns.org,,https://x.com/skocherhan/status/2082207113011724298
2026-07-28 20:50:00,skocherhan,domain,xwormay8450.duckdns.org,,https://x.com/skocherhan/status/2082207113011724298
2026-07-28 20:50:00,skocherhan,url,http://xwormay8450.duckdns.org,,https://x.com/skocherhan/status/2082207113011724298
2026-07-28 20:50:00,skocherhan,domain,hvaprinew850.duckdns.org,,https://x.com/skocherhan/status/2082207113011724298
2026-07-28 20:50:00,skocherhan,url,http://hvaprinew850.duckdns.org,,https://x.com/skocherhan/status/2082207113011724298
2026-07-28 20:50:00,skocherhan,domain,aprilxrwonew8450.duckdns.org,,https://x.com/skocherhan/status/2082207113011724298
2026-07-28 20:50:00,skocherhan,url,http://aprilxrwonew8450.duckdns.org,,https://x.com/skocherhan/status/2082207113011724298
2026-07-28 20:50:00,skocherhan,domain,aprijs7250.duckdns.org,,https://x.com/skocherhan/status/2082207113011724298
2026-07-28 20:50:00,skocherhan,url,http://aprijs7250.duckdns.org,,https://x.com/skocherhan/status/2082207113011724298
2026-07-28 20:50:00,skocherhan,domain,remco8100.duckdns.org,,https://x.com/skocherhan/status/2082207113011724298
2026-07-28 20:50:00,skocherhan,url,http://remco8100.duckdns.org,,https://x.com/skocherhan/status/2082207113011724298
2026-07-28 20:50:00,skocherhan,domain,aprilxrwo8450.duckdns.org,,https://x.com/skocherhan/status/2082207113011724298
2026-07-28 20:50:00,skocherhan,url,http://aprilxrwo8450.duckdns.org,,https://x.com/skocherhan/status/2082207113011724298
2026-07-28 20:50:00,skocherhan,domain,janxworm9090.duckdns.org,,https://x.com/skocherhan/status/2082207113011724298
2026-07-28 20:50:00,skocherhan,url,http://janxworm9090.duckdns.org,,https://x.com/skocherhan/status/2082207113011724298
2026-07-28 20:50:00,skocherhan,domain,marxrwonew9090.duckdns.org,,https://x.com/skocherhan/status/2082207113011724298
2026-07-28 20:50:00,skocherhan,url,http://marxrwonew9090.duckdns.org,,https://x.com/skocherhan/status/2082207113011724298
2026-07-28 20:55:00,SansLimit3,url,http://203.88.119.53,,https://x.com/SansLimit3/status/2082208253539438766
2026-07-28 20:55:00,SansLimit3,url,http://137.220.144.253:12305,,https://x.com/SansLimit3/status/2082208253539438766
2026-07-28 20:55:00,SansLimit3,url,http://207.180.56.150,,https://x.com/SansLimit3/status/2082208253539438766
2026-07-28 20:55:00,SansLimit3,domain,1daynews.app,,https://x.com/SansLimit3/status/2082208253539438766
2026-07-28 20:55:00,SansLimit3,url,http://1daynews.app/435736b425a677a8,,https://x.com/SansLimit3/status/2082208253539438766
2026-07-28 20:55:00,SansLimit3,domain,aitoday.me,,https://x.com/SansLimit3/status/2082208253539438766
2026-07-28 20:55:00,SansLimit3,url,http://aitoday.me,,https://x.com/SansLimit3/status/2082208253539438766
2026-07-28 20:55:00,SansLimit3,ip,203.88.119.53,,https://x.com/SansLimit3/status/2082208253539438766
2026-07-28 20:55:00,SansLimit3,ip,137.220.144.253,,https://x.com/SansLimit3/status/2082208253539438766
2026-07-28 20:55:00,SansLimit3,ip,143.92.51.76,,https://x.com/SansLimit3/status/2082208253539438766
2026-07-28 20:55:00,SansLimit3,ip,207.180.56.150,,https://x.com/SansLimit3/status/2082208253539438766
2026-07-28 20:55:00,SansLimit3,url,http://142.171.160.137:8888,,https://x.com/SansLimit3/status/2053906675430568281
2026-07-28 20:55:00,SansLimit3,ip,142.171.160.137,,https://x.com/SansLimit3/status/2053906675430568281
2026-07-28 20:55:00,SansLimit3,ip,142.171.149.169,,https://x.com/SansLimit3/status/2053906675430568281
2026-07-28 20:55:00,SansLimit3,ip,100.81.245.29,,https://x.com/SansLimit3/status/2053906675430568281
2026-07-28 21:19:00,smica83,domain,ncloudtechlab.online,,https://x.com/smica83/status/2082214285648736437
2026-07-28 21:19:00,smica83,url,http://ncloudtechlab.online/XebvZG/glCigX/communigatepro/communigatepro.png,,https://x.com/smica83/status/2082214285648736437
2026-07-28 21:19:00,smica83,sha256,a8d04c3d4a97c48d33d9e14009bb3765f22242d51d9a6c9cabdaaa0bb7b22270,,https://x.com/smica83/status/2082214285648736437
2026-07-28 21:19:00,smica83,sha256,4fc548d4267d30acd658a3a43e30b4924dade9371cf6448cb1ae9e374f7dd69a,,https://x.com/smica83/status/2082214285648736437
2026-07-28 21:26:00,skocherhan,md5,4a7218afd537e38e9ed62c7cbe0e1cf8,,https://x.com/skocherhan/status/2082216236868383010
2026-07-28 21:51:00,smica83,domain,privacy-grain-hypothesis-cities.trycloudflare.com,#WsgiDAV #opendir,https://x.com/smica83/status/2082222383260168490
2026-07-28 21:51:00,smica83,url,https://privacy-grain-hypothesis-cities.trycloudflare.com,#WsgiDAV #opendir,https://x.com/smica83/status/2082222383260168490
2026-07-28 21:52:00,smica83,domain,gmbh-hunt-dividend-arena.trycloudflare.com,#WsgiDAV #opendir,https://x.com/smica83/status/2082222770990219599
2026-07-28 21:52:00,smica83,url,https://gmbh-hunt-dividend-arena.trycloudflare.com,#WsgiDAV #opendir,https://x.com/smica83/status/2082222770990219599
2026-07-28 21:55:00,skocherhan,domain,bsmaopm.duckdns.org,#WsgiDAV #opendir,https://x.com/skocherhan/status/2082223545300508818
2026-07-28 21:55:00,skocherhan,url,http://bsmaopm.duckdns.org,#WsgiDAV #opendir,https://x.com/skocherhan/status/2082223545300508818
2026-07-28 21:55:00,skocherhan,domain,hjupow.duckdns.org,#WsgiDAV #opendir,https://x.com/skocherhan/status/2082223545300508818
2026-07-28 21:55:00,skocherhan,url,http://hjupow.duckdns.org,#WsgiDAV #opendir,https://x.com/skocherhan/status/2082223545300508818
2026-07-28 21:55:00,skocherhan,domain,hsab20.duckdns.org,#WsgiDAV #opendir,https://x.com/skocherhan/status/2082223545300508818
2026-07-28 21:55:00,skocherhan,url,http://hsab20.duckdns.org,#WsgiDAV #opendir,https://x.com/skocherhan/status/2082223545300508818
2026-07-28 21:55:00,skocherhan,domain,yeja56.duckdns.org,#WsgiDAV #opendir,https://x.com/skocherhan/status/2082223545300508818
2026-07-28 21:55:00,skocherhan,url,http://yeja56.duckdns.org,#WsgiDAV #opendir,https://x.com/skocherhan/status/2082223545300508818
