2026-08-04 00:40:00,skocherhan,ip,217.156.122.129,#C2,https://x.com/skocherhan/status/2084439291992629379
2026-08-04 01:04:00,skocherhan,domain,txpfproxy.vip,,https://x.com/skocherhan/status/2084445425428484357
2026-08-04 01:04:00,skocherhan,url,http://txpfproxy.vip,,https://x.com/skocherhan/status/2084445425428484357
2026-08-04 01:13:00,skocherhan,domain,sun-rat.com,,https://x.com/skocherhan/status/2084447588259143996
2026-08-04 01:13:00,skocherhan,url,http://sun-rat.com,,https://x.com/skocherhan/status/2084447588259143996
2026-08-04 01:13:00,skocherhan,md5,585468190f2e69b72d414f1c8a5fbf02,,https://x.com/skocherhan/status/2084447588259143996
2026-08-04 01:23:00,masaomi346,domain,akitastonet.com,#phishing,https://x.com/masaomi346/status/2084450145870254413
2026-08-04 01:23:00,masaomi346,url,https://akitastonet.com/yyeomy/,#phishing,https://x.com/masaomi346/status/2084450145870254413
2026-08-04 01:23:00,masaomi346,domain,europe-pian.com,#phishing,https://x.com/masaomi346/status/2084450145870254413
2026-08-04 01:23:00,masaomi346,url,https://europe-pian.com/uohazo/,#phishing,https://x.com/masaomi346/status/2084450145870254413
2026-08-04 01:55:00,skocherhan,domain,skocherhantxpfproxy.vip,,https://x.com/skocherhan/status/2084458200099959285
2026-08-04 01:55:00,skocherhan,url,http://skocherhantxpfproxy.vip#ValleyRAT,,https://x.com/skocherhan/status/2084458200099959285
2026-08-04 02:48:00,Merlax_,url,http://pastebin.com/raw/uh8JXav2,#Android #malware,https://x.com/Merlax_/status/2084471551659811286
2026-08-04 03:28:00,masaomi346,domain,ia-beaut.com,#phishing,https://x.com/masaomi346/status/2084481678966448345
2026-08-04 03:28:00,masaomi346,url,https://ia-beaut.com/ayfgyi/,#phishing,https://x.com/masaomi346/status/2084481678966448345
2026-08-04 05:16:00,bomccss,domain,rkm-20260709-1514.zip,,https://x.com/bomccss/status/2084508786782585333
2026-08-04 05:16:00,bomccss,url,http://RKM-20260709-1514.zip,,https://x.com/bomccss/status/2084508786782585333
2026-08-04 05:16:00,bomccss,sha256,93df03d7db7df23317ee87ebe3946ddff4364e45de5217b0c90c7925b22c8f04,,https://x.com/bomccss/status/2084508786782585333
2026-08-04 05:16:00,bomccss,url,http://192.252.180.45:6666,,https://x.com/bomccss/status/2084508789261443177
2026-08-04 05:16:00,bomccss,ip,192.252.180.45,,https://x.com/bomccss/status/2084508789261443177
2026-08-04 05:16:00,bomccss,domain,rkm-20260713-1514.zip,,https://x.com/bomccss/status/2076979019158069359
2026-08-04 05:16:00,bomccss,url,http://RKM-20260713-1514.zip,,https://x.com/bomccss/status/2076979019158069359
2026-08-04 06:06:00,Dixit_404,sha256,d90e686ddc1d288e29c1bceb68ffedccb3285f83be7eef4f50c45144f025a12d,,https://x.com/Dixit_404/status/2084521229571289351
2026-08-04 07:18:00,Fact_Finder03,ip,89.34.90.33,#C2,https://x.com/Fact_Finder03/status/2084539376047190461
2026-08-04 07:40:00,Thisism23567356,url,http://204.194.50.231,#APT,https://x.com/Thisism23567356/status/2084545110058877205
2026-08-04 07:40:00,Thisism23567356,ip,204.194.50.231,#APT,https://x.com/Thisism23567356/status/2084545110058877205
2026-08-04 07:40:00,Thisism23567356,md5,0574d29601bbc751f2664333288b75a8,#APT,https://x.com/Thisism23567356/status/2084545110058877205
2026-08-04 07:40:00,Thisism23567356,md5,3a092bdaa2079ff14c7acb4c72afc6e9,#APT,https://x.com/Thisism23567356/status/2084545110058877205
2026-08-04 07:40:00,Thisism23567356,md5,dd84762605e60ce9ed16857eca592a6a,#APT,https://x.com/Thisism23567356/status/2084545110058877205
2026-08-04 08:05:00,skocherhan,domain,2.ccew.cc,#APT,https://x.com/skocherhan/status/2084551226763391417
2026-08-04 08:05:00,skocherhan,url,http://2.ccew.cc:6666,#APT,https://x.com/skocherhan/status/2084551226763391417
2026-08-04 08:26:00,ThantZin_Ron,url,http://192.210.178.167,#phishing,https://x.com/ThantZin_Ron/status/2084556669028360425
2026-08-04 08:26:00,ThantZin_Ron,domain,telegram.recipes,#phishing,https://x.com/ThantZin_Ron/status/2084556669028360425
2026-08-04 08:26:00,ThantZin_Ron,url,http://telegram.recipes,#phishing,https://x.com/ThantZin_Ron/status/2084556669028360425
2026-08-04 08:26:00,ThantZin_Ron,domain,3x.wgnlmq.org,#phishing,https://x.com/ThantZin_Ron/status/2084556669028360425
2026-08-04 08:26:00,ThantZin_Ron,url,http://3x.wgnlmq.org,#phishing,https://x.com/ThantZin_Ron/status/2084556669028360425
2026-08-04 08:26:00,ThantZin_Ron,ip,192.210.178.167,#phishing,https://x.com/ThantZin_Ron/status/2084556669028360425
2026-08-04 08:26:00,ThantZin_Ron,sha256,2ef07222dc1eaeab1f507f4c701926e0672808c9673e4a3f4df868cf1ce1283c,#phishing,https://x.com/ThantZin_Ron/status/2084556669028360425
2026-08-04 08:58:00,skocherhan,domain,00hou.pages.dev,#phishing,https://x.com/skocherhan/status/2084564653015757266
2026-08-04 08:58:00,skocherhan,url,http://00hou.pages.dev,#phishing,https://x.com/skocherhan/status/2084564653015757266
2026-08-04 08:58:00,skocherhan,domain,8jd03l7y.com,#phishing,https://x.com/skocherhan/status/2084564653015757266
2026-08-04 08:58:00,skocherhan,url,http://8jd03l7y.com,#phishing,https://x.com/skocherhan/status/2084564653015757266
2026-08-04 08:58:00,skocherhan,domain,accountkiller.app,#phishing,https://x.com/skocherhan/status/2084564653015757266
2026-08-04 08:58:00,skocherhan,url,http://accountkiller.app,#phishing,https://x.com/skocherhan/status/2084564653015757266
2026-08-04 08:58:00,skocherhan,domain,accountsale.space,#phishing,https://x.com/skocherhan/status/2084564653015757266
2026-08-04 08:58:00,skocherhan,url,http://accountsale.space,#phishing,https://x.com/skocherhan/status/2084564653015757266
2026-08-04 08:58:00,skocherhan,domain,ai-pay.online,#phishing,https://x.com/skocherhan/status/2084564653015757266
2026-08-04 08:58:00,skocherhan,url,http://ai-pay.online,#phishing,https://x.com/skocherhan/status/2084564653015757266
2026-08-04 08:58:00,skocherhan,domain,alexcalls.com,#phishing,https://x.com/skocherhan/status/2084564653015757266
2026-08-04 08:58:00,skocherhan,url,http://alexcalls.com,#phishing,https://x.com/skocherhan/status/2084564653015757266
2026-08-04 08:58:00,skocherhan,domain,alitel.lwcloud.workers.dev,#phishing,https://x.com/skocherhan/status/2084564653015757266
2026-08-04 08:58:00,skocherhan,url,http://alitel.lwcloud.workers.dev,#phishing,https://x.com/skocherhan/status/2084564653015757266
2026-08-04 08:58:00,skocherhan,domain,app-telegrme.com.cn,#phishing,https://x.com/skocherhan/status/2084564653015757266
2026-08-04 08:58:00,skocherhan,url,http://app-telegrme.com.cn,#phishing,https://x.com/skocherhan/status/2084564653015757266
2026-08-04 08:58:00,skocherhan,domain,app.pinlix.ru,#phishing,https://x.com/skocherhan/status/2084564653015757266
2026-08-04 08:58:00,skocherhan,url,http://app.pinlix.ru,#phishing,https://x.com/skocherhan/status/2084564653015757266
2026-08-04 08:58:00,skocherhan,domain,apps-google-google.hl.cn,#phishing,https://x.com/skocherhan/status/2084564653015757266
2026-08-04 08:58:00,skocherhan,url,http://apps-google-google.hl.cn,#phishing,https://x.com/skocherhan/status/2084564653015757266
2026-08-04 08:58:00,skocherhan,domain,assorg.pages.dev,#phishing,https://x.com/skocherhan/status/2084564653015757266
2026-08-04 08:58:00,skocherhan,url,http://assorg.pages.dev,#phishing,https://x.com/skocherhan/status/2084564653015757266
2026-08-04 08:58:00,skocherhan,domain,bankr.sale,#phishing,https://x.com/skocherhan/status/2084564653015757266
2026-08-04 08:58:00,skocherhan,url,http://bankr.sale,#phishing,https://x.com/skocherhan/status/2084564653015757266
2026-08-04 08:58:00,skocherhan,domain,boost-t.me,#phishing,https://x.com/skocherhan/status/2084564653015757266
2026-08-04 08:58:00,skocherhan,url,http://boost-t.me,#phishing,https://x.com/skocherhan/status/2084564653015757266
2026-08-04 08:58:00,skocherhan,domain,calypso.qpon,#phishing,https://x.com/skocherhan/status/2084564653015757266
2026-08-04 08:58:00,skocherhan,url,http://calypso.qpon,#phishing,https://x.com/skocherhan/status/2084564653015757266
2026-08-04 08:58:00,skocherhan,domain,cn-telegram-web.com.cn,#phishing,https://x.com/skocherhan/status/2084564653015757266
2026-08-04 08:58:00,skocherhan,url,http://cn-telegram-web.com.cn,#phishing,https://x.com/skocherhan/status/2084564653015757266
2026-08-04 08:58:00,skocherhan,domain,cn.fi-telegram.hl.cn,#phishing,https://x.com/skocherhan/status/2084564653015757266
2026-08-04 08:58:00,skocherhan,url,http://cn.fi-telegram.hl.cn,#phishing,https://x.com/skocherhan/status/2084564653015757266
2026-08-04 08:58:00,skocherhan,domain,cn.telegrampcam.com.cn,#phishing,https://x.com/skocherhan/status/2084564653015757266
2026-08-04 08:58:00,skocherhan,url,http://cn.telegrampcam.com.cn,#phishing,https://x.com/skocherhan/status/2084564653015757266
2026-08-04 08:58:00,skocherhan,domain,cn.telegrampropc.com.cn,#phishing,https://x.com/skocherhan/status/2084564653015757266
2026-08-04 08:58:00,skocherhan,url,http://cn.telegrampropc.com.cn,#phishing,https://x.com/skocherhan/status/2084564653015757266
2026-08-04 08:58:00,skocherhan,domain,cn.telegramtghg.com.cn,#phishing,https://x.com/skocherhan/status/2084564653015757266
2026-08-04 08:58:00,skocherhan,url,http://cn.telegramtghg.com.cn,#phishing,https://x.com/skocherhan/status/2084564653015757266
2026-08-04 08:58:00,skocherhan,domain,codeby.academy,#phishing,https://x.com/skocherhan/status/2084564653015757266
2026-08-04 08:58:00,skocherhan,url,http://codeby.academy,#phishing,https://x.com/skocherhan/status/2084564653015757266
2026-08-04 08:58:00,skocherhan,domain,coinyas.com,#phishing,https://x.com/skocherhan/status/2084564653015757266
2026-08-04 08:58:00,skocherhan,url,http://coinyas.com,#phishing,https://x.com/skocherhan/status/2084564653015757266
2026-08-04 08:58:00,skocherhan,domain,dianbaoo.com,#phishing,https://x.com/skocherhan/status/2084564653015757266
2026-08-04 08:58:00,skocherhan,url,http://dianbaoo.com,#phishing,https://x.com/skocherhan/status/2084564653015757266
2026-08-04 08:58:00,skocherhan,domain,dinbao-cn.com,#phishing,https://x.com/skocherhan/status/2084564653015757266
2026-08-04 08:58:00,skocherhan,url,http://dinbao-cn.com,#phishing,https://x.com/skocherhan/status/2084564653015757266
2026-08-04 08:58:00,skocherhan,domain,eazymoney.fun,#phishing,https://x.com/skocherhan/status/2084564653015757266
2026-08-04 08:58:00,skocherhan,url,http://eazymoney.fun,#phishing,https://x.com/skocherhan/status/2084564653015757266
2026-08-04 08:58:00,skocherhan,domain,eta.389838.xyz,#phishing,https://x.com/skocherhan/status/2084564653015757266
2026-08-04 08:58:00,skocherhan,url,http://eta.389838.xyz,#phishing,https://x.com/skocherhan/status/2084564653015757266
2026-08-04 08:58:00,skocherhan,domain,fairground.network,#phishing,https://x.com/skocherhan/status/2084564653015757266
2026-08-04 08:58:00,skocherhan,url,http://fairground.network,#phishing,https://x.com/skocherhan/status/2084564653015757266
2026-08-04 08:58:00,skocherhan,domain,fc2.cc.cd,#phishing,https://x.com/skocherhan/status/2084564653015757266
2026-08-04 08:58:00,skocherhan,url,http://fc2.cc.cd,#phishing,https://x.com/skocherhan/status/2084564653015757266
2026-08-04 08:58:00,skocherhan,domain,fei-telegram.com.cn,#phishing,https://x.com/skocherhan/status/2084564653015757266
2026-08-04 08:58:00,skocherhan,url,http://fei-telegram.com.cn,#phishing,https://x.com/skocherhan/status/2084564653015757266
2026-08-04 08:58:00,skocherhan,domain,feijit-m.com.cn,#phishing,https://x.com/skocherhan/status/2084564653015757266
2026-08-04 08:58:00,skocherhan,url,http://feijit-m.com.cn,#phishing,https://x.com/skocherhan/status/2084564653015757266
2026-08-04 08:58:00,skocherhan,domain,fi-telegram.hl.cn,#phishing,https://x.com/skocherhan/status/2084564653015757266
2026-08-04 08:58:00,skocherhan,url,http://fi-telegram.hl.cn,#phishing,https://x.com/skocherhan/status/2084564653015757266
2026-08-04 08:58:00,skocherhan,domain,fortelegram.com,#phishing,https://x.com/skocherhan/status/2084564653015757266
2026-08-04 08:58:00,skocherhan,url,http://fortelegram.com,#phishing,https://x.com/skocherhan/status/2084564653015757266
2026-08-04 08:58:00,skocherhan,domain,geowo.website,#phishing,https://x.com/skocherhan/status/2084564653015757266
2026-08-04 08:58:00,skocherhan,url,http://geowo.website,#phishing,https://x.com/skocherhan/status/2084564653015757266
2026-08-04 08:58:00,skocherhan,domain,hello-4xs.pages.dev,#phishing,https://x.com/skocherhan/status/2084564653015757266
2026-08-04 08:58:00,skocherhan,url,http://hello-4xs.pages.dev,#phishing,https://x.com/skocherhan/status/2084564653015757266
2026-08-04 08:58:00,skocherhan,domain,hkk.598316.xyz,#phishing,https://x.com/skocherhan/status/2084564653015757266
2026-08-04 08:58:00,skocherhan,url,http://hkk.598316.xyz,#phishing,https://x.com/skocherhan/status/2084564653015757266
2026-08-04 08:58:00,skocherhan,domain,ip.bj89.cc.cd,#phishing,https://x.com/skocherhan/status/2084564653015757266
2026-08-04 08:58:00,skocherhan,url,http://ip.bj89.cc.cd,#phishing,https://x.com/skocherhan/status/2084564653015757266
2026-08-04 08:58:00,skocherhan,domain,ipcece.pages.dev,#phishing,https://x.com/skocherhan/status/2084564653015757266
2026-08-04 08:58:00,skocherhan,url,http://ipcece.pages.dev,#phishing,https://x.com/skocherhan/status/2084564653015757266
2026-08-04 08:58:00,skocherhan,domain,ipcheck.bbu.cc.cd,#phishing,https://x.com/skocherhan/status/2084564653015757266
2026-08-04 08:58:00,skocherhan,url,http://ipcheck.bbu.cc.cd,#phishing,https://x.com/skocherhan/status/2084564653015757266
2026-08-04 08:58:00,skocherhan,domain,ipcheck.mushan.cc.cd,#phishing,https://x.com/skocherhan/status/2084564653015757266
2026-08-04 08:58:00,skocherhan,url,http://ipcheck.mushan.cc.cd,#phishing,https://x.com/skocherhan/status/2084564653015757266
2026-08-04 08:58:00,skocherhan,domain,ipck.iiiii.cc.cd,#phishing,https://x.com/skocherhan/status/2084564653015757266
2026-08-04 08:58:00,skocherhan,url,http://ipck.iiiii.cc.cd,#phishing,https://x.com/skocherhan/status/2084564653015757266
2026-08-04 08:58:00,skocherhan,domain,iplist.bouvier.live,#phishing,https://x.com/skocherhan/status/2084564653015757266
2026-08-04 08:58:00,skocherhan,url,http://iplist.bouvier.live,#phishing,https://x.com/skocherhan/status/2084564653015757266
2026-08-04 08:58:00,skocherhan,domain,iplist.opencck.org,#phishing,https://x.com/skocherhan/status/2084564653015757266
2026-08-04 08:58:00,skocherhan,url,http://iplist.opencck.org,#phishing,https://x.com/skocherhan/status/2084564653015757266
2026-08-04 08:58:00,skocherhan,domain,jnj.239421.xyz,#phishing,https://x.com/skocherhan/status/2084564653015757266
2026-08-04 08:58:00,skocherhan,url,http://jnj.239421.xyz,#phishing,https://x.com/skocherhan/status/2084564653015757266
2026-08-04 08:58:00,skocherhan,domain,kl-telegram.hl.cn,#phishing,https://x.com/skocherhan/status/2084564653015757266
2026-08-04 08:58:00,skocherhan,url,http://kl-telegram.hl.cn,#phishing,https://x.com/skocherhan/status/2084564653015757266
2026-08-04 08:58:00,skocherhan,domain,kyrgra.website,#phishing,https://x.com/skocherhan/status/2084564653015757266
2026-08-04 08:58:00,skocherhan,url,http://kyrgra.website,#phishing,https://x.com/skocherhan/status/2084564653015757266
2026-08-04 08:58:00,skocherhan,domain,l.badpanda.ink,#phishing,https://x.com/skocherhan/status/2084564653015757266
2026-08-04 08:58:00,skocherhan,url,http://l.badpanda.ink,#phishing,https://x.com/skocherhan/status/2084564653015757266
2026-08-04 08:58:00,skocherhan,domain,l.mrxx.space,#phishing,https://x.com/skocherhan/status/2084564653015757266
2026-08-04 08:58:00,skocherhan,url,http://l.mrxx.space,#phishing,https://x.com/skocherhan/status/2084564653015757266
2026-08-04 08:58:00,skocherhan,domain,lanmei.xyz,#phishing,https://x.com/skocherhan/status/2084564653015757266
2026-08-04 08:58:00,skocherhan,url,http://lanmei.xyz,#phishing,https://x.com/skocherhan/status/2084564653015757266
2026-08-04 08:58:00,skocherhan,domain,login.stel.com,#phishing,https://x.com/skocherhan/status/2084564653015757266
2026-08-04 08:58:00,skocherhan,url,http://login.stel.com,#phishing,https://x.com/skocherhan/status/2084564653015757266
2026-08-04 08:58:00,skocherhan,domain,madebysaira.me,#phishing,https://x.com/skocherhan/status/2084564653015757266
2026-08-04 08:58:00,skocherhan,url,http://madebysaira.me,#phishing,https://x.com/skocherhan/status/2084564653015757266
2026-08-04 08:58:00,skocherhan,domain,my.kitoftorvpn.fun,#phishing,https://x.com/skocherhan/status/2084564653015757266
2026-08-04 08:58:00,skocherhan,url,http://my.kitoftorvpn.fun,#phishing,https://x.com/skocherhan/status/2084564653015757266
2026-08-04 08:58:00,skocherhan,domain,nft.fragment.com,#phishing,https://x.com/skocherhan/status/2084564653015757266
2026-08-04 08:58:00,skocherhan,url,http://nft.fragment.com,#phishing,https://x.com/skocherhan/status/2084564653015757266
2026-08-04 08:58:00,skocherhan,domain,nn-electrik.ru,#phishing,https://x.com/skocherhan/status/2084564653015757266
2026-08-04 08:58:00,skocherhan,url,http://nn-electrik.ru,#phishing,https://x.com/skocherhan/status/2084564653015757266
2026-08-04 08:58:00,skocherhan,domain,og-telegram.hl.cn,#phishing,https://x.com/skocherhan/status/2084564653015757266
2026-08-04 08:58:00,skocherhan,url,http://og-telegram.hl.cn,#phishing,https://x.com/skocherhan/status/2084564653015757266
2026-08-04 08:58:00,skocherhan,domain,oneitv.site,#phishing,https://x.com/skocherhan/status/2084564653015757266
2026-08-04 08:58:00,skocherhan,url,http://oneitv.site,#phishing,https://x.com/skocherhan/status/2084564653015757266
2026-08-04 08:58:00,skocherhan,domain,persikmarket.fun,#phishing,https://x.com/skocherhan/status/2084564653015757266
2026-08-04 08:58:00,skocherhan,url,http://persikmarket.fun,#phishing,https://x.com/skocherhan/status/2084564653015757266
2026-08-04 08:58:00,skocherhan,domain,pl-telegram.hl.cn,#phishing,https://x.com/skocherhan/status/2084564653015757266
2026-08-04 08:58:00,skocherhan,url,http://pl-telegram.hl.cn,#phishing,https://x.com/skocherhan/status/2084564653015757266
2026-08-04 08:58:00,skocherhan,domain,prodanova.fun,#phishing,https://x.com/skocherhan/status/2084564653015757266
2026-08-04 08:58:00,skocherhan,url,http://prodanova.fun,#phishing,https://x.com/skocherhan/status/2084564653015757266
2026-08-04 08:58:00,skocherhan,domain,proxy-to-t-me.mtf-xyn-bdxyn.workers.dev,#phishing,https://x.com/skocherhan/status/2084564653015757266
2026-08-04 08:58:00,skocherhan,url,http://proxy-to-t-me.mtf-xyn-bdxyn.workers.dev,#phishing,https://x.com/skocherhan/status/2084564653015757266
2026-08-04 08:58:00,skocherhan,domain,qcy33.com,#phishing,https://x.com/skocherhan/status/2084564653015757266
2026-08-04 08:58:00,skocherhan,url,http://qcy33.com,#phishing,https://x.com/skocherhan/status/2084564653015757266
2026-08-04 08:58:00,skocherhan,domain,re-telegram.hl.cn,#phishing,https://x.com/skocherhan/status/2084564653015757266
2026-08-04 08:58:00,skocherhan,url,http://re-telegram.hl.cn,#phishing,https://x.com/skocherhan/status/2084564653015757266
2026-08-04 08:58:00,skocherhan,domain,regstr.qpon,#phishing,https://x.com/skocherhan/status/2084564653015757266
2026-08-04 08:58:00,skocherhan,url,http://regstr.qpon,#phishing,https://x.com/skocherhan/status/2084564653015757266
2026-08-04 08:58:00,skocherhan,domain,rg-telegram.com.cn,#phishing,https://x.com/skocherhan/status/2084564653015757266
2026-08-04 08:58:00,skocherhan,url,http://rg-telegram.com.cn,#phishing,https://x.com/skocherhan/status/2084564653015757266
2026-08-04 08:58:00,skocherhan,domain,safeparis.fun,#phishing,https://x.com/skocherhan/status/2084564653015757266
2026-08-04 08:58:00,skocherhan,url,http://safeparis.fun,#phishing,https://x.com/skocherhan/status/2084564653015757266
2026-08-04 08:58:00,skocherhan,domain,sicherewette.fun,#phishing,https://x.com/skocherhan/status/2084564653015757266
2026-08-04 08:58:00,skocherhan,url,http://sicherewette.fun,#phishing,https://x.com/skocherhan/status/2084564653015757266
2026-08-04 08:58:00,skocherhan,domain,skygateaccount.com,#phishing,https://x.com/skocherhan/status/2084564653015757266
2026-08-04 08:58:00,skocherhan,url,http://skygateaccount.com,#phishing,https://x.com/skocherhan/status/2084564653015757266
2026-08-04 08:58:00,skocherhan,domain,smartgptautomations.com,#phishing,https://x.com/skocherhan/status/2084564653015757266
2026-08-04 08:58:00,skocherhan,url,http://smartgptautomations.com,#phishing,https://x.com/skocherhan/status/2084564653015757266
2026-08-04 08:58:00,skocherhan,domain,snoozethis.com,#phishing,https://x.com/skocherhan/status/2084564653015757266
2026-08-04 08:58:00,skocherhan,url,http://snoozethis.com,#phishing,https://x.com/skocherhan/status/2084564653015757266
2026-08-04 08:58:00,skocherhan,domain,srortmoney.fun,#phishing,https://x.com/skocherhan/status/2084564653015757266
2026-08-04 08:58:00,skocherhan,url,http://srortmoney.fun,#phishing,https://x.com/skocherhan/status/2084564653015757266
2026-08-04 08:58:00,skocherhan,domain,t-meapp.com.cn,#phishing,https://x.com/skocherhan/status/2084564653015757266
2026-08-04 08:58:00,skocherhan,url,http://t-meapp.com.cn,#phishing,https://x.com/skocherhan/status/2084564653015757266
2026-08-04 08:58:00,skocherhan,domain,tejlegram.com,#phishing,https://x.com/skocherhan/status/2084564653015757266
2026-08-04 08:58:00,skocherhan,url,http://tejlegram.com,#phishing,https://x.com/skocherhan/status/2084564653015757266
2026-08-04 08:58:00,skocherhan,domain,teldegram.com,#phishing,https://x.com/skocherhan/status/2084564653015757266
2026-08-04 08:58:00,skocherhan,url,http://teldegram.com,#phishing,https://x.com/skocherhan/status/2084564653015757266
2026-08-04 08:58:00,skocherhan,domain,telefeed.me,#phishing,https://x.com/skocherhan/status/2084564653015757266
2026-08-04 08:58:00,skocherhan,url,http://telefeed.me,#phishing,https://x.com/skocherhan/status/2084564653015757266
2026-08-04 08:58:00,skocherhan,domain,telefgram.com,#phishing,https://x.com/skocherhan/status/2084564653015757266
2026-08-04 08:58:00,skocherhan,url,http://telefgram.com,#phishing,https://x.com/skocherhan/status/2084564653015757266
2026-08-04 08:58:00,skocherhan,domain,teleg-telegram.com.cn,#phishing,https://x.com/skocherhan/status/2084564653015757266
2026-08-04 08:58:00,skocherhan,url,http://teleg-telegram.com.cn,#phishing,https://x.com/skocherhan/status/2084564653015757266
2026-08-04 08:58:00,skocherhan,domain,telegam-zh-cn.com,#phishing,https://x.com/skocherhan/status/2084564653015757266
2026-08-04 08:58:00,skocherhan,url,http://telegam-zh-cn.com,#phishing,https://x.com/skocherhan/status/2084564653015757266
2026-08-04 08:58:00,skocherhan,domain,teleggrram.com.cn,#phishing,https://x.com/skocherhan/status/2084564653015757266
2026-08-04 08:58:00,skocherhan,url,http://teleggrram.com.cn,#phishing,https://x.com/skocherhan/status/2084564653015757266
2026-08-04 08:58:00,skocherhan,domain,telegram-7.com,#phishing,https://x.com/skocherhan/status/2084564653015757266
2026-08-04 08:58:00,skocherhan,url,http://telegram-7.com,#phishing,https://x.com/skocherhan/status/2084564653015757266
2026-08-04 08:58:00,skocherhan,domain,telegram-8.com,#phishing,https://x.com/skocherhan/status/2084564653015757266
2026-08-04 08:58:00,skocherhan,url,http://telegram-8.com,#phishing,https://x.com/skocherhan/status/2084564653015757266
2026-08-04 08:58:00,skocherhan,domain,telegram-cnzh.com,#phishing,https://x.com/skocherhan/status/2084564653015757266
2026-08-04 08:58:00,skocherhan,url,http://telegram-cnzh.com,#phishing,https://x.com/skocherhan/status/2084564653015757266
2026-08-04 08:58:00,skocherhan,domain,telegram-garm.com.cn,#phishing,https://x.com/skocherhan/status/2084564653015757266
2026-08-04 08:58:00,skocherhan,url,http://telegram-garm.com.cn,#phishing,https://x.com/skocherhan/status/2084564653015757266
2026-08-04 08:58:00,skocherhan,domain,telegram-gr.com.cn,#phishing,https://x.com/skocherhan/status/2084564653015757266
2026-08-04 08:58:00,skocherhan,url,http://telegram-gr.com.cn,#phishing,https://x.com/skocherhan/status/2084564653015757266
2026-08-04 08:58:00,skocherhan,domain,telegram-net.com,#phishing,https://x.com/skocherhan/status/2084564653015757266
2026-08-04 08:58:00,skocherhan,url,http://telegram-net.com,#phishing,https://x.com/skocherhan/status/2084564653015757266
2026-08-04 08:58:00,skocherhan,domain,telegram-net.pages.dev,#phishing,https://x.com/skocherhan/status/2084564653015757266
2026-08-04 08:58:00,skocherhan,url,http://telegram-net.pages.dev,#phishing,https://x.com/skocherhan/status/2084564653015757266
2026-08-04 08:58:00,skocherhan,domain,telegram-te.com.cn,#phishing,https://x.com/skocherhan/status/2084564653015757266
2026-08-04 08:58:00,skocherhan,url,http://telegram-te.com.cn,#phishing,https://x.com/skocherhan/status/2084564653015757266
2026-08-04 08:58:00,skocherhan,domain,telegram-yi.com.cn,#phishing,https://x.com/skocherhan/status/2084564653015757266
2026-08-04 08:58:00,skocherhan,url,http://telegram-yi.com.cn,#phishing,https://x.com/skocherhan/status/2084564653015757266
2026-08-04 08:58:00,skocherhan,domain,telegram-yi.hl.cn,#phishing,https://x.com/skocherhan/status/2084564653015757266
2026-08-04 08:58:00,skocherhan,url,http://telegram-yi.hl.cn,#phishing,https://x.com/skocherhan/status/2084564653015757266
2026-08-04 08:58:00,skocherhan,domain,telegram-zh-cn.com,#phishing,https://x.com/skocherhan/status/2084564653015757266
2026-08-04 08:58:00,skocherhan,url,http://telegram-zh-cn.com,#phishing,https://x.com/skocherhan/status/2084564653015757266
2026-08-04 08:58:00,skocherhan,domain,telegram.ariesed.workers.dev,#phishing,https://x.com/skocherhan/status/2084564653015757266
2026-08-04 08:58:00,skocherhan,url,http://telegram.ariesed.workers.dev,#phishing,https://x.com/skocherhan/status/2084564653015757266
2026-08-04 08:58:00,skocherhan,domain,telegram.banka.gg,#phishing,https://x.com/skocherhan/status/2084564653015757266
2026-08-04 08:58:00,skocherhan,url,http://telegram.banka.gg,#phishing,https://x.com/skocherhan/status/2084564653015757266
2026-08-04 08:58:00,skocherhan,domain,telegram.m-haghighat13.workers.dev,#phishing,https://x.com/skocherhan/status/2084564653015757266
2026-08-04 08:58:00,skocherhan,url,http://telegram.m-haghighat13.workers.dev,#phishing,https://x.com/skocherhan/status/2084564653015757266
2026-08-04 08:58:00,skocherhan,domain,telegramamg.com.cn,#phishing,https://x.com/skocherhan/status/2084564653015757266
2026-08-04 08:58:00,skocherhan,url,http://telegramamg.com.cn,#phishing,https://x.com/skocherhan/status/2084564653015757266
2026-08-04 08:58:00,skocherhan,domain,telegramappaa.com,#phishing,https://x.com/skocherhan/status/2084564653015757266
2026-08-04 08:58:00,skocherhan,url,http://telegramappaa.com,#phishing,https://x.com/skocherhan/status/2084564653015757266
2026-08-04 08:58:00,skocherhan,domain,telegramcn86.com,#phishing,https://x.com/skocherhan/status/2084564653015757266
2026-08-04 08:58:00,skocherhan,url,http://telegramcn86.com,#phishing,https://x.com/skocherhan/status/2084564653015757266
2026-08-04 08:58:00,skocherhan,domain,telegramcnweb.com,#phishing,https://x.com/skocherhan/status/2084564653015757266
2026-08-04 08:58:00,skocherhan,url,http://telegramcnweb.com,#phishing,https://x.com/skocherhan/status/2084564653015757266
2026-08-04 08:58:00,skocherhan,domain,telegramencrypted.com,#phishing,https://x.com/skocherhan/status/2084564653015757266
2026-08-04 08:58:00,skocherhan,url,http://telegramencrypted.com,#phishing,https://x.com/skocherhan/status/2084564653015757266
2026-08-04 08:58:00,skocherhan,domain,telegrameram.com.cn,#phishing,https://x.com/skocherhan/status/2084564653015757266
2026-08-04 08:58:00,skocherhan,url,http://telegrameram.com.cn,#phishing,https://x.com/skocherhan/status/2084564653015757266
2026-08-04 08:58:00,skocherhan,domain,telegramgn.com.cn,#phishing,https://x.com/skocherhan/status/2084564653015757266
2026-08-04 08:58:00,skocherhan,url,http://telegramgn.com.cn,#phishing,https://x.com/skocherhan/status/2084564653015757266
2026-08-04 08:58:00,skocherhan,domain,telegramgra.com.cn,#phishing,https://x.com/skocherhan/status/2084564653015757266
2026-08-04 08:58:00,skocherhan,url,http://telegramgra.com.cn,#phishing,https://x.com/skocherhan/status/2084564653015757266
2026-08-04 08:58:00,skocherhan,domain,telegramgrm.com.cn,#phishing,https://x.com/skocherhan/status/2084564653015757266
2026-08-04 08:58:00,skocherhan,url,http://telegramgrm.com.cn,#phishing,https://x.com/skocherhan/status/2084564653015757266
2026-08-04 08:58:00,skocherhan,domain,telegramin-cni.com,#phishing,https://x.com/skocherhan/status/2084564653015757266
2026-08-04 08:58:00,skocherhan,url,http://telegramin-cni.com,#phishing,https://x.com/skocherhan/status/2084564653015757266
2026-08-04 08:58:00,skocherhan,domain,telegramip.com.cn,#phishing,https://x.com/skocherhan/status/2084564653015757266
2026-08-04 08:58:00,skocherhan,url,http://telegramip.com.cn,#phishing,https://x.com/skocherhan/status/2084564653015757266
2026-08-04 08:58:00,skocherhan,domain,telegrammessage-7wk.pages.dev,#phishing,https://x.com/skocherhan/status/2084564653015757266
2026-08-04 08:58:00,skocherhan,url,http://telegrammessage-7wk.pages.dev,#phishing,https://x.com/skocherhan/status/2084564653015757266
2026-08-04 08:58:00,skocherhan,domain,telegrammessage.com,#phishing,https://x.com/skocherhan/status/2084564653015757266
2026-08-04 08:58:00,skocherhan,url,http://telegrammessage.com,#phishing,https://x.com/skocherhan/status/2084564653015757266
2026-08-04 08:58:00,skocherhan,domain,telegramnr.com,#phishing,https://x.com/skocherhan/status/2084564653015757266
2026-08-04 08:58:00,skocherhan,url,http://telegramnr.com,#phishing,https://x.com/skocherhan/status/2084564653015757266
2026-08-04 08:58:00,skocherhan,domain,telegramo.com,#phishing,https://x.com/skocherhan/status/2084564653015757266
2026-08-04 08:58:00,skocherhan,url,http://telegramo.com,#phishing,https://x.com/skocherhan/status/2084564653015757266
2026-08-04 08:58:00,skocherhan,domain,telegramoin-cn.com,#phishing,https://x.com/skocherhan/status/2084564653015757266
2026-08-04 08:58:00,skocherhan,url,http://telegramoin-cn.com,#phishing,https://x.com/skocherhan/status/2084564653015757266
2026-08-04 08:58:00,skocherhan,domain,telegramom.cn,#phishing,https://x.com/skocherhan/status/2084564653015757266
2026-08-04 08:58:00,skocherhan,url,http://telegramom.cn,#phishing,https://x.com/skocherhan/status/2084564653015757266
2026-08-04 08:58:00,skocherhan,domain,telegramon.com.cn,#phishing,https://x.com/skocherhan/status/2084564653015757266
2026-08-04 08:58:00,skocherhan,url,http://telegramon.com.cn,#phishing,https://x.com/skocherhan/status/2084564653015757266
2026-08-04 08:58:00,skocherhan,domain,telegramoott.com.cn,#phishing,https://x.com/skocherhan/status/2084564653015757266
2026-08-04 08:58:00,skocherhan,url,http://telegramoott.com.cn,#phishing,https://x.com/skocherhan/status/2084564653015757266
2026-08-04 08:58:00,skocherhan,domain,telegramop.com.cn,#phishing,https://x.com/skocherhan/status/2084564653015757266
2026-08-04 08:58:00,skocherhan,url,http://telegramop.com.cn,#phishing,https://x.com/skocherhan/status/2084564653015757266
2026-08-04 08:58:00,skocherhan,domain,telegramorg-cn.co,#phishing,https://x.com/skocherhan/status/2084564653015757266
2026-08-04 08:58:00,skocherhan,url,http://telegramorg-cn.co,#phishing,https://x.com/skocherhan/status/2084564653015757266
2026-08-04 08:58:00,skocherhan,domain,telegramorg-cn.com,#phishing,https://x.com/skocherhan/status/2084564653015757266
2026-08-04 08:58:00,skocherhan,url,http://telegramorg-cn.com,#phishing,https://x.com/skocherhan/status/2084564653015757266
2026-08-04 08:58:00,skocherhan,domain,telegrampc-apps.com,#phishing,https://x.com/skocherhan/status/2084564653015757266
2026-08-04 08:58:00,skocherhan,url,http://telegrampc-apps.com,#phishing,https://x.com/skocherhan/status/2084564653015757266
2026-08-04 08:58:00,skocherhan,domain,telegrampczh.com,#phishing,https://x.com/skocherhan/status/2084564653015757266
2026-08-04 08:58:00,skocherhan,url,http://telegrampczh.com,#phishing,https://x.com/skocherhan/status/2084564653015757266
2026-08-04 08:58:00,skocherhan,domain,telegrampm.hl.cn,#phishing,https://x.com/skocherhan/status/2084564653015757266
2026-08-04 08:58:00,skocherhan,url,http://telegrampm.hl.cn,#phishing,https://x.com/skocherhan/status/2084564653015757266
2026-08-04 08:58:00,skocherhan,domain,telegramppo.com.cn,#phishing,https://x.com/skocherhan/status/2084564653015757266
2026-08-04 08:58:00,skocherhan,url,http://telegramppo.com.cn,#phishing,https://x.com/skocherhan/status/2084564653015757266
2026-08-04 08:58:00,skocherhan,domain,telegrampropc.com.cn,#phishing,https://x.com/skocherhan/status/2084564653015757266
2026-08-04 08:58:00,skocherhan,url,http://telegrampropc.com.cn,#phishing,https://x.com/skocherhan/status/2084564653015757266
2026-08-04 08:58:00,skocherhan,domain,telegramte.hl.cn,#phishing,https://x.com/skocherhan/status/2084564653015757266
2026-08-04 08:58:00,skocherhan,url,http://telegramte.hl.cn,#phishing,https://x.com/skocherhan/status/2084564653015757266
2026-08-04 08:58:00,skocherhan,domain,telegramtg.hl.cn,#phishing,https://x.com/skocherhan/status/2084564653015757266
2026-08-04 08:58:00,skocherhan,url,http://telegramtg.hl.cn,#phishing,https://x.com/skocherhan/status/2084564653015757266
2026-08-04 08:58:00,skocherhan,domain,telegramtgan.com.cn,#phishing,https://x.com/skocherhan/status/2084564653015757266
2026-08-04 08:58:00,skocherhan,url,http://telegramtgan.com.cn,#phishing,https://x.com/skocherhan/status/2084564653015757266
2026-08-04 08:58:00,skocherhan,domain,telegramtgappc.com.cn,#phishing,https://x.com/skocherhan/status/2084564653015757266
2026-08-04 08:58:00,skocherhan,url,http://telegramtgappc.com.cn,#phishing,https://x.com/skocherhan/status/2084564653015757266
2026-08-04 08:58:00,skocherhan,domain,telegramtgda.com.cn,#phishing,https://x.com/skocherhan/status/2084564653015757266
2026-08-04 08:58:00,skocherhan,url,http://telegramtgda.com.cn,#phishing,https://x.com/skocherhan/status/2084564653015757266
2026-08-04 08:58:00,skocherhan,domain,telegramtgdi.com.cn,#phishing,https://x.com/skocherhan/status/2084564653015757266
2026-08-04 08:58:00,skocherhan,url,http://telegramtgdi.com.cn,#phishing,https://x.com/skocherhan/status/2084564653015757266
2026-08-04 08:58:00,skocherhan,domain,telegramtgei.com.cn,#phishing,https://x.com/skocherhan/status/2084564653015757266
2026-08-04 08:58:00,skocherhan,url,http://telegramtgei.com.cn,#phishing,https://x.com/skocherhan/status/2084564653015757266
2026-08-04 08:58:00,skocherhan,domain,telegramtgen.com.cn,#phishing,https://x.com/skocherhan/status/2084564653015757266
2026-08-04 08:58:00,skocherhan,url,http://telegramtgen.com.cn,#phishing,https://x.com/skocherhan/status/2084564653015757266
2026-08-04 08:58:00,skocherhan,domain,telegramtgfa.com.cn,#phishing,https://x.com/skocherhan/status/2084564653015757266
2026-08-04 08:58:00,skocherhan,url,http://telegramtgfa.com.cn,#phishing,https://x.com/skocherhan/status/2084564653015757266
2026-08-04 08:58:00,skocherhan,domain,telegramtgfo.com.cn,#phishing,https://x.com/skocherhan/status/2084564653015757266
2026-08-04 08:58:00,skocherhan,url,http://telegramtgfo.com.cn,#phishing,https://x.com/skocherhan/status/2084564653015757266
2026-08-04 08:58:00,skocherhan,domain,telegramtgge.com.cn,#phishing,https://x.com/skocherhan/status/2084564653015757266
2026-08-04 08:58:00,skocherhan,url,http://telegramtgge.com.cn,#phishing,https://x.com/skocherhan/status/2084564653015757266
2026-08-04 08:58:00,skocherhan,domain,telegramtggu.com.cn,#phishing,https://x.com/skocherhan/status/2084564653015757266
2026-08-04 08:58:00,skocherhan,url,http://telegramtggu.com.cn,#phishing,https://x.com/skocherhan/status/2084564653015757266
2026-08-04 08:58:00,skocherhan,domain,telegramtghe.com.cn,#phishing,https://x.com/skocherhan/status/2084564653015757266
2026-08-04 08:58:00,skocherhan,url,http://telegramtghe.com.cn,#phishing,https://x.com/skocherhan/status/2084564653015757266
2026-08-04 08:58:00,skocherhan,domain,telegramtghg.com.cn,#phishing,https://x.com/skocherhan/status/2084564653015757266
2026-08-04 08:58:00,skocherhan,url,http://telegramtghg.com.cn,#phishing,https://x.com/skocherhan/status/2084564653015757266
2026-08-04 08:58:00,skocherhan,domain,telegramtghu.com.cn,#phishing,https://x.com/skocherhan/status/2084564653015757266
2026-08-04 08:58:00,skocherhan,url,http://telegramtghu.com.cn,#phishing,https://x.com/skocherhan/status/2084564653015757266
2026-08-04 08:58:00,skocherhan,domain,telegramtgju.com.cn,#phishing,https://x.com/skocherhan/status/2084564653015757266
2026-08-04 08:58:00,skocherhan,url,http://telegramtgju.com.cn,#phishing,https://x.com/skocherhan/status/2084564653015757266
2026-08-04 08:58:00,skocherhan,domain,telegramtgka.com.cn,#phishing,https://x.com/skocherhan/status/2084564653015757266
2026-08-04 08:58:00,skocherhan,url,http://telegramtgka.com.cn,#phishing,https://x.com/skocherhan/status/2084564653015757266
2026-08-04 08:58:00,skocherhan,domain,telegramtgke.com.cn,#phishing,https://x.com/skocherhan/status/2084564653015757266
2026-08-04 08:58:00,skocherhan,url,http://telegramtgke.com.cn,#phishing,https://x.com/skocherhan/status/2084564653015757266
2026-08-04 08:58:00,skocherhan,domain,telegramtgku.com.cn,#phishing,https://x.com/skocherhan/status/2084564653015757266
2026-08-04 08:58:00,skocherhan,url,http://telegramtgku.com.cn,#phishing,https://x.com/skocherhan/status/2084564653015757266
2026-08-04 08:58:00,skocherhan,domain,telegramtgla.com.cn,#phishing,https://x.com/skocherhan/status/2084564653015757266
2026-08-04 08:58:00,skocherhan,url,http://telegramtgla.com.cn,#phishing,https://x.com/skocherhan/status/2084564653015757266
2026-08-04 08:58:00,skocherhan,domain,telegramtgle.com.cn,#phishing,https://x.com/skocherhan/status/2084564653015757266
2026-08-04 08:58:00,skocherhan,url,http://telegramtgle.com.cn,#phishing,https://x.com/skocherhan/status/2084564653015757266
2026-08-04 08:58:00,skocherhan,domain,telegramtgli.com.cn,#phishing,https://x.com/skocherhan/status/2084564653015757266
2026-08-04 08:58:00,skocherhan,url,http://telegramtgli.com.cn,#phishing,https://x.com/skocherhan/status/2084564653015757266
2026-08-04 08:58:00,skocherhan,domain,telegramtglo.com.cn,#phishing,https://x.com/skocherhan/status/2084564653015757266
2026-08-04 08:58:00,skocherhan,url,http://telegramtglo.com.cn,#phishing,https://x.com/skocherhan/status/2084564653015757266
2026-08-04 08:58:00,skocherhan,domain,telegramtglu.com.cn,#phishing,https://x.com/skocherhan/status/2084564653015757266
2026-08-04 08:58:00,skocherhan,url,http://telegramtglu.com.cn,#phishing,https://x.com/skocherhan/status/2084564653015757266
2026-08-04 08:58:00,skocherhan,domain,telegramtglv.com.cn,#phishing,https://x.com/skocherhan/status/2084564653015757266
2026-08-04 08:58:00,skocherhan,url,http://telegramtglv.com.cn,#phishing,https://x.com/skocherhan/status/2084564653015757266
2026-08-04 08:58:00,skocherhan,domain,telegramtgmi.com.cn,#phishing,https://x.com/skocherhan/status/2084564653015757266
2026-08-04 08:58:00,skocherhan,url,http://telegramtgmi.com.cn,#phishing,https://x.com/skocherhan/status/2084564653015757266
2026-08-04 08:58:00,skocherhan,domain,telegramtgoo.com.cn,#phishing,https://x.com/skocherhan/status/2084564653015757266
2026-08-04 08:58:00,skocherhan,url,http://telegramtgoo.com.cn,#phishing,https://x.com/skocherhan/status/2084564653015757266
2026-08-04 08:58:00,skocherhan,domain,telegramtgqi.com.cn,#phishing,https://x.com/skocherhan/status/2084564653015757266
2026-08-04 08:58:00,skocherhan,url,http://telegramtgqi.com.cn,#phishing,https://x.com/skocherhan/status/2084564653015757266
2026-08-04 08:58:00,skocherhan,domain,telegramtgre.com.cn,#phishing,https://x.com/skocherhan/status/2084564653015757266
2026-08-04 08:58:00,skocherhan,url,http://telegramtgre.com.cn,#phishing,https://x.com/skocherhan/status/2084564653015757266
2026-08-04 08:58:00,skocherhan,domain,telegramtgse.com.cn,#phishing,https://x.com/skocherhan/status/2084564653015757266
2026-08-04 08:58:00,skocherhan,url,http://telegramtgse.com.cn,#phishing,https://x.com/skocherhan/status/2084564653015757266
2026-08-04 08:58:00,skocherhan,domain,telegramtgta.com.cn,#phishing,https://x.com/skocherhan/status/2084564653015757266
2026-08-04 08:58:00,skocherhan,url,http://telegramtgta.com.cn,#phishing,https://x.com/skocherhan/status/2084564653015757266
2026-08-04 08:58:00,skocherhan,domain,telegramtgtt.com.cn,#phishing,https://x.com/skocherhan/status/2084564653015757266
2026-08-04 08:58:00,skocherhan,url,http://telegramtgtt.com.cn,#phishing,https://x.com/skocherhan/status/2084564653015757266
2026-08-04 08:58:00,skocherhan,domain,telegramtgyes.com.cn,#phishing,https://x.com/skocherhan/status/2084564653015757266
2026-08-04 08:58:00,skocherhan,url,http://telegramtgyes.com.cn,#phishing,https://x.com/skocherhan/status/2084564653015757266
2026-08-04 08:58:00,skocherhan,domain,telegramut.com.cn,#phishing,https://x.com/skocherhan/status/2084564653015757266
2026-08-04 08:58:00,skocherhan,url,http://telegramut.com.cn,#phishing,https://x.com/skocherhan/status/2084564653015757266
2026-08-04 08:58:00,skocherhan,domain,telegramv.com.cn,#phishing,https://x.com/skocherhan/status/2084564653015757266
2026-08-04 08:58:00,skocherhan,url,http://telegramv.com.cn,#phishing,https://x.com/skocherhan/status/2084564653015757266
2026-08-04 08:58:00,skocherhan,domain,telegramvip.net,#phishing,https://x.com/skocherhan/status/2084564653015757266
2026-08-04 08:58:00,skocherhan,url,http://telegramvip.net,#phishing,https://x.com/skocherhan/status/2084564653015757266
2026-08-04 08:58:00,skocherhan,domain,telegramxi.com,#phishing,https://x.com/skocherhan/status/2084564653015757266
2026-08-04 08:58:00,skocherhan,url,http://telegramxi.com,#phishing,https://x.com/skocherhan/status/2084564653015757266
2026-08-04 08:58:00,skocherhan,domain,telegramzhcn.org,#phishing,https://x.com/skocherhan/status/2084564653015757266
2026-08-04 08:58:00,skocherhan,url,http://telegramzhcn.org,#phishing,https://x.com/skocherhan/status/2084564653015757266
2026-08-04 08:58:00,skocherhan,domain,telegramzhongwen.com,#phishing,https://x.com/skocherhan/status/2084564653015757266
2026-08-04 08:58:00,skocherhan,url,http://telegramzhongwen.com,#phishing,https://x.com/skocherhan/status/2084564653015757266
2026-08-04 08:58:00,skocherhan,domain,telegramzhtg.com,#phishing,https://x.com/skocherhan/status/2084564653015757266
2026-08-04 08:58:00,skocherhan,url,http://telegramzhtg.com,#phishing,https://x.com/skocherhan/status/2084564653015757266
2026-08-04 08:58:00,skocherhan,domain,telegrgam.com,#phishing,https://x.com/skocherhan/status/2084564653015757266
2026-08-04 08:58:00,skocherhan,url,http://telegrgam.com,#phishing,https://x.com/skocherhan/status/2084564653015757266
2026-08-04 08:58:00,skocherhan,domain,telegrrram.com,#phishing,https://x.com/skocherhan/status/2084564653015757266
2026-08-04 08:58:00,skocherhan,url,http://telegrrram.com,#phishing,https://x.com/skocherhan/status/2084564653015757266
2026-08-04 08:58:00,skocherhan,domain,telergam-a.com.cn,#phishing,https://x.com/skocherhan/status/2084564653015757266
2026-08-04 08:58:00,skocherhan,url,http://telergam-a.com.cn,#phishing,https://x.com/skocherhan/status/2084564653015757266
2026-08-04 08:58:00,skocherhan,domain,telergam-b.com.cn,#phishing,https://x.com/skocherhan/status/2084564653015757266
2026-08-04 08:58:00,skocherhan,url,http://telergam-b.com.cn,#phishing,https://x.com/skocherhan/status/2084564653015757266
2026-08-04 08:58:00,skocherhan,domain,telergam-c.com.cn,#phishing,https://x.com/skocherhan/status/2084564653015757266
2026-08-04 08:58:00,skocherhan,url,http://telergam-c.com.cn,#phishing,https://x.com/skocherhan/status/2084564653015757266
2026-08-04 08:58:00,skocherhan,domain,telergam-cdn71386.aa9977rt.com,#phishing,https://x.com/skocherhan/status/2084564653015757266
2026-08-04 08:58:00,skocherhan,url,http://telergam-cdn71386.aa9977rt.com,#phishing,https://x.com/skocherhan/status/2084564653015757266
2026-08-04 08:58:00,skocherhan,domain,telergam-cdn83124.aa9977rt.com,#phishing,https://x.com/skocherhan/status/2084564653015757266
2026-08-04 08:58:00,skocherhan,url,http://telergam-cdn83124.aa9977rt.com,#phishing,https://x.com/skocherhan/status/2084564653015757266
2026-08-04 08:58:00,skocherhan,domain,telergam-cdn99471.aa9977rt.com,#phishing,https://x.com/skocherhan/status/2084564653015757266
2026-08-04 08:58:00,skocherhan,url,http://telergam-cdn99471.aa9977rt.com,#phishing,https://x.com/skocherhan/status/2084564653015757266
2026-08-04 08:58:00,skocherhan,domain,tg-me.sbs,#phishing,https://x.com/skocherhan/status/2084564653015757266
2026-08-04 08:58:00,skocherhan,url,http://tg-me.sbs,#phishing,https://x.com/skocherhan/status/2084564653015757266
2026-08-04 08:58:00,skocherhan,domain,tgkit.pages.dev,#phishing,https://x.com/skocherhan/status/2084564653015757266
2026-08-04 08:58:00,skocherhan,url,http://tgkit.pages.dev,#phishing,https://x.com/skocherhan/status/2084564653015757266
2026-08-04 08:58:00,skocherhan,domain,tgr-telegram.hl.cn,#phishing,https://x.com/skocherhan/status/2084564653015757266
2026-08-04 08:58:00,skocherhan,url,http://tgr-telegram.hl.cn,#phishing,https://x.com/skocherhan/status/2084564653015757266
2026-08-04 08:58:00,skocherhan,domain,tgtchina.com,#phishing,https://x.com/skocherhan/status/2084564653015757266
2026-08-04 08:58:00,skocherhan,url,http://tgtchina.com,#phishing,https://x.com/skocherhan/status/2084564653015757266
2026-08-04 08:58:00,skocherhan,domain,tgtelegramre.com.cn,#phishing,https://x.com/skocherhan/status/2084564653015757266
2026-08-04 08:58:00,skocherhan,url,http://tgtelegramre.com.cn,#phishing,https://x.com/skocherhan/status/2084564653015757266
2026-08-04 08:58:00,skocherhan,domain,tgxnh.com,#phishing,https://x.com/skocherhan/status/2084564653015757266
2026-08-04 08:58:00,skocherhan,url,http://tgxnh.com,#phishing,https://x.com/skocherhan/status/2084564653015757266
2026-08-04 08:58:00,skocherhan,domain,thetex.top,#phishing,https://x.com/skocherhan/status/2084564653015757266
2026-08-04 08:58:00,skocherhan,url,http://thetex.top,#phishing,https://x.com/skocherhan/status/2084564653015757266
2026-08-04 08:58:00,skocherhan,domain,tme-proxy.alex-074.workers.dev,#phishing,https://x.com/skocherhan/status/2084564653015757266
2026-08-04 08:58:00,skocherhan,url,http://tme-proxy.alex-074.workers.dev,#phishing,https://x.com/skocherhan/status/2084564653015757266
2026-08-04 08:58:00,skocherhan,domain,ttttttttt.me,#phishing,https://x.com/skocherhan/status/2084564653015757266
2026-08-04 08:58:00,skocherhan,url,http://ttttttttt.me,#phishing,https://x.com/skocherhan/status/2084564653015757266
2026-08-04 08:58:00,skocherhan,domain,tvwikiz.com,#phishing,https://x.com/skocherhan/status/2084564653015757266
2026-08-04 08:58:00,skocherhan,url,http://tvwikiz.com,#phishing,https://x.com/skocherhan/status/2084564653015757266
2026-08-04 08:58:00,skocherhan,domain,venomsmoke.flaskmime.net,#phishing,https://x.com/skocherhan/status/2084564653015757266
2026-08-04 08:58:00,skocherhan,url,http://venomsmoke.flaskmime.net,#phishing,https://x.com/skocherhan/status/2084564653015757266
2026-08-04 08:58:00,skocherhan,domain,vipforexaccademy.glinetechmedia.com,#phishing,https://x.com/skocherhan/status/2084564653015757266
2026-08-04 08:58:00,skocherhan,url,http://vipforexaccademy.glinetechmedia.com,#phishing,https://x.com/skocherhan/status/2084564653015757266
2026-08-04 08:58:00,skocherhan,domain,vpnbot.tech,#phishing,https://x.com/skocherhan/status/2084564653015757266
2026-08-04 08:58:00,skocherhan,url,http://vpnbot.tech,#phishing,https://x.com/skocherhan/status/2084564653015757266
2026-08-04 08:58:00,skocherhan,domain,web.tegevo.top,#phishing,https://x.com/skocherhan/status/2084564653015757266
2026-08-04 08:58:00,skocherhan,url,http://web.tegevo.top,#phishing,https://x.com/skocherhan/status/2084564653015757266
2026-08-04 08:58:00,skocherhan,domain,wesmessage.com,#phishing,https://x.com/skocherhan/status/2084564653015757266
2026-08-04 08:58:00,skocherhan,url,http://wesmessage.com,#phishing,https://x.com/skocherhan/status/2084564653015757266
2026-08-04 08:58:00,skocherhan,domain,wesmessage.net,#phishing,https://x.com/skocherhan/status/2084564653015757266
2026-08-04 08:58:00,skocherhan,url,http://wesmessage.net,#phishing,https://x.com/skocherhan/status/2084564653015757266
2026-08-04 08:58:00,skocherhan,domain,wv-telegram.hl.cn,#phishing,https://x.com/skocherhan/status/2084564653015757266
2026-08-04 08:58:00,skocherhan,url,http://wv-telegram.hl.cn,#phishing,https://x.com/skocherhan/status/2084564653015757266
2026-08-04 08:58:00,skocherhan,domain,xiaciyiding.co,#phishing,https://x.com/skocherhan/status/2084564653015757266
2026-08-04 08:58:00,skocherhan,url,http://xiaciyiding.co,#phishing,https://x.com/skocherhan/status/2084564653015757266
2026-08-04 08:58:00,skocherhan,domain,xiacyiding.co,#phishing,https://x.com/skocherhan/status/2084564653015757266
2026-08-04 08:58:00,skocherhan,url,http://xiacyiding.co,#phishing,https://x.com/skocherhan/status/2084564653015757266
2026-08-04 08:58:00,skocherhan,domain,yoium.com,#phishing,https://x.com/skocherhan/status/2084564653015757266
2026-08-04 08:58:00,skocherhan,url,http://yoium.com,#phishing,https://x.com/skocherhan/status/2084564653015757266
2026-08-04 08:58:00,skocherhan,domain,zerohex.ir,#phishing,https://x.com/skocherhan/status/2084564653015757266
2026-08-04 08:58:00,skocherhan,url,http://zerohex.ir,#phishing,https://x.com/skocherhan/status/2084564653015757266
2026-08-04 08:58:00,skocherhan,domain,zh.tc-telegram.cn,#phishing,https://x.com/skocherhan/status/2084564653015757266
2026-08-04 08:58:00,skocherhan,url,http://zh.tc-telegram.cn,#phishing,https://x.com/skocherhan/status/2084564653015757266
2026-08-04 08:58:00,skocherhan,domain,zhifeiji-telegram.com.cn,#phishing,https://x.com/skocherhan/status/2084564653015757266
2026-08-04 08:58:00,skocherhan,url,http://zhifeiji-telegram.com.cn,#phishing,https://x.com/skocherhan/status/2084564653015757266
2026-08-04 08:58:00,skocherhan,domain,zhifeijipc-mo.com.cn,#phishing,https://x.com/skocherhan/status/2084564653015757266
2026-08-04 08:58:00,skocherhan,url,http://zhifeijipc-mo.com.cn,#phishing,https://x.com/skocherhan/status/2084564653015757266
2026-08-04 08:58:00,skocherhan,domain,zhifeijipc-nu.com.cn,#phishing,https://x.com/skocherhan/status/2084564653015757266
2026-08-04 08:58:00,skocherhan,url,http://zhifeijipc-nu.com.cn,#phishing,https://x.com/skocherhan/status/2084564653015757266
2026-08-04 08:58:00,skocherhan,domain,zhifeijipc-nv.com.cn,#phishing,https://x.com/skocherhan/status/2084564653015757266
2026-08-04 08:58:00,skocherhan,url,http://zhifeijipc-nv.com.cn,#phishing,https://x.com/skocherhan/status/2084564653015757266
2026-08-04 08:58:00,skocherhan,domain,zhifeijipc-po.com.cn,#phishing,https://x.com/skocherhan/status/2084564653015757266
2026-08-04 08:58:00,skocherhan,url,http://zhifeijipc-po.com.cn,#phishing,https://x.com/skocherhan/status/2084564653015757266
2026-08-04 08:58:00,skocherhan,domain,zhifeijipc-pu.com.cn,#phishing,https://x.com/skocherhan/status/2084564653015757266
2026-08-04 08:58:00,skocherhan,url,http://zhifeijipc-pu.com.cn,#phishing,https://x.com/skocherhan/status/2084564653015757266
2026-08-04 08:58:00,skocherhan,domain,zhifeijipc-qu.com.cn,#phishing,https://x.com/skocherhan/status/2084564653015757266
2026-08-04 08:58:00,skocherhan,url,http://zhifeijipc-qu.com.cn,#phishing,https://x.com/skocherhan/status/2084564653015757266
2026-08-04 08:58:00,skocherhan,domain,zhifeijipc-ru.com.cn,#phishing,https://x.com/skocherhan/status/2084564653015757266
2026-08-04 08:58:00,skocherhan,url,http://zhifeijipc-ru.com.cn,#phishing,https://x.com/skocherhan/status/2084564653015757266
2026-08-04 08:58:00,skocherhan,domain,zhifeijipc-si.com.cn,#phishing,https://x.com/skocherhan/status/2084564653015757266
2026-08-04 08:58:00,skocherhan,url,http://zhifeijipc-si.com.cn,#phishing,https://x.com/skocherhan/status/2084564653015757266
2026-08-04 08:58:00,skocherhan,domain,zhifeijipc-tu.com.cn,#phishing,https://x.com/skocherhan/status/2084564653015757266
2026-08-04 08:58:00,skocherhan,url,http://zhifeijipc-tu.com.cn,#phishing,https://x.com/skocherhan/status/2084564653015757266
2026-08-04 08:58:00,skocherhan,domain,zhifeijipc-wo.com.cn,#phishing,https://x.com/skocherhan/status/2084564653015757266
2026-08-04 08:58:00,skocherhan,url,http://zhifeijipc-wo.com.cn,#phishing,https://x.com/skocherhan/status/2084564653015757266
2026-08-04 08:58:00,skocherhan,domain,zhifeijipc-wu.com.cn,#phishing,https://x.com/skocherhan/status/2084564653015757266
2026-08-04 08:58:00,skocherhan,url,http://zhifeijipc-wu.com.cn,#phishing,https://x.com/skocherhan/status/2084564653015757266
2026-08-04 08:58:00,skocherhan,domain,zhifeijipc-xu.com.cn,#phishing,https://x.com/skocherhan/status/2084564653015757266
2026-08-04 08:58:00,skocherhan,url,http://zhifeijipc-xu.com.cn,#phishing,https://x.com/skocherhan/status/2084564653015757266
2026-08-04 08:58:00,skocherhan,domain,zhifeijipc-yo.com.cn,#phishing,https://x.com/skocherhan/status/2084564653015757266
2026-08-04 08:58:00,skocherhan,url,http://zhifeijipc-yo.com.cn,#phishing,https://x.com/skocherhan/status/2084564653015757266
2026-08-04 08:58:00,skocherhan,domain,zhifeijipc-yu.com.cn,#phishing,https://x.com/skocherhan/status/2084564653015757266
2026-08-04 08:58:00,skocherhan,url,http://zhifeijipc-yu.com.cn,#phishing,https://x.com/skocherhan/status/2084564653015757266
2026-08-04 08:58:00,skocherhan,sha256,181349b08b8da309823b3b6a670ce13581ff82af7b03db71ba60c705d0620261,#phishing,https://x.com/skocherhan/status/2084564653015757266
2026-08-04 09:11:00,skocherhan,md5,aa8e9ade9a86a50e55479f1978c30527,,https://x.com/skocherhan/status/2084567975810461850
2026-08-04 09:11:00,skocherhan,md5,9348c849bb1b45599e3347ca45326446,,https://x.com/skocherhan/status/2084567975810461850
2026-08-04 09:26:00,skocherhan,md5,34a66ffab5b2b2e82f4aeed24e2e570a,,https://x.com/skocherhan/status/2084571676914622598
2026-08-04 09:45:00,OpcodeIntel,sha256,3f72767b211c84a7e35cdf397b228b22f2156984ea1c8cc4380b73a516c49ab8,#malware,https://x.com/OpcodeIntel/status/2084576476629020986
2026-08-04 09:46:00,OpcodeIntel,md5,9694294addbe58be93ddbb6cabc499ce,#Android #malware,https://x.com/OpcodeIntel/status/2077997483062677742
2026-08-04 09:46:00,OpcodeIntel,md5,58330aaf1f533e9fe03b6355c60347b4,#Android #malware,https://x.com/OpcodeIntel/status/2077997483062677742
2026-08-04 10:03:00,500mk500,domain,alert-bh.com,,https://x.com/500mk500/status/2084581039100321987
2026-08-04 10:03:00,500mk500,url,http://alert-bh.com,,https://x.com/500mk500/status/2084581039100321987
2026-08-04 10:03:00,500mk500,domain,alertbh.info,,https://x.com/500mk500/status/2084581039100321987
2026-08-04 10:03:00,500mk500,url,http://alertbh.info,,https://x.com/500mk500/status/2084581039100321987
2026-08-04 10:03:00,500mk500,domain,beneficiary-survey.info,,https://x.com/500mk500/status/2084581039100321987
2026-08-04 10:03:00,500mk500,url,http://beneficiary-survey.info,,https://x.com/500mk500/status/2084581039100321987
2026-08-04 10:03:00,500mk500,domain,bh-alert.com,,https://x.com/500mk500/status/2084581039100321987
2026-08-04 10:03:00,500mk500,url,http://bh-alert.com,,https://x.com/500mk500/status/2084581039100321987
2026-08-04 10:03:00,500mk500,domain,chesschesschessai.xyz,,https://x.com/500mk500/status/2084581039100321987
2026-08-04 10:03:00,500mk500,url,http://chesschesschessai.xyz,,https://x.com/500mk500/status/2084581039100321987
2026-08-04 10:03:00,500mk500,domain,owetywieojzbvxcasdf.xyz,,https://x.com/500mk500/status/2084581039100321987
2026-08-04 10:03:00,500mk500,url,http://owetywieojzbvxcasdf.xyz,,https://x.com/500mk500/status/2084581039100321987
2026-08-04 10:03:00,500mk500,domain,securitybh.com,,https://x.com/500mk500/status/2084581039100321987
2026-08-04 10:03:00,500mk500,url,http://securitybh.com,,https://x.com/500mk500/status/2084581039100321987
2026-08-04 10:03:00,500mk500,domain,tiktokadulltdownload.xyz,,https://x.com/500mk500/status/2084581039100321987
2026-08-04 10:03:00,500mk500,url,http://tiktokadulltdownload.xyz,,https://x.com/500mk500/status/2084581039100321987
2026-08-04 10:03:00,500mk500,domain,tiktokadults-download-space.xyz,,https://x.com/500mk500/status/2084581039100321987
2026-08-04 10:03:00,500mk500,url,http://tiktokadults-download-space.xyz,,https://x.com/500mk500/status/2084581039100321987
2026-08-04 10:03:00,500mk500,domain,tiktokdownlload.xyz,,https://x.com/500mk500/status/2084581039100321987
2026-08-04 10:03:00,500mk500,url,http://tiktokdownlload.xyz,,https://x.com/500mk500/status/2084581039100321987
2026-08-04 10:09:00,banthisguy9349,domain,cracked.sh,,https://x.com/banthisguy9349/status/2075048168157581611
2026-08-04 10:09:00,banthisguy9349,url,http://cracked.sh,,https://x.com/banthisguy9349/status/2075048168157581611
2026-08-04 10:19:00,skocherhan,domain,profile-redirect.com,#phishing,https://x.com/skocherhan/status/2084585127754027327
2026-08-04 10:19:00,skocherhan,url,http://profile-redirect.com,#phishing,https://x.com/skocherhan/status/2084585127754027327
2026-08-04 10:19:00,skocherhan,domain,snap.profile-redirect.com,#phishing,https://x.com/skocherhan/status/2084585127754027327
2026-08-04 10:19:00,skocherhan,url,http://snap.profile-redirect.com,#phishing,https://x.com/skocherhan/status/2084585127754027327
2026-08-04 10:23:00,tdatwja,domain,hcnlskdfkxcvsdfjp.pages.dev,,https://x.com/tdatwja/status/2084585961686749531
2026-08-04 10:23:00,tdatwja,url,http://hcnlskdfkxcvsdfjp.pages.dev,,https://x.com/tdatwja/status/2084585961686749531
2026-08-04 10:23:00,tdatwja,domain,202608045201545111.zip,,https://x.com/tdatwja/status/2084585961686749531
2026-08-04 10:23:00,tdatwja,url,http://202608045201545111.zip,,https://x.com/tdatwja/status/2084585961686749531
2026-08-04 10:23:00,tdatwja,domain,haochisadnka.cc,,https://x.com/tdatwja/status/2084585961686749531
2026-08-04 10:23:00,tdatwja,url,http://haochisadnka.cc,,https://x.com/tdatwja/status/2084585961686749531
2026-08-04 10:33:00,tdatwja,domain,hijndil-ownguen.pages.dev,,https://x.com/tdatwja/status/2084588468886552914
2026-08-04 10:33:00,tdatwja,url,http://hijndil-ownguen.pages.dev,,https://x.com/tdatwja/status/2084588468886552914
2026-08-04 10:33:00,tdatwja,domain,ljdnxz.cc,,https://x.com/tdatwja/status/2084588468886552914
2026-08-04 10:33:00,tdatwja,url,http://ljdnxz.cc,,https://x.com/tdatwja/status/2084588468886552914
2026-08-04 10:35:00,skocherhan,url,https://www.npmjs.com/package/keyv/v/6.0.0,,https://x.com/skocherhan/status/2084588920948289653
2026-08-04 10:41:00,masaomi346,domain,vnsany.com,#phishing,https://x.com/masaomi346/status/2084590597139304525
2026-08-04 10:41:00,masaomi346,url,https://vnsany.com/4CpUPl,#phishing,https://x.com/masaomi346/status/2084590597139304525
2026-08-04 10:48:00,ShadowOpCode,domain,europe-italy.icu,#phishing,https://x.com/ShadowOpCode/status/2084592251548684509
2026-08-04 10:48:00,ShadowOpCode,url,https://europe-italy.icu/GLS.it,#phishing,https://x.com/ShadowOpCode/status/2084592251548684509
2026-08-04 11:15:00,nextronresearch,sha256,fd3ca4007b225fdf8de7af4345a19179d5efa8c4bb9205f88cda806e5684b1eb,,https://x.com/nextronresearch/status/2084599046878974164
2026-08-04 11:15:00,nextronresearch,sha256,54dc7ea54a1317cca0e890a2770630cf7fa6c97813e0cb9d2caa93012b350668,,https://x.com/nextronresearch/status/2084599046878974164
2026-08-04 11:15:00,nextronresearch,sha256,9fc2570b7cef51c1b8df116d144d11ff4096357be7d2c4c6367cfc2509cf1bcc,,https://x.com/nextronresearch/status/2084599046878974164
2026-08-04 11:23:00,nuria_imeq,domain,pago-correos.es,,https://x.com/nuria_imeq/status/2084600999574966765
2026-08-04 11:23:00,nuria_imeq,url,http://pago-correos.es,,https://x.com/nuria_imeq/status/2084600999574966765
2026-08-04 11:34:00,tdatwja,domain,returns.zip,,https://x.com/tdatwja/status/2084589989367889931
2026-08-04 11:34:00,tdatwja,url,http://returns.zip,,https://x.com/tdatwja/status/2084589989367889931
2026-08-04 11:52:00,suyog41,md5,f811e9e0704c16c8f3ba6201c72be556,#ransomware,https://x.com/suyog41/status/2084608375489548767
2026-08-04 11:58:00,skocherhan,sha256,501ea082774f29adc752887402af6df0edf49bf7b3816b93f6e52c06a79685bc,,https://x.com/skocherhan/status/2084609934960857194
2026-08-04 11:58:00,skocherhan,sha256,962fb670510807fd5cab3a6e6f886aeb2b925c42054c29fa02f67011be935954,,https://x.com/skocherhan/status/2084609934960857194
2026-08-04 12:12:00,widarpri,ip,51.161.122.78,,https://x.com/widarpri/status/1943073570160103616
2026-08-04 12:34:00,webamon_search,domain,sqllq.com,,https://x.com/webamon_search/status/2084619091306828111
2026-08-04 12:34:00,webamon_search,url,http://sqllq.com,,https://x.com/webamon_search/status/2084619091306828111
2026-08-04 12:34:00,webamon_search,domain,01800agregados.com,,https://x.com/webamon_search/status/2084619091306828111
2026-08-04 12:34:00,webamon_search,url,http://01800agregados.com,,https://x.com/webamon_search/status/2084619091306828111
2026-08-04 12:34:00,webamon_search,domain,01490242b.com,,https://x.com/webamon_search/status/2084619091306828111
2026-08-04 12:34:00,webamon_search,url,http://01490242b.com,,https://x.com/webamon_search/status/2084619091306828111
2026-08-04 12:34:00,webamon_search,domain,00899.top,,https://x.com/webamon_search/status/2084619091306828111
2026-08-04 12:34:00,webamon_search,url,http://00899.top,,https://x.com/webamon_search/status/2084619091306828111
2026-08-04 12:37:00,NetAskari,url,http://47.237.103.249,,https://x.com/NetAskari/status/2084619773384519949
2026-08-04 12:37:00,NetAskari,ip,47.237.103.249,,https://x.com/NetAskari/status/2084619773384519949
2026-08-04 12:41:00,byrne_emmy12099,domain,nid.elementfx.com,#APT,https://x.com/byrne_emmy12099/status/2084620818936729752
2026-08-04 12:41:00,byrne_emmy12099,url,https://nid.elementfx.com/indown.php?clicked=[userdomain]&who=[username]&what=xxx,#APT,https://x.com/byrne_emmy12099/status/2084620818936729752
2026-08-04 12:54:00,byrne_emmy12099,domain,jaemoolding25863.elementfx.com,#APT,https://x.com/byrne_emmy12099/status/2084624041902813610
2026-08-04 12:54:00,byrne_emmy12099,url,https://jaemoolding25863.elementfx.com/indown.php?clicked=[userdomain]&who=[username]&what=xxx,#APT,https://x.com/byrne_emmy12099/status/2084624041902813610
2026-08-04 12:54:00,teamcymru_S2,ip,151.243.113.23,#Magecart,https://x.com/teamcymru_S2/status/2084624038060564632
2026-08-04 12:54:00,teamcymru_S2,ip,188.127.246.70,#Magecart,https://x.com/teamcymru_S2/status/2084624038060564632
2026-08-04 12:54:00,teamcymru_S2,ip,188.127.246.71,#Magecart,https://x.com/teamcymru_S2/status/2084624038060564632
2026-08-04 12:54:00,teamcymru_S2,ip,188.127.246.72,#Magecart,https://x.com/teamcymru_S2/status/2084624038060564632
2026-08-04 12:54:00,teamcymru_S2,ip,188.127.246.73,#Magecart,https://x.com/teamcymru_S2/status/2084624038060564632
2026-08-04 12:54:00,teamcymru_S2,ip,188.127.246.74,#Magecart,https://x.com/teamcymru_S2/status/2084624038060564632
2026-08-04 12:54:00,teamcymru_S2,ip,188.127.246.75,#Magecart,https://x.com/teamcymru_S2/status/2084624038060564632
2026-08-04 12:54:00,teamcymru_S2,ip,188.127.246.76,#Magecart,https://x.com/teamcymru_S2/status/2084624038060564632
2026-08-04 13:10:00,byrne_emmy12099,domain,0wqs9jct2r.sportsontheweb.net,#APT,https://x.com/byrne_emmy12099/status/2084628134276825243
2026-08-04 13:10:00,byrne_emmy12099,url,http://0wqs9jct2r.sportsontheweb.net/peer.php?session=[username]&mac=term,#APT,https://x.com/byrne_emmy12099/status/2084628134276825243
2026-08-04 13:18:00,byrne_emmy12099,domain,7hzfsiymgf.getenjoyment.net,,https://x.com/byrne_emmy12099/status/2084630119176683751
2026-08-04 13:18:00,byrne_emmy12099,url,http://7hzfsiymgf.getenjoyment.net/peer.php?session=[username]&mac=term,,https://x.com/byrne_emmy12099/status/2084630119176683751
2026-08-04 13:20:00,AddressIntel,domain,certsolution.org,#phishing,https://x.com/AddressIntel/status/2084630453105873031
2026-08-04 13:20:00,AddressIntel,url,https://www.certsolution.org/uploads/ito/itoo/it/conto/inde,#phishing,https://x.com/AddressIntel/status/2084630453105873031
2026-08-04 13:37:00,skocherhan,domain,xzz.cam,,https://x.com/skocherhan/status/2084634940465955305
2026-08-04 13:37:00,skocherhan,url,http://xzz.cam,,https://x.com/skocherhan/status/2084634940465955305
2026-08-04 13:38:00,Fact_Finder03,ip,2.26.227.133,#C2 #stealer,https://x.com/Fact_Finder03/status/2084634981532660177
2026-08-04 13:38:00,Fact_Finder03,sha256,ae7806216734f06548fe9a00b3ffe01717ace6d614692a7ab4ef63d3c365a2e0,#C2 #stealer,https://x.com/Fact_Finder03/status/2084634981532660177
2026-08-04 13:38:00,Fact_Finder03,sha256,cc8b9d524ed2c1ffe7ddc578abf356f35c3c352f2b38251928f6b7c0e13cbc73,#C2 #stealer,https://x.com/Fact_Finder03/status/2084634981532660177
2026-08-04 13:44:00,ishivtripathi,url,http://188.190.2.165:666/data,#malware,https://x.com/ishivtripathi/status/2084636620138180741
2026-08-04 13:44:00,ishivtripathi,ip,188.190.2.165,#malware,https://x.com/ishivtripathi/status/2084636620138180741
2026-08-04 13:44:00,ishivtripathi,sha256,5397e96e590d5274bdbdb353c651d0c7087c848c640f5199c62a00720050b9a4,#malware,https://x.com/ishivtripathi/status/2084636620138180741
2026-08-04 13:52:00,fbgwls245,domain,mll5ddmdzgiq2siv3qnocmmqyiigfpajtc663xtf32qtp6weycyx2hyd.onion,#ransomware,https://x.com/fbgwls245/status/2084638533348913417
2026-08-04 13:52:00,fbgwls245,url,http://mll5ddmdzgiq2siv3qnocmmqyiigfpajtc663xtf32qtp6weycyx2hyd.onion,#ransomware,https://x.com/fbgwls245/status/2084638533348913417
2026-08-04 13:52:00,fbgwls245,domain,ns7y6bxawualjj5rpo5num6syejd7hgaowrndk3r4duxu2iyinzv6hid.onion,#ransomware,https://x.com/fbgwls245/status/2084638533348913417
2026-08-04 13:52:00,fbgwls245,url,http://ns7y6bxawualjj5rpo5num6syejd7hgaowrndk3r4duxu2iyinzv6hid.onion,#ransomware,https://x.com/fbgwls245/status/2084638533348913417
2026-08-04 14:11:00,byrne_emmy12099,url,http://194.26.192.66:8080/p/m29lrjwb,,https://x.com/byrne_emmy12099/status/2084643299617554543
2026-08-04 14:11:00,byrne_emmy12099,ip,194.26.192.66,,https://x.com/byrne_emmy12099/status/2084643299617554543
2026-08-04 14:16:00,skocherhan,domain,relay.intexxxxmanifold.com,,https://x.com/skocherhan/status/2084644719963840597
2026-08-04 14:16:00,skocherhan,url,http://relay.intexxxxmanifold.com,,https://x.com/skocherhan/status/2084644719963840597
2026-08-04 14:16:00,skocherhan,domain,intexxxxmanifold.com,,https://x.com/skocherhan/status/2084644719963840597
2026-08-04 14:16:00,skocherhan,url,http://intexxxxmanifold.com,,https://x.com/skocherhan/status/2084644719963840597
2026-08-04 14:25:00,byrne_emmy12099,sha256,42a2cf195bb257a0ba01cc167063950042e6cbd8d4c97fe62bdd8abae0103440,,https://x.com/byrne_emmy12099/status/2084646880194252992
2026-08-04 14:44:00,suyog41,domain,e1.cdnresolver.com,#stealer,https://x.com/suyog41/status/2084651748468326817
2026-08-04 14:44:00,suyog41,url,http://e1.cdnresolver.com,#stealer,https://x.com/suyog41/status/2084651748468326817
2026-08-04 14:44:00,suyog41,domain,a2.cdnresolver.com,#stealer,https://x.com/suyog41/status/2084651748468326817
2026-08-04 14:44:00,suyog41,url,http://a2.cdnresolver.com,#stealer,https://x.com/suyog41/status/2084651748468326817
2026-08-04 14:44:00,suyog41,md5,3390b960af5dd1933289b916af3ecce9,#stealer,https://x.com/suyog41/status/2084651748468326817
2026-08-04 14:50:00,byrne_emmy12099,url,http://217.60.7.218,#APT,https://x.com/byrne_emmy12099/status/2084653107355791689
2026-08-04 14:50:00,byrne_emmy12099,ip,217.60.7.218,#APT,https://x.com/byrne_emmy12099/status/2084653107355791689
2026-08-04 14:54:00,skocherhan,domain,omnbvcdsx.eu.org,#APT,https://x.com/skocherhan/status/2084654318242705711
2026-08-04 14:54:00,skocherhan,url,http://omnbvcdsx.eu.org,#APT,https://x.com/skocherhan/status/2084654318242705711
2026-08-04 15:03:00,skocherhan,domain,97ee4.catex.at,#phishing,https://x.com/skocherhan/status/2084656534462546033
2026-08-04 15:03:00,skocherhan,url,http://97ee4.catex.at/cnbcard/web_sms_activate.php,#phishing,https://x.com/skocherhan/status/2084656534462546033
2026-08-04 15:04:00,skocherhan,domain,61ben.proxer.cc,#phishing,https://x.com/skocherhan/status/2084656801803350287
2026-08-04 15:04:00,skocherhan,url,http://61ben.proxer.cc/bs/info/,#phishing,https://x.com/skocherhan/status/2084656801803350287
2026-08-04 15:10:00,skocherhan,domain,97ee9.catex.at,#phishing,https://x.com/skocherhan/status/2084658252525060466
2026-08-04 15:10:00,skocherhan,url,http://97ee9.catex.at/cnbcard/,#phishing,https://x.com/skocherhan/status/2084658252525060466
2026-08-04 15:10:00,skocherhan,domain,97ee8.catex.at,#phishing,https://x.com/skocherhan/status/2084658252525060466
2026-08-04 15:10:00,skocherhan,url,http://97ee8.catex.at/cnbcard/,#phishing,https://x.com/skocherhan/status/2084658252525060466
2026-08-04 15:10:00,skocherhan,domain,97ee7.catex.at,#phishing,https://x.com/skocherhan/status/2084658252525060466
2026-08-04 15:10:00,skocherhan,url,http://97ee7.catex.at/cnbcard/,#phishing,https://x.com/skocherhan/status/2084658252525060466
2026-08-04 15:10:00,skocherhan,domain,97ee6.catex.at,#phishing,https://x.com/skocherhan/status/2084658252525060466
2026-08-04 15:10:00,skocherhan,url,http://97ee6.catex.at/cnbcard/,#phishing,https://x.com/skocherhan/status/2084658252525060466
2026-08-04 15:10:00,skocherhan,domain,97ee5.catex.at,#phishing,https://x.com/skocherhan/status/2084658252525060466
2026-08-04 15:10:00,skocherhan,url,http://97ee5.catex.at/cnbcard/,#phishing,https://x.com/skocherhan/status/2084658252525060466
2026-08-04 15:10:00,skocherhan,url,http://97ee4.catex.at/cnbcard/,#phishing,https://x.com/skocherhan/status/2084658252525060466
2026-08-04 15:10:00,skocherhan,domain,97ee3.catex.at,#phishing,https://x.com/skocherhan/status/2084658252525060466
2026-08-04 15:10:00,skocherhan,url,http://97ee3.catex.at/cnbcard/,#phishing,https://x.com/skocherhan/status/2084658252525060466
2026-08-04 15:10:00,skocherhan,domain,97ee2.catex.at,#phishing,https://x.com/skocherhan/status/2084658252525060466
2026-08-04 15:10:00,skocherhan,url,http://97ee2.catex.at/cnbcard/,#phishing,https://x.com/skocherhan/status/2084658252525060466
2026-08-04 15:10:00,skocherhan,domain,97eee.locaz.icu,#phishing,https://x.com/skocherhan/status/2084658252525060466
2026-08-04 15:10:00,skocherhan,url,http://97eee.locaz.icu/cnbcard/,#phishing,https://x.com/skocherhan/status/2084658252525060466
2026-08-04 15:10:00,skocherhan,domain,coinbase.solghost.shop,#phishing,https://x.com/skocherhan/status/2084658252525060466
2026-08-04 15:10:00,skocherhan,url,http://coinbase.solghost.shop,#phishing,https://x.com/skocherhan/status/2084658252525060466
2026-08-04 15:39:00,MichalKoczwara,ip,198.105.127.210,#DPRK,https://x.com/MichalKoczwara/status/2084665483832254821
2026-08-04 15:39:00,MichalKoczwara,ip,23.27.20.187,#DPRK,https://x.com/MichalKoczwara/status/2084665483832254821
2026-08-04 15:56:00,0xhido,url,http://148.224.63.123,,https://x.com/0xhido/status/2084669788572246287
2026-08-04 15:56:00,0xhido,url,http://195.160.221.203:8080,,https://x.com/0xhido/status/2084669788572246287
2026-08-04 15:56:00,0xhido,ip,148.224.63.123,,https://x.com/0xhido/status/2084669788572246287
2026-08-04 15:56:00,0xhido,ip,195.160.221.203,,https://x.com/0xhido/status/2084669788572246287
2026-08-04 16:25:00,volrant136,domain,milllitelecom.netlify.app,#phishing,https://x.com/volrant136/status/2084677130965901540
2026-08-04 16:25:00,volrant136,url,http://milllitelecom.netlify.app,#phishing,https://x.com/volrant136/status/2084677130965901540
2026-08-04 17:00:00,phishunt_io,domain,santander2026.dothome.co.kr,#phishing,https://x.com/phishunt_io/status/2084685951112994980
2026-08-04 17:00:00,phishunt_io,url,http://santander2026.dothome.co.kr,#phishing,https://x.com/phishunt_io/status/2084685951112994980
2026-08-04 17:00:00,phishunt_io,ip,112.175.185.138,#phishing,https://x.com/phishunt_io/status/2084685951112994980
2026-08-04 18:00:00,phatomcandle,domain,boostgridz.info,#APT #C2 #malware,https://x.com/phatomcandle/status/2084700913772724334
2026-08-04 18:00:00,phatomcandle,url,http://boostgridz.info,#APT #C2 #malware,https://x.com/phatomcandle/status/2084700913772724334
2026-08-04 18:01:00,skocherhan,domain,login.trees4sale.net,,https://x.com/skocherhan/status/2084701210259382291
2026-08-04 18:01:00,skocherhan,domain,libdalvikengine.so,,https://x.com/skocherhan/status/2084701210259382291
2026-08-04 18:17:00,Now_on_VT,sha256,37b485ed8d150d022c41e5e307b8c54c34ef806625b44d0c940b18be7d5b29ce,,https://x.com/Now_on_VT/status/2084705203996033371
2026-08-04 19:02:00,bomccss,url,https://hcnlskdfkxcvsdfjp.pages.dev,,https://x.com/bomccss/status/2084716742778274090
2026-08-04 19:02:00,bomccss,url,http://134.122.185.201:6698,,https://x.com/bomccss/status/2084716744942506199
2026-08-04 19:02:00,bomccss,url,http://134.122.185.201:6685,,https://x.com/bomccss/status/2084716744942506199
2026-08-04 19:02:00,bomccss,ip,134.122.185.201,,https://x.com/bomccss/status/2084716744942506199
2026-08-04 19:02:00,bomccss,sha256,eabb84ee06b664ae393b28e2847c1778fd875199c4b53d05f7c1cbf3443fb671,,https://x.com/bomccss/status/2084716744942506199
2026-08-04 19:03:00,bomccss,url,https://hijndil-ownguen.pages.dev,,https://x.com/bomccss/status/2084716944834584984
2026-08-04 19:03:00,bomccss,domain,a2026804002105.zip,,https://x.com/bomccss/status/2084716944834584984
2026-08-04 19:03:00,bomccss,url,http://A2026804002105.zip,,https://x.com/bomccss/status/2084716944834584984
2026-08-04 19:03:00,bomccss,url,http://121.127.253.206:8856,,https://x.com/bomccss/status/2084716947237998944
2026-08-04 19:03:00,bomccss,url,http://121.127.253.206:8868,,https://x.com/bomccss/status/2084716947237998944
2026-08-04 19:03:00,bomccss,ip,121.127.253.206,,https://x.com/bomccss/status/2084716947237998944
2026-08-04 19:03:00,bomccss,sha256,194845853f864088bc9fae5c0b2f692f6d6b1564f41111041247b3f86d356f30,,https://x.com/bomccss/status/2084716947237998944
2026-08-04 19:04:00,bomccss,sha256,098944076200e38a2c97dd2cde6041e766fa8506d80a6c5ff9fbc90b2cdbf82b,,https://x.com/bomccss/status/2084717134735986912
2026-08-04 19:04:00,bomccss,url,http://204.194.50.231/9856.png,,https://x.com/bomccss/status/2084717137046962259
2026-08-04 19:04:00,bomccss,url,http://204.194.50.231:449,,https://x.com/bomccss/status/2084717137046962259
2026-08-04 20:17:00,Now_on_VT,md5,9bdb0c756eb6e4af9a58c0bdbb0099fb,,https://x.com/Now_on_VT/status/2084735373738172605
2026-08-04 20:20:00,skocherhan,url,http://77.239.98.97,,https://x.com/skocherhan/status/2084736372783432120
2026-08-04 20:20:00,skocherhan,ip,77.239.98.97,,https://x.com/skocherhan/status/2084736372783432120
2026-08-04 20:35:00,leoescobarq,domain,my.tervel-zan.co,#phishing,https://x.com/leoescobarq/status/2084740074000851199
2026-08-04 20:35:00,leoescobarq,url,https://my.tervel-zan.co/tp/#/page/index,#phishing,https://x.com/leoescobarq/status/2084740074000851199
2026-08-04 20:40:00,skocherhan,url,http://178.17.61.110/MD5,#opendir,https://x.com/skocherhan/status/2084741211911225633
2026-08-04 20:40:00,skocherhan,ip,178.17.61.110,#opendir,https://x.com/skocherhan/status/2084741211911225633
2026-08-04 20:40:00,skocherhan,ip,91.92.241.160,#opendir,https://x.com/skocherhan/status/2084741211911225633
2026-08-04 20:44:00,kubotaa3,url,https://mu.jpjy-08.shop,#phishing,https://x.com/kubotaa3/status/2084742188169326629
2026-08-04 20:50:00,skocherhan,domain,mu.jpjy-08.shop,#phishing,https://x.com/skocherhan/status/2084743821477265621
2026-08-04 20:50:00,skocherhan,url,https://mu.jpjy-08.shop/ip,#phishing,https://x.com/skocherhan/status/2084743821477265621
2026-08-04 21:30:00,Kostastsale,sha256,c0654ca707fd45d9563f46dbd51fc03b75f5a05ec0ffc26816bcedcd13520b31,,https://x.com/Kostastsale/status/2084753774133027166
2026-08-04 22:22:00,k3dg3,sha256,fe8277705549324d8fdb94cc7d9a9083190f3e93e8e5dfec582b5afa5d42c97d,,https://x.com/k3dg3/status/2084767008508518911
2026-08-04 22:22:00,k3dg3,sha256,6941fbafdf1c7e5ddd12b9050c27501aba8b0ab05e1916afffd21ba30257ebf8,,https://x.com/k3dg3/status/2084767008508518911
2026-08-04 22:40:00,skocherhan,url,http://43.251.57.99,,https://x.com/skocherhan/status/2084771538969002414
2026-08-04 22:40:00,skocherhan,domain,0149tie.temawangtmw.com,,https://x.com/skocherhan/status/2084771538969002414
2026-08-04 22:40:00,skocherhan,url,http://0149tie.temawangtmw.com,,https://x.com/skocherhan/status/2084771538969002414
2026-08-04 22:40:00,skocherhan,domain,2025tiaozhuan.gabdtz66.com,,https://x.com/skocherhan/status/2084771538969002414
2026-08-04 22:40:00,skocherhan,url,http://2025tiaozhuan.gabdtz66.com:10443,,https://x.com/skocherhan/status/2084771538969002414
2026-08-04 22:40:00,skocherhan,domain,246-baidu260804.www01490267dd.com,,https://x.com/skocherhan/status/2084771538969002414
2026-08-04 22:40:00,skocherhan,url,http://246-baidu260804.www01490267dd.com,,https://x.com/skocherhan/status/2084771538969002414
2026-08-04 22:40:00,skocherhan,domain,251224001gwbd-tk.ou53t.com,,https://x.com/skocherhan/status/2084771538969002414
2026-08-04 22:40:00,skocherhan,url,http://251224001gwbd-tk.ou53t.com,,https://x.com/skocherhan/status/2084771538969002414
2026-08-04 22:40:00,skocherhan,domain,251224002gwbd-tk.ou53t.com,,https://x.com/skocherhan/status/2084771538969002414
2026-08-04 22:40:00,skocherhan,url,http://251224002gwbd-tk.ou53t.com,,https://x.com/skocherhan/status/2084771538969002414
2026-08-04 22:40:00,skocherhan,domain,33cfj-baidu260804q.jinbaobb.com,,https://x.com/skocherhan/status/2084771538969002414
2026-08-04 22:40:00,skocherhan,url,http://33cfj-baidu260804q.jinbaobb.com,,https://x.com/skocherhan/status/2084771538969002414
2026-08-04 22:40:00,skocherhan,domain,3sd3g-baidu260804q.bowenaa.com,,https://x.com/skocherhan/status/2084771538969002414
2026-08-04 22:40:00,skocherhan,url,http://3sd3g-baidu260804q.bowenaa.com,,https://x.com/skocherhan/status/2084771538969002414
2026-08-04 22:40:00,skocherhan,domain,agabd-baidu260804q.meirenhh.com,,https://x.com/skocherhan/status/2084771538969002414
2026-08-04 22:40:00,skocherhan,url,http://agabd-baidu260804q.meirenhh.com,,https://x.com/skocherhan/status/2084771538969002414
2026-08-04 22:40:00,skocherhan,domain,aiz-baidu260804.www226647dd.com,,https://x.com/skocherhan/status/2084771538969002414
2026-08-04 22:40:00,skocherhan,url,http://aiz-baidu260804.www226647dd.com,,https://x.com/skocherhan/status/2084771538969002414
2026-08-04 22:40:00,skocherhan,domain,app.abc.909qp809.com,,https://x.com/skocherhan/status/2084771538969002414
2026-08-04 22:40:00,skocherhan,url,http://app.abc.909qp809.com,,https://x.com/skocherhan/status/2084771538969002414
2026-08-04 22:40:00,skocherhan,domain,bxj-baidu260804.www01490265dd.com,,https://x.com/skocherhan/status/2084771538969002414
2026-08-04 22:40:00,skocherhan,url,http://bxj-baidu260804.www01490265dd.com,,https://x.com/skocherhan/status/2084771538969002414
2026-08-04 22:40:00,skocherhan,domain,cbw-baidu260804.www01490254dd.com,,https://x.com/skocherhan/status/2084771538969002414
2026-08-04 22:40:00,skocherhan,url,http://cbw-baidu260804.www01490254dd.com,,https://x.com/skocherhan/status/2084771538969002414
2026-08-04 22:40:00,skocherhan,domain,cmw-baidu260804.www01490253dd.com,,https://x.com/skocherhan/status/2084771538969002414
2026-08-04 22:40:00,skocherhan,url,http://cmw-baidu260804.www01490253dd.com,,https://x.com/skocherhan/status/2084771538969002414
2026-08-04 22:40:00,skocherhan,domain,csw-baidu260804.www01490255dd.com,,https://x.com/skocherhan/status/2084771538969002414
2026-08-04 22:40:00,skocherhan,url,http://csw-baidu260804.www01490255dd.com,,https://x.com/skocherhan/status/2084771538969002414
2026-08-04 22:40:00,skocherhan,domain,cvd2y-baidu260804q.guangjiapo.com,,https://x.com/skocherhan/status/2084771538969002414
2026-08-04 22:40:00,skocherhan,url,http://cvd2y-baidu260804q.guangjiapo.com,,https://x.com/skocherhan/status/2084771538969002414
2026-08-04 22:40:00,skocherhan,domain,dhd3j-baidu260804q.pogangoo.com,,https://x.com/skocherhan/status/2084771538969002414
2026-08-04 22:40:00,skocherhan,url,http://dhd3j-baidu260804q.pogangoo.com,,https://x.com/skocherhan/status/2084771538969002414
2026-08-04 22:40:00,skocherhan,domain,dhz-baidu260804.014901490149dd.com,,https://x.com/skocherhan/status/2084771538969002414
2026-08-04 22:40:00,skocherhan,url,http://dhz-baidu260804.014901490149dd.com,,https://x.com/skocherhan/status/2084771538969002414
2026-08-04 22:40:00,skocherhan,domain,dlm-baidu260804.www01490240dd.com,,https://x.com/skocherhan/status/2084771538969002414
2026-08-04 22:40:00,skocherhan,url,http://dlm-baidu260804.www01490240dd.com,,https://x.com/skocherhan/status/2084771538969002414
2026-08-04 22:40:00,skocherhan,domain,dsb-baidu260804.www01490245dd.com,,https://x.com/skocherhan/status/2084771538969002414
2026-08-04 22:40:00,skocherhan,url,http://dsb-baidu260804.www01490245dd.com,,https://x.com/skocherhan/status/2084771538969002414
2026-08-04 22:40:00,skocherhan,domain,dxw-baidu260804.www01490268dd.com,,https://x.com/skocherhan/status/2084771538969002414
2026-08-04 22:40:00,skocherhan,url,http://dxw-baidu260804.www01490268dd.com,,https://x.com/skocherhan/status/2084771538969002414
2026-08-04 22:40:00,skocherhan,domain,dyj-baidu260804.www01490257dd.com,,https://x.com/skocherhan/status/2084771538969002414
2026-08-04 22:40:00,skocherhan,url,http://dyj-baidu260804.www01490257dd.com,,https://x.com/skocherhan/status/2084771538969002414
2026-08-04 22:40:00,skocherhan,domain,fghy-baidu260804q.mahuiuaa.com,,https://x.com/skocherhan/status/2084771538969002414
2026-08-04 22:40:00,skocherhan,url,http://fghy-baidu260804q.mahuiuaa.com,,https://x.com/skocherhan/status/2084771538969002414
2026-08-04 22:40:00,skocherhan,domain,gdh-baidu260804.www01490258dd.com,,https://x.com/skocherhan/status/2084771538969002414
2026-08-04 22:40:00,skocherhan,url,http://gdh-baidu260804.www01490258dd.com,,https://x.com/skocherhan/status/2084771538969002414
2026-08-04 22:40:00,skocherhan,domain,gjp-baidu260804.www01490262dd.com,,https://x.com/skocherhan/status/2084771538969002414
2026-08-04 22:40:00,skocherhan,url,http://gjp-baidu260804.www01490262dd.com,,https://x.com/skocherhan/status/2084771538969002414
2026-08-04 22:40:00,skocherhan,domain,gxh-baidu260804.www01490242dd.com,,https://x.com/skocherhan/status/2084771538969002414
2026-08-04 22:40:00,skocherhan,url,http://gxh-baidu260804.www01490242dd.com,,https://x.com/skocherhan/status/2084771538969002414
2026-08-04 22:40:00,skocherhan,domain,h6gsj-baidu260804q.wangzhongfaa.com,,https://x.com/skocherhan/status/2084771538969002414
2026-08-04 22:40:00,skocherhan,url,http://h6gsj-baidu260804q.wangzhongfaa.com,,https://x.com/skocherhan/status/2084771538969002414
2026-08-04 22:40:00,skocherhan,domain,hdx-baidu260804.www01490264dd.com,,https://x.com/skocherhan/status/2084771538969002414
2026-08-04 22:40:00,skocherhan,url,http://hdx-baidu260804.www01490264dd.com,,https://x.com/skocherhan/status/2084771538969002414
2026-08-04 22:40:00,skocherhan,domain,jbp-baidu260804.www01490251dd.com,,https://x.com/skocherhan/status/2084771538969002414
2026-08-04 22:40:00,skocherhan,url,http://jbp-baidu260804.www01490251dd.com,,https://x.com/skocherhan/status/2084771538969002414
2026-08-04 22:40:00,skocherhan,domain,jct-baidu260804.www01490261dd.com,,https://x.com/skocherhan/status/2084771538969002414
2026-08-04 22:40:00,skocherhan,url,http://jct-baidu260804.www01490261dd.com,,https://x.com/skocherhan/status/2084771538969002414
2026-08-04 22:40:00,skocherhan,domain,jdb-baidu260804.www01490248dd.com,,https://x.com/skocherhan/status/2084771538969002414
2026-08-04 22:40:00,skocherhan,url,http://jdb-baidu260804.www01490248dd.com,,https://x.com/skocherhan/status/2084771538969002414
2026-08-04 22:40:00,skocherhan,domain,jgf-baidu260804.www01490252dd.com,,https://x.com/skocherhan/status/2084771538969002414
2026-08-04 22:40:00,skocherhan,url,http://jgf-baidu260804.www01490252dd.com,,https://x.com/skocherhan/status/2084771538969002414
2026-08-04 22:40:00,skocherhan,domain,jsp-baidu260804.www01490271dd.com,,https://x.com/skocherhan/status/2084771538969002414
2026-08-04 22:40:00,skocherhan,url,http://jsp-baidu260804.www01490271dd.com,,https://x.com/skocherhan/status/2084771538969002414
2026-08-04 22:40:00,skocherhan,domain,kjw-baidu260804.www01490270dd.com,,https://x.com/skocherhan/status/2084771538969002414
2026-08-04 22:40:00,skocherhan,url,http://kjw-baidu260804.www01490270dd.com,,https://x.com/skocherhan/status/2084771538969002414
2026-08-04 22:40:00,skocherhan,domain,kkjjw888.n3okdfs9.com,,https://x.com/skocherhan/status/2084771538969002414
2026-08-04 22:40:00,skocherhan,url,http://kkjjw888.n3okdfs9.com,,https://x.com/skocherhan/status/2084771538969002414
2026-08-04 22:40:00,skocherhan,domain,lbw-baidu260804.www01490263dd.com,,https://x.com/skocherhan/status/2084771538969002414
2026-08-04 22:40:00,skocherhan,url,http://lbw-baidu260804.www01490263dd.com,,https://x.com/skocherhan/status/2084771538969002414
2026-08-04 22:40:00,skocherhan,domain,lnmi-baidu260804q.shengxiaoaa.com,,https://x.com/skocherhan/status/2084771538969002414
2026-08-04 22:40:00,skocherhan,url,http://lnmi-baidu260804q.shengxiaoaa.com,,https://x.com/skocherhan/status/2084771538969002414
2026-08-04 22:40:00,skocherhan,domain,mzg-baidu260804.www01490246dd.com,,https://x.com/skocherhan/status/2084771538969002414
2026-08-04 22:40:00,skocherhan,url,http://mzg-baidu260804.www01490246dd.com,,https://x.com/skocherhan/status/2084771538969002414
2026-08-04 22:40:00,skocherhan,domain,nlji-baidu260804q.ziliaoggzz.com,,https://x.com/skocherhan/status/2084771538969002414
2026-08-04 22:40:00,skocherhan,url,http://nlji-baidu260804q.ziliaoggzz.com,,https://x.com/skocherhan/status/2084771538969002414
2026-08-04 22:40:00,skocherhan,domain,qdd-baidu260804.www01490247dd.com,,https://x.com/skocherhan/status/2084771538969002414
2026-08-04 22:40:00,skocherhan,url,http://qdd-baidu260804.www01490247dd.com,,https://x.com/skocherhan/status/2084771538969002414
2026-08-04 22:40:00,skocherhan,domain,qdlxg-baidu260804q.daxianaa.com,,https://x.com/skocherhan/status/2084771538969002414
2026-08-04 22:40:00,skocherhan,url,http://qdlxg-baidu260804q.daxianaa.com,,https://x.com/skocherhan/status/2084771538969002414
2026-08-04 22:40:00,skocherhan,domain,slyw-baidu26067.4nokb2j1.com,,https://x.com/skocherhan/status/2084771538969002414
2026-08-04 22:40:00,skocherhan,url,http://slyw-baidu26067.4nokb2j1.com,,https://x.com/skocherhan/status/2084771538969002414
2026-08-04 22:40:00,skocherhan,domain,ssz-baidu260804.www01490243dd.com,,https://x.com/skocherhan/status/2084771538969002414
2026-08-04 22:40:00,skocherhan,url,http://ssz-baidu260804.www01490243dd.com,,https://x.com/skocherhan/status/2084771538969002414
2026-08-04 22:40:00,skocherhan,domain,tsp-baidu260804.www01490260dd.com,,https://x.com/skocherhan/status/2084771538969002414
2026-08-04 22:40:00,skocherhan,url,http://tsp-baidu260804.www01490260dd.com,,https://x.com/skocherhan/status/2084771538969002414
2026-08-04 22:40:00,skocherhan,domain,ujeu-baidu260804q.aktkamfgc.com,,https://x.com/skocherhan/status/2084771538969002414
2026-08-04 22:40:00,skocherhan,url,http://ujeu-baidu260804q.aktkamfgc.com,,https://x.com/skocherhan/status/2084771538969002414
2026-08-04 22:40:00,skocherhan,domain,ujeu-baidu260804q.gongshinn.com,,https://x.com/skocherhan/status/2084771538969002414
2026-08-04 22:40:00,skocherhan,url,http://ujeu-baidu260804q.gongshinn.com,,https://x.com/skocherhan/status/2084771538969002414
2026-08-04 22:40:00,skocherhan,domain,w1i8j-baidu260804q.kaikaiaa.com,,https://x.com/skocherhan/status/2084771538969002414
2026-08-04 22:40:00,skocherhan,url,http://w1i8j-baidu260804q.kaikaiaa.com,,https://x.com/skocherhan/status/2084771538969002414
2026-08-04 22:40:00,skocherhan,domain,w43j2-baidu260804q.baijieaa.com,,https://x.com/skocherhan/status/2084771538969002414
2026-08-04 22:40:00,skocherhan,url,http://w43j2-baidu260804q.baijieaa.com,,https://x.com/skocherhan/status/2084771538969002414
2026-08-04 22:40:00,skocherhan,domain,wudk1.www014901490149b.com,,https://x.com/skocherhan/status/2084771538969002414
2026-08-04 22:40:00,skocherhan,url,http://wudk1.www014901490149b.com,,https://x.com/skocherhan/status/2084771538969002414
2026-08-04 22:40:00,skocherhan,domain,wzw-baidu260804.www01490269dd.com,,https://x.com/skocherhan/status/2084771538969002414
2026-08-04 22:40:00,skocherhan,url,http://wzw-baidu260804.www01490269dd.com,,https://x.com/skocherhan/status/2084771538969002414
2026-08-04 22:40:00,skocherhan,domain,yqs-baidu260804.01490256ee.com,,https://x.com/skocherhan/status/2084771538969002414
2026-08-04 22:40:00,skocherhan,url,http://yqs-baidu260804.01490256ee.com,,https://x.com/skocherhan/status/2084771538969002414
2026-08-04 22:40:00,skocherhan,domain,zdr-baidu260804.www01490266dd.com,,https://x.com/skocherhan/status/2084771538969002414
2026-08-04 22:40:00,skocherhan,url,http://zdr-baidu260804.www01490266dd.com,,https://x.com/skocherhan/status/2084771538969002414
2026-08-04 22:40:00,skocherhan,domain,zgl-baidu260804.www01490241dd.com,,https://x.com/skocherhan/status/2084771538969002414
2026-08-04 22:40:00,skocherhan,url,http://zgl-baidu260804.www01490241dd.com,,https://x.com/skocherhan/status/2084771538969002414
2026-08-04 22:40:00,skocherhan,domain,ztw-baidu260804.www01490258dd.com,,https://x.com/skocherhan/status/2084771538969002414
2026-08-04 22:40:00,skocherhan,url,http://ztw-baidu260804.www01490258dd.com,,https://x.com/skocherhan/status/2084771538969002414
2026-08-04 22:40:00,skocherhan,domain,ztw-baidu260804.www01490259dd.com,,https://x.com/skocherhan/status/2084771538969002414
2026-08-04 22:40:00,skocherhan,url,http://ztw-baidu260804.www01490259dd.com,,https://x.com/skocherhan/status/2084771538969002414
2026-08-04 22:40:00,skocherhan,domain,zyh-baidu260804.www01490250dd.com,,https://x.com/skocherhan/status/2084771538969002414
2026-08-04 22:40:00,skocherhan,url,http://zyh-baidu260804.www01490250dd.com,,https://x.com/skocherhan/status/2084771538969002414
2026-08-04 22:40:00,skocherhan,domain,01490240dd.com,,https://x.com/skocherhan/status/2084771538969002414
2026-08-04 22:40:00,skocherhan,url,http://01490240dd.com,,https://x.com/skocherhan/status/2084771538969002414
2026-08-04 22:40:00,skocherhan,domain,01490243ee.com,,https://x.com/skocherhan/status/2084771538969002414
2026-08-04 22:40:00,skocherhan,url,http://01490243ee.com,,https://x.com/skocherhan/status/2084771538969002414
2026-08-04 22:40:00,skocherhan,domain,01490248a.com,,https://x.com/skocherhan/status/2084771538969002414
2026-08-04 22:40:00,skocherhan,url,http://01490248a.com,,https://x.com/skocherhan/status/2084771538969002414
2026-08-04 22:40:00,skocherhan,domain,01490251bb.com,,https://x.com/skocherhan/status/2084771538969002414
2026-08-04 22:40:00,skocherhan,url,http://01490251bb.com,,https://x.com/skocherhan/status/2084771538969002414
2026-08-04 22:40:00,skocherhan,domain,01490252ee.com,,https://x.com/skocherhan/status/2084771538969002414
2026-08-04 22:40:00,skocherhan,url,http://01490252ee.com,,https://x.com/skocherhan/status/2084771538969002414
2026-08-04 22:40:00,skocherhan,domain,01490253ee.com,,https://x.com/skocherhan/status/2084771538969002414
2026-08-04 22:40:00,skocherhan,url,http://01490253ee.com,,https://x.com/skocherhan/status/2084771538969002414
2026-08-04 22:40:00,skocherhan,domain,01490255ee.com,,https://x.com/skocherhan/status/2084771538969002414
2026-08-04 22:40:00,skocherhan,url,http://01490255ee.com,,https://x.com/skocherhan/status/2084771538969002414
2026-08-04 22:40:00,skocherhan,domain,01490257ee.com,,https://x.com/skocherhan/status/2084771538969002414
2026-08-04 22:40:00,skocherhan,url,http://01490257ee.com,,https://x.com/skocherhan/status/2084771538969002414
2026-08-04 22:40:00,skocherhan,domain,01490259dd.com,,https://x.com/skocherhan/status/2084771538969002414
2026-08-04 22:40:00,skocherhan,url,http://01490259dd.com,,https://x.com/skocherhan/status/2084771538969002414
2026-08-04 22:40:00,skocherhan,domain,01490260bb.com,,https://x.com/skocherhan/status/2084771538969002414
2026-08-04 22:40:00,skocherhan,url,http://01490260bb.com,,https://x.com/skocherhan/status/2084771538969002414
2026-08-04 22:40:00,skocherhan,domain,49zlz5.com,,https://x.com/skocherhan/status/2084771538969002414
2026-08-04 22:40:00,skocherhan,url,http://49zlz5.com,,https://x.com/skocherhan/status/2084771538969002414
2026-08-04 22:40:00,skocherhan,domain,49zlzbb.com,,https://x.com/skocherhan/status/2084771538969002414
2026-08-04 22:40:00,skocherhan,url,http://49zlzbb.com,,https://x.com/skocherhan/status/2084771538969002414
2026-08-04 22:40:00,skocherhan,domain,aahgdop-baidu2026730z.014901490149y.com,,https://x.com/skocherhan/status/2084771538969002414
2026-08-04 22:40:00,skocherhan,url,http://aahgdop-baidu2026730z.014901490149y.com,,https://x.com/skocherhan/status/2084771538969002414
2026-08-04 22:40:00,skocherhan,domain,aahgdop-baidu2026730z.014901490149z.com,,https://x.com/skocherhan/status/2084771538969002414
2026-08-04 22:40:00,skocherhan,url,http://aahgdop-baidu2026730z.014901490149z.com,,https://x.com/skocherhan/status/2084771538969002414
2026-08-04 22:40:00,skocherhan,domain,bbdxsw-baidu2026730z.014901490149x.com,,https://x.com/skocherhan/status/2084771538969002414
2026-08-04 22:40:00,skocherhan,url,http://bbdxsw-baidu2026730z.014901490149x.com,,https://x.com/skocherhan/status/2084771538969002414
2026-08-04 22:40:00,skocherhan,domain,bbhgdop-baidu2026730z.014901490149y.com,,https://x.com/skocherhan/status/2084771538969002414
2026-08-04 22:40:00,skocherhan,url,http://bbhgdop-baidu2026730z.014901490149y.com,,https://x.com/skocherhan/status/2084771538969002414
2026-08-04 22:40:00,skocherhan,domain,bbhgdop-baidu2026730z.014901490149z.com,,https://x.com/skocherhan/status/2084771538969002414
2026-08-04 22:40:00,skocherhan,url,http://bbhgdop-baidu2026730z.014901490149z.com,,https://x.com/skocherhan/status/2084771538969002414
2026-08-04 22:40:00,skocherhan,domain,bsgdop-baidu2026730z.014901490149k.com,,https://x.com/skocherhan/status/2084771538969002414
2026-08-04 22:40:00,skocherhan,url,http://bsgdop-baidu2026730z.014901490149k.com,,https://x.com/skocherhan/status/2084771538969002414
2026-08-04 22:40:00,skocherhan,domain,ccdxsw-baidu2026730z.014901490149x.com,,https://x.com/skocherhan/status/2084771538969002414
2026-08-04 22:40:00,skocherhan,url,http://ccdxsw-baidu2026730z.014901490149x.com,,https://x.com/skocherhan/status/2084771538969002414
2026-08-04 22:40:00,skocherhan,domain,cchgdop-baidu2026730z.014901490149y.com,,https://x.com/skocherhan/status/2084771538969002414
2026-08-04 22:40:00,skocherhan,url,http://cchgdop-baidu2026730z.014901490149y.com,,https://x.com/skocherhan/status/2084771538969002414
2026-08-04 22:40:00,skocherhan,domain,cchgdop-baidu2026730z.014901490149z.com,,https://x.com/skocherhan/status/2084771538969002414
2026-08-04 22:40:00,skocherhan,url,http://cchgdop-baidu2026730z.014901490149z.com,,https://x.com/skocherhan/status/2084771538969002414
2026-08-04 22:40:00,skocherhan,domain,ddhgdop-baidu2026730z.014901490149y.com,,https://x.com/skocherhan/status/2084771538969002414
2026-08-04 22:40:00,skocherhan,url,http://ddhgdop-baidu2026730z.014901490149y.com,,https://x.com/skocherhan/status/2084771538969002414
2026-08-04 22:40:00,skocherhan,domain,ddhgdop-baidu2026730z.014901490149z.com,,https://x.com/skocherhan/status/2084771538969002414
2026-08-04 22:40:00,skocherhan,url,http://ddhgdop-baidu2026730z.014901490149z.com,,https://x.com/skocherhan/status/2084771538969002414
2026-08-04 22:40:00,skocherhan,domain,edcxsee-baidu2026730z.014901490149j.com,,https://x.com/skocherhan/status/2084771538969002414
2026-08-04 22:40:00,skocherhan,url,http://edcxsee-baidu2026730z.014901490149j.com,,https://x.com/skocherhan/status/2084771538969002414
2026-08-04 22:40:00,skocherhan,domain,edcxsii-baidu2026730z.014901490149j.com,,https://x.com/skocherhan/status/2084771538969002414
2026-08-04 22:40:00,skocherhan,url,http://edcxsii-baidu2026730z.014901490149j.com,,https://x.com/skocherhan/status/2084771538969002414
2026-08-04 22:40:00,skocherhan,domain,edcxsqq-baidu2026730z.014901490149j.com,,https://x.com/skocherhan/status/2084771538969002414
2026-08-04 22:40:00,skocherhan,url,http://edcxsqq-baidu2026730z.014901490149j.com,,https://x.com/skocherhan/status/2084771538969002414
2026-08-04 22:40:00,skocherhan,domain,edcxsrr-baidu2026730z.014901490149j.com,,https://x.com/skocherhan/status/2084771538969002414
2026-08-04 22:40:00,skocherhan,url,http://edcxsrr-baidu2026730z.014901490149j.com,,https://x.com/skocherhan/status/2084771538969002414
2026-08-04 22:40:00,skocherhan,domain,edcxstt-baidu2026730z.014901490149j.com,,https://x.com/skocherhan/status/2084771538969002414
2026-08-04 22:40:00,skocherhan,url,http://edcxstt-baidu2026730z.014901490149j.com,,https://x.com/skocherhan/status/2084771538969002414
2026-08-04 22:40:00,skocherhan,domain,edcxsuu-baidu2026730z.014901490149j.com,,https://x.com/skocherhan/status/2084771538969002414
2026-08-04 22:40:00,skocherhan,url,http://edcxsuu-baidu2026730z.014901490149j.com,,https://x.com/skocherhan/status/2084771538969002414
2026-08-04 22:40:00,skocherhan,domain,edcxsww-baidu2026730z.014901490149j.com,,https://x.com/skocherhan/status/2084771538969002414
2026-08-04 22:40:00,skocherhan,url,http://edcxsww-baidu2026730z.014901490149j.com,,https://x.com/skocherhan/status/2084771538969002414
2026-08-04 22:40:00,skocherhan,domain,edcxsyy-baidu2026730z.014901490149j.com,,https://x.com/skocherhan/status/2084771538969002414
2026-08-04 22:40:00,skocherhan,url,http://edcxsyy-baidu2026730z.014901490149j.com,,https://x.com/skocherhan/status/2084771538969002414
2026-08-04 22:40:00,skocherhan,domain,eeedxsw-baidu2026730z.014901490149x.com,,https://x.com/skocherhan/status/2084771538969002414
2026-08-04 22:40:00,skocherhan,url,http://eeedxsw-baidu2026730z.014901490149x.com,,https://x.com/skocherhan/status/2084771538969002414
2026-08-04 22:40:00,skocherhan,domain,eehgdop-baidu2026730z.014901490149y.com,,https://x.com/skocherhan/status/2084771538969002414
2026-08-04 22:40:00,skocherhan,url,http://eehgdop-baidu2026730z.014901490149y.com,,https://x.com/skocherhan/status/2084771538969002414
2026-08-04 22:40:00,skocherhan,domain,eeudjsb-baidu20260810x.014901490149w.com,,https://x.com/skocherhan/status/2084771538969002414
2026-08-04 22:40:00,skocherhan,url,http://eeudjsb-baidu20260810x.014901490149w.com,,https://x.com/skocherhan/status/2084771538969002414
2026-08-04 22:40:00,skocherhan,domain,ffdxsw-baidu2026730z.014901490149x.com,,https://x.com/skocherhan/status/2084771538969002414
2026-08-04 22:40:00,skocherhan,url,http://ffdxsw-baidu2026730z.014901490149x.com,,https://x.com/skocherhan/status/2084771538969002414
2026-08-04 22:40:00,skocherhan,domain,ffhgdop-baidu2026730z.014901490149y.com,,https://x.com/skocherhan/status/2084771538969002414
2026-08-04 22:40:00,skocherhan,url,http://ffhgdop-baidu2026730z.014901490149y.com,,https://x.com/skocherhan/status/2084771538969002414
2026-08-04 22:40:00,skocherhan,domain,ffhgdop-baidu2026730z.014901490149z.com,,https://x.com/skocherhan/status/2084771538969002414
2026-08-04 22:40:00,skocherhan,url,http://ffhgdop-baidu2026730z.014901490149z.com,,https://x.com/skocherhan/status/2084771538969002414
2026-08-04 22:40:00,skocherhan,domain,gdopff-baidu2026730z.014901490149g.com,,https://x.com/skocherhan/status/2084771538969002414
2026-08-04 22:40:00,skocherhan,url,http://gdopff-baidu2026730z.014901490149g.com,,https://x.com/skocherhan/status/2084771538969002414
2026-08-04 22:40:00,skocherhan,domain,gdopgg-baidu2026730z.014901490149g.com,,https://x.com/skocherhan/status/2084771538969002414
2026-08-04 22:40:00,skocherhan,url,http://gdopgg-baidu2026730z.014901490149g.com,,https://x.com/skocherhan/status/2084771538969002414
2026-08-04 22:40:00,skocherhan,domain,gdophh-baidu2026730z.014901490149h.com,,https://x.com/skocherhan/status/2084771538969002414
2026-08-04 22:40:00,skocherhan,url,http://gdophh-baidu2026730z.014901490149h.com,,https://x.com/skocherhan/status/2084771538969002414
2026-08-04 22:40:00,skocherhan,domain,gdopoo-baidu2026730z.014901490149f.com,,https://x.com/skocherhan/status/2084771538969002414
2026-08-04 22:40:00,skocherhan,url,http://gdopoo-baidu2026730z.014901490149f.com,,https://x.com/skocherhan/status/2084771538969002414
2026-08-04 22:40:00,skocherhan,domain,gdoppp-baidu2026730z.014901490149f.com,,https://x.com/skocherhan/status/2084771538969002414
2026-08-04 22:40:00,skocherhan,url,http://gdoppp-baidu2026730z.014901490149f.com,,https://x.com/skocherhan/status/2084771538969002414
2026-08-04 22:40:00,skocherhan,domain,gdoprr-baidu2026730z.014901490149f.com,,https://x.com/skocherhan/status/2084771538969002414
2026-08-04 22:40:00,skocherhan,url,http://gdoprr-baidu2026730z.014901490149f.com,,https://x.com/skocherhan/status/2084771538969002414
2026-08-04 22:40:00,skocherhan,domain,gdoptt-baidu2026730z.014901490149f.com,,https://x.com/skocherhan/status/2084771538969002414
2026-08-04 22:40:00,skocherhan,url,http://gdoptt-baidu2026730z.014901490149f.com,,https://x.com/skocherhan/status/2084771538969002414
2026-08-04 22:40:00,skocherhan,domain,gghgdop-baidu2026730z.014901490149y.com,,https://x.com/skocherhan/status/2084771538969002414
2026-08-04 22:40:00,skocherhan,url,http://gghgdop-baidu2026730z.014901490149y.com,,https://x.com/skocherhan/status/2084771538969002414
2026-08-04 22:40:00,skocherhan,domain,gghgdop-baidu2026730z.014901490149z.com,,https://x.com/skocherhan/status/2084771538969002414
2026-08-04 22:40:00,skocherhan,url,http://gghgdop-baidu2026730z.014901490149z.com,,https://x.com/skocherhan/status/2084771538969002414
2026-08-04 22:40:00,skocherhan,domain,ghgdop-baidu2026730z.014901490149z.com,,https://x.com/skocherhan/status/2084771538969002414
2026-08-04 22:40:00,skocherhan,url,http://ghgdop-baidu2026730z.014901490149z.com,,https://x.com/skocherhan/status/2084771538969002414
2026-08-04 22:40:00,skocherhan,domain,hhdxsw-baidu2026730z.014901490149x.com,,https://x.com/skocherhan/status/2084771538969002414
2026-08-04 22:40:00,skocherhan,url,http://hhdxsw-baidu2026730z.014901490149x.com,,https://x.com/skocherhan/status/2084771538969002414
2026-08-04 22:40:00,skocherhan,domain,hhhgdop-baidu2026730z.014901490149y.com,,https://x.com/skocherhan/status/2084771538969002414
2026-08-04 22:40:00,skocherhan,url,http://hhhgdop-baidu2026730z.014901490149y.com,,https://x.com/skocherhan/status/2084771538969002414
2026-08-04 22:40:00,skocherhan,domain,hhhgdop-baidu2026730z.014901490149z.com,,https://x.com/skocherhan/status/2084771538969002414
2026-08-04 22:40:00,skocherhan,url,http://hhhgdop-baidu2026730z.014901490149z.com,,https://x.com/skocherhan/status/2084771538969002414
2026-08-04 22:40:00,skocherhan,domain,iihgdop-baidu2026730z.014901490149y.com,,https://x.com/skocherhan/status/2084771538969002414
2026-08-04 22:40:00,skocherhan,url,http://iihgdop-baidu2026730z.014901490149y.com,,https://x.com/skocherhan/status/2084771538969002414
2026-08-04 22:40:00,skocherhan,domain,iihgdop-baidu2026730z.014901490149z.com,,https://x.com/skocherhan/status/2084771538969002414
2026-08-04 22:40:00,skocherhan,url,http://iihgdop-baidu2026730z.014901490149z.com,,https://x.com/skocherhan/status/2084771538969002414
2026-08-04 22:40:00,skocherhan,domain,jjdxsw-baidu2026730z.014901490149x.com,,https://x.com/skocherhan/status/2084771538969002414
2026-08-04 22:40:00,skocherhan,url,http://jjdxsw-baidu2026730z.014901490149x.com,,https://x.com/skocherhan/status/2084771538969002414
2026-08-04 22:40:00,skocherhan,domain,jjhgdop-baidu2026730z.014901490149y.com,,https://x.com/skocherhan/status/2084771538969002414
2026-08-04 22:40:00,skocherhan,url,http://jjhgdop-baidu2026730z.014901490149y.com,,https://x.com/skocherhan/status/2084771538969002414
2026-08-04 22:40:00,skocherhan,domain,jjhgdop-baidu2026730z.014901490149z.com,,https://x.com/skocherhan/status/2084771538969002414
2026-08-04 22:40:00,skocherhan,url,http://jjhgdop-baidu2026730z.014901490149z.com,,https://x.com/skocherhan/status/2084771538969002414
2026-08-04 22:40:00,skocherhan,domain,kkdxsw-baidu2026730z.014901490149x.com,,https://x.com/skocherhan/status/2084771538969002414
2026-08-04 22:40:00,skocherhan,url,http://kkdxsw-baidu2026730z.014901490149x.com,,https://x.com/skocherhan/status/2084771538969002414
2026-08-04 22:40:00,skocherhan,domain,kkhgdop-baidu2026730z.014901490149y.com,,https://x.com/skocherhan/status/2084771538969002414
2026-08-04 22:40:00,skocherhan,url,http://kkhgdop-baidu2026730z.014901490149y.com,,https://x.com/skocherhan/status/2084771538969002414
2026-08-04 22:40:00,skocherhan,domain,kkhgdop-baidu2026730z.014901490149z.com,,https://x.com/skocherhan/status/2084771538969002414
2026-08-04 22:40:00,skocherhan,url,http://kkhgdop-baidu2026730z.014901490149z.com,,https://x.com/skocherhan/status/2084771538969002414
2026-08-04 22:40:00,skocherhan,domain,lldxsw-baidu2026730z.014901490149x.com,,https://x.com/skocherhan/status/2084771538969002414
2026-08-04 22:40:00,skocherhan,url,http://lldxsw-baidu2026730z.014901490149x.com,,https://x.com/skocherhan/status/2084771538969002414
2026-08-04 22:40:00,skocherhan,domain,llhgdop-baidu2026730z.014901490149y.com,,https://x.com/skocherhan/status/2084771538969002414
2026-08-04 22:40:00,skocherhan,url,http://llhgdop-baidu2026730z.014901490149y.com,,https://x.com/skocherhan/status/2084771538969002414
2026-08-04 22:40:00,skocherhan,domain,llhgdop-baidu2026730z.014901490149z.com,,https://x.com/skocherhan/status/2084771538969002414
2026-08-04 22:40:00,skocherhan,url,http://llhgdop-baidu2026730z.014901490149z.com,,https://x.com/skocherhan/status/2084771538969002414
2026-08-04 22:40:00,skocherhan,domain,mmdxsw-baidu2026730z.014901490149x.com,,https://x.com/skocherhan/status/2084771538969002414
2026-08-04 22:40:00,skocherhan,url,http://mmdxsw-baidu2026730z.014901490149x.com,,https://x.com/skocherhan/status/2084771538969002414
2026-08-04 22:40:00,skocherhan,domain,mmgdop-baidu2026730z.014901490149f.com,,https://x.com/skocherhan/status/2084771538969002414
2026-08-04 22:40:00,skocherhan,url,http://mmgdop-baidu2026730z.014901490149f.com,,https://x.com/skocherhan/status/2084771538969002414
2026-08-04 22:40:00,skocherhan,domain,mmhgdop-baidu2026730z.014901490149y.com,,https://x.com/skocherhan/status/2084771538969002414
2026-08-04 22:40:00,skocherhan,url,http://mmhgdop-baidu2026730z.014901490149y.com,,https://x.com/skocherhan/status/2084771538969002414
2026-08-04 22:40:00,skocherhan,domain,mmhgdop-baidu2026730z.014901490149z.com,,https://x.com/skocherhan/status/2084771538969002414
2026-08-04 22:40:00,skocherhan,url,http://mmhgdop-baidu2026730z.014901490149z.com,,https://x.com/skocherhan/status/2084771538969002414
2026-08-04 22:40:00,skocherhan,domain,nnhgdop-baidu2026730z.014901490149y.com,,https://x.com/skocherhan/status/2084771538969002414
2026-08-04 22:40:00,skocherhan,url,http://nnhgdop-baidu2026730z.014901490149y.com,,https://x.com/skocherhan/status/2084771538969002414
2026-08-04 22:40:00,skocherhan,domain,nnhgdop-baidu2026730z.014901490149z.com,,https://x.com/skocherhan/status/2084771538969002414
2026-08-04 22:40:00,skocherhan,url,http://nnhgdop-baidu2026730z.014901490149z.com,,https://x.com/skocherhan/status/2084771538969002414
2026-08-04 22:40:00,skocherhan,domain,ooedxsw-baidu2026730z.014901490149x.com,,https://x.com/skocherhan/status/2084771538969002414
2026-08-04 22:40:00,skocherhan,url,http://ooedxsw-baidu2026730z.014901490149x.com,,https://x.com/skocherhan/status/2084771538969002414
2026-08-04 22:40:00,skocherhan,domain,oohgdop-baidu2026730z.014901490149y.com,,https://x.com/skocherhan/status/2084771538969002414
2026-08-04 22:40:00,skocherhan,url,http://oohgdop-baidu2026730z.014901490149y.com,,https://x.com/skocherhan/status/2084771538969002414
2026-08-04 22:40:00,skocherhan,domain,ppedxsw-baidu2026730z.014901490149x.com,,https://x.com/skocherhan/status/2084771538969002414
2026-08-04 22:40:00,skocherhan,url,http://ppedxsw-baidu2026730z.014901490149x.com,,https://x.com/skocherhan/status/2084771538969002414
2026-08-04 22:40:00,skocherhan,domain,pphgdop-baidu2026730z.014901490149y.com,,https://x.com/skocherhan/status/2084771538969002414
2026-08-04 22:40:00,skocherhan,url,http://pphgdop-baidu2026730z.014901490149y.com,,https://x.com/skocherhan/status/2084771538969002414
2026-08-04 22:40:00,skocherhan,domain,qazwsaa-baidu2026730z.014901490149h.com,,https://x.com/skocherhan/status/2084771538969002414
2026-08-04 22:40:00,skocherhan,url,http://qazwsaa-baidu2026730z.014901490149h.com,,https://x.com/skocherhan/status/2084771538969002414
2026-08-04 22:40:00,skocherhan,domain,qazwsff-baidu2026730z.014901490149h.com,,https://x.com/skocherhan/status/2084771538969002414
2026-08-04 22:40:00,skocherhan,url,http://qazwsff-baidu2026730z.014901490149h.com,,https://x.com/skocherhan/status/2084771538969002414
2026-08-04 22:40:00,skocherhan,domain,qazwsgg-baidu2026730z.014901490149h.com,,https://x.com/skocherhan/status/2084771538969002414
2026-08-04 22:40:00,skocherhan,url,http://qazwsgg-baidu2026730z.014901490149h.com,,https://x.com/skocherhan/status/2084771538969002414
2026-08-04 22:40:00,skocherhan,domain,qazwshh-baidu2026730z.014901490149h.com,,https://x.com/skocherhan/status/2084771538969002414
2026-08-04 22:40:00,skocherhan,url,http://qazwshh-baidu2026730z.014901490149h.com,,https://x.com/skocherhan/status/2084771538969002414
2026-08-04 22:40:00,skocherhan,domain,qazwsii-baidu2026730z.014901490149h.com,,https://x.com/skocherhan/status/2084771538969002414
2026-08-04 22:40:00,skocherhan,url,http://qazwsii-baidu2026730z.014901490149h.com,,https://x.com/skocherhan/status/2084771538969002414
2026-08-04 22:40:00,skocherhan,domain,qazwsjj-baidu2026730z.014901490149h.com,,https://x.com/skocherhan/status/2084771538969002414
2026-08-04 22:40:00,skocherhan,url,http://qazwsjj-baidu2026730z.014901490149h.com,,https://x.com/skocherhan/status/2084771538969002414
2026-08-04 22:40:00,skocherhan,domain,qazwskk-baidu2026730z.014901490149h.com,,https://x.com/skocherhan/status/2084771538969002414
2026-08-04 22:40:00,skocherhan,url,http://qazwskk-baidu2026730z.014901490149h.com,,https://x.com/skocherhan/status/2084771538969002414
2026-08-04 22:40:00,skocherhan,domain,qazwsll-baidu2026730z.014901490149h.com,,https://x.com/skocherhan/status/2084771538969002414
2026-08-04 22:40:00,skocherhan,url,http://qazwsll-baidu2026730z.014901490149h.com,,https://x.com/skocherhan/status/2084771538969002414
2026-08-04 22:40:00,skocherhan,domain,qazwsoo-baidu2026730z.014901490149h.com,,https://x.com/skocherhan/status/2084771538969002414
2026-08-04 22:40:00,skocherhan,url,http://qazwsoo-baidu2026730z.014901490149h.com,,https://x.com/skocherhan/status/2084771538969002414
2026-08-04 22:40:00,skocherhan,domain,qazwspp-baidu2026730z.014901490149h.com,,https://x.com/skocherhan/status/2084771538969002414
2026-08-04 22:40:00,skocherhan,url,http://qazwspp-baidu2026730z.014901490149h.com,,https://x.com/skocherhan/status/2084771538969002414
2026-08-04 22:40:00,skocherhan,domain,qazwsqq-baidu2026730z.014901490149h.com,,https://x.com/skocherhan/status/2084771538969002414
2026-08-04 22:40:00,skocherhan,url,http://qazwsqq-baidu2026730z.014901490149h.com,,https://x.com/skocherhan/status/2084771538969002414
2026-08-04 22:40:00,skocherhan,domain,qazwsrr-baidu2026730z.014901490149h.com,,https://x.com/skocherhan/status/2084771538969002414
2026-08-04 22:40:00,skocherhan,url,http://qazwsrr-baidu2026730z.014901490149h.com,,https://x.com/skocherhan/status/2084771538969002414
2026-08-04 22:40:00,skocherhan,domain,qazwsss-baidu2026730z.014901490149h.com,,https://x.com/skocherhan/status/2084771538969002414
2026-08-04 22:40:00,skocherhan,url,http://qazwsss-baidu2026730z.014901490149h.com,,https://x.com/skocherhan/status/2084771538969002414
2026-08-04 22:40:00,skocherhan,domain,qazwstt-baidu2026730z.014901490149h.com,,https://x.com/skocherhan/status/2084771538969002414
2026-08-04 22:40:00,skocherhan,url,http://qazwstt-baidu2026730z.014901490149h.com,,https://x.com/skocherhan/status/2084771538969002414
2026-08-04 22:40:00,skocherhan,domain,qazwsuu-baidu2026730z.014901490149h.com,,https://x.com/skocherhan/status/2084771538969002414
2026-08-04 22:40:00,skocherhan,url,http://qazwsuu-baidu2026730z.014901490149h.com,,https://x.com/skocherhan/status/2084771538969002414
2026-08-04 22:40:00,skocherhan,domain,qazwsww-baidu2026730z.014901490149h.com,,https://x.com/skocherhan/status/2084771538969002414
2026-08-04 22:40:00,skocherhan,url,http://qazwsww-baidu2026730z.014901490149h.com,,https://x.com/skocherhan/status/2084771538969002414
2026-08-04 22:40:00,skocherhan,domain,qazwsyy-baidu2026730z.014901490149h.com,,https://x.com/skocherhan/status/2084771538969002414
2026-08-04 22:40:00,skocherhan,url,http://qazwsyy-baidu2026730z.014901490149h.com,,https://x.com/skocherhan/status/2084771538969002414
2026-08-04 22:40:00,skocherhan,domain,qqedxsw-baidu2026730z.014901490149x.com,,https://x.com/skocherhan/status/2084771538969002414
2026-08-04 22:40:00,skocherhan,url,http://qqedxsw-baidu2026730z.014901490149x.com,,https://x.com/skocherhan/status/2084771538969002414
2026-08-04 22:40:00,skocherhan,domain,qqhgdop-baidu2026730z.014901490149y.com,,https://x.com/skocherhan/status/2084771538969002414
2026-08-04 22:40:00,skocherhan,url,http://qqhgdop-baidu2026730z.014901490149y.com,,https://x.com/skocherhan/status/2084771538969002414
2026-08-04 22:40:00,skocherhan,domain,qqudjsb-baidu20260810x.014901490149w.com,,https://x.com/skocherhan/status/2084771538969002414
2026-08-04 22:40:00,skocherhan,url,http://qqudjsb-baidu20260810x.014901490149w.com,,https://x.com/skocherhan/status/2084771538969002414
2026-08-04 22:40:00,skocherhan,domain,qwdsk-baidu260802c.aniumowwa.com,,https://x.com/skocherhan/status/2084771538969002414
2026-08-04 22:40:00,skocherhan,url,http://qwdsk-baidu260802c.aniumowwa.com,,https://x.com/skocherhan/status/2084771538969002414
2026-08-04 22:40:00,skocherhan,domain,rredxsw-baidu2026730z.014901490149x.com,,https://x.com/skocherhan/status/2084771538969002414
2026-08-04 22:40:00,skocherhan,url,http://rredxsw-baidu2026730z.014901490149x.com,,https://x.com/skocherhan/status/2084771538969002414
2026-08-04 22:40:00,skocherhan,domain,rrhgdop-baidu2026730z.014901490149y.com,,https://x.com/skocherhan/status/2084771538969002414
2026-08-04 22:40:00,skocherhan,url,http://rrhgdop-baidu2026730z.014901490149y.com,,https://x.com/skocherhan/status/2084771538969002414
2026-08-04 22:40:00,skocherhan,domain,rrudjsb-baidu20260810x.014901490149w.com,,https://x.com/skocherhan/status/2084771538969002414
2026-08-04 22:40:00,skocherhan,url,http://rrudjsb-baidu20260810x.014901490149w.com,,https://x.com/skocherhan/status/2084771538969002414
2026-08-04 22:40:00,skocherhan,domain,ssdxsw-baidu2026730z.014901490149x.com,,https://x.com/skocherhan/status/2084771538969002414
2026-08-04 22:40:00,skocherhan,url,http://ssdxsw-baidu2026730z.014901490149x.com,,https://x.com/skocherhan/status/2084771538969002414
2026-08-04 22:40:00,skocherhan,domain,sshgdop-baidu2026730z.014901490149y.com,,https://x.com/skocherhan/status/2084771538969002414
2026-08-04 22:40:00,skocherhan,url,http://sshgdop-baidu2026730z.014901490149y.com,,https://x.com/skocherhan/status/2084771538969002414
2026-08-04 22:40:00,skocherhan,domain,sshgdop-baidu2026730z.014901490149z.com,,https://x.com/skocherhan/status/2084771538969002414
2026-08-04 22:40:00,skocherhan,url,http://sshgdop-baidu2026730z.014901490149z.com,,https://x.com/skocherhan/status/2084771538969002414
2026-08-04 22:40:00,skocherhan,domain,ttedxsw-baidu2026730z.014901490149x.com,,https://x.com/skocherhan/status/2084771538969002414
2026-08-04 22:40:00,skocherhan,url,http://ttedxsw-baidu2026730z.014901490149x.com,,https://x.com/skocherhan/status/2084771538969002414
2026-08-04 22:40:00,skocherhan,domain,tthgdop-baidu2026730z.014901490149y.com,,https://x.com/skocherhan/status/2084771538969002414
2026-08-04 22:40:00,skocherhan,url,http://tthgdop-baidu2026730z.014901490149y.com,,https://x.com/skocherhan/status/2084771538969002414
2026-08-04 22:40:00,skocherhan,domain,uuedxsw-baidu2026730z.014901490149x.com,,https://x.com/skocherhan/status/2084771538969002414
2026-08-04 22:40:00,skocherhan,url,http://uuedxsw-baidu2026730z.014901490149x.com,,https://x.com/skocherhan/status/2084771538969002414
2026-08-04 22:40:00,skocherhan,domain,uuhgdop-baidu2026730z.014901490149y.com,,https://x.com/skocherhan/status/2084771538969002414
2026-08-04 22:40:00,skocherhan,url,http://uuhgdop-baidu2026730z.014901490149y.com,,https://x.com/skocherhan/status/2084771538969002414
2026-08-04 22:40:00,skocherhan,domain,vvdxsw-baidu2026730z.014901490149x.com,,https://x.com/skocherhan/status/2084771538969002414
2026-08-04 22:40:00,skocherhan,url,http://vvdxsw-baidu2026730z.014901490149x.com,,https://x.com/skocherhan/status/2084771538969002414
2026-08-04 22:40:00,skocherhan,domain,vvhgdop-baidu2026730z.014901490149y.com,,https://x.com/skocherhan/status/2084771538969002414
2026-08-04 22:40:00,skocherhan,url,http://vvhgdop-baidu2026730z.014901490149y.com,,https://x.com/skocherhan/status/2084771538969002414
2026-08-04 22:40:00,skocherhan,domain,vvhgdop-baidu2026730z.014901490149z.com,,https://x.com/skocherhan/status/2084771538969002414
2026-08-04 22:40:00,skocherhan,url,http://vvhgdop-baidu2026730z.014901490149z.com,,https://x.com/skocherhan/status/2084771538969002414
2026-08-04 22:40:00,skocherhan,domain,wsxedaa-baidu2026730z.014901490149i.com,,https://x.com/skocherhan/status/2084771538969002414
2026-08-04 22:40:00,skocherhan,url,http://wsxedaa-baidu2026730z.014901490149i.com,,https://x.com/skocherhan/status/2084771538969002414
2026-08-04 22:40:00,skocherhan,domain,wsxedbb-baidu2026730z.014901490149i.com,,https://x.com/skocherhan/status/2084771538969002414
2026-08-04 22:40:00,skocherhan,url,http://wsxedbb-baidu2026730z.014901490149i.com,,https://x.com/skocherhan/status/2084771538969002414
2026-08-04 22:40:00,skocherhan,domain,wsxedcc-baidu2026730z.014901490149i.com,,https://x.com/skocherhan/status/2084771538969002414
2026-08-04 22:40:00,skocherhan,url,http://wsxedcc-baidu2026730z.014901490149i.com,,https://x.com/skocherhan/status/2084771538969002414
2026-08-04 22:40:00,skocherhan,domain,wsxeddd-baidu2026730z.014901490149i.com,,https://x.com/skocherhan/status/2084771538969002414
2026-08-04 22:40:00,skocherhan,url,http://wsxeddd-baidu2026730z.014901490149i.com,,https://x.com/skocherhan/status/2084771538969002414
2026-08-04 22:40:00,skocherhan,domain,wsxedee-baidu2026730z.014901490149i.com,,https://x.com/skocherhan/status/2084771538969002414
2026-08-04 22:40:00,skocherhan,url,http://wsxedee-baidu2026730z.014901490149i.com,,https://x.com/skocherhan/status/2084771538969002414
2026-08-04 22:40:00,skocherhan,domain,wsxedhh-baidu2026730z.014901490149i.com,,https://x.com/skocherhan/status/2084771538969002414
2026-08-04 22:40:00,skocherhan,url,http://wsxedhh-baidu2026730z.014901490149i.com,,https://x.com/skocherhan/status/2084771538969002414
2026-08-04 22:40:00,skocherhan,domain,wsxedll-baidu2026730z.014901490149i.com,,https://x.com/skocherhan/status/2084771538969002414
2026-08-04 22:40:00,skocherhan,url,http://wsxedll-baidu2026730z.014901490149i.com,,https://x.com/skocherhan/status/2084771538969002414
2026-08-04 22:40:00,skocherhan,domain,wsxedmm-baidu2026730z.014901490149i.com,,https://x.com/skocherhan/status/2084771538969002414
2026-08-04 22:40:00,skocherhan,url,http://wsxedmm-baidu2026730z.014901490149i.com,,https://x.com/skocherhan/status/2084771538969002414
2026-08-04 22:40:00,skocherhan,domain,wsxednn-baidu2026730z.014901490149i.com,,https://x.com/skocherhan/status/2084771538969002414
2026-08-04 22:40:00,skocherhan,url,http://wsxednn-baidu2026730z.014901490149i.com,,https://x.com/skocherhan/status/2084771538969002414
2026-08-04 22:40:00,skocherhan,domain,wsxedoo-baidu2026730z.014901490149i.com,,https://x.com/skocherhan/status/2084771538969002414
2026-08-04 22:40:00,skocherhan,url,http://wsxedoo-baidu2026730z.014901490149i.com,,https://x.com/skocherhan/status/2084771538969002414
2026-08-04 22:40:00,skocherhan,domain,wsxedqq-baidu2026730z.014901490149i.com,,https://x.com/skocherhan/status/2084771538969002414
2026-08-04 22:40:00,skocherhan,url,http://wsxedqq-baidu2026730z.014901490149i.com,,https://x.com/skocherhan/status/2084771538969002414
2026-08-04 22:40:00,skocherhan,domain,wsxedss-baidu2026730z.014901490149i.com,,https://x.com/skocherhan/status/2084771538969002414
2026-08-04 22:40:00,skocherhan,url,http://wsxedss-baidu2026730z.014901490149i.com,,https://x.com/skocherhan/status/2084771538969002414
2026-08-04 22:40:00,skocherhan,domain,wsxedtt-baidu2026730z.014901490149i.com,,https://x.com/skocherhan/status/2084771538969002414
2026-08-04 22:40:00,skocherhan,url,http://wsxedtt-baidu2026730z.014901490149i.com,,https://x.com/skocherhan/status/2084771538969002414
2026-08-04 22:40:00,skocherhan,domain,wsxeduu-baidu2026730z.014901490149i.com,,https://x.com/skocherhan/status/2084771538969002414
2026-08-04 22:40:00,skocherhan,url,http://wsxeduu-baidu2026730z.014901490149i.com,,https://x.com/skocherhan/status/2084771538969002414
2026-08-04 22:40:00,skocherhan,domain,wsxedvv-baidu2026730z.014901490149i.com,,https://x.com/skocherhan/status/2084771538969002414
2026-08-04 22:40:00,skocherhan,url,http://wsxedvv-baidu2026730z.014901490149i.com,,https://x.com/skocherhan/status/2084771538969002414
2026-08-04 22:40:00,skocherhan,domain,wsxedww-baidu2026730z.014901490149i.com,,https://x.com/skocherhan/status/2084771538969002414
2026-08-04 22:40:00,skocherhan,url,http://wsxedww-baidu2026730z.014901490149i.com,,https://x.com/skocherhan/status/2084771538969002414
2026-08-04 22:40:00,skocherhan,domain,wsxedxx-baidu2026730z.014901490149i.com,,https://x.com/skocherhan/status/2084771538969002414
2026-08-04 22:40:00,skocherhan,url,http://wsxedxx-baidu2026730z.014901490149i.com,,https://x.com/skocherhan/status/2084771538969002414
2026-08-04 22:40:00,skocherhan,domain,wsxedyy-baidu2026730z.014901490149i.com,,https://x.com/skocherhan/status/2084771538969002414
2026-08-04 22:40:00,skocherhan,url,http://wsxedyy-baidu2026730z.014901490149i.com,,https://x.com/skocherhan/status/2084771538969002414
2026-08-04 22:40:00,skocherhan,domain,wsxedzz-baidu2026730z.014901490149i.com,,https://x.com/skocherhan/status/2084771538969002414
2026-08-04 22:40:00,skocherhan,url,http://wsxedzz-baidu2026730z.014901490149i.com,,https://x.com/skocherhan/status/2084771538969002414
2026-08-04 22:40:00,skocherhan,domain,wsxqagg-baidu2026730z.014901490149h.com,,https://x.com/skocherhan/status/2084771538969002414
2026-08-04 22:40:00,skocherhan,url,http://wsxqagg-baidu2026730z.014901490149h.com,,https://x.com/skocherhan/status/2084771538969002414
2026-08-04 22:40:00,skocherhan,domain,wsxqahh-baidu2026730z.014901490149h.com,,https://x.com/skocherhan/status/2084771538969002414
2026-08-04 22:40:00,skocherhan,url,http://wsxqahh-baidu2026730z.014901490149h.com,,https://x.com/skocherhan/status/2084771538969002414
2026-08-04 22:40:00,skocherhan,domain,wsxqajj-baidu2026730z.014901490149h.com,,https://x.com/skocherhan/status/2084771538969002414
2026-08-04 22:40:00,skocherhan,url,http://wsxqajj-baidu2026730z.014901490149h.com,,https://x.com/skocherhan/status/2084771538969002414
2026-08-04 22:40:00,skocherhan,domain,wsxqakk-baidu2026730z.014901490149h.com,,https://x.com/skocherhan/status/2084771538969002414
2026-08-04 22:40:00,skocherhan,url,http://wsxqakk-baidu2026730z.014901490149h.com,,https://x.com/skocherhan/status/2084771538969002414
2026-08-04 22:40:00,skocherhan,domain,wsxqall-baidu2026730z.014901490149h.com,,https://x.com/skocherhan/status/2084771538969002414
2026-08-04 22:40:00,skocherhan,url,http://wsxqall-baidu2026730z.014901490149h.com,,https://x.com/skocherhan/status/2084771538969002414
2026-08-04 22:40:00,skocherhan,domain,wsxqamm-baidu2026730z.014901490149h.com,,https://x.com/skocherhan/status/2084771538969002414
2026-08-04 22:40:00,skocherhan,url,http://wsxqamm-baidu2026730z.014901490149h.com,,https://x.com/skocherhan/status/2084771538969002414
2026-08-04 22:40:00,skocherhan,domain,wsxqavv-baidu2026730z.014901490149h.com,,https://x.com/skocherhan/status/2084771538969002414
2026-08-04 22:40:00,skocherhan,url,http://wsxqavv-baidu2026730z.014901490149h.com,,https://x.com/skocherhan/status/2084771538969002414
2026-08-04 22:40:00,skocherhan,domain,wsxqaxx-baidu2026730z.014901490149h.com,,https://x.com/skocherhan/status/2084771538969002414
2026-08-04 22:40:00,skocherhan,url,http://wsxqaxx-baidu2026730z.014901490149h.com,,https://x.com/skocherhan/status/2084771538969002414
2026-08-04 22:40:00,skocherhan,domain,wsxqazz-baidu2026730z.014901490149h.com,,https://x.com/skocherhan/status/2084771538969002414
2026-08-04 22:40:00,skocherhan,url,http://wsxqazz-baidu2026730z.014901490149h.com,,https://x.com/skocherhan/status/2084771538969002414
2026-08-04 22:40:00,skocherhan,domain,wwedxsw-baidu2026730z.014901490149x.com,,https://x.com/skocherhan/status/2084771538969002414
2026-08-04 22:40:00,skocherhan,url,http://wwedxsw-baidu2026730z.014901490149x.com,,https://x.com/skocherhan/status/2084771538969002414
2026-08-04 22:40:00,skocherhan,domain,wwhgdop-baidu2026730z.014901490149y.com,,https://x.com/skocherhan/status/2084771538969002414
2026-08-04 22:40:00,skocherhan,url,http://wwhgdop-baidu2026730z.014901490149y.com,,https://x.com/skocherhan/status/2084771538969002414
2026-08-04 22:40:00,skocherhan,domain,wwhgdop-baidu2026730z.014901490149z.com,,https://x.com/skocherhan/status/2084771538969002414
2026-08-04 22:40:00,skocherhan,url,http://wwhgdop-baidu2026730z.014901490149z.com,,https://x.com/skocherhan/status/2084771538969002414
2026-08-04 22:40:00,skocherhan,domain,www01490243dd.com,,https://x.com/skocherhan/status/2084771538969002414
2026-08-04 22:40:00,skocherhan,url,http://www01490243dd.com,,https://x.com/skocherhan/status/2084771538969002414
2026-08-04 22:40:00,skocherhan,domain,www01490247dd.com,,https://x.com/skocherhan/status/2084771538969002414
2026-08-04 22:40:00,skocherhan,url,http://www01490247dd.com,,https://x.com/skocherhan/status/2084771538969002414
2026-08-04 22:40:00,skocherhan,domain,www01490248c.com,,https://x.com/skocherhan/status/2084771538969002414
2026-08-04 22:40:00,skocherhan,url,http://www01490248c.com,,https://x.com/skocherhan/status/2084771538969002414
2026-08-04 22:40:00,skocherhan,domain,www01490258dd.com,,https://x.com/skocherhan/status/2084771538969002414
2026-08-04 22:40:00,skocherhan,url,http://www01490258dd.com,,https://x.com/skocherhan/status/2084771538969002414
2026-08-04 22:40:00,skocherhan,domain,www01490260dd.com,,https://x.com/skocherhan/status/2084771538969002414
2026-08-04 22:40:00,skocherhan,url,http://www01490260dd.com,,https://x.com/skocherhan/status/2084771538969002414
2026-08-04 22:40:00,skocherhan,domain,www808092cc.com,,https://x.com/skocherhan/status/2084771538969002414
2026-08-04 22:40:00,skocherhan,url,http://www808092cc.com,,https://x.com/skocherhan/status/2084771538969002414
2026-08-04 22:40:00,skocherhan,domain,xxdxsw-baidu2026730z.014901490149x.com,,https://x.com/skocherhan/status/2084771538969002414
2026-08-04 22:40:00,skocherhan,url,http://xxdxsw-baidu2026730z.014901490149x.com,,https://x.com/skocherhan/status/2084771538969002414
2026-08-04 22:40:00,skocherhan,domain,xxhgdop-baidu2026730z.014901490149y.com,,https://x.com/skocherhan/status/2084771538969002414
2026-08-04 22:40:00,skocherhan,url,http://xxhgdop-baidu2026730z.014901490149y.com,,https://x.com/skocherhan/status/2084771538969002414
2026-08-04 22:40:00,skocherhan,domain,xxhgdop-baidu2026730z.014901490149z.com,,https://x.com/skocherhan/status/2084771538969002414
2026-08-04 22:40:00,skocherhan,url,http://xxhgdop-baidu2026730z.014901490149z.com,,https://x.com/skocherhan/status/2084771538969002414
2026-08-04 22:40:00,skocherhan,domain,yyedxsw-baidu2026730z.014901490149x.com,,https://x.com/skocherhan/status/2084771538969002414
2026-08-04 22:40:00,skocherhan,url,http://yyedxsw-baidu2026730z.014901490149x.com,,https://x.com/skocherhan/status/2084771538969002414
2026-08-04 22:40:00,skocherhan,domain,yyhgdop-baidu2026730z.014901490149y.com,,https://x.com/skocherhan/status/2084771538969002414
2026-08-04 22:40:00,skocherhan,url,http://yyhgdop-baidu2026730z.014901490149y.com,,https://x.com/skocherhan/status/2084771538969002414
2026-08-04 22:40:00,skocherhan,domain,zzdxsw-baidu2026730z.014901490149x.com,,https://x.com/skocherhan/status/2084771538969002414
2026-08-04 22:40:00,skocherhan,url,http://zzdxsw-baidu2026730z.014901490149x.com,,https://x.com/skocherhan/status/2084771538969002414
2026-08-04 22:40:00,skocherhan,domain,zzhgdop-baidu2026730z.014901490149y.com,,https://x.com/skocherhan/status/2084771538969002414
2026-08-04 22:40:00,skocherhan,url,http://zzhgdop-baidu2026730z.014901490149y.com,,https://x.com/skocherhan/status/2084771538969002414
2026-08-04 22:40:00,skocherhan,domain,zzhgdop-baidu2026730z.014901490149z.com,,https://x.com/skocherhan/status/2084771538969002414
2026-08-04 22:40:00,skocherhan,url,http://zzhgdop-baidu2026730z.014901490149z.com,,https://x.com/skocherhan/status/2084771538969002414
2026-08-04 22:40:00,skocherhan,ip,43.251.57.99,,https://x.com/skocherhan/status/2084771538969002414
2026-08-04 22:40:00,skocherhan,sha256,66d536264919ea04ce402d78c4cc838e4bd1fac14dbdbd4aa713bcdb77b30bc7,,https://x.com/skocherhan/status/2084771538969002414
2026-08-04 23:04:00,skocherhan,url,http://156.251.16.29/789.png,,https://x.com/skocherhan/status/2084777554628456913
2026-08-04 23:04:00,skocherhan,ip,156.251.16.29,,https://x.com/skocherhan/status/2084777554628456913
2026-08-04 23:04:00,skocherhan,md5,24de5c864e6898a580f1120faf6dbc7d,,https://x.com/skocherhan/status/2084777554628456913
2026-08-04 23:04:00,skocherhan,md5,34434744d339149b0a89199c4b2862b0,,https://x.com/skocherhan/status/2084777554628456913
2026-08-04 23:04:00,skocherhan,md5,d4621408aca25f48b86bba8af80a94dc,,https://x.com/skocherhan/status/2084777554628456913
2026-08-04 23:26:00,skocherhan,domain,prep-phones-aqua-addition.trycloudflare.com,,https://x.com/skocherhan/status/2084783077826371854
2026-08-04 23:26:00,skocherhan,url,http://prep-phones-aqua-addition.trycloudflare.com,,https://x.com/skocherhan/status/2084783077826371854
2026-08-04 23:26:00,skocherhan,md5,13e17f4ee672924c66b5b15eb8f02fb5,,https://x.com/skocherhan/status/2084783077826371854
