2026-08-09 04:22:50,FatzQatz,url,http://199.212.57.95,#malware,https://x.com/FatzQatz/status/2086307189631885558
2026-08-09 04:22:50,FatzQatz,url,http://47.76.32.21,#malware,https://x.com/FatzQatz/status/2086307189631885558
2026-08-09 04:22:50,FatzQatz,domain,chuanqiweb.com,#malware,https://x.com/FatzQatz/status/2086307189631885558
2026-08-09 04:22:50,FatzQatz,url,http://chuanqiweb.com,#malware,https://x.com/FatzQatz/status/2086307189631885558
2026-08-09 04:22:50,FatzQatz,domain,customsduty.cfd,#malware,https://x.com/FatzQatz/status/2086307189631885558
2026-08-09 04:22:50,FatzQatz,url,http://customsduty.cfd,#malware,https://x.com/FatzQatz/status/2086307189631885558
2026-08-09 04:22:50,FatzQatz,ip,199.212.57.95,#malware,https://x.com/FatzQatz/status/2086307189631885558
2026-08-09 04:22:50,FatzQatz,ip,47.76.32.21,#malware,https://x.com/FatzQatz/status/2086307189631885558
2026-08-09 05:56:11,masaomi346,domain,gpppw.top,#phishing,https://x.com/masaomi346/status/2086330681354060123
2026-08-09 05:56:11,masaomi346,url,https://gpppw.top/jp/,#phishing,https://x.com/masaomi346/status/2086330681354060123
2026-08-09 06:00:16,ThantZin_Ron,domain,adobedoc-cloud.top,,https://x.com/ThantZin_Ron/status/2086331710317502914
2026-08-09 06:00:16,ThantZin_Ron,url,https://adobedoc-cloud.top,,https://x.com/ThantZin_Ron/status/2086331710317502914
2026-08-09 06:00:16,ThantZin_Ron,domain,dash-pages.top,,https://x.com/ThantZin_Ron/status/2086331710317502914
2026-08-09 06:00:16,ThantZin_Ron,url,https://dash-pages.top,,https://x.com/ThantZin_Ron/status/2086331710317502914
2026-08-09 06:00:16,ThantZin_Ron,domain,pub-ecards.top,,https://x.com/ThantZin_Ron/status/2086331710317502914
2026-08-09 06:00:16,ThantZin_Ron,url,https://pub-ecards.top,,https://x.com/ThantZin_Ron/status/2086331710317502914
2026-08-09 06:00:16,ThantZin_Ron,domain,dash-coon.top,,https://x.com/ThantZin_Ron/status/2086331710317502914
2026-08-09 06:00:16,ThantZin_Ron,url,https://dash-coon.top,,https://x.com/ThantZin_Ron/status/2086331710317502914
2026-08-09 06:00:16,ThantZin_Ron,url,http://198.44.46.241,,https://x.com/ThantZin_Ron/status/2086331710317502914
2026-08-09 06:00:16,ThantZin_Ron,url,http://198.44.36.33,,https://x.com/ThantZin_Ron/status/2086331710317502914
2026-08-09 06:00:16,ThantZin_Ron,url,http://66.212.16.24,,https://x.com/ThantZin_Ron/status/2086331710317502914
2026-08-09 06:00:16,ThantZin_Ron,url,http://192.255.139.5,,https://x.com/ThantZin_Ron/status/2086331710317502914
2026-08-09 06:00:16,ThantZin_Ron,ip,198.44.46.241,,https://x.com/ThantZin_Ron/status/2086331710317502914
2026-08-09 06:00:16,ThantZin_Ron,ip,198.44.36.33,,https://x.com/ThantZin_Ron/status/2086331710317502914
2026-08-09 06:00:16,ThantZin_Ron,ip,66.212.16.24,,https://x.com/ThantZin_Ron/status/2086331710317502914
2026-08-09 06:00:16,ThantZin_Ron,ip,192.255.139.5,,https://x.com/ThantZin_Ron/status/2086331710317502914
2026-08-09 07:00:39,phishunt_io,domain,www-itausegurancas.rf.gd,#phishing,https://x.com/phishunt_io/status/2086346904267300904
2026-08-09 07:00:39,phishunt_io,url,http://www-itausegurancas.rf.gd/?i=1,#phishing,https://x.com/phishunt_io/status/2086346904267300904
2026-08-09 07:00:39,phishunt_io,ip,185.27.134.94,#phishing,https://x.com/phishunt_io/status/2086346904267300904
2026-08-09 07:38:17,solostalking,ip,64.89.160.97,,https://x.com/solostalking/status/2086356374930468925
2026-08-09 07:38:17,solostalking,ip,2.26.227.212,,https://x.com/solostalking/status/2086356374930468925
2026-08-09 08:41:50,solostalking,ip,143.246.195.33,,https://x.com/solostalking/status/2086372368596033768
2026-08-09 08:51:45,Now_on_VT,sha256,2d7351aa765bb2feed9536cc392b2013361c193e99841c5b56591d988bd4b582,,https://x.com/Now_on_VT/status/2086374865704018116
2026-08-09 08:58:56,G60930953,domain,updatesourcetool.online,#DPRK,https://x.com/G60930953/status/2086376673834852703
2026-08-09 08:58:56,G60930953,url,http://updatesourcetool.online:8443,#DPRK,https://x.com/G60930953/status/2086376673834852703
2026-08-09 08:58:56,G60930953,sha256,c3457cca3bdb77750f8bd12be02a993875b763ff00428cf9bfaf89764a2f4e3e,#DPRK,https://x.com/G60930953/status/2086376673834852703
2026-08-09 09:04:00,Fact_Finder03,ip,101.32.245.119,#C2,https://x.com/Fact_Finder03/status/2086377947187839198
2026-08-09 09:07:00,Fact_Finder03,ip,178.83.26.16,#C2,https://x.com/Fact_Finder03/status/2086378701843759390
2026-08-09 09:33:00,Fact_Finder03,ip,185.163.204.246,,https://x.com/Fact_Finder03/status/2086385245012558150
2026-08-09 09:33:00,Fact_Finder03,sha256,212acf6988a147dc48a67ac51cbd267121791f8f79ae733698c614ab56511fa6,,https://x.com/Fact_Finder03/status/2086385245012558150
2026-08-09 11:03:10,skocherhan,domain,sam.datupdatesourcetool.online,#DPRK,https://x.com/skocherhan/status/2086407939158384883
2026-08-09 11:03:10,skocherhan,url,http://SAM.datupdatesourcetool.online:8443,#DPRK,https://x.com/skocherhan/status/2086407939158384883
2026-08-09 11:09:50,skocherhan,md5,1e2cb8e6e1ec8bc2f00a942c32d15fa5,#Lazarus,https://x.com/skocherhan/status/2086409616116547912
2026-08-09 11:09:50,skocherhan,md5,d2f245c8d6f7615f1274cfca61c5a26f,#Lazarus,https://x.com/skocherhan/status/2086409616116547912
2026-08-09 13:42:12,webamon_search,domain,sqllq.com,,https://x.com/webamon_search/status/2086447957973291166
2026-08-09 13:42:12,webamon_search,url,http://sqllq.com,,https://x.com/webamon_search/status/2086447957973291166
2026-08-09 13:42:12,webamon_search,domain,00006060.com,,https://x.com/webamon_search/status/2086447957973291166
2026-08-09 13:42:12,webamon_search,url,http://00006060.com,,https://x.com/webamon_search/status/2086447957973291166
2026-08-09 15:11:49,scanmalware,domain,rapid-scene-df90.2415054122105.workers.dev,#phishing,https://x.com/scanmalware/status/2086470510955643197
2026-08-09 15:11:49,scanmalware,url,http://rapid-scene-df90.2415054122105.workers.dev,#phishing,https://x.com/scanmalware/status/2086470510955643197
2026-08-09 15:16:36,etugenio,url,http://194.59.31.175,#AdaptixC2 #malware,https://x.com/etugenio/status/2086471715765284982
2026-08-09 15:16:36,etugenio,ip,194.59.31.175,#AdaptixC2 #malware,https://x.com/etugenio/status/2086471715765284982
2026-08-09 15:38:23,skocherhan,domain,ns2.aidsp.top,#AdaptixC2 #malware,https://x.com/skocherhan/status/2086477198542647449
2026-08-09 15:38:23,skocherhan,url,http://ns2.aidsp.top,#AdaptixC2 #malware,https://x.com/skocherhan/status/2086477198542647449
2026-08-09 15:38:23,skocherhan,domain,ns1.aidsp.top,#AdaptixC2 #malware,https://x.com/skocherhan/status/2086477198542647449
2026-08-09 15:38:23,skocherhan,url,http://ns1.aidsp.top,#AdaptixC2 #malware,https://x.com/skocherhan/status/2086477198542647449
2026-08-09 15:38:23,skocherhan,domain,aidsp.top,#AdaptixC2 #malware,https://x.com/skocherhan/status/2086477198542647449
2026-08-09 15:38:23,skocherhan,url,http://aidsp.top,#AdaptixC2 #malware,https://x.com/skocherhan/status/2086477198542647449
2026-08-09 15:38:23,skocherhan,domain,controllerscompetiv5.com,#AdaptixC2 #malware,https://x.com/skocherhan/status/2086477198542647449
2026-08-09 15:38:23,skocherhan,url,http://controllerscompetiv5.com,#AdaptixC2 #malware,https://x.com/skocherhan/status/2086477198542647449
2026-08-09 15:38:23,skocherhan,url,http://194.59.31.175:4444,#AdaptixC2 #malware,https://x.com/skocherhan/status/2086477198542647449
2026-08-09 16:05:39,skocherhan,domain,file-host-alpha.vercel.app,,https://x.com/skocherhan/status/2086484058754736421
2026-08-09 16:05:39,skocherhan,url,http://file-host-alpha.vercel.app,,https://x.com/skocherhan/status/2086484058754736421
2026-08-09 16:19:52,skocherhan,domain,crystalmorrowlighthouse.com,,https://x.com/skocherhan/status/2086487639327211537
2026-08-09 16:19:52,skocherhan,url,http://crystalmorrowlighthouse.com,,https://x.com/skocherhan/status/2086487639327211537
2026-08-09 16:19:52,skocherhan,md5,b385111d6599a30210b7be8f7674a163,,https://x.com/skocherhan/status/2086487639327211537
2026-08-09 16:42:11,skocherhan,domain,dlsnat.net,,https://x.com/skocherhan/status/2086493251989598676
2026-08-09 16:42:11,skocherhan,url,http://dlsnat.net,,https://x.com/skocherhan/status/2086493251989598676
2026-08-09 16:42:11,skocherhan,domain,web-telegram.ug,,https://x.com/skocherhan/status/2086493251989598676
2026-08-09 16:42:11,skocherhan,url,http://web-telegram.ug,,https://x.com/skocherhan/status/2086493251989598676
2026-08-09 16:42:11,skocherhan,md5,06d4e133278ccea6d85866101901436e,,https://x.com/skocherhan/status/2086493251989598676
2026-08-09 17:00:45,phishunt_io,domain,opensea-nftbox-fc872a1c36fe.herokuapp.com,#phishing,https://x.com/phishunt_io/status/2086497927648641401
2026-08-09 17:00:45,phishunt_io,url,http://opensea-nftbox-fc872a1c36fe.herokuapp.com,#phishing,https://x.com/phishunt_io/status/2086497927648641401
2026-08-09 17:00:45,phishunt_io,ip,54.235.77.118,#phishing,https://x.com/phishunt_io/status/2086497927648641401
2026-08-09 17:12:14,skocherhan,domain,policiacivilmg.com,,https://x.com/skocherhan/status/2086500815930282488
2026-08-09 17:12:14,skocherhan,url,http://policiacivilmg.com,,https://x.com/skocherhan/status/2086500815930282488
2026-08-09 17:12:14,skocherhan,domain,online-investrebcvesting.com,,https://x.com/skocherhan/status/2086500815930282488
2026-08-09 17:12:14,skocherhan,url,http://online-investrebcvesting.com,,https://x.com/skocherhan/status/2086500815930282488
2026-08-09 17:12:14,skocherhan,domain,coolideasforthefuturelmaohahaha.com,,https://x.com/skocherhan/status/2086500815930282488
2026-08-09 17:12:14,skocherhan,url,http://coolideasforthefuturelmaohahaha.com,,https://x.com/skocherhan/status/2086500815930282488
2026-08-09 17:22:52,skocherhan,ip,198.105.127.210,,https://x.com/skocherhan/status/2086503492684837007
2026-08-09 18:00:05,phatomcandle,url,http://205.186.64.197,#APT #malware,https://x.com/phatomcandle/status/2086512859568345175
2026-08-09 18:00:05,phatomcandle,domain,onekey-host.com,#APT #malware,https://x.com/phatomcandle/status/2086512859568345175
2026-08-09 18:00:05,phatomcandle,url,http://onekey-host.com,#APT #malware,https://x.com/phatomcandle/status/2086512859568345175
2026-08-09 18:00:05,phatomcandle,ip,205.186.64.197,#APT #malware,https://x.com/phatomcandle/status/2086512859568345175
2026-08-09 18:17:17,Malwarehunterr,domain,testmyopinion.live,#ClickFix,https://x.com/Malwarehunterr/status/2086517188085871074
2026-08-09 18:17:17,Malwarehunterr,url,http://testmyopinion.live,#ClickFix,https://x.com/Malwarehunterr/status/2086517188085871074
2026-08-09 18:17:17,Malwarehunterr,domain,ownnewstoday.live,#ClickFix,https://x.com/Malwarehunterr/status/2086517188085871074
2026-08-09 18:17:17,Malwarehunterr,url,http://ownnewstoday.live,#ClickFix,https://x.com/Malwarehunterr/status/2086517188085871074
2026-08-09 18:17:17,Malwarehunterr,url,http://46.226.167.248,#ClickFix,https://x.com/Malwarehunterr/status/2086517188085871074
2026-08-09 18:17:17,Malwarehunterr,ip,46.226.167.248,#ClickFix,https://x.com/Malwarehunterr/status/2086517188085871074
2026-08-09 19:59:11,Malwarehunterr,domain,serversniperxx.duckdns.org,#malware,https://x.com/Malwarehunterr/status/2086542830395429325
2026-08-09 19:59:11,Malwarehunterr,url,http://serversniperxx.duckdns.org,#malware,https://x.com/Malwarehunterr/status/2086542830395429325
2026-08-09 19:59:11,Malwarehunterr,domain,asegurar2026nuevo.duckdns.org,#malware,https://x.com/Malwarehunterr/status/2086542830395429325
2026-08-09 19:59:11,Malwarehunterr,url,http://asegurar2026nuevo.duckdns.org,#malware,https://x.com/Malwarehunterr/status/2086542830395429325
2026-08-09 19:59:11,Malwarehunterr,domain,asegurar2026.duckdns.org,#malware,https://x.com/Malwarehunterr/status/2086542830395429325
2026-08-09 19:59:11,Malwarehunterr,url,http://asegurar2026.duckdns.org,#malware,https://x.com/Malwarehunterr/status/2086542830395429325
2026-08-09 19:59:11,Malwarehunterr,domain,2seguro2025.duckdns.org,#malware,https://x.com/Malwarehunterr/status/2086542830395429325
2026-08-09 19:59:11,Malwarehunterr,url,http://2seguro2025.duckdns.org,#malware,https://x.com/Malwarehunterr/status/2086542830395429325
2026-08-09 19:59:11,Malwarehunterr,url,http://www.2seguro2025.duckdns.org,#malware,https://x.com/Malwarehunterr/status/2086542830395429325
2026-08-09 19:59:11,Malwarehunterr,url,http://181.237.42.61,#malware,https://x.com/Malwarehunterr/status/2086542830395429325
2026-08-09 19:59:11,Malwarehunterr,url,http://serversniperxx.duckdns.org:4577,#malware,https://x.com/Malwarehunterr/status/2086542830395429325
2026-08-09 19:59:11,Malwarehunterr,ip,181.237.42.61,#malware,https://x.com/Malwarehunterr/status/2086542830395429325
2026-08-09 19:59:11,Malwarehunterr,sha256,8c78a55c8bf545e0d21b8757eaa0b709b4af47b13d34a38df81045e67026bd96,#malware,https://x.com/Malwarehunterr/status/2086542830395429325
2026-08-09 19:59:11,Malwarehunterr,sha256,7a3c619827557de9a3687daa137f772f40e1bba1a4ca32bac1b06557f42ce522,#malware,https://x.com/Malwarehunterr/status/2086542830395429325
2026-08-09 19:59:11,Malwarehunterr,sha256,1932a80706489d55ae779ad1edfe0d0beb0239d0fc7bb10f99f89bc804ad3407,#malware,https://x.com/Malwarehunterr/status/2086542830395429325
2026-08-09 20:20:51,masaomi346,domain,sdjwhb.com,#phishing,https://x.com/masaomi346/status/2086548281136746994
2026-08-09 20:20:51,masaomi346,url,https://sdjwhb.com/shEZXThY/,#phishing,https://x.com/masaomi346/status/2086548281136746994
2026-08-09 20:53:03,skocherhan,domain,docusignlogin.globalexshipping.com,#ClickFix #malware,https://x.com/skocherhan/status/2086556385488388418
2026-08-09 20:53:03,skocherhan,url,http://docusignlogin.globalexshipping.com,#ClickFix #malware,https://x.com/skocherhan/status/2086556385488388418
2026-08-09 20:53:03,skocherhan,url,http://167.86.82.141,#ClickFix #malware,https://x.com/skocherhan/status/2086556385488388418
2026-08-09 20:53:03,skocherhan,domain,glostingsolutions.shop,#ClickFix #malware,https://x.com/skocherhan/status/2086556385488388418
2026-08-09 20:53:03,skocherhan,url,http://glostingsolutions.shop,#ClickFix #malware,https://x.com/skocherhan/status/2086556385488388418
2026-08-09 20:53:03,skocherhan,url,http://137.175.30.36,#ClickFix #malware,https://x.com/skocherhan/status/2086556385488388418
2026-08-09 20:53:03,skocherhan,ip,167.86.82.141,#ClickFix #malware,https://x.com/skocherhan/status/2086556385488388418
2026-08-09 20:53:03,skocherhan,ip,137.175.30.36,#ClickFix #malware,https://x.com/skocherhan/status/2086556385488388418
2026-08-09 20:53:03,skocherhan,md5,9d3bb42d996476bd1e672b9bc6a6d88e,#ClickFix #malware,https://x.com/skocherhan/status/2086556385488388418
2026-08-09 20:53:03,skocherhan,md5,796a88349395366586f8f1c4624a3aaa,#ClickFix #malware,https://x.com/skocherhan/status/2086556385488388418
2026-08-09 21:39:56,skocherhan,md5,5f87d01f11666a7d4fd0db155797db32,#Remcos #malware,https://x.com/skocherhan/status/2086568186271478140
2026-08-09 22:22:31,0xb1lal,domain,accessing-gregory-mhz-commitments.trycloudflare.com,,https://x.com/0xb1lal/status/2086569409561129174
2026-08-09 22:22:31,0xb1lal,url,https://accessing-gregory-mhz-commitments.trycloudflare.com,,https://x.com/0xb1lal/status/2086569409561129174
2026-08-09 22:41:50,skocherhan,domain,mrhsbsvronline.com,#phishing,https://x.com/skocherhan/status/2086583761274012009
2026-08-09 22:41:50,skocherhan,url,http://mrhsbsvronline.com,#phishing,https://x.com/skocherhan/status/2086583761274012009
2026-08-09 22:41:50,skocherhan,domain,tap2krocsklxucu.lol,#phishing,https://x.com/skocherhan/status/2086583761274012009
2026-08-09 22:41:50,skocherhan,url,http://tap2krocsklxucu.lol,#phishing,https://x.com/skocherhan/status/2086583761274012009
2026-08-09 22:41:50,skocherhan,domain,adamiboleskerzddskskvsdva.sbs,#phishing,https://x.com/skocherhan/status/2086583761274012009
2026-08-09 22:41:50,skocherhan,url,http://adamiboleskerzddskskvsdva.sbs,#phishing,https://x.com/skocherhan/status/2086583761274012009
2026-08-09 22:41:50,skocherhan,domain,asgadsqew.sbs,#phishing,https://x.com/skocherhan/status/2086583761274012009
2026-08-09 22:41:50,skocherhan,url,http://asgadsqew.sbs,#phishing,https://x.com/skocherhan/status/2086583761274012009
2026-08-09 22:41:50,skocherhan,domain,asgasdgqwre.sbs,#phishing,https://x.com/skocherhan/status/2086583761274012009
2026-08-09 22:41:50,skocherhan,url,http://asgasdgqwre.sbs,#phishing,https://x.com/skocherhan/status/2086583761274012009
2026-08-09 22:41:50,skocherhan,domain,bckdayigabrjo.ice.mom,#phishing,https://x.com/skocherhan/status/2086583761274012009
2026-08-09 22:41:50,skocherhan,url,http://bckdayigabrjo.ice.mom,#phishing,https://x.com/skocherhan/status/2086583761274012009
2026-08-09 22:41:50,skocherhan,domain,hadhadhkhgfdd.sbs,#phishing,https://x.com/skocherhan/status/2086583761274012009
2026-08-09 22:41:50,skocherhan,url,http://hadhadhkhgfdd.sbs,#phishing,https://x.com/skocherhan/status/2086583761274012009
2026-08-09 22:41:50,skocherhan,domain,cocuklarabilerinizgeldi.sbs,#phishing,https://x.com/skocherhan/status/2086583761274012009
2026-08-09 22:41:50,skocherhan,url,http://cocuklarabilerinizgeldi.sbs,#phishing,https://x.com/skocherhan/status/2086583761274012009
2026-08-09 22:41:50,skocherhan,domain,allahiniziskm.duckdns.org,#phishing,https://x.com/skocherhan/status/2086583761274012009
2026-08-09 22:41:50,skocherhan,url,http://allahiniziskm.duckdns.org,#phishing,https://x.com/skocherhan/status/2086583761274012009
2026-08-09 22:41:50,skocherhan,domain,sevdlyrklerdebyyzsrgnlr.com,#phishing,https://x.com/skocherhan/status/2086583761274012009
2026-08-09 22:41:50,skocherhan,url,http://sevdlyrklerdebyyzsrgnlr.com,#phishing,https://x.com/skocherhan/status/2086583761274012009
2026-08-09 22:41:50,skocherhan,domain,olrurdumamdszgds.com,#phishing,https://x.com/skocherhan/status/2086583761274012009
2026-08-09 22:41:50,skocherhan,url,http://olrurdumamdszgds.com,#phishing,https://x.com/skocherhan/status/2086583761274012009
2026-08-09 22:41:50,skocherhan,domain,safsaqwrcs.sbs,#phishing,https://x.com/skocherhan/status/2086583761274012009
2026-08-09 22:41:50,skocherhan,url,http://safsaqwrcs.sbs,#phishing,https://x.com/skocherhan/status/2086583761274012009
2026-08-09 22:41:50,skocherhan,domain,plrdanbrdansnnn.com,#phishing,https://x.com/skocherhan/status/2086583761274012009
2026-08-09 22:41:50,skocherhan,url,http://plrdanbrdansnnn.com,#phishing,https://x.com/skocherhan/status/2086583761274012009
2026-08-09 22:41:50,skocherhan,domain,sw.temizlikyapiyoruz.click,#phishing,https://x.com/skocherhan/status/2086583761274012009
2026-08-09 22:41:50,skocherhan,url,http://sw.temizlikyapiyoruz.click,#phishing,https://x.com/skocherhan/status/2086583761274012009
2026-08-09 22:41:50,skocherhan,domain,m2h4rspnline.art,#phishing,https://x.com/skocherhan/status/2086583761274012009
2026-08-09 22:41:50,skocherhan,url,http://m2h4rspnline.art,#phishing,https://x.com/skocherhan/status/2086583761274012009
2026-08-09 22:41:50,skocherhan,domain,hmnenislemnoktas.net,#phishing,https://x.com/skocherhan/status/2086583761274012009
2026-08-09 22:41:50,skocherhan,url,http://hmnenislemnoktas.net,#phishing,https://x.com/skocherhan/status/2086583761274012009
2026-08-09 22:41:50,skocherhan,domain,sw.sayatatata.cyou,#phishing,https://x.com/skocherhan/status/2086583761274012009
2026-08-09 22:41:50,skocherhan,url,http://sw.sayatatata.cyou,#phishing,https://x.com/skocherhan/status/2086583761274012009
2026-08-09 22:41:50,skocherhan,domain,dfsopsdkopkfdbsdfsbbbb.shop,#phishing,https://x.com/skocherhan/status/2086583761274012009
2026-08-09 22:41:50,skocherhan,url,http://dfsopsdkopkfdbsdfsbbbb.shop,#phishing,https://x.com/skocherhan/status/2086583761274012009
2026-08-09 22:41:50,skocherhan,domain,cw.kizlarburada.click,#phishing,https://x.com/skocherhan/status/2086583761274012009
2026-08-09 22:41:50,skocherhan,url,http://cw.kizlarburada.click,#phishing,https://x.com/skocherhan/status/2086583761274012009
2026-08-09 22:41:50,skocherhan,domain,dagsdghqw.sbs,#phishing,https://x.com/skocherhan/status/2086583761274012009
2026-08-09 22:41:50,skocherhan,url,http://dagsdghqw.sbs,#phishing,https://x.com/skocherhan/status/2086583761274012009
2026-08-09 22:41:50,skocherhan,domain,srt.kizlarburada.click,#phishing,https://x.com/skocherhan/status/2086583761274012009
2026-08-09 22:41:50,skocherhan,url,http://srt.kizlarburada.click,#phishing,https://x.com/skocherhan/status/2086583761274012009
2026-08-09 22:41:50,skocherhan,domain,mzhrrndvlrnzgovptt.duckdns.org,#phishing,https://x.com/skocherhan/status/2086583761274012009
2026-08-09 22:41:50,skocherhan,url,http://mzhrrndvlrnzgovptt.duckdns.org,#phishing,https://x.com/skocherhan/status/2086583761274012009
2026-08-09 22:41:50,skocherhan,domain,gsdhsdfhswa.sbs,#phishing,https://x.com/skocherhan/status/2086583761274012009
2026-08-09 22:41:50,skocherhan,url,http://gsdhsdfhswa.sbs,#phishing,https://x.com/skocherhan/status/2086583761274012009
2026-08-09 22:41:50,skocherhan,domain,m.kizlarburada.click,#phishing,https://x.com/skocherhan/status/2086583761274012009
2026-08-09 22:41:50,skocherhan,url,http://m.kizlarburada.click,#phishing,https://x.com/skocherhan/status/2086583761274012009
2026-08-09 22:41:50,skocherhan,domain,keskn5brdaclsyrz.com,#phishing,https://x.com/skocherhan/status/2086583761274012009
2026-08-09 22:41:50,skocherhan,url,http://keskn5brdaclsyrz.com,#phishing,https://x.com/skocherhan/status/2086583761274012009
2026-08-09 22:41:50,skocherhan,domain,prrrrrdannnnnsssss.com,#phishing,https://x.com/skocherhan/status/2086583761274012009
2026-08-09 22:41:50,skocherhan,url,http://prrrrrdannnnnsssss.com,#phishing,https://x.com/skocherhan/status/2086583761274012009
2026-08-09 22:41:50,skocherhan,domain,xrd.domainclx.biz,#phishing,https://x.com/skocherhan/status/2086583761274012009
2026-08-09 22:41:50,skocherhan,url,http://xrd.domainclx.biz,#phishing,https://x.com/skocherhan/status/2086583761274012009
2026-08-09 22:41:50,skocherhan,domain,asdsrversdersetrseser.com,#phishing,https://x.com/skocherhan/status/2086583761274012009
2026-08-09 22:41:50,skocherhan,url,http://asdsrversdersetrseser.com,#phishing,https://x.com/skocherhan/status/2086583761274012009
2026-08-09 22:41:50,skocherhan,domain,2451.basitdom.biz,#phishing,https://x.com/skocherhan/status/2086583761274012009
2026-08-09 22:41:50,skocherhan,url,http://2451.basitdom.biz,#phishing,https://x.com/skocherhan/status/2086583761274012009
2026-08-09 22:41:50,skocherhan,domain,syn.domainclx.biz,#phishing,https://x.com/skocherhan/status/2086583761274012009
2026-08-09 22:41:50,skocherhan,url,http://syn.domainclx.biz,#phishing,https://x.com/skocherhan/status/2086583761274012009
2026-08-09 22:41:50,skocherhan,domain,saydimsenikalbime.duckdns.org,#phishing,https://x.com/skocherhan/status/2086583761274012009
2026-08-09 22:41:50,skocherhan,url,http://saydimsenikalbime.duckdns.org,#phishing,https://x.com/skocherhan/status/2086583761274012009
2026-08-09 22:41:50,skocherhan,domain,gfagfasdgaas.sbs,#phishing,https://x.com/skocherhan/status/2086583761274012009
2026-08-09 22:41:50,skocherhan,url,http://gfagfasdgaas.sbs,#phishing,https://x.com/skocherhan/status/2086583761274012009
2026-08-09 22:41:50,skocherhan,domain,randvhsziemtsd.store,#phishing,https://x.com/skocherhan/status/2086583761274012009
2026-08-09 22:41:50,skocherhan,url,http://randvhsziemtsd.store,#phishing,https://x.com/skocherhan/status/2086583761274012009
2026-08-09 22:41:50,skocherhan,domain,qwdx12xqadxqx.duckdns.org,#phishing,https://x.com/skocherhan/status/2086583761274012009
2026-08-09 22:41:50,skocherhan,url,http://qwdx12xqadxqx.duckdns.org,#phishing,https://x.com/skocherhan/status/2086583761274012009
2026-08-09 22:41:50,skocherhan,domain,tasaqx1xadds.duckdns.org,#phishing,https://x.com/skocherhan/status/2086583761274012009
2026-08-09 22:41:50,skocherhan,url,http://tasaqx1xadds.duckdns.org,#phishing,https://x.com/skocherhan/status/2086583761274012009
2026-08-09 22:41:50,skocherhan,domain,347456586543242.org,#phishing,https://x.com/skocherhan/status/2086583761274012009
2026-08-09 22:41:50,skocherhan,url,http://347456586543242.org,#phishing,https://x.com/skocherhan/status/2086583761274012009
2026-08-09 22:41:50,skocherhan,domain,ytrsdsndsn-ytrseresrsr.com,#phishing,https://x.com/skocherhan/status/2086583761274012009
2026-08-09 22:41:50,skocherhan,url,http://ytrsdsndsn-ytrseresrsr.com,#phishing,https://x.com/skocherhan/status/2086583761274012009
2026-08-09 22:41:50,skocherhan,domain,evvlypyrbrsylrsdedr.com,#phishing,https://x.com/skocherhan/status/2086583761274012009
2026-08-09 22:41:50,skocherhan,url,http://evvlypyrbrsylrsdedr.com,#phishing,https://x.com/skocherhan/status/2086583761274012009
2026-08-09 22:41:50,skocherhan,domain,ttmsdsnyrsd-rysdsda.com,#phishing,https://x.com/skocherhan/status/2086583761274012009
2026-08-09 22:41:50,skocherhan,url,http://www.ttmsdsnyrsd-rysdsda.com,#phishing,https://x.com/skocherhan/status/2086583761274012009
2026-08-09 22:41:50,skocherhan,domain,menfaatiolanbulur.sbs,#phishing,https://x.com/skocherhan/status/2086583761274012009
2026-08-09 22:41:50,skocherhan,url,http://menfaatiolanbulur.sbs,#phishing,https://x.com/skocherhan/status/2086583761274012009
2026-08-09 22:41:50,skocherhan,domain,mvsdnyrsnds-tnysds.com,#phishing,https://x.com/skocherhan/status/2086583761274012009
2026-08-09 22:41:50,skocherhan,url,http://mvsdnyrsnds-tnysds.com,#phishing,https://x.com/skocherhan/status/2086583761274012009
2026-08-09 22:41:50,skocherhan,domain,senbanaddosatbensanaclick.sbs,#phishing,https://x.com/skocherhan/status/2086583761274012009
2026-08-09 22:41:50,skocherhan,url,http://senbanaddosatbensanaclick.sbs,#phishing,https://x.com/skocherhan/status/2086583761274012009
2026-08-09 22:41:50,skocherhan,domain,bababiziz.sbs,#phishing,https://x.com/skocherhan/status/2086583761274012009
2026-08-09 22:41:50,skocherhan,url,http://bababiziz.sbs,#phishing,https://x.com/skocherhan/status/2086583761274012009
2026-08-09 22:41:50,skocherhan,domain,islemkhemennktasi.net,#phishing,https://x.com/skocherhan/status/2086583761274012009
2026-08-09 22:41:50,skocherhan,url,http://islemkhemennktasi.net,#phishing,https://x.com/skocherhan/status/2086583761274012009
2026-08-09 22:41:50,skocherhan,domain,54375432423342645.org,#phishing,https://x.com/skocherhan/status/2086583761274012009
2026-08-09 22:41:50,skocherhan,url,http://54375432423342645.org,#phishing,https://x.com/skocherhan/status/2086583761274012009
2026-08-09 22:41:50,skocherhan,domain,kafamaskacagim.sbs,#phishing,https://x.com/skocherhan/status/2086583761274012009
2026-08-09 22:41:50,skocherhan,url,http://kafamaskacagim.sbs,#phishing,https://x.com/skocherhan/status/2086583761274012009
2026-08-09 22:41:50,skocherhan,domain,duckduckdcqc.duckdns.org,#phishing,https://x.com/skocherhan/status/2086583761274012009
2026-08-09 22:41:50,skocherhan,url,http://duckduckdcqc.duckdns.org,#phishing,https://x.com/skocherhan/status/2086583761274012009
2026-08-09 22:41:50,skocherhan,domain,6666sdsdsysdanas.com,#phishing,https://x.com/skocherhan/status/2086583761274012009
2026-08-09 22:41:50,skocherhan,url,http://6666sdsdsysdanas.com,#phishing,https://x.com/skocherhan/status/2086583761274012009
2026-08-09 22:41:50,skocherhan,domain,mhr-al-hadisende.duckdns.org,#phishing,https://x.com/skocherhan/status/2086583761274012009
2026-08-09 22:41:50,skocherhan,url,http://mhr-al-hadisende.duckdns.org,#phishing,https://x.com/skocherhan/status/2086583761274012009
2026-08-09 22:41:50,skocherhan,domain,asfsadfrwqarf.sbs,#phishing,https://x.com/skocherhan/status/2086583761274012009
2026-08-09 22:41:50,skocherhan,url,http://asfsadfrwqarf.sbs,#phishing,https://x.com/skocherhan/status/2086583761274012009
2026-08-09 22:41:50,skocherhan,domain,7777sdsdsnsdsaym.com,#phishing,https://x.com/skocherhan/status/2086583761274012009
2026-08-09 22:41:50,skocherhan,url,http://7777sdsdsnsdsaym.com,#phishing,https://x.com/skocherhan/status/2086583761274012009
2026-08-09 22:41:50,skocherhan,domain,pyrzdnsndys2313.com,#phishing,https://x.com/skocherhan/status/2086583761274012009
2026-08-09 22:41:50,skocherhan,url,http://pyrzdnsndys2313.com,#phishing,https://x.com/skocherhan/status/2086583761274012009
2026-08-09 22:41:50,skocherhan,domain,blogs-innovations-accessing-jackson.trycloudflare.com,#phishing,https://x.com/skocherhan/status/2086583761274012009
2026-08-09 22:41:50,skocherhan,url,http://blogs-innovations-accessing-jackson.trycloudflare.com,#phishing,https://x.com/skocherhan/status/2086583761274012009
2026-08-09 22:41:50,skocherhan,domain,erkendenalma.duckdns.org,#phishing,https://x.com/skocherhan/status/2086583761274012009
2026-08-09 22:41:50,skocherhan,url,http://erkendenalma.duckdns.org,#phishing,https://x.com/skocherhan/status/2086583761274012009
2026-08-09 22:41:50,skocherhan,domain,qwdx21x1xd12.duckdns.org,#phishing,https://x.com/skocherhan/status/2086583761274012009
2026-08-09 22:41:50,skocherhan,url,http://qwdx21x1xd12.duckdns.org,#phishing,https://x.com/skocherhan/status/2086583761274012009
2026-08-09 22:41:50,skocherhan,domain,byyrdrmdmdnsnttt.com,#phishing,https://x.com/skocherhan/status/2086583761274012009
2026-08-09 22:41:50,skocherhan,url,http://byyrdrmdmdnsnttt.com,#phishing,https://x.com/skocherhan/status/2086583761274012009
2026-08-09 22:41:50,skocherhan,domain,hemensielmnokta-islnakt.net,#phishing,https://x.com/skocherhan/status/2086583761274012009
2026-08-09 22:41:50,skocherhan,url,http://hemensielmnokta-islnakt.net,#phishing,https://x.com/skocherhan/status/2086583761274012009
2026-08-09 22:41:50,skocherhan,domain,xaratatata.duckdns.org,#phishing,https://x.com/skocherhan/status/2086583761274012009
2026-08-09 22:41:50,skocherhan,url,http://xaratatata.duckdns.org,#phishing,https://x.com/skocherhan/status/2086583761274012009
2026-08-09 22:41:50,skocherhan,domain,1234654psnylsyndns.com,#phishing,https://x.com/skocherhan/status/2086583761274012009
2026-08-09 22:41:50,skocherhan,url,http://1234654psnylsyndns.com,#phishing,https://x.com/skocherhan/status/2086583761274012009
2026-08-09 22:41:50,skocherhan,domain,21461sndmsndsasd.com,#phishing,https://x.com/skocherhan/status/2086583761274012009
2026-08-09 22:41:50,skocherhan,url,http://21461sndmsndsasd.com,#phishing,https://x.com/skocherhan/status/2086583761274012009
2026-08-09 22:41:50,skocherhan,domain,mh-r-al-randv-simdi-hemence.duckdns.org,#phishing,https://x.com/skocherhan/status/2086583761274012009
2026-08-09 22:41:50,skocherhan,url,http://mh-r-al-randv-simdi-hemence.duckdns.org,#phishing,https://x.com/skocherhan/status/2086583761274012009
2026-08-09 22:41:50,skocherhan,domain,efskwqhalx.ice.fo,#phishing,https://x.com/skocherhan/status/2086583761274012009
2026-08-09 22:41:50,skocherhan,url,http://efskwqhalx.ice.fo,#phishing,https://x.com/skocherhan/status/2086583761274012009
2026-08-09 22:41:50,skocherhan,domain,ccnsksndnsndnsadasa.com,#phishing,https://x.com/skocherhan/status/2086583761274012009
2026-08-09 22:41:50,skocherhan,url,http://ccnsksndnsndnsadasa.com,#phishing,https://x.com/skocherhan/status/2086583761274012009
2026-08-09 22:41:50,skocherhan,domain,islemnoktasihemn.net,#phishing,https://x.com/skocherhan/status/2086583761274012009
2026-08-09 22:41:50,skocherhan,url,http://islemnoktasihemn.net,#phishing,https://x.com/skocherhan/status/2086583761274012009
2026-08-09 22:41:50,skocherhan,domain,sayayayaya.duckdns.org,#phishing,https://x.com/skocherhan/status/2086583761274012009
2026-08-09 22:41:50,skocherhan,url,http://sayayayaya.duckdns.org,#phishing,https://x.com/skocherhan/status/2086583761274012009
2026-08-09 22:41:50,skocherhan,domain,75454764345323754.org,#phishing,https://x.com/skocherhan/status/2086583761274012009
2026-08-09 22:41:50,skocherhan,url,http://75454764345323754.org,#phishing,https://x.com/skocherhan/status/2086583761274012009
2026-08-09 22:41:50,skocherhan,domain,al-rndev-smdi-hemen.duckdns.org,#phishing,https://x.com/skocherhan/status/2086583761274012009
2026-08-09 22:41:50,skocherhan,url,http://al-rndev-smdi-hemen.duckdns.org,#phishing,https://x.com/skocherhan/status/2086583761274012009
2026-08-09 22:41:50,skocherhan,domain,issue-needed-buffalo-carrying.trycloudflare.com,#phishing,https://x.com/skocherhan/status/2086583761274012009
2026-08-09 22:41:50,skocherhan,url,http://issue-needed-buffalo-carrying.trycloudflare.com,#phishing,https://x.com/skocherhan/status/2086583761274012009
2026-08-09 22:41:50,skocherhan,domain,hemenislmkntokas.net,#phishing,https://x.com/skocherhan/status/2086583761274012009
2026-08-09 22:41:50,skocherhan,url,http://hemenislmkntokas.net,#phishing,https://x.com/skocherhan/status/2086583761274012009
2026-08-09 22:41:50,skocherhan,domain,seyimacidi.duckdns.org,#phishing,https://x.com/skocherhan/status/2086583761274012009
2026-08-09 22:41:50,skocherhan,url,http://seyimacidi.duckdns.org,#phishing,https://x.com/skocherhan/status/2086583761274012009
2026-08-09 22:41:50,skocherhan,domain,hemenislemnktasna.net,#phishing,https://x.com/skocherhan/status/2086583761274012009
2026-08-09 22:41:50,skocherhan,url,http://hemenislemnktasna.net,#phishing,https://x.com/skocherhan/status/2086583761274012009
2026-08-09 22:41:50,skocherhan,domain,ucurumsunbana5.uk,#phishing,https://x.com/skocherhan/status/2086583761274012009
2026-08-09 22:41:50,skocherhan,url,http://ucurumsunbana5.uk,#phishing,https://x.com/skocherhan/status/2086583761274012009
2026-08-09 22:41:50,skocherhan,domain,ser-tas-tas-al-rand.duckdns.org,#phishing,https://x.com/skocherhan/status/2086583761274012009
2026-08-09 22:41:50,skocherhan,url,http://ser-tas-tas-al-rand.duckdns.org,#phishing,https://x.com/skocherhan/status/2086583761274012009
2026-08-09 22:41:50,skocherhan,domain,things-solve-medicines-premium.trycloudflare.com,#phishing,https://x.com/skocherhan/status/2086583761274012009
2026-08-09 22:41:50,skocherhan,url,http://things-solve-medicines-premium.trycloudflare.com,#phishing,https://x.com/skocherhan/status/2086583761274012009
2026-08-09 22:41:50,skocherhan,domain,islemnoktasihemenne.net,#phishing,https://x.com/skocherhan/status/2086583761274012009
2026-08-09 22:41:50,skocherhan,url,http://islemnoktasihemenne.net,#phishing,https://x.com/skocherhan/status/2086583761274012009
2026-08-09 22:41:50,skocherhan,domain,burdaemhrsrandvlrmz.sbs,#phishing,https://x.com/skocherhan/status/2086583761274012009
2026-08-09 22:41:50,skocherhan,url,http://burdaemhrsrandvlrmz.sbs,#phishing,https://x.com/skocherhan/status/2086583761274012009
2026-08-09 22:41:50,skocherhan,domain,senindeabinindeaminakorum.sbs,#phishing,https://x.com/skocherhan/status/2086583761274012009
2026-08-09 22:41:50,skocherhan,url,http://senindeabinindeaminakorum.sbs,#phishing,https://x.com/skocherhan/status/2086583761274012009
2026-08-09 22:41:50,skocherhan,domain,sivri.ezpizi.click,#phishing,https://x.com/skocherhan/status/2086583761274012009
2026-08-09 22:41:50,skocherhan,url,http://sivri.ezpizi.click,#phishing,https://x.com/skocherhan/status/2086583761274012009
2026-08-09 22:41:50,skocherhan,domain,brdnbrangtmtsneeee.com,#phishing,https://x.com/skocherhan/status/2086583761274012009
2026-08-09 22:41:50,skocherhan,url,http://brdnbrangtmtsneeee.com,#phishing,https://x.com/skocherhan/status/2086583761274012009
2026-08-09 22:41:50,skocherhan,domain,hemenislemn-sonuc.net,#phishing,https://x.com/skocherhan/status/2086583761274012009
2026-08-09 22:41:50,skocherhan,url,http://hemenislemn-sonuc.net,#phishing,https://x.com/skocherhan/status/2086583761274012009
2026-08-09 22:41:50,skocherhan,domain,sayayaya.duckdns.org,#phishing,https://x.com/skocherhan/status/2086583761274012009
2026-08-09 22:41:50,skocherhan,url,http://sayayaya.duckdns.org,#phishing,https://x.com/skocherhan/status/2086583761274012009
2026-08-09 22:41:50,skocherhan,domain,2451.domainclx.click,#phishing,https://x.com/skocherhan/status/2086583761274012009
2026-08-09 22:41:50,skocherhan,url,http://2451.domainclx.click,#phishing,https://x.com/skocherhan/status/2086583761274012009
2026-08-09 22:41:50,skocherhan,domain,ekwlqrsgm.sbs,#phishing,https://x.com/skocherhan/status/2086583761274012009
2026-08-09 22:41:50,skocherhan,url,http://ekwlqrsgm.sbs,#phishing,https://x.com/skocherhan/status/2086583761274012009
2026-08-09 22:41:50,skocherhan,domain,2451.basitdom.click,#phishing,https://x.com/skocherhan/status/2086583761274012009
2026-08-09 22:41:50,skocherhan,url,http://2451.basitdom.click,#phishing,https://x.com/skocherhan/status/2086583761274012009
2026-08-09 22:41:50,skocherhan,domain,emhrsrandvlrmzburda.sbs,#phishing,https://x.com/skocherhan/status/2086583761274012009
2026-08-09 22:41:50,skocherhan,url,http://emhrsrandvlrmzburda.sbs,#phishing,https://x.com/skocherhan/status/2086583761274012009
2026-08-09 22:41:50,skocherhan,domain,mhrefshemenrndv.ice.lol,#phishing,https://x.com/skocherhan/status/2086583761274012009
2026-08-09 22:41:50,skocherhan,url,http://mhrefshemenrndv.ice.lol,#phishing,https://x.com/skocherhan/status/2086583761274012009
2026-08-09 22:41:50,skocherhan,domain,trvtrkdsnrsvjsd.store,#phishing,https://x.com/skocherhan/status/2086583761274012009
2026-08-09 22:41:50,skocherhan,url,http://trvtrkdsnrsvjsd.store,#phishing,https://x.com/skocherhan/status/2086583761274012009
2026-08-09 22:41:50,skocherhan,domain,xq.ezpizi.click,#phishing,https://x.com/skocherhan/status/2086583761274012009
2026-08-09 22:41:50,skocherhan,url,http://xq.ezpizi.click,#phishing,https://x.com/skocherhan/status/2086583761274012009
2026-08-09 22:41:50,skocherhan,domain,helwmgsl.sbs,#phishing,https://x.com/skocherhan/status/2086583761274012009
2026-08-09 22:41:50,skocherhan,url,http://helwmgsl.sbs,#phishing,https://x.com/skocherhan/status/2086583761274012009
2026-08-09 22:41:50,skocherhan,domain,mrhs-aps.online,#phishing,https://x.com/skocherhan/status/2086583761274012009
2026-08-09 22:41:50,skocherhan,url,http://mrhs-aps.online,#phishing,https://x.com/skocherhan/status/2086583761274012009
2026-08-09 22:41:50,skocherhan,domain,7568567232354236.org,#phishing,https://x.com/skocherhan/status/2086583761274012009
2026-08-09 22:41:50,skocherhan,url,http://7568567232354236.org,#phishing,https://x.com/skocherhan/status/2086583761274012009
2026-08-09 22:41:50,skocherhan,domain,mhrs-app.online,#phishing,https://x.com/skocherhan/status/2086583761274012009
2026-08-09 22:41:50,skocherhan,url,http://mhrs-app.online,#phishing,https://x.com/skocherhan/status/2086583761274012009
2026-08-09 22:41:50,skocherhan,domain,5638563454132.org,#phishing,https://x.com/skocherhan/status/2086583761274012009
2026-08-09 22:41:50,skocherhan,url,http://5638563454132.org,#phishing,https://x.com/skocherhan/status/2086583761274012009
2026-08-09 22:41:50,skocherhan,domain,syn.ezpizi.click,#phishing,https://x.com/skocherhan/status/2086583761274012009
2026-08-09 22:41:50,skocherhan,url,http://syn.ezpizi.click,#phishing,https://x.com/skocherhan/status/2086583761274012009
2026-08-09 22:41:50,skocherhan,domain,ekmehiniasini.sbs,#phishing,https://x.com/skocherhan/status/2086583761274012009
2026-08-09 22:41:50,skocherhan,url,http://ekmehiniasini.sbs,#phishing,https://x.com/skocherhan/status/2086583761274012009
2026-08-09 22:41:50,skocherhan,domain,yenilmezbabaasla.sbs,#phishing,https://x.com/skocherhan/status/2086583761274012009
2026-08-09 22:41:50,skocherhan,url,http://yenilmezbabaasla.sbs,#phishing,https://x.com/skocherhan/status/2086583761274012009
2026-08-09 22:41:50,skocherhan,domain,hemislemnokta-sonuc.net,#phishing,https://x.com/skocherhan/status/2086583761274012009
2026-08-09 22:41:50,skocherhan,url,http://hemislemnokta-sonuc.net,#phishing,https://x.com/skocherhan/status/2086583761274012009
2026-08-09 22:41:50,skocherhan,domain,imisskindofmisery.biz,#phishing,https://x.com/skocherhan/status/2086583761274012009
2026-08-09 22:41:50,skocherhan,url,http://imisskindofmisery.biz,#phishing,https://x.com/skocherhan/status/2086583761274012009
2026-08-09 22:41:50,skocherhan,domain,wiley-photographer-started-conservative.trycloudflare.com,#phishing,https://x.com/skocherhan/status/2086583761274012009
2026-08-09 22:41:50,skocherhan,url,http://wiley-photographer-started-conservative.trycloudflare.com,#phishing,https://x.com/skocherhan/status/2086583761274012009
2026-08-09 22:41:50,skocherhan,domain,sonuc-islemonktans.net,#phishing,https://x.com/skocherhan/status/2086583761274012009
2026-08-09 22:41:50,skocherhan,url,http://sonuc-islemonktans.net,#phishing,https://x.com/skocherhan/status/2086583761274012009
2026-08-09 23:18:24,skocherhan,url,http://ttmsdsnyrsd-rysdsda.com,#phishing,https://x.com/skocherhan/status/2086592966127177859
2026-08-09 23:18:24,skocherhan,domain,mhr23623wfqwd.duckdns.org,#phishing,https://x.com/skocherhan/status/2086592966127177859
2026-08-09 23:18:24,skocherhan,url,http://mhr23623wfqwd.duckdns.org,#phishing,https://x.com/skocherhan/status/2086592966127177859
2026-08-09 23:18:24,skocherhan,domain,mhr2srandv5larnzi.duckdns.org,#phishing,https://x.com/skocherhan/status/2086592966127177859
2026-08-09 23:18:24,skocherhan,url,http://mhr2srandv5larnzi.duckdns.org,#phishing,https://x.com/skocherhan/status/2086592966127177859
2026-08-09 23:18:24,skocherhan,domain,35686575624243654.org,#phishing,https://x.com/skocherhan/status/2086592966127177859
2026-08-09 23:18:24,skocherhan,url,http://35686575624243654.org,#phishing,https://x.com/skocherhan/status/2086592966127177859
2026-08-09 23:18:24,skocherhan,domain,online-islemnktansa.net,#phishing,https://x.com/skocherhan/status/2086592966127177859
2026-08-09 23:18:24,skocherhan,url,http://online-islemnktansa.net,#phishing,https://x.com/skocherhan/status/2086592966127177859
2026-08-09 23:18:24,skocherhan,domain,brdamhrsrandvlrmz.sbs,#phishing,https://x.com/skocherhan/status/2086592966127177859
2026-08-09 23:18:24,skocherhan,url,http://brdamhrsrandvlrmz.sbs,#phishing,https://x.com/skocherhan/status/2086592966127177859
2026-08-09 23:18:24,skocherhan,domain,2451.ezpizi.click,#phishing,https://x.com/skocherhan/status/2086592966127177859
2026-08-09 23:18:24,skocherhan,url,http://2451.ezpizi.click,#phishing,https://x.com/skocherhan/status/2086592966127177859
2026-08-09 23:18:24,skocherhan,domain,brdamhrsrarandvzhmzr.sbs,#phishing,https://x.com/skocherhan/status/2086592966127177859
2026-08-09 23:18:24,skocherhan,url,http://brdamhrsrarandvzhmzr.sbs,#phishing,https://x.com/skocherhan/status/2086592966127177859
2026-08-09 23:18:24,skocherhan,domain,sonuc-islemkantas.net,#phishing,https://x.com/skocherhan/status/2086592966127177859
2026-08-09 23:18:24,skocherhan,url,http://sonuc-islemkantas.net,#phishing,https://x.com/skocherhan/status/2086592966127177859
2026-08-09 23:18:24,skocherhan,domain,tarihsizvalibaba.duckdns.org,#phishing,https://x.com/skocherhan/status/2086592966127177859
2026-08-09 23:18:24,skocherhan,url,http://tarihsizvalibaba.duckdns.org,#phishing,https://x.com/skocherhan/status/2086592966127177859
2026-08-09 23:18:24,skocherhan,domain,bizimleberaber.sbs,#phishing,https://x.com/skocherhan/status/2086592966127177859
2026-08-09 23:18:24,skocherhan,url,http://bizimleberaber.sbs,#phishing,https://x.com/skocherhan/status/2086592966127177859
2026-08-09 23:18:24,skocherhan,domain,mhrs-2.digital,#phishing,https://x.com/skocherhan/status/2086592966127177859
2026-08-09 23:18:24,skocherhan,url,http://mhrs-2.digital,#phishing,https://x.com/skocherhan/status/2086592966127177859
2026-08-09 23:18:24,skocherhan,domain,rarandvlrmmhrsbrda.sbs,#phishing,https://x.com/skocherhan/status/2086592966127177859
2026-08-09 23:18:24,skocherhan,url,http://rarandvlrmmhrsbrda.sbs,#phishing,https://x.com/skocherhan/status/2086592966127177859
2026-08-09 23:18:24,skocherhan,domain,sonucinlnta-nhemena.net,#phishing,https://x.com/skocherhan/status/2086592966127177859
2026-08-09 23:18:24,skocherhan,url,http://sonucinlnta-nhemena.net,#phishing,https://x.com/skocherhan/status/2086592966127177859
2026-08-09 23:18:24,skocherhan,domain,ax.nousomtr1.bond,#phishing,https://x.com/skocherhan/status/2086592966127177859
2026-08-09 23:18:24,skocherhan,url,http://ax.nousomtr1.bond,#phishing,https://x.com/skocherhan/status/2086592966127177859
2026-08-09 23:18:24,skocherhan,domain,m.24612-20114.click,#phishing,https://x.com/skocherhan/status/2086592966127177859
2026-08-09 23:18:24,skocherhan,url,http://m.24612-20114.click,#phishing,https://x.com/skocherhan/status/2086592966127177859
2026-08-09 23:18:24,skocherhan,domain,cabalakosturkaltak.sbs,#phishing,https://x.com/skocherhan/status/2086592966127177859
2026-08-09 23:18:24,skocherhan,url,http://cabalakosturkaltak.sbs,#phishing,https://x.com/skocherhan/status/2086592966127177859
2026-08-09 23:18:24,skocherhan,domain,orhanceylan.art,#phishing,https://x.com/skocherhan/status/2086592966127177859
2026-08-09 23:18:24,skocherhan,url,http://orhanceylan.art,#phishing,https://x.com/skocherhan/status/2086592966127177859
2026-08-09 23:18:24,skocherhan,domain,duaetsuandaparalardansediyor.sbs,#phishing,https://x.com/skocherhan/status/2086592966127177859
2026-08-09 23:18:24,skocherhan,url,http://duaetsuandaparalardansediyor.sbs,#phishing,https://x.com/skocherhan/status/2086592966127177859
2026-08-09 23:18:24,skocherhan,domain,tuv-res.digital,#phishing,https://x.com/skocherhan/status/2086592966127177859
2026-08-09 23:18:24,skocherhan,url,http://tuv-res.digital,#phishing,https://x.com/skocherhan/status/2086592966127177859
2026-08-09 23:18:24,skocherhan,domain,mhrs-s.digital,#phishing,https://x.com/skocherhan/status/2086592966127177859
2026-08-09 23:18:24,skocherhan,url,http://mhrs-s.digital,#phishing,https://x.com/skocherhan/status/2086592966127177859
2026-08-09 23:18:24,skocherhan,domain,sizlerleberaber.sbs,#phishing,https://x.com/skocherhan/status/2086592966127177859
2026-08-09 23:18:24,skocherhan,url,http://sizlerleberaber.sbs,#phishing,https://x.com/skocherhan/status/2086592966127177859
2026-08-09 23:18:24,skocherhan,domain,mhrs-giris.blog,#phishing,https://x.com/skocherhan/status/2086592966127177859
2026-08-09 23:18:24,skocherhan,url,http://mhrs-giris.blog,#phishing,https://x.com/skocherhan/status/2086592966127177859
2026-08-09 23:18:24,skocherhan,domain,hafsatesettur.com.tr,#phishing,https://x.com/skocherhan/status/2086592966127177859
2026-08-09 23:18:24,skocherhan,url,http://hafsatesettur.com.tr,#phishing,https://x.com/skocherhan/status/2086592966127177859
2026-08-09 23:18:24,skocherhan,domain,participation-subcommittee-marriage-miles.trycloudflare.com,#phishing,https://x.com/skocherhan/status/2086592966127177859
2026-08-09 23:18:24,skocherhan,url,http://participation-subcommittee-marriage-miles.trycloudflare.com,#phishing,https://x.com/skocherhan/status/2086592966127177859
2026-08-09 23:18:24,skocherhan,domain,m.garfielddom.xyz,#phishing,https://x.com/skocherhan/status/2086592966127177859
2026-08-09 23:18:24,skocherhan,url,http://m.garfielddom.xyz,#phishing,https://x.com/skocherhan/status/2086592966127177859
2026-08-09 23:18:24,skocherhan,domain,kafamaskarimlan.sbs,#phishing,https://x.com/skocherhan/status/2086592966127177859
2026-08-09 23:18:24,skocherhan,url,http://kafamaskarimlan.sbs,#phishing,https://x.com/skocherhan/status/2086592966127177859
2026-08-09 23:18:24,skocherhan,domain,hepimizhepberaber.sbs,#phishing,https://x.com/skocherhan/status/2086592966127177859
2026-08-09 23:18:24,skocherhan,url,http://hepimizhepberaber.sbs,#phishing,https://x.com/skocherhan/status/2086592966127177859
2026-08-09 23:18:24,skocherhan,domain,era7capone6.sbs,#phishing,https://x.com/skocherhan/status/2086592966127177859
2026-08-09 23:18:24,skocherhan,url,http://era7capone6.sbs,#phishing,https://x.com/skocherhan/status/2086592966127177859
2026-08-09 23:18:24,skocherhan,domain,era7capone2.sbs,#phishing,https://x.com/skocherhan/status/2086592966127177859
2026-08-09 23:18:24,skocherhan,url,http://era7capone2.sbs,#phishing,https://x.com/skocherhan/status/2086592966127177859
2026-08-09 23:18:24,skocherhan,domain,era7capone5.sbs,#phishing,https://x.com/skocherhan/status/2086592966127177859
2026-08-09 23:18:24,skocherhan,url,http://era7capone5.sbs,#phishing,https://x.com/skocherhan/status/2086592966127177859
2026-08-09 23:18:24,skocherhan,domain,hmnasantasns.net,#phishing,https://x.com/skocherhan/status/2086592966127177859
2026-08-09 23:18:24,skocherhan,url,http://hmnasantasns.net,#phishing,https://x.com/skocherhan/status/2086592966127177859
2026-08-09 23:18:24,skocherhan,domain,mhrs.alllahnerdekiya.sbs,#phishing,https://x.com/skocherhan/status/2086592966127177859
2026-08-09 23:18:24,skocherhan,url,http://mhrs.alllahnerdekiya.sbs,#phishing,https://x.com/skocherhan/status/2086592966127177859
2026-08-09 23:18:24,skocherhan,domain,e-mhrs.digital,#phishing,https://x.com/skocherhan/status/2086592966127177859
2026-08-09 23:18:24,skocherhan,url,http://e-mhrs.digital,#phishing,https://x.com/skocherhan/status/2086592966127177859
2026-08-09 23:18:24,skocherhan,domain,basladikla4.sbs,#phishing,https://x.com/skocherhan/status/2086592966127177859
2026-08-09 23:18:24,skocherhan,url,http://basladikla4.sbs,#phishing,https://x.com/skocherhan/status/2086592966127177859
2026-08-09 23:18:24,skocherhan,domain,182.24612-yara.click,#phishing,https://x.com/skocherhan/status/2086592966127177859
2026-08-09 23:18:24,skocherhan,url,http://182.24612-yara.click,#phishing,https://x.com/skocherhan/status/2086592966127177859
2026-08-09 23:18:24,skocherhan,domain,182.24612-20114.xyz,#phishing,https://x.com/skocherhan/status/2086592966127177859
2026-08-09 23:18:24,skocherhan,url,http://182.24612-20114.xyz,#phishing,https://x.com/skocherhan/status/2086592966127177859
2026-08-09 23:18:24,skocherhan,domain,24612-yara.xyz,#phishing,https://x.com/skocherhan/status/2086592966127177859
2026-08-09 23:18:24,skocherhan,url,http://24612-yara.xyz,#phishing,https://x.com/skocherhan/status/2086592966127177859
2026-08-09 23:18:24,skocherhan,domain,182.24612-20114.click,#phishing,https://x.com/skocherhan/status/2086592966127177859
2026-08-09 23:18:24,skocherhan,url,http://182.24612-20114.click,#phishing,https://x.com/skocherhan/status/2086592966127177859
2026-08-09 23:18:24,skocherhan,domain,54435623412534265432.org,#phishing,https://x.com/skocherhan/status/2086592966127177859
2026-08-09 23:18:24,skocherhan,url,http://54435623412534265432.org,#phishing,https://x.com/skocherhan/status/2086592966127177859
2026-08-09 23:18:24,skocherhan,domain,basliyoruz23.xyz,#phishing,https://x.com/skocherhan/status/2086592966127177859
2026-08-09 23:18:24,skocherhan,url,http://basliyoruz23.xyz,#phishing,https://x.com/skocherhan/status/2086592966127177859
2026-08-09 23:18:24,skocherhan,domain,westers.724s5w8wa.click,#phishing,https://x.com/skocherhan/status/2086592966127177859
2026-08-09 23:18:24,skocherhan,url,http://westers.724s5w8wa.click,#phishing,https://x.com/skocherhan/status/2086592966127177859
2026-08-09 23:18:24,skocherhan,domain,xwtw5222s-25252.xyz,#phishing,https://x.com/skocherhan/status/2086592966127177859
2026-08-09 23:18:24,skocherhan,url,http://xwtw5222s-25252.xyz,#phishing,https://x.com/skocherhan/status/2086592966127177859
2026-08-09 23:18:24,skocherhan,domain,56732423564357.org,#phishing,https://x.com/skocherhan/status/2086592966127177859
2026-08-09 23:18:24,skocherhan,url,http://56732423564357.org,#phishing,https://x.com/skocherhan/status/2086592966127177859
2026-08-09 23:18:24,skocherhan,domain,tuvturk-ei.digital,#phishing,https://x.com/skocherhan/status/2086592966127177859
2026-08-09 23:18:24,skocherhan,url,http://tuvturk-ei.digital,#phishing,https://x.com/skocherhan/status/2086592966127177859
2026-08-09 23:18:24,skocherhan,domain,dfbkskbsbs2.vip,#phishing,https://x.com/skocherhan/status/2086592966127177859
2026-08-09 23:18:24,skocherhan,url,http://dfbkskbsbs2.vip,#phishing,https://x.com/skocherhan/status/2086592966127177859
2026-08-09 23:18:24,skocherhan,domain,devlet-mhrs-randevu.com,#phishing,https://x.com/skocherhan/status/2086592966127177859
2026-08-09 23:18:24,skocherhan,url,http://devlet-mhrs-randevu.com,#phishing,https://x.com/skocherhan/status/2086592966127177859
2026-08-09 23:18:24,skocherhan,domain,442.44de22ew.click,#phishing,https://x.com/skocherhan/status/2086592966127177859
2026-08-09 23:18:24,skocherhan,url,http://442.44de22ew.click,#phishing,https://x.com/skocherhan/status/2086592966127177859
2026-08-09 23:18:24,skocherhan,domain,sndebndangyrotegdmez.shop,#phishing,https://x.com/skocherhan/status/2086592966127177859
2026-08-09 23:18:24,skocherhan,url,http://sndebndangyrotegdmez.shop,#phishing,https://x.com/skocherhan/status/2086592966127177859
2026-08-09 23:18:24,skocherhan,domain,randevu.12855w652.cfd,#phishing,https://x.com/skocherhan/status/2086592966127177859
2026-08-09 23:18:24,skocherhan,url,http://randevu.12855w652.cfd,#phishing,https://x.com/skocherhan/status/2086592966127177859
2026-08-09 23:18:24,skocherhan,domain,ddosyemiyomkralinaboyunegmiyom.xyz,#phishing,https://x.com/skocherhan/status/2086592966127177859
2026-08-09 23:18:24,skocherhan,url,http://ddosyemiyomkralinaboyunegmiyom.xyz,#phishing,https://x.com/skocherhan/status/2086592966127177859
2026-08-09 23:18:24,skocherhan,domain,m.ayfon16.click,#phishing,https://x.com/skocherhan/status/2086592966127177859
2026-08-09 23:18:24,skocherhan,url,http://m.ayfon16.click,#phishing,https://x.com/skocherhan/status/2086592966127177859
2026-08-09 23:18:24,skocherhan,domain,0000110720265.sbs,#phishing,https://x.com/skocherhan/status/2086592966127177859
2026-08-09 23:18:24,skocherhan,url,http://0000110720265.sbs,#phishing,https://x.com/skocherhan/status/2086592966127177859
2026-08-09 23:18:24,skocherhan,domain,m.suyaxqxa.click,#phishing,https://x.com/skocherhan/status/2086592966127177859
2026-08-09 23:18:24,skocherhan,url,http://m.suyaxqxa.click,#phishing,https://x.com/skocherhan/status/2086592966127177859
2026-08-09 23:18:24,skocherhan,domain,a.cacacax.click,#phishing,https://x.com/skocherhan/status/2086592966127177859
2026-08-09 23:18:24,skocherhan,url,http://a.cacacax.click,#phishing,https://x.com/skocherhan/status/2086592966127177859
2026-08-09 23:18:24,skocherhan,domain,sonuci-nnsatknasa.net,#phishing,https://x.com/skocherhan/status/2086592966127177859
2026-08-09 23:18:24,skocherhan,url,http://sonuci-nnsatknasa.net,#phishing,https://x.com/skocherhan/status/2086592966127177859
2026-08-09 23:18:24,skocherhan,domain,24515-2525.xyz,#phishing,https://x.com/skocherhan/status/2086592966127177859
2026-08-09 23:18:24,skocherhan,url,http://24515-2525.xyz,#phishing,https://x.com/skocherhan/status/2086592966127177859
2026-08-09 23:18:24,skocherhan,domain,hemenislemhkatsa.net,#phishing,https://x.com/skocherhan/status/2086592966127177859
2026-08-09 23:18:24,skocherhan,url,http://hemenislemhkatsa.net,#phishing,https://x.com/skocherhan/status/2086592966127177859
2026-08-09 23:18:24,skocherhan,domain,m.xrdnet.click,#phishing,https://x.com/skocherhan/status/2086592966127177859
2026-08-09 23:18:24,skocherhan,url,http://m.xrdnet.click,#phishing,https://x.com/skocherhan/status/2086592966127177859
2026-08-09 23:18:24,skocherhan,domain,wtw252s-wrw5tww.xyz,#phishing,https://x.com/skocherhan/status/2086592966127177859
2026-08-09 23:18:24,skocherhan,url,http://wtw252s-wrw5tww.xyz,#phishing,https://x.com/skocherhan/status/2086592966127177859
2026-08-09 23:18:24,skocherhan,domain,dfbkskbsb.vip,#phishing,https://x.com/skocherhan/status/2086592966127177859
2026-08-09 23:18:24,skocherhan,url,http://dfbkskbsb.vip,#phishing,https://x.com/skocherhan/status/2086592966127177859
2026-08-09 23:18:24,skocherhan,domain,m.serciviiva.click,#phishing,https://x.com/skocherhan/status/2086592966127177859
2026-08-09 23:18:24,skocherhan,url,http://m.serciviiva.click,#phishing,https://x.com/skocherhan/status/2086592966127177859
2026-08-09 23:18:24,skocherhan,domain,vatandasmhrsrandevuekranii.duckdns.org,#phishing,https://x.com/skocherhan/status/2086592966127177859
2026-08-09 23:18:24,skocherhan,url,http://vatandasmhrsrandevuekranii.duckdns.org,#phishing,https://x.com/skocherhan/status/2086592966127177859
2026-08-09 23:18:24,skocherhan,domain,mufasnasfanas.sbs,#phishing,https://x.com/skocherhan/status/2086592966127177859
2026-08-09 23:18:24,skocherhan,url,http://mufasnasfanas.sbs,#phishing,https://x.com/skocherhan/status/2086592966127177859
2026-08-09 23:18:24,skocherhan,domain,merkezrandevu-hi.com,#phishing,https://x.com/skocherhan/status/2086592966127177859
2026-08-09 23:18:24,skocherhan,url,http://merkezrandevu-hi.com,#phishing,https://x.com/skocherhan/status/2086592966127177859
2026-08-09 23:18:24,skocherhan,domain,etuv-turkl.digital,#phishing,https://x.com/skocherhan/status/2086592966127177859
2026-08-09 23:18:24,skocherhan,url,http://etuv-turkl.digital,#phishing,https://x.com/skocherhan/status/2086592966127177859
2026-08-09 23:18:24,skocherhan,domain,tanfanmansuf.sbs,#phishing,https://x.com/skocherhan/status/2086592966127177859
2026-08-09 23:18:24,skocherhan,url,http://tanfanmansuf.sbs,#phishing,https://x.com/skocherhan/status/2086592966127177859
2026-08-09 23:18:24,skocherhan,domain,vtururk.com,#phishing,https://x.com/skocherhan/status/2086592966127177859
2026-08-09 23:18:24,skocherhan,url,http://vtururk.com,#phishing,https://x.com/skocherhan/status/2086592966127177859
2026-08-09 23:18:24,skocherhan,domain,tuvturk-aco.com,#phishing,https://x.com/skocherhan/status/2086592966127177859
2026-08-09 23:18:24,skocherhan,url,http://tuvturk-aco.com,#phishing,https://x.com/skocherhan/status/2086592966127177859
2026-08-09 23:18:24,skocherhan,domain,babalarbasladi01.duckdns.org,#phishing,https://x.com/skocherhan/status/2086592966127177859
2026-08-09 23:18:24,skocherhan,url,http://babalarbasladi01.duckdns.org,#phishing,https://x.com/skocherhan/status/2086592966127177859
2026-08-09 23:18:24,skocherhan,domain,sfjalsflasfaksflkasflkasfljafkasfjasl.sbs,#phishing,https://x.com/skocherhan/status/2086592966127177859
2026-08-09 23:18:24,skocherhan,url,http://sfjalsflasfaksflkasflkasfljafkasfjasl.sbs,#phishing,https://x.com/skocherhan/status/2086592966127177859
2026-08-09 23:18:24,skocherhan,domain,randevuhizmetinburadan.duckdns.org,#phishing,https://x.com/skocherhan/status/2086592966127177859
2026-08-09 23:18:24,skocherhan,url,http://randevuhizmetinburadan.duckdns.org,#phishing,https://x.com/skocherhan/status/2086592966127177859
2026-08-09 23:18:24,skocherhan,domain,basliyoruz16.xyz,#phishing,https://x.com/skocherhan/status/2086592966127177859
2026-08-09 23:18:24,skocherhan,url,http://basliyoruz16.xyz,#phishing,https://x.com/skocherhan/status/2086592966127177859
2026-08-09 23:18:24,skocherhan,domain,ws.182iletisim.cyou,#phishing,https://x.com/skocherhan/status/2086592966127177859
2026-08-09 23:18:24,skocherhan,url,http://ws.182iletisim.cyou,#phishing,https://x.com/skocherhan/status/2086592966127177859
2026-08-09 23:18:24,skocherhan,domain,dipixcanax.sbs,#phishing,https://x.com/skocherhan/status/2086592966127177859
2026-08-09 23:18:24,skocherhan,url,http://dipixcanax.sbs,#phishing,https://x.com/skocherhan/status/2086592966127177859
2026-08-09 23:18:24,skocherhan,domain,dipixcanax.xyz,#phishing,https://x.com/skocherhan/status/2086592966127177859
2026-08-09 23:18:24,skocherhan,url,http://dipixcanax.xyz,#phishing,https://x.com/skocherhan/status/2086592966127177859
2026-08-09 23:18:24,skocherhan,domain,dipixcanax.lol,#phishing,https://x.com/skocherhan/status/2086592966127177859
2026-08-09 23:18:24,skocherhan,url,http://dipixcanax.lol,#phishing,https://x.com/skocherhan/status/2086592966127177859
2026-08-09 23:18:24,skocherhan,domain,dipixcanax.click,#phishing,https://x.com/skocherhan/status/2086592966127177859
2026-08-09 23:18:24,skocherhan,url,http://dipixcanax.click,#phishing,https://x.com/skocherhan/status/2086592966127177859
2026-08-09 23:18:24,skocherhan,domain,basliyoruz13.xyz,#phishing,https://x.com/skocherhan/status/2086592966127177859
2026-08-09 23:18:24,skocherhan,url,http://basliyoruz13.xyz,#phishing,https://x.com/skocherhan/status/2086592966127177859
2026-08-09 23:18:24,skocherhan,domain,hastaneminkolayi.duckdns.org,#phishing,https://x.com/skocherhan/status/2086592966127177859
2026-08-09 23:18:24,skocherhan,url,http://hastaneminkolayi.duckdns.org,#phishing,https://x.com/skocherhan/status/2086592966127177859
2026-08-09 23:18:24,skocherhan,domain,basliyoruz7.xyz,#phishing,https://x.com/skocherhan/status/2086592966127177859
2026-08-09 23:18:24,skocherhan,url,http://basliyoruz7.xyz,#phishing,https://x.com/skocherhan/status/2086592966127177859
2026-08-09 23:18:24,skocherhan,domain,babyglck.12855w652.cyou,#phishing,https://x.com/skocherhan/status/2086592966127177859
2026-08-09 23:18:24,skocherhan,url,http://babyglck.12855w652.cyou,#phishing,https://x.com/skocherhan/status/2086592966127177859
2026-08-09 23:18:24,skocherhan,domain,yeniden.kemanci322.cfd,#phishing,https://x.com/skocherhan/status/2086592966127177859
2026-08-09 23:18:24,skocherhan,url,http://yeniden.kemanci322.cfd,#phishing,https://x.com/skocherhan/status/2086592966127177859
2026-08-09 23:18:24,skocherhan,domain,kasalarsaglamtanktank.net,#phishing,https://x.com/skocherhan/status/2086592966127177859
2026-08-09 23:18:24,skocherhan,url,http://kasalarsaglamtanktank.net,#phishing,https://x.com/skocherhan/status/2086592966127177859
2026-08-09 23:18:24,skocherhan,domain,sepeetiturkiye.com,#phishing,https://x.com/skocherhan/status/2086592966127177859
2026-08-09 23:18:24,skocherhan,url,http://sepeetiturkiye.com,#phishing,https://x.com/skocherhan/status/2086592966127177859
2026-08-09 23:18:24,skocherhan,domain,mhlshemenc.men,#phishing,https://x.com/skocherhan/status/2086592966127177859
2026-08-09 23:18:24,skocherhan,url,http://mhlshemenc.men,#phishing,https://x.com/skocherhan/status/2086592966127177859
2026-08-09 23:18:24,skocherhan,domain,portalrandevuwsynxhak4n.duckdns.org,#phishing,https://x.com/skocherhan/status/2086592966127177859
2026-08-09 23:18:24,skocherhan,url,http://portalrandevuwsynxhak4n.duckdns.org,#phishing,https://x.com/skocherhan/status/2086592966127177859
2026-08-09 23:18:24,skocherhan,domain,mhrsbasvuruportali.duckdns.org,#phishing,https://x.com/skocherhan/status/2086592966127177859
2026-08-09 23:18:24,skocherhan,url,http://mhrsbasvuruportali.duckdns.org,#phishing,https://x.com/skocherhan/status/2086592966127177859
2026-08-09 23:18:24,skocherhan,domain,651351331.xyz,#phishing,https://x.com/skocherhan/status/2086592966127177859
2026-08-09 23:18:24,skocherhan,url,http://651351331.xyz,#phishing,https://x.com/skocherhan/status/2086592966127177859
2026-08-09 23:18:24,skocherhan,domain,23213x22.xyz,#phishing,https://x.com/skocherhan/status/2086592966127177859
2026-08-09 23:18:24,skocherhan,url,http://23213x22.xyz,#phishing,https://x.com/skocherhan/status/2086592966127177859
2026-08-09 23:18:24,skocherhan,domain,islemnokta-nasita.net,#phishing,https://x.com/skocherhan/status/2086592966127177859
2026-08-09 23:18:24,skocherhan,url,http://islemnokta-nasita.net,#phishing,https://x.com/skocherhan/status/2086592966127177859
2026-08-09 23:18:24,skocherhan,domain,kemanci322.xyz,#phishing,https://x.com/skocherhan/status/2086592966127177859
2026-08-09 23:18:24,skocherhan,url,http://kemanci322.xyz,#phishing,https://x.com/skocherhan/status/2086592966127177859
2026-08-09 23:18:24,skocherhan,domain,sonuc-baksrnaltas.net,#phishing,https://x.com/skocherhan/status/2086592966127177859
2026-08-09 23:18:24,skocherhan,url,http://sonuc-baksrnaltas.net,#phishing,https://x.com/skocherhan/status/2086592966127177859
2026-08-09 23:18:24,skocherhan,domain,vatandasrandevuonlinez.duckdns.org,#phishing,https://x.com/skocherhan/status/2086592966127177859
2026-08-09 23:18:24,skocherhan,url,http://vatandasrandevuonlinez.duckdns.org,#phishing,https://x.com/skocherhan/status/2086592966127177859
2026-08-09 23:18:24,skocherhan,domain,randevup0rtal.duckdns.org,#phishing,https://x.com/skocherhan/status/2086592966127177859
2026-08-09 23:18:24,skocherhan,url,http://randevup0rtal.duckdns.org,#phishing,https://x.com/skocherhan/status/2086592966127177859
2026-08-09 23:18:24,skocherhan,domain,vatandasrandevuportall.duckdns.org,#phishing,https://x.com/skocherhan/status/2086592966127177859
2026-08-09 23:18:24,skocherhan,url,http://vatandasrandevuportall.duckdns.org,#phishing,https://x.com/skocherhan/status/2086592966127177859
2026-08-09 23:18:24,skocherhan,domain,lrdansandanll.shop,#phishing,https://x.com/skocherhan/status/2086592966127177859
2026-08-09 23:18:24,skocherhan,url,http://lrdansandanll.shop,#phishing,https://x.com/skocherhan/status/2086592966127177859
2026-08-09 23:18:24,skocherhan,domain,dsadasasdasasdadsdasdsaadsdas.com,#phishing,https://x.com/skocherhan/status/2086592966127177859
2026-08-09 23:18:24,skocherhan,url,http://dsadasasdasasdadsdasdsaadsdas.com,#phishing,https://x.com/skocherhan/status/2086592966127177859
2026-08-09 23:18:24,skocherhan,domain,legitimate-kinda-cut-annotation.trycloudflare.com,#phishing,https://x.com/skocherhan/status/2086592966127177859
2026-08-09 23:18:24,skocherhan,url,http://legitimate-kinda-cut-annotation.trycloudflare.com,#phishing,https://x.com/skocherhan/status/2086592966127177859
2026-08-09 23:18:24,skocherhan,domain,mhrsvatandasportall.duckdns.org,#phishing,https://x.com/skocherhan/status/2086592966127177859
2026-08-09 23:18:24,skocherhan,url,http://mhrsvatandasportall.duckdns.org,#phishing,https://x.com/skocherhan/status/2086592966127177859
2026-08-09 23:18:24,skocherhan,domain,mhrssrandevularimmorbidwsynx.com,#phishing,https://x.com/skocherhan/status/2086592966127177859
2026-08-09 23:18:24,skocherhan,url,http://mhrssrandevularimmorbidwsynx.com,#phishing,https://x.com/skocherhan/status/2086592966127177859
2026-08-09 23:18:24,skocherhan,domain,mhrsvatandasrandevu.duckdns.org,#phishing,https://x.com/skocherhan/status/2086592966127177859
2026-08-09 23:18:24,skocherhan,url,http://mhrsvatandasrandevu.duckdns.org,#phishing,https://x.com/skocherhan/status/2086592966127177859
2026-08-09 23:18:24,skocherhan,domain,mhrsonlinebasvuru.duckdns.org,#phishing,https://x.com/skocherhan/status/2086592966127177859
2026-08-09 23:18:24,skocherhan,url,http://mhrsonlinebasvuru.duckdns.org,#phishing,https://x.com/skocherhan/status/2086592966127177859
2026-08-09 23:18:24,skocherhan,domain,gstaticnews.com,#phishing,https://x.com/skocherhan/status/2086592966127177859
2026-08-09 23:18:24,skocherhan,url,http://gstaticnews.com,#phishing,https://x.com/skocherhan/status/2086592966127177859
2026-08-09 23:18:24,skocherhan,domain,xxmhrsrandevuhizmetlerinde.com,#phishing,https://x.com/skocherhan/status/2086592966127177859
2026-08-09 23:18:24,skocherhan,url,http://xxmhrsrandevuhizmetlerinde.com,#phishing,https://x.com/skocherhan/status/2086592966127177859
2026-08-09 23:18:24,skocherhan,domain,kralgeridonduwsynxrandevuburadanalinir.com,#phishing,https://x.com/skocherhan/status/2086592966127177859
2026-08-09 23:18:24,skocherhan,url,http://kralgeridonduwsynxrandevuburadanalinir.com,#phishing,https://x.com/skocherhan/status/2086592966127177859
2026-08-09 23:18:24,skocherhan,domain,m-hr-s.wqdx12x1.cyou,#phishing,https://x.com/skocherhan/status/2086592966127177859
2026-08-09 23:18:24,skocherhan,url,http://m-hr-s.wqdx12x1.cyou,#phishing,https://x.com/skocherhan/status/2086592966127177859
2026-08-09 23:18:24,skocherhan,domain,eskitaglimrandevu.duckdns.org,#phishing,https://x.com/skocherhan/status/2086592966127177859
2026-08-09 23:18:24,skocherhan,url,http://eskitaglimrandevu.duckdns.org,#phishing,https://x.com/skocherhan/status/2086592966127177859
2026-08-09 23:18:24,skocherhan,domain,xadddsdsmhrs.duckdns.org,#phishing,https://x.com/skocherhan/status/2086592966127177859
2026-08-09 23:18:24,skocherhan,url,http://xadddsdsmhrs.duckdns.org,#phishing,https://x.com/skocherhan/status/2086592966127177859
2026-08-09 23:18:24,skocherhan,domain,mhrsbasvurularinizburadan.duckdns.org,#phishing,https://x.com/skocherhan/status/2086592966127177859
2026-08-09 23:18:24,skocherhan,url,http://mhrsbasvurularinizburadan.duckdns.org,#phishing,https://x.com/skocherhan/status/2086592966127177859
2026-08-09 23:18:24,skocherhan,domain,mhrsrandevuburada.duckdns.org,#phishing,https://x.com/skocherhan/status/2086592966127177859
2026-08-09 23:18:24,skocherhan,url,http://mhrsrandevuburada.duckdns.org,#phishing,https://x.com/skocherhan/status/2086592966127177859
2026-08-09 23:18:24,skocherhan,domain,mh-rs.182iletisim.click,#phishing,https://x.com/skocherhan/status/2086592966127177859
2026-08-09 23:18:24,skocherhan,url,http://mh-rs.182iletisim.click,#phishing,https://x.com/skocherhan/status/2086592966127177859
2026-08-09 23:18:24,skocherhan,domain,lrdansandanll.sbs,#phishing,https://x.com/skocherhan/status/2086592966127177859
2026-08-09 23:18:24,skocherhan,url,http://lrdansandanll.sbs,#phishing,https://x.com/skocherhan/status/2086592966127177859
2026-08-09 23:18:24,skocherhan,domain,gstaticsnews.org,#phishing,https://x.com/skocherhan/status/2086592966127177859
2026-08-09 23:18:24,skocherhan,url,http://gstaticsnews.org,#phishing,https://x.com/skocherhan/status/2086592966127177859
2026-08-09 23:18:24,skocherhan,domain,asjdıoasdjsadsda.xyz,#phishing,https://x.com/skocherhan/status/2086592966127177859
2026-08-09 23:18:24,skocherhan,url,http://asjdıoasdjsadsda.xyz,#phishing,https://x.com/skocherhan/status/2086592966127177859
2026-08-09 23:18:24,skocherhan,domain,mhrsrandevunburadann.duckdns.org,#phishing,https://x.com/skocherhan/status/2086592966127177859
2026-08-09 23:18:24,skocherhan,url,http://mhrsrandevunburadann.duckdns.org,#phishing,https://x.com/skocherhan/status/2086592966127177859
2026-08-09 23:18:24,skocherhan,domain,12855w652.click,#phishing,https://x.com/skocherhan/status/2086592966127177859
2026-08-09 23:18:24,skocherhan,url,http://12855w652.click,#phishing,https://x.com/skocherhan/status/2086592966127177859
2026-08-09 23:18:24,skocherhan,domain,m-hr-s.wqdx12x1.rest,#phishing,https://x.com/skocherhan/status/2086592966127177859
2026-08-09 23:18:24,skocherhan,url,http://m-hr-s.wqdx12x1.rest,#phishing,https://x.com/skocherhan/status/2086592966127177859
2026-08-09 23:18:24,skocherhan,domain,mhrsrandevunburadan.com,#phishing,https://x.com/skocherhan/status/2086592966127177859
2026-08-09 23:18:24,skocherhan,url,http://mhrsrandevunburadan.com,#phishing,https://x.com/skocherhan/status/2086592966127177859
2026-08-09 23:18:24,skocherhan,domain,mhrsrandevunburadan.duckdns.org,#phishing,https://x.com/skocherhan/status/2086592966127177859
2026-08-09 23:18:24,skocherhan,url,http://mhrsrandevunburadan.duckdns.org,#phishing,https://x.com/skocherhan/status/2086592966127177859
2026-08-09 23:18:24,skocherhan,domain,252525-26526.xyz,#phishing,https://x.com/skocherhan/status/2086592966127177859
2026-08-09 23:18:24,skocherhan,url,http://252525-26526.xyz,#phishing,https://x.com/skocherhan/status/2086592966127177859
2026-08-09 23:18:24,skocherhan,domain,m-hr-s.wqdx12x1.xyz,#phishing,https://x.com/skocherhan/status/2086592966127177859
2026-08-09 23:18:24,skocherhan,url,http://m-hr-s.wqdx12x1.xyz,#phishing,https://x.com/skocherhan/status/2086592966127177859
2026-08-09 23:18:24,skocherhan,domain,mhr.serceparmak.cyou,#phishing,https://x.com/skocherhan/status/2086592966127177859
2026-08-09 23:18:24,skocherhan,url,http://mhr.serceparmak.cyou,#phishing,https://x.com/skocherhan/status/2086592966127177859
2026-08-09 23:18:24,skocherhan,domain,uzmanislmnkta.net,#phishing,https://x.com/skocherhan/status/2086592966127177859
2026-08-09 23:18:24,skocherhan,url,http://uzmanislmnkta.net,#phishing,https://x.com/skocherhan/status/2086592966127177859
2026-08-09 23:18:24,skocherhan,domain,m-hr-s.wqdx12x1.forum,#phishing,https://x.com/skocherhan/status/2086592966127177859
2026-08-09 23:18:24,skocherhan,url,http://m-hr-s.wqdx12x1.forum,#phishing,https://x.com/skocherhan/status/2086592966127177859
2026-08-09 23:18:24,skocherhan,domain,sonucislmnktans.net,#phishing,https://x.com/skocherhan/status/2086592966127177859
2026-08-09 23:18:24,skocherhan,url,http://sonucislmnktans.net,#phishing,https://x.com/skocherhan/status/2086592966127177859
2026-08-09 23:18:24,skocherhan,domain,hemenismlantans.net,#phishing,https://x.com/skocherhan/status/2086592966127177859
2026-08-09 23:18:24,skocherhan,url,http://hemenismlantans.net,#phishing,https://x.com/skocherhan/status/2086592966127177859
2026-08-09 23:18:24,skocherhan,domain,hememislemnkta.net,#phishing,https://x.com/skocherhan/status/2086592966127177859
2026-08-09 23:18:24,skocherhan,url,http://hememislemnkta.net,#phishing,https://x.com/skocherhan/status/2086592966127177859
2026-08-09 23:18:24,skocherhan,domain,prdanclrdansandsn.shop,#phishing,https://x.com/skocherhan/status/2086592966127177859
2026-08-09 23:18:24,skocherhan,url,http://prdanclrdansandsn.shop,#phishing,https://x.com/skocherhan/status/2086592966127177859
2026-08-09 23:18:24,skocherhan,domain,mhr.serceparmak.xyz,#phishing,https://x.com/skocherhan/status/2086592966127177859
2026-08-09 23:18:24,skocherhan,url,http://mhr.serceparmak.xyz,#phishing,https://x.com/skocherhan/status/2086592966127177859
2026-08-09 23:18:24,skocherhan,domain,6526115.xyz,#phishing,https://x.com/skocherhan/status/2086592966127177859
2026-08-09 23:18:24,skocherhan,url,http://6526115.xyz,#phishing,https://x.com/skocherhan/status/2086592966127177859
2026-08-09 23:18:24,skocherhan,domain,d871d5f2-6.b-cdn.net,#phishing,https://x.com/skocherhan/status/2086592966127177859
2026-08-09 23:18:24,skocherhan,url,http://d871d5f2-6.b-cdn.net,#phishing,https://x.com/skocherhan/status/2086592966127177859
2026-08-09 23:18:24,skocherhan,domain,29c02a5b-e.b-cdn.net,#phishing,https://x.com/skocherhan/status/2086592966127177859
2026-08-09 23:18:24,skocherhan,url,http://29c02a5b-e.b-cdn.net,#phishing,https://x.com/skocherhan/status/2086592966127177859
2026-08-09 23:18:24,skocherhan,domain,usowmwj1x.cyou,#phishing,https://x.com/skocherhan/status/2086592966127177859
2026-08-09 23:18:24,skocherhan,url,http://usowmwj1x.cyou,#phishing,https://x.com/skocherhan/status/2086592966127177859
2026-08-09 23:18:24,skocherhan,domain,hemenislemnoktasnin.net,#phishing,https://x.com/skocherhan/status/2086592966127177859
2026-08-09 23:18:24,skocherhan,url,http://hemenislemnoktasnin.net,#phishing,https://x.com/skocherhan/status/2086592966127177859
2026-08-09 23:18:24,skocherhan,domain,usowmwj1x.xyz,#phishing,https://x.com/skocherhan/status/2086592966127177859
2026-08-09 23:18:24,skocherhan,url,http://usowmwj1x.xyz,#phishing,https://x.com/skocherhan/status/2086592966127177859
2026-08-09 23:18:24,skocherhan,domain,mhrsrandevu.art,#phishing,https://x.com/skocherhan/status/2086592966127177859
2026-08-09 23:18:24,skocherhan,url,http://mhrsrandevu.art,#phishing,https://x.com/skocherhan/status/2086592966127177859
2026-08-09 23:18:24,skocherhan,domain,ferdancandansandan.shop,#phishing,https://x.com/skocherhan/status/2086592966127177859
2026-08-09 23:18:24,skocherhan,url,http://ferdancandansandan.shop,#phishing,https://x.com/skocherhan/status/2086592966127177859
2026-08-09 23:18:24,skocherhan,domain,usowmwj1x.cfd,#phishing,https://x.com/skocherhan/status/2086592966127177859
2026-08-09 23:18:24,skocherhan,url,http://usowmwj1x.cfd,#phishing,https://x.com/skocherhan/status/2086592966127177859
2026-08-09 23:18:24,skocherhan,domain,serceparmak.cfd,#phishing,https://x.com/skocherhan/status/2086592966127177859
2026-08-09 23:18:24,skocherhan,url,http://serceparmak.cfd,#phishing,https://x.com/skocherhan/status/2086592966127177859
2026-08-09 23:18:24,skocherhan,domain,dipdkwj1a.cfd,#phishing,https://x.com/skocherhan/status/2086592966127177859
2026-08-09 23:18:24,skocherhan,url,http://dipdkwj1a.cfd,#phishing,https://x.com/skocherhan/status/2086592966127177859
2026-08-09 23:18:24,skocherhan,domain,merkezisistem-b.com,#phishing,https://x.com/skocherhan/status/2086592966127177859
2026-08-09 23:18:24,skocherhan,url,http://merkezisistem-b.com,#phishing,https://x.com/skocherhan/status/2086592966127177859
2026-08-09 23:18:24,skocherhan,domain,6773345589.xyz,#phishing,https://x.com/skocherhan/status/2086592966127177859
2026-08-09 23:18:24,skocherhan,url,http://6773345589.xyz,#phishing,https://x.com/skocherhan/status/2086592966127177859
2026-08-09 23:18:24,skocherhan,domain,siskolarlaberke.xyz,#phishing,https://x.com/skocherhan/status/2086592966127177859
2026-08-09 23:18:24,skocherhan,url,http://siskolarlaberke.xyz,#phishing,https://x.com/skocherhan/status/2086592966127177859
2026-08-09 23:18:24,skocherhan,domain,6773345531.xyz,#phishing,https://x.com/skocherhan/status/2086592966127177859
2026-08-09 23:18:24,skocherhan,url,http://6773345531.xyz,#phishing,https://x.com/skocherhan/status/2086592966127177859
2026-08-09 23:18:24,skocherhan,domain,kydrmassanadmdglsn.com,#phishing,https://x.com/skocherhan/status/2086592966127177859
2026-08-09 23:18:24,skocherhan,url,http://kydrmassanadmdglsn.com,#phishing,https://x.com/skocherhan/status/2086592966127177859
2026-08-09 23:18:24,skocherhan,domain,sndehmngelal.com,#phishing,https://x.com/skocherhan/status/2086592966127177859
2026-08-09 23:18:24,skocherhan,url,http://sndehmngelal.com,#phishing,https://x.com/skocherhan/status/2086592966127177859
2026-08-09 23:18:24,skocherhan,domain,64524325235.net,#phishing,https://x.com/skocherhan/status/2086592966127177859
2026-08-09 23:18:24,skocherhan,url,http://64524325235.net,#phishing,https://x.com/skocherhan/status/2086592966127177859
2026-08-09 23:18:24,skocherhan,domain,t748383.click,#phishing,https://x.com/skocherhan/status/2086592966127177859
2026-08-09 23:18:24,skocherhan,url,http://t748383.click,#phishing,https://x.com/skocherhan/status/2086592966127177859
2026-08-09 23:18:24,skocherhan,domain,75853489.xyz,#phishing,https://x.com/skocherhan/status/2086592966127177859
2026-08-09 23:18:24,skocherhan,url,http://75853489.xyz,#phishing,https://x.com/skocherhan/status/2086592966127177859
2026-08-09 23:18:24,skocherhan,domain,hemenislemnktsi.net,#phishing,https://x.com/skocherhan/status/2086592966127177859
2026-08-09 23:18:24,skocherhan,url,http://hemenislemnktsi.net,#phishing,https://x.com/skocherhan/status/2086592966127177859
2026-08-09 23:18:24,skocherhan,domain,hmnlnltanannta.net,#phishing,https://x.com/skocherhan/status/2086592966127177859
2026-08-09 23:18:24,skocherhan,url,http://hmnlnltanannta.net,#phishing,https://x.com/skocherhan/status/2086592966127177859
2026-08-09 23:18:24,skocherhan,domain,hmnislmnkts.net,#phishing,https://x.com/skocherhan/status/2086592966127177859
2026-08-09 23:18:24,skocherhan,url,http://hmnislmnkts.net,#phishing,https://x.com/skocherhan/status/2086592966127177859
2026-08-09 23:18:24,skocherhan,domain,sndbnlaraklgld.com,#phishing,https://x.com/skocherhan/status/2086592966127177859
2026-08-09 23:18:24,skocherhan,url,http://sndbnlaraklgld.com,#phishing,https://x.com/skocherhan/status/2086592966127177859
2026-08-09 23:18:24,skocherhan,domain,ahmetafafaan.net,#phishing,https://x.com/skocherhan/status/2086592966127177859
2026-08-09 23:18:24,skocherhan,url,http://ahmetafafaan.net,#phishing,https://x.com/skocherhan/status/2086592966127177859
2026-08-09 23:18:24,skocherhan,domain,mektupyazsana.com,#phishing,https://x.com/skocherhan/status/2086592966127177859
2026-08-09 23:18:24,skocherhan,url,http://mektupyazsana.com,#phishing,https://x.com/skocherhan/status/2086592966127177859
2026-08-09 23:18:24,skocherhan,domain,5515151.xyz,#phishing,https://x.com/skocherhan/status/2086592966127177859
2026-08-09 23:18:24,skocherhan,url,http://5515151.xyz,#phishing,https://x.com/skocherhan/status/2086592966127177859
2026-08-09 23:18:24,skocherhan,domain,bnlrdansndeal.com,#phishing,https://x.com/skocherhan/status/2086592966127177859
2026-08-09 23:18:24,skocherhan,url,http://bnlrdansndeal.com,#phishing,https://x.com/skocherhan/status/2086592966127177859
2026-08-09 23:18:24,skocherhan,domain,lntlntlntltnltn.net,#phishing,https://x.com/skocherhan/status/2086592966127177859
2026-08-09 23:18:24,skocherhan,url,http://lntlntlntltnltn.net,#phishing,https://x.com/skocherhan/status/2086592966127177859
2026-08-09 23:18:24,skocherhan,domain,7979b423-2.b-cdn.net,#phishing,https://x.com/skocherhan/status/2086592966127177859
2026-08-09 23:18:24,skocherhan,url,http://7979b423-2.b-cdn.net,#phishing,https://x.com/skocherhan/status/2086592966127177859
2026-08-09 23:18:24,skocherhan,domain,eb289d5c-5.b-cdn.net,#phishing,https://x.com/skocherhan/status/2086592966127177859
2026-08-09 23:18:24,skocherhan,url,http://eb289d5c-5.b-cdn.net,#phishing,https://x.com/skocherhan/status/2086592966127177859
2026-08-09 23:18:24,skocherhan,domain,645623423432.net,#phishing,https://x.com/skocherhan/status/2086592966127177859
2026-08-09 23:18:24,skocherhan,url,http://645623423432.net,#phishing,https://x.com/skocherhan/status/2086592966127177859
2026-08-09 23:18:24,skocherhan,domain,2a0aabb0-e.b-cdn.net,#phishing,https://x.com/skocherhan/status/2086592966127177859
2026-08-09 23:18:24,skocherhan,url,http://2a0aabb0-e.b-cdn.net,#phishing,https://x.com/skocherhan/status/2086592966127177859
2026-08-09 23:18:24,skocherhan,domain,74ed77fc-8.b-cdn.net,#phishing,https://x.com/skocherhan/status/2086592966127177859
2026-08-09 23:18:24,skocherhan,url,http://74ed77fc-8.b-cdn.net,#phishing,https://x.com/skocherhan/status/2086592966127177859
2026-08-09 23:18:24,skocherhan,domain,2419414.xyz,#phishing,https://x.com/skocherhan/status/2086592966127177859
2026-08-09 23:18:24,skocherhan,url,http://2419414.xyz,#phishing,https://x.com/skocherhan/status/2086592966127177859
2026-08-09 23:18:24,skocherhan,domain,vfhnrtybwerbqrb.sbs,#phishing,https://x.com/skocherhan/status/2086592966127177859
2026-08-09 23:18:24,skocherhan,url,http://vfhnrtybwerbqrb.sbs,#phishing,https://x.com/skocherhan/status/2086592966127177859
2026-08-09 23:18:24,skocherhan,domain,hemenalnsanra.net,#phishing,https://x.com/skocherhan/status/2086592966127177859
2026-08-09 23:18:24,skocherhan,url,http://hemenalnsanra.net,#phishing,https://x.com/skocherhan/status/2086592966127177859
2026-08-09 23:18:24,skocherhan,domain,bgfnhnertbwerbweq.sbs,#phishing,https://x.com/skocherhan/status/2086592966127177859
2026-08-09 23:18:24,skocherhan,url,http://bgfnhnertbwerbweq.sbs,#phishing,https://x.com/skocherhan/status/2086592966127177859
2026-08-09 23:18:24,skocherhan,domain,hmnislmnktnsi.net,#phishing,https://x.com/skocherhan/status/2086592966127177859
2026-08-09 23:18:24,skocherhan,url,http://hmnislmnktnsi.net,#phishing,https://x.com/skocherhan/status/2086592966127177859
2026-08-09 23:18:24,skocherhan,domain,d28c4902-a.b-cdn.net,#phishing,https://x.com/skocherhan/status/2086592966127177859
2026-08-09 23:18:24,skocherhan,url,http://d28c4902-a.b-cdn.net,#phishing,https://x.com/skocherhan/status/2086592966127177859
2026-08-09 23:18:24,skocherhan,domain,f13682ae-e.b-cdn.net,#phishing,https://x.com/skocherhan/status/2086592966127177859
2026-08-09 23:18:24,skocherhan,url,http://f13682ae-e.b-cdn.net,#phishing,https://x.com/skocherhan/status/2086592966127177859
2026-08-09 23:18:24,skocherhan,domain,838466ca-e.b-cdn.net,#phishing,https://x.com/skocherhan/status/2086592966127177859
2026-08-09 23:18:24,skocherhan,url,http://838466ca-e.b-cdn.net,#phishing,https://x.com/skocherhan/status/2086592966127177859
2026-08-09 23:18:24,skocherhan,domain,08dc34a0-e.b-cdn.net,#phishing,https://x.com/skocherhan/status/2086592966127177859
2026-08-09 23:18:24,skocherhan,url,http://08dc34a0-e.b-cdn.net,#phishing,https://x.com/skocherhan/status/2086592966127177859
2026-08-09 23:18:24,skocherhan,domain,0a572599-0.b-cdn.net,#phishing,https://x.com/skocherhan/status/2086592966127177859
2026-08-09 23:18:24,skocherhan,url,http://0a572599-0.b-cdn.net,#phishing,https://x.com/skocherhan/status/2086592966127177859
2026-08-09 23:18:24,skocherhan,domain,6dedb6bd-3.b-cdn.net,#phishing,https://x.com/skocherhan/status/2086592966127177859
2026-08-09 23:18:24,skocherhan,url,http://6dedb6bd-3.b-cdn.net,#phishing,https://x.com/skocherhan/status/2086592966127177859
2026-08-09 23:18:24,skocherhan,domain,morris-charming-meetings-teacher.trycloudflare.com,#phishing,https://x.com/skocherhan/status/2086592966127177859
2026-08-09 23:18:24,skocherhan,url,http://morris-charming-meetings-teacher.trycloudflare.com,#phishing,https://x.com/skocherhan/status/2086592966127177859
2026-08-09 23:18:24,skocherhan,domain,576345354.net,#phishing,https://x.com/skocherhan/status/2086592966127177859
2026-08-09 23:18:24,skocherhan,url,http://576345354.net,#phishing,https://x.com/skocherhan/status/2086592966127177859
2026-08-09 23:18:24,skocherhan,domain,53182591342.com,#phishing,https://x.com/skocherhan/status/2086592966127177859
2026-08-09 23:18:24,skocherhan,url,http://53182591342.com,#phishing,https://x.com/skocherhan/status/2086592966127177859
2026-08-09 23:18:24,skocherhan,domain,7d3e329f-5.b-cdn.net,#phishing,https://x.com/skocherhan/status/2086592966127177859
2026-08-09 23:18:24,skocherhan,url,http://7d3e329f-5.b-cdn.net,#phishing,https://x.com/skocherhan/status/2086592966127177859
2026-08-09 23:18:24,skocherhan,domain,62354234.net,#phishing,https://x.com/skocherhan/status/2086592966127177859
2026-08-09 23:18:24,skocherhan,url,http://62354234.net,#phishing,https://x.com/skocherhan/status/2086592966127177859
2026-08-09 23:18:24,skocherhan,domain,35c195e4-7.b-cdn.net,#phishing,https://x.com/skocherhan/status/2086592966127177859
2026-08-09 23:18:24,skocherhan,url,http://35c195e4-7.b-cdn.net,#phishing,https://x.com/skocherhan/status/2086592966127177859
2026-08-09 23:18:24,skocherhan,domain,62ce61f5-9.b-cdn.net,#phishing,https://x.com/skocherhan/status/2086592966127177859
2026-08-09 23:18:24,skocherhan,url,http://62ce61f5-9.b-cdn.net,#phishing,https://x.com/skocherhan/status/2086592966127177859
2026-08-09 23:18:24,skocherhan,domain,nltlnaltanltant.net,#phishing,https://x.com/skocherhan/status/2086592966127177859
2026-08-09 23:18:24,skocherhan,url,http://nltlnaltanltant.net,#phishing,https://x.com/skocherhan/status/2086592966127177859
2026-08-09 23:18:24,skocherhan,domain,gelirkenbiradetekmekalmakistermisin.online,#phishing,https://x.com/skocherhan/status/2086592966127177859
2026-08-09 23:18:24,skocherhan,url,http://gelirkenbiradetekmekalmakistermisin.online,#phishing,https://x.com/skocherhan/status/2086592966127177859
2026-08-09 23:18:24,skocherhan,domain,bob-second-visibility-terminology.trycloudflare.com,#phishing,https://x.com/skocherhan/status/2086592966127177859
2026-08-09 23:18:24,skocherhan,url,http://bob-second-visibility-terminology.trycloudflare.com,#phishing,https://x.com/skocherhan/status/2086592966127177859
2026-08-09 23:18:24,skocherhan,domain,benimadimkenankamberseninlegoruscez.com,#phishing,https://x.com/skocherhan/status/2086592966127177859
2026-08-09 23:18:24,skocherhan,url,http://benimadimkenankamberseninlegoruscez.com,#phishing,https://x.com/skocherhan/status/2086592966127177859
2026-08-09 23:18:24,skocherhan,domain,lnatlanlatn.net,#phishing,https://x.com/skocherhan/status/2086592966127177859
2026-08-09 23:18:24,skocherhan,url,http://lnatlanlatn.net,#phishing,https://x.com/skocherhan/status/2086592966127177859
2026-08-09 23:18:24,skocherhan,domain,nltalntalnal.net,#phishing,https://x.com/skocherhan/status/2086592966127177859
2026-08-09 23:18:24,skocherhan,url,http://nltalntalnal.net,#phishing,https://x.com/skocherhan/status/2086592966127177859
2026-08-09 23:18:24,skocherhan,domain,tells-vendors-speech-taste.trycloudflare.com,#phishing,https://x.com/skocherhan/status/2086592966127177859
2026-08-09 23:18:24,skocherhan,url,http://tells-vendors-speech-taste.trycloudflare.com,#phishing,https://x.com/skocherhan/status/2086592966127177859
2026-08-09 23:18:24,skocherhan,domain,hmnislmnkns.net,#phishing,https://x.com/skocherhan/status/2086592966127177859
2026-08-09 23:18:24,skocherhan,url,http://hmnislmnkns.net,#phishing,https://x.com/skocherhan/status/2086592966127177859
2026-08-09 23:18:24,skocherhan,domain,456345345.net,#phishing,https://x.com/skocherhan/status/2086592966127177859
2026-08-09 23:18:24,skocherhan,url,http://456345345.net,#phishing,https://x.com/skocherhan/status/2086592966127177859
2026-08-09 23:18:24,skocherhan,domain,hemenislemnktans.net,#phishing,https://x.com/skocherhan/status/2086592966127177859
2026-08-09 23:18:24,skocherhan,url,http://hemenislemnktans.net,#phishing,https://x.com/skocherhan/status/2086592966127177859
2026-08-09 23:18:24,skocherhan,domain,789797.net,#phishing,https://x.com/skocherhan/status/2086592966127177859
2026-08-09 23:18:24,skocherhan,url,http://789797.net,#phishing,https://x.com/skocherhan/status/2086592966127177859
2026-08-09 23:18:24,skocherhan,domain,hmnlntansanat.net,#phishing,https://x.com/skocherhan/status/2086592966127177859
2026-08-09 23:18:24,skocherhan,url,http://hmnlntansanat.net,#phishing,https://x.com/skocherhan/status/2086592966127177859
2026-08-09 23:18:24,skocherhan,domain,hemenislemnal.net,#phishing,https://x.com/skocherhan/status/2086592966127177859
2026-08-09 23:18:24,skocherhan,url,http://hemenislemnal.net,#phishing,https://x.com/skocherhan/status/2086592966127177859
2026-08-09 23:18:24,skocherhan,domain,hemenismlnktasnati.net,#phishing,https://x.com/skocherhan/status/2086592966127177859
2026-08-09 23:18:24,skocherhan,url,http://hemenismlnktasnati.net,#phishing,https://x.com/skocherhan/status/2086592966127177859
2026-08-09 23:18:24,skocherhan,domain,islemnoktnasni.net,#phishing,https://x.com/skocherhan/status/2086592966127177859
2026-08-09 23:18:24,skocherhan,url,http://islemnoktnasni.net,#phishing,https://x.com/skocherhan/status/2086592966127177859
2026-08-09 23:18:24,skocherhan,domain,gelirkenbiradetekmekalmakistermisin.xyz,#phishing,https://x.com/skocherhan/status/2086592966127177859
2026-08-09 23:18:24,skocherhan,url,http://gelirkenbiradetekmekalmakistermisin.xyz,#phishing,https://x.com/skocherhan/status/2086592966127177859
2026-08-09 23:18:24,skocherhan,domain,ntmntmltnlmamlna.net,#phishing,https://x.com/skocherhan/status/2086592966127177859
2026-08-09 23:18:24,skocherhan,url,http://ntmntmltnlmamlna.net,#phishing,https://x.com/skocherhan/status/2086592966127177859
2026-08-09 23:18:24,skocherhan,domain,biralanabirharikaekmekveriyorum.space,#phishing,https://x.com/skocherhan/status/2086592966127177859
2026-08-09 23:18:24,skocherhan,url,http://biralanabirharikaekmekveriyorum.space,#phishing,https://x.com/skocherhan/status/2086592966127177859
2026-08-09 23:18:24,skocherhan,domain,hepbirliktecokgucluyuz.vip,#phishing,https://x.com/skocherhan/status/2086592966127177859
2026-08-09 23:18:24,skocherhan,url,http://hepbirliktecokgucluyuz.vip,#phishing,https://x.com/skocherhan/status/2086592966127177859
2026-08-09 23:18:24,skocherhan,domain,soonest-los-establishment-loading.trycloudflare.com,#phishing,https://x.com/skocherhan/status/2086592966127177859
2026-08-09 23:18:24,skocherhan,url,http://soonest-los-establishment-loading.trycloudflare.com,#phishing,https://x.com/skocherhan/status/2086592966127177859
2026-08-09 23:18:24,skocherhan,domain,maintaining-drawings-rand-porter.trycloudflare.com,#phishing,https://x.com/skocherhan/status/2086592966127177859
2026-08-09 23:18:24,skocherhan,url,http://maintaining-drawings-rand-porter.trycloudflare.com,#phishing,https://x.com/skocherhan/status/2086592966127177859
2026-08-09 23:18:24,skocherhan,domain,ecd31356-d.b-cdn.net,#phishing,https://x.com/skocherhan/status/2086592966127177859
2026-08-09 23:18:24,skocherhan,url,http://ecd31356-d.b-cdn.net,#phishing,https://x.com/skocherhan/status/2086592966127177859
2026-08-09 23:18:24,skocherhan,domain,fate-dale-candidates-quantitative.trycloudflare.com,#phishing,https://x.com/skocherhan/status/2086592966127177859
2026-08-09 23:18:24,skocherhan,url,http://fate-dale-candidates-quantitative.trycloudflare.com,#phishing,https://x.com/skocherhan/status/2086592966127177859
2026-08-09 23:18:24,skocherhan,domain,hmnismlntans.net,#phishing,https://x.com/skocherhan/status/2086592966127177859
2026-08-09 23:18:24,skocherhan,url,http://hmnismlntans.net,#phishing,https://x.com/skocherhan/status/2086592966127177859
2026-08-09 23:18:24,skocherhan,domain,natmanmltanlna.net,#phishing,https://x.com/skocherhan/status/2086592966127177859
2026-08-09 23:18:24,skocherhan,url,http://natmanmltanlna.net,#phishing,https://x.com/skocherhan/status/2086592966127177859
2026-08-09 23:18:24,skocherhan,domain,mhkastohemen.uk,#phishing,https://x.com/skocherhan/status/2086592966127177859
2026-08-09 23:18:24,skocherhan,url,http://mhkastohemen.uk,#phishing,https://x.com/skocherhan/status/2086592966127177859
2026-08-09 23:18:24,skocherhan,domain,a6cfe784-e.b-cdn.net,#phishing,https://x.com/skocherhan/status/2086592966127177859
2026-08-09 23:18:24,skocherhan,url,http://a6cfe784-e.b-cdn.net,#phishing,https://x.com/skocherhan/status/2086592966127177859
2026-08-09 23:18:24,skocherhan,domain,7640450a-b.b-cdn.net,#phishing,https://x.com/skocherhan/status/2086592966127177859
2026-08-09 23:18:24,skocherhan,url,http://7640450a-b.b-cdn.net,#phishing,https://x.com/skocherhan/status/2086592966127177859
2026-08-09 23:18:24,skocherhan,domain,hastanaentente.uk,#phishing,https://x.com/skocherhan/status/2086592966127177859
2026-08-09 23:18:24,skocherhan,url,http://hastanaentente.uk,#phishing,https://x.com/skocherhan/status/2086592966127177859
2026-08-09 23:18:24,skocherhan,domain,hastanentente.uk,#phishing,https://x.com/skocherhan/status/2086592966127177859
2026-08-09 23:18:24,skocherhan,url,http://hastanentente.uk,#phishing,https://x.com/skocherhan/status/2086592966127177859
2026-08-09 23:18:24,skocherhan,domain,604da060-7.b-cdn.net,#phishing,https://x.com/skocherhan/status/2086592966127177859
2026-08-09 23:18:24,skocherhan,url,http://604da060-7.b-cdn.net,#phishing,https://x.com/skocherhan/status/2086592966127177859
2026-08-09 23:18:24,skocherhan,domain,485e02db-a.b-cdn.net,#phishing,https://x.com/skocherhan/status/2086592966127177859
2026-08-09 23:18:24,skocherhan,url,http://485e02db-a.b-cdn.net,#phishing,https://x.com/skocherhan/status/2086592966127177859
2026-08-09 23:18:24,skocherhan,domain,tnlalmnlnata.net,#phishing,https://x.com/skocherhan/status/2086592966127177859
2026-08-09 23:18:24,skocherhan,url,http://tnlalmnlnata.net,#phishing,https://x.com/skocherhan/status/2086592966127177859
2026-08-09 23:18:24,skocherhan,domain,nmtlnmtlntmntlmltn.net,#phishing,https://x.com/skocherhan/status/2086592966127177859
2026-08-09 23:18:24,skocherhan,url,http://nmtlnmtlntmntlmltn.net,#phishing,https://x.com/skocherhan/status/2086592966127177859
2026-08-09 23:18:24,skocherhan,domain,meat-fastest-drums-disclosure.trycloudflare.com,#phishing,https://x.com/skocherhan/status/2086592966127177859
2026-08-09 23:18:24,skocherhan,url,http://meat-fastest-drums-disclosure.trycloudflare.com,#phishing,https://x.com/skocherhan/status/2086592966127177859
2026-08-09 23:18:24,skocherhan,domain,hastaneisleriiogreen.uk,#phishing,https://x.com/skocherhan/status/2086592966127177859
2026-08-09 23:18:24,skocherhan,url,http://hastaneisleriiogreen.uk,#phishing,https://x.com/skocherhan/status/2086592966127177859
2026-08-09 23:18:24,skocherhan,domain,ce2dcdb7-3.b-cdn.net,#phishing,https://x.com/skocherhan/status/2086592966127177859
2026-08-09 23:18:24,skocherhan,url,http://ce2dcdb7-3.b-cdn.net,#phishing,https://x.com/skocherhan/status/2086592966127177859
2026-08-09 23:18:24,skocherhan,domain,e74678f4-f.b-cdn.net,#phishing,https://x.com/skocherhan/status/2086592966127177859
2026-08-09 23:18:24,skocherhan,url,http://e74678f4-f.b-cdn.net,#phishing,https://x.com/skocherhan/status/2086592966127177859
2026-08-09 23:18:24,skocherhan,domain,b5080e3d-6.b-cdn.net,#phishing,https://x.com/skocherhan/status/2086592966127177859
2026-08-09 23:18:24,skocherhan,url,http://b5080e3d-6.b-cdn.net,#phishing,https://x.com/skocherhan/status/2086592966127177859
2026-08-09 23:18:24,skocherhan,domain,mhrlsahmnal.uk,#phishing,https://x.com/skocherhan/status/2086592966127177859
2026-08-09 23:18:24,skocherhan,url,http://mhrlsahmnal.uk,#phishing,https://x.com/skocherhan/status/2086592966127177859
2026-08-09 23:18:24,skocherhan,domain,hmnltnasna.net,#phishing,https://x.com/skocherhan/status/2086592966127177859
2026-08-09 23:18:24,skocherhan,url,http://hmnltnasna.net,#phishing,https://x.com/skocherhan/status/2086592966127177859
2026-08-09 23:18:24,skocherhan,domain,hepbirlitkeyyizz.com,#phishing,https://x.com/skocherhan/status/2086592966127177859
2026-08-09 23:18:24,skocherhan,url,http://hepbirlitkeyyizz.com,#phishing,https://x.com/skocherhan/status/2086592966127177859
2026-08-09 23:18:24,skocherhan,domain,hizlicabaslangicbuguneozel.duckdns.org,#phishing,https://x.com/skocherhan/status/2086592966127177859
2026-08-09 23:18:24,skocherhan,url,http://hizlicabaslangicbuguneozel.duckdns.org,#phishing,https://x.com/skocherhan/status/2086592966127177859
2026-08-09 23:18:24,skocherhan,domain,65445345.net,#phishing,https://x.com/skocherhan/status/2086592966127177859
2026-08-09 23:18:24,skocherhan,url,http://65445345.net,#phishing,https://x.com/skocherhan/status/2086592966127177859
2026-08-09 23:18:24,skocherhan,domain,ntlanmatkak.net,#phishing,https://x.com/skocherhan/status/2086592966127177859
2026-08-09 23:18:24,skocherhan,url,http://ntlanmatkak.net,#phishing,https://x.com/skocherhan/status/2086592966127177859
2026-08-09 23:18:24,skocherhan,domain,a7f3c362-9.b-cdn.net,#phishing,https://x.com/skocherhan/status/2086592966127177859
2026-08-09 23:18:24,skocherhan,url,http://a7f3c362-9.b-cdn.net,#phishing,https://x.com/skocherhan/status/2086592966127177859
2026-08-09 23:18:24,skocherhan,domain,9fde8fe7-9.b-cdn.net,#phishing,https://x.com/skocherhan/status/2086592966127177859
2026-08-09 23:18:24,skocherhan,url,http://9fde8fe7-9.b-cdn.net,#phishing,https://x.com/skocherhan/status/2086592966127177859
2026-08-09 23:18:24,skocherhan,domain,asfsadfvkmmnkfvkln.net,#phishing,https://x.com/skocherhan/status/2086592966127177859
2026-08-09 23:18:24,skocherhan,url,http://asfsadfvkmmnkfvkln.net,#phishing,https://x.com/skocherhan/status/2086592966127177859
2026-08-09 23:18:24,skocherhan,domain,mhllrsaktvhemen.uk,#phishing,https://x.com/skocherhan/status/2086592966127177859
2026-08-09 23:18:24,skocherhan,url,http://mhllrsaktvhemen.uk,#phishing,https://x.com/skocherhan/status/2086592966127177859
2026-08-09 23:18:24,skocherhan,domain,meheresebayram2.sbs,#phishing,https://x.com/skocherhan/status/2086592966127177859
2026-08-09 23:18:24,skocherhan,url,http://meheresebayram2.sbs,#phishing,https://x.com/skocherhan/status/2086592966127177859
2026-08-09 23:18:24,skocherhan,domain,tlnktlanmana.net,#phishing,https://x.com/skocherhan/status/2086592966127177859
2026-08-09 23:18:24,skocherhan,url,http://tlnktlanmana.net,#phishing,https://x.com/skocherhan/status/2086592966127177859
2026-08-09 23:18:24,skocherhan,domain,nltnlltnltnlntl.net,#phishing,https://x.com/skocherhan/status/2086592966127177859
2026-08-09 23:18:24,skocherhan,url,http://nltnlltnltnlntl.net,#phishing,https://x.com/skocherhan/status/2086592966127177859
2026-08-09 23:18:24,skocherhan,domain,lnmlnmlmnlmn.net,#phishing,https://x.com/skocherhan/status/2086592966127177859
2026-08-09 23:18:24,skocherhan,url,http://lnmlnmlmnlmn.net,#phishing,https://x.com/skocherhan/status/2086592966127177859
2026-08-09 23:18:24,skocherhan,domain,hizlicasatinalhemensendebirlikteyiz.xyz,#phishing,https://x.com/skocherhan/status/2086592966127177859
2026-08-09 23:18:24,skocherhan,url,http://hizlicasatinalhemensendebirlikteyiz.xyz,#phishing,https://x.com/skocherhan/status/2086592966127177859
2026-08-09 23:18:24,skocherhan,domain,526215.xyz,#phishing,https://x.com/skocherhan/status/2086592966127177859
2026-08-09 23:18:24,skocherhan,url,http://526215.xyz,#phishing,https://x.com/skocherhan/status/2086592966127177859
2026-08-09 23:18:24,skocherhan,domain,collapse-lbs-laundry-rear.trycloudflare.com,#phishing,https://x.com/skocherhan/status/2086592966127177859
2026-08-09 23:18:24,skocherhan,url,http://collapse-lbs-laundry-rear.trycloudflare.com,#phishing,https://x.com/skocherhan/status/2086592966127177859
2026-08-09 23:18:24,skocherhan,domain,421327142.sbs,#phishing,https://x.com/skocherhan/status/2086592966127177859
2026-08-09 23:18:24,skocherhan,url,http://421327142.sbs,#phishing,https://x.com/skocherhan/status/2086592966127177859
2026-08-09 23:18:24,skocherhan,domain,hizlicasatinalhemensendebirlikteyiz.online,#phishing,https://x.com/skocherhan/status/2086592966127177859
2026-08-09 23:18:24,skocherhan,url,http://hizlicasatinalhemensendebirlikteyiz.online,#phishing,https://x.com/skocherhan/status/2086592966127177859
2026-08-09 23:18:24,skocherhan,domain,876654465.net,#phishing,https://x.com/skocherhan/status/2086592966127177859
2026-08-09 23:18:24,skocherhan,url,http://876654465.net,#phishing,https://x.com/skocherhan/status/2086592966127177859
2026-08-09 23:18:24,skocherhan,domain,sendeselamlardasin.net,#phishing,https://x.com/skocherhan/status/2086592966127177859
2026-08-09 23:18:24,skocherhan,url,http://sendeselamlardasin.net,#phishing,https://x.com/skocherhan/status/2086592966127177859
2026-08-09 23:18:24,skocherhan,domain,hizlionaylarseninlebirlikteherzaman.com.tr,#phishing,https://x.com/skocherhan/status/2086592966127177859
2026-08-09 23:18:24,skocherhan,url,http://hizlionaylarseninlebirlikteherzaman.com.tr,#phishing,https://x.com/skocherhan/status/2086592966127177859
2026-08-09 23:18:24,skocherhan,domain,hmnislmnknts.net,#phishing,https://x.com/skocherhan/status/2086592966127177859
2026-08-09 23:18:24,skocherhan,url,http://hmnislmnknts.net,#phishing,https://x.com/skocherhan/status/2086592966127177859
2026-08-09 23:18:24,skocherhan,domain,765234525.net,#phishing,https://x.com/skocherhan/status/2086592966127177859
2026-08-09 23:18:24,skocherhan,url,http://765234525.net,#phishing,https://x.com/skocherhan/status/2086592966127177859
2026-08-09 23:18:24,skocherhan,domain,sniuntmdnhergnicpagdm.shop,#phishing,https://x.com/skocherhan/status/2086592966127177859
2026-08-09 23:18:24,skocherhan,url,http://sniuntmdnhergnicpagdm.shop,#phishing,https://x.com/skocherhan/status/2086592966127177859
2026-08-09 23:18:24,skocherhan,domain,topppira.sbs,#phishing,https://x.com/skocherhan/status/2086592966127177859
2026-08-09 23:18:24,skocherhan,url,http://topppira.sbs,#phishing,https://x.com/skocherhan/status/2086592966127177859
2026-08-09 23:18:24,skocherhan,domain,hmnislmnktsan.net,#phishing,https://x.com/skocherhan/status/2086592966127177859
2026-08-09 23:18:24,skocherhan,url,http://hmnislmnktsan.net,#phishing,https://x.com/skocherhan/status/2086592966127177859
2026-08-09 23:18:24,skocherhan,domain,politics-answer-entrepreneurs-put.trycloudflare.com,#phishing,https://x.com/skocherhan/status/2086592966127177859
2026-08-09 23:18:24,skocherhan,url,http://politics-answer-entrepreneurs-put.trycloudflare.com,#phishing,https://x.com/skocherhan/status/2086592966127177859
2026-08-09 23:18:24,skocherhan,domain,290299234.sbs,#phishing,https://x.com/skocherhan/status/2086592966127177859
2026-08-09 23:18:24,skocherhan,url,http://290299234.sbs,#phishing,https://x.com/skocherhan/status/2086592966127177859
2026-08-09 23:18:24,skocherhan,domain,hastaneserere.uk,#phishing,https://x.com/skocherhan/status/2086592966127177859
2026-08-09 23:18:24,skocherhan,url,http://hastaneserere.uk,#phishing,https://x.com/skocherhan/status/2086592966127177859
2026-08-09 23:18:24,skocherhan,domain,hansanatn.uk,#phishing,https://x.com/skocherhan/status/2086592966127177859
2026-08-09 23:18:24,skocherhan,url,http://hansanatn.uk,#phishing,https://x.com/skocherhan/status/2086592966127177859
2026-08-09 23:18:24,skocherhan,domain,fred-reasons-loads-blocks.trycloudflare.com,#phishing,https://x.com/skocherhan/status/2086592966127177859
2026-08-09 23:18:24,skocherhan,url,http://fred-reasons-loads-blocks.trycloudflare.com,#phishing,https://x.com/skocherhan/status/2086592966127177859
2026-08-09 23:18:24,skocherhan,domain,klenderadmsnevllh.shop,#phishing,https://x.com/skocherhan/status/2086592966127177859
2026-08-09 23:18:24,skocherhan,url,http://klenderadmsnevllh.shop,#phishing,https://x.com/skocherhan/status/2086592966127177859
2026-08-09 23:18:24,skocherhan,domain,hizlionaylarimseninlebirlikteherzaman.store,#phishing,https://x.com/skocherhan/status/2086592966127177859
2026-08-09 23:18:24,skocherhan,url,http://hizlionaylarimseninlebirlikteherzaman.store,#phishing,https://x.com/skocherhan/status/2086592966127177859
2026-08-09 23:18:24,skocherhan,domain,pray-subcommittee-dogs-milan.trycloudflare.com,#phishing,https://x.com/skocherhan/status/2086592966127177859
2026-08-09 23:18:24,skocherhan,url,http://pray-subcommittee-dogs-milan.trycloudflare.com,#phishing,https://x.com/skocherhan/status/2086592966127177859
2026-08-09 23:18:24,skocherhan,domain,hizlionaylarseninlebirlikteherzaman.com,#phishing,https://x.com/skocherhan/status/2086592966127177859
2026-08-09 23:18:24,skocherhan,url,http://hizlionaylarseninlebirlikteherzaman.com,#phishing,https://x.com/skocherhan/status/2086592966127177859
2026-08-09 23:18:24,skocherhan,domain,mslraktivhemen.uk,#phishing,https://x.com/skocherhan/status/2086592966127177859
2026-08-09 23:18:24,skocherhan,url,http://mslraktivhemen.uk,#phishing,https://x.com/skocherhan/status/2086592966127177859
2026-08-09 23:18:24,skocherhan,domain,ellis-myself-very-born.trycloudflare.com,#phishing,https://x.com/skocherhan/status/2086592966127177859
2026-08-09 23:18:24,skocherhan,url,http://ellis-myself-very-born.trycloudflare.com,#phishing,https://x.com/skocherhan/status/2086592966127177859
2026-08-09 23:18:24,skocherhan,domain,thehizlionaygerekenislerde.com,#phishing,https://x.com/skocherhan/status/2086592966127177859
2026-08-09 23:18:24,skocherhan,url,http://thehizlionaygerekenislerde.com,#phishing,https://x.com/skocherhan/status/2086592966127177859
2026-08-09 23:18:24,skocherhan,domain,oddosataninanasinibacisiniarayacagiz.net,#phishing,https://x.com/skocherhan/status/2086592966127177859
2026-08-09 23:18:24,skocherhan,url,http://oddosataninanasinibacisiniarayacagiz.net,#phishing,https://x.com/skocherhan/status/2086592966127177859
2026-08-09 23:18:24,skocherhan,domain,generates-springfield-inn-provision.trycloudflare.com,#phishing,https://x.com/skocherhan/status/2086592966127177859
2026-08-09 23:18:24,skocherhan,url,http://generates-springfield-inn-provision.trycloudflare.com,#phishing,https://x.com/skocherhan/status/2086592966127177859
2026-08-09 23:18:24,skocherhan,domain,bndnsnrasendeadmhaybnc.shop,#phishing,https://x.com/skocherhan/status/2086592966127177859
2026-08-09 23:18:24,skocherhan,url,http://bndnsnrasendeadmhaybnc.shop,#phishing,https://x.com/skocherhan/status/2086592966127177859
2026-08-09 23:18:24,skocherhan,domain,hmnislmbkntans.net,#phishing,https://x.com/skocherhan/status/2086592966127177859
2026-08-09 23:18:24,skocherhan,url,http://hmnislmbkntans.net,#phishing,https://x.com/skocherhan/status/2086592966127177859
2026-08-09 23:18:24,skocherhan,domain,hizlionaygerekenislerde.net,#phishing,https://x.com/skocherhan/status/2086592966127177859
2026-08-09 23:18:24,skocherhan,url,http://hizlionaygerekenislerde.net,#phishing,https://x.com/skocherhan/status/2086592966127177859
2026-08-09 23:18:24,skocherhan,domain,hmntknlasntam.net,#phishing,https://x.com/skocherhan/status/2086592966127177859
2026-08-09 23:18:24,skocherhan,url,http://hmntknlasntam.net,#phishing,https://x.com/skocherhan/status/2086592966127177859
2026-08-09 23:18:24,skocherhan,domain,hmnislemnktbas.net,#phishing,https://x.com/skocherhan/status/2086592966127177859
2026-08-09 23:18:24,skocherhan,url,http://hmnislemnktbas.net,#phishing,https://x.com/skocherhan/status/2086592966127177859
2026-08-09 23:18:24,skocherhan,domain,hmnnltkansan.net,#phishing,https://x.com/skocherhan/status/2086592966127177859
2026-08-09 23:18:24,skocherhan,url,http://hmnnltkansan.net,#phishing,https://x.com/skocherhan/status/2086592966127177859
2026-08-09 23:18:24,skocherhan,domain,867876456.net,#phishing,https://x.com/skocherhan/status/2086592966127177859
2026-08-09 23:18:24,skocherhan,url,http://867876456.net,#phishing,https://x.com/skocherhan/status/2086592966127177859
2026-08-09 23:18:24,skocherhan,domain,december-humans-blend-word.trycloudflare.com,#phishing,https://x.com/skocherhan/status/2086592966127177859
2026-08-09 23:18:24,skocherhan,url,http://december-humans-blend-word.trycloudflare.com,#phishing,https://x.com/skocherhan/status/2086592966127177859
2026-08-09 23:18:24,skocherhan,domain,8768345345.net,#phishing,https://x.com/skocherhan/status/2086592966127177859
2026-08-09 23:18:24,skocherhan,url,http://8768345345.net,#phishing,https://x.com/skocherhan/status/2086592966127177859
2026-08-09 23:18:24,skocherhan,domain,caurforaedddal.click,#phishing,https://x.com/skocherhan/status/2086592966127177859
2026-08-09 23:18:24,skocherhan,url,http://caurforaedddal.click,#phishing,https://x.com/skocherhan/status/2086592966127177859
2026-08-09 23:18:24,skocherhan,domain,sega-ads-territories-appendix.trycloudflare.com,#phishing,https://x.com/skocherhan/status/2086592966127177859
2026-08-09 23:18:24,skocherhan,url,http://sega-ads-territories-appendix.trycloudflare.com,#phishing,https://x.com/skocherhan/status/2086592966127177859
2026-08-09 23:18:24,skocherhan,domain,576465345.net,#phishing,https://x.com/skocherhan/status/2086592966127177859
2026-08-09 23:18:24,skocherhan,url,http://576465345.net,#phishing,https://x.com/skocherhan/status/2086592966127177859
2026-08-09 23:18:24,skocherhan,domain,stock-arab-flame-hat.trycloudflare.com,#phishing,https://x.com/skocherhan/status/2086592966127177859
2026-08-09 23:18:24,skocherhan,url,http://stock-arab-flame-hat.trycloudflare.com,#phishing,https://x.com/skocherhan/status/2086592966127177859
2026-08-09 23:18:24,skocherhan,domain,hemenhizlisnoclsm.net,#phishing,https://x.com/skocherhan/status/2086592966127177859
2026-08-09 23:18:24,skocherhan,url,http://hemenhizlisnoclsm.net,#phishing,https://x.com/skocherhan/status/2086592966127177859
2026-08-09 23:18:24,skocherhan,domain,hmnislemnktans.net,#phishing,https://x.com/skocherhan/status/2086592966127177859
2026-08-09 23:18:24,skocherhan,url,http://hmnislemnktans.net,#phishing,https://x.com/skocherhan/status/2086592966127177859
2026-08-09 23:18:24,skocherhan,domain,hemenislemnktasi.net,#phishing,https://x.com/skocherhan/status/2086592966127177859
2026-08-09 23:18:24,skocherhan,url,http://hemenislemnktasi.net,#phishing,https://x.com/skocherhan/status/2086592966127177859
2026-08-09 23:18:24,skocherhan,domain,lrdansandandandan.sbs,#phishing,https://x.com/skocherhan/status/2086592966127177859
2026-08-09 23:18:24,skocherhan,url,http://lrdansandandandan.sbs,#phishing,https://x.com/skocherhan/status/2086592966127177859
2026-08-09 23:18:24,skocherhan,domain,hmnnknltasn.net,#phishing,https://x.com/skocherhan/status/2086592966127177859
2026-08-09 23:18:24,skocherhan,url,http://hmnnknltasn.net,#phishing,https://x.com/skocherhan/status/2086592966127177859
2026-08-09 23:18:24,skocherhan,domain,lrdansandandandan.shop,#phishing,https://x.com/skocherhan/status/2086592966127177859
2026-08-09 23:18:24,skocherhan,url,http://lrdansandandandan.shop,#phishing,https://x.com/skocherhan/status/2086592966127177859
2026-08-09 23:18:24,skocherhan,domain,389912834.sbs,#phishing,https://x.com/skocherhan/status/2086592966127177859
2026-08-09 23:18:24,skocherhan,url,http://389912834.sbs,#phishing,https://x.com/skocherhan/status/2086592966127177859
2026-08-09 23:18:24,skocherhan,domain,hmnknlrnasn.net,#phishing,https://x.com/skocherhan/status/2086592966127177859
2026-08-09 23:18:24,skocherhan,url,http://hmnknlrnasn.net,#phishing,https://x.com/skocherhan/status/2086592966127177859
2026-08-09 23:18:24,skocherhan,domain,cndanlardansandan.shop,#phishing,https://x.com/skocherhan/status/2086592966127177859
2026-08-09 23:18:24,skocherhan,url,http://cndanlardansandan.shop,#phishing,https://x.com/skocherhan/status/2086592966127177859
2026-08-09 23:18:24,skocherhan,domain,421482142131.sbs,#phishing,https://x.com/skocherhan/status/2086592966127177859
2026-08-09 23:18:24,skocherhan,url,http://421482142131.sbs,#phishing,https://x.com/skocherhan/status/2086592966127177859
2026-08-09 23:18:24,skocherhan,domain,cndanlardansandan.sbs,#phishing,https://x.com/skocherhan/status/2086592966127177859
2026-08-09 23:18:24,skocherhan,url,http://cndanlardansandan.sbs,#phishing,https://x.com/skocherhan/status/2086592966127177859
2026-08-09 23:18:24,skocherhan,domain,hastvdrandvm.online,#phishing,https://x.com/skocherhan/status/2086592966127177859
2026-08-09 23:18:24,skocherhan,url,http://hastvdrandvm.online,#phishing,https://x.com/skocherhan/status/2086592966127177859
2026-08-09 23:18:24,skocherhan,domain,hemeniaslmenasn.net,#phishing,https://x.com/skocherhan/status/2086592966127177859
2026-08-09 23:18:24,skocherhan,url,http://hemeniaslmenasn.net,#phishing,https://x.com/skocherhan/status/2086592966127177859
2026-08-09 23:18:24,skocherhan,domain,hastnhrandvm.online,#phishing,https://x.com/skocherhan/status/2086592966127177859
2026-08-09 23:18:24,skocherhan,url,http://hastnhrandvm.online,#phishing,https://x.com/skocherhan/status/2086592966127177859
2026-08-09 23:18:24,skocherhan,domain,hmnlsantans.net,#phishing,https://x.com/skocherhan/status/2086592966127177859
2026-08-09 23:18:24,skocherhan,url,http://hmnlsantans.net,#phishing,https://x.com/skocherhan/status/2086592966127177859
2026-08-09 23:18:24,skocherhan,domain,mhldsahlads.com,#phishing,https://x.com/skocherhan/status/2086592966127177859
2026-08-09 23:18:24,skocherhan,url,http://mhldsahlads.com,#phishing,https://x.com/skocherhan/status/2086592966127177859
2026-08-09 23:18:24,skocherhan,domain,spotifylink.me,#phishing,https://x.com/skocherhan/status/2086592966127177859
2026-08-09 23:18:24,skocherhan,url,http://spotifylink.me,#phishing,https://x.com/skocherhan/status/2086592966127177859
2026-08-09 23:18:24,skocherhan,domain,hastanerlere.men,#phishing,https://x.com/skocherhan/status/2086592966127177859
2026-08-09 23:18:24,skocherhan,url,http://hastanerlere.men,#phishing,https://x.com/skocherhan/status/2086592966127177859
2026-08-09 23:18:24,skocherhan,domain,mhrlshastnisleri.com,#phishing,https://x.com/skocherhan/status/2086592966127177859
2026-08-09 23:18:24,skocherhan,url,http://mhrlshastnisleri.com,#phishing,https://x.com/skocherhan/status/2086592966127177859
2026-08-09 23:18:24,skocherhan,domain,mhlrdksdgh.com,#phishing,https://x.com/skocherhan/status/2086592966127177859
2026-08-09 23:18:24,skocherhan,url,http://mhlrdksdgh.com,#phishing,https://x.com/skocherhan/status/2086592966127177859
2026-08-09 23:18:24,skocherhan,domain,mhlsrlrfand.com,#phishing,https://x.com/skocherhan/status/2086592966127177859
2026-08-09 23:18:24,skocherhan,url,http://mhlsrlrfand.com,#phishing,https://x.com/skocherhan/status/2086592966127177859
2026-08-09 23:18:24,skocherhan,domain,pplardandandan.sbs,#phishing,https://x.com/skocherhan/status/2086592966127177859
2026-08-09 23:18:24,skocherhan,url,http://pplardandandan.sbs,#phishing,https://x.com/skocherhan/status/2086592966127177859
2026-08-09 23:18:24,skocherhan,domain,hemenlanlsatnas.net,#phishing,https://x.com/skocherhan/status/2086592966127177859
2026-08-09 23:18:24,skocherhan,url,http://hemenlanlsatnas.net,#phishing,https://x.com/skocherhan/status/2086592966127177859
2026-08-09 23:18:24,skocherhan,domain,mhldkrsd.com,#phishing,https://x.com/skocherhan/status/2086592966127177859
2026-08-09 23:18:24,skocherhan,url,http://mhldkrsd.com,#phishing,https://x.com/skocherhan/status/2086592966127177859
2026-08-09 23:18:24,skocherhan,domain,mhltkfardn.com,#phishing,https://x.com/skocherhan/status/2086592966127177859
2026-08-09 23:18:24,skocherhan,url,http://mhltkfardn.com,#phishing,https://x.com/skocherhan/status/2086592966127177859
2026-08-09 23:18:24,skocherhan,domain,gucum109.click,#phishing,https://x.com/skocherhan/status/2086592966127177859
2026-08-09 23:18:24,skocherhan,url,http://gucum109.click,#phishing,https://x.com/skocherhan/status/2086592966127177859
2026-08-09 23:18:24,skocherhan,domain,konuriskalmaksa.click,#phishing,https://x.com/skocherhan/status/2086592966127177859
2026-08-09 23:18:24,skocherhan,url,http://konuriskalmaksa.click,#phishing,https://x.com/skocherhan/status/2086592966127177859
2026-08-09 23:18:24,skocherhan,domain,prdanbrdansnlrdan.shop,#phishing,https://x.com/skocherhan/status/2086592966127177859
2026-08-09 23:18:24,skocherhan,url,http://prdanbrdansnlrdan.shop,#phishing,https://x.com/skocherhan/status/2086592966127177859
2026-08-09 23:18:24,skocherhan,domain,trafiksikti.click,#phishing,https://x.com/skocherhan/status/2086592966127177859
2026-08-09 23:18:24,skocherhan,url,http://trafiksikti.click,#phishing,https://x.com/skocherhan/status/2086592966127177859
2026-08-09 23:18:24,skocherhan,domain,sikildimhepinizden.click,#phishing,https://x.com/skocherhan/status/2086592966127177859
2026-08-09 23:18:24,skocherhan,url,http://sikildimhepinizden.click,#phishing,https://x.com/skocherhan/status/2086592966127177859
2026-08-09 23:18:24,skocherhan,domain,hmnltansana.net,#phishing,https://x.com/skocherhan/status/2086592966127177859
2026-08-09 23:18:24,skocherhan,url,http://hmnltansana.net,#phishing,https://x.com/skocherhan/status/2086592966127177859
2026-08-09 23:18:24,skocherhan,domain,lalalala.click,#phishing,https://x.com/skocherhan/status/2086592966127177859
2026-08-09 23:18:24,skocherhan,url,http://lalalala.click,#phishing,https://x.com/skocherhan/status/2086592966127177859
2026-08-09 23:18:24,skocherhan,domain,birazyolumvar.click,#phishing,https://x.com/skocherhan/status/2086592966127177859
2026-08-09 23:18:24,skocherhan,url,http://birazyolumvar.click,#phishing,https://x.com/skocherhan/status/2086592966127177859
2026-08-09 23:18:24,skocherhan,domain,hemeniasnltamsan.net,#phishing,https://x.com/skocherhan/status/2086592966127177859
2026-08-09 23:18:24,skocherhan,url,http://hemeniasnltamsan.net,#phishing,https://x.com/skocherhan/status/2086592966127177859
2026-08-09 23:18:24,skocherhan,domain,buyukbaliklaratarimolta.click,#phishing,https://x.com/skocherhan/status/2086592966127177859
2026-08-09 23:18:24,skocherhan,url,http://buyukbaliklaratarimolta.click,#phishing,https://x.com/skocherhan/status/2086592966127177859
2026-08-09 23:18:24,skocherhan,domain,yapmamisbirligi.click,#phishing,https://x.com/skocherhan/status/2086592966127177859
2026-08-09 23:18:24,skocherhan,url,http://yapmamisbirligi.click,#phishing,https://x.com/skocherhan/status/2086592966127177859
2026-08-09 23:18:24,skocherhan,domain,pantolonunnerdendiyor.click,#phishing,https://x.com/skocherhan/status/2086592966127177859
2026-08-09 23:18:24,skocherhan,url,http://pantolonunnerdendiyor.click,#phishing,https://x.com/skocherhan/status/2086592966127177859
2026-08-09 23:18:24,skocherhan,domain,hemenalsnlsa.net,#phishing,https://x.com/skocherhan/status/2086592966127177859
2026-08-09 23:18:24,skocherhan,url,http://hemenalsnlsa.net,#phishing,https://x.com/skocherhan/status/2086592966127177859
2026-08-09 23:18:24,skocherhan,domain,65454234423.net,#phishing,https://x.com/skocherhan/status/2086592966127177859
2026-08-09 23:18:24,skocherhan,url,http://65454234423.net,#phishing,https://x.com/skocherhan/status/2086592966127177859
2026-08-09 23:18:24,skocherhan,domain,hmenlnkarsan.net,#phishing,https://x.com/skocherhan/status/2086592966127177859
2026-08-09 23:18:24,skocherhan,url,http://hmenlnkarsan.net,#phishing,https://x.com/skocherhan/status/2086592966127177859
2026-08-09 23:18:24,skocherhan,domain,islthbnhhayd.com,#phishing,https://x.com/skocherhan/status/2086592966127177859
2026-08-09 23:18:24,skocherhan,url,http://islthbnhhayd.com,#phishing,https://x.com/skocherhan/status/2086592966127177859
2026-08-09 23:18:24,skocherhan,domain,bendenkorkmasan10.vip,#phishing,https://x.com/skocherhan/status/2086592966127177859
2026-08-09 23:18:24,skocherhan,url,http://bendenkorkmasan10.vip,#phishing,https://x.com/skocherhan/status/2086592966127177859
2026-08-09 23:18:24,skocherhan,domain,lrdansandanbrdan.shop,#phishing,https://x.com/skocherhan/status/2086592966127177859
2026-08-09 23:18:24,skocherhan,url,http://lrdansandanbrdan.shop,#phishing,https://x.com/skocherhan/status/2086592966127177859
2026-08-09 23:18:24,skocherhan,domain,mnrsbnlrncanykr.shop,#phishing,https://x.com/skocherhan/status/2086592966127177859
2026-08-09 23:18:24,skocherhan,url,http://mnrsbnlrncanykr.shop,#phishing,https://x.com/skocherhan/status/2086592966127177859
2026-08-09 23:18:24,skocherhan,domain,hmenkanlsata.net,#phishing,https://x.com/skocherhan/status/2086592966127177859
2026-08-09 23:18:24,skocherhan,url,http://hmenkanlsata.net,#phishing,https://x.com/skocherhan/status/2086592966127177859
2026-08-09 23:18:24,skocherhan,domain,75643432.net,#phishing,https://x.com/skocherhan/status/2086592966127177859
2026-08-09 23:18:24,skocherhan,url,http://75643432.net,#phishing,https://x.com/skocherhan/status/2086592966127177859
2026-08-09 23:18:24,skocherhan,domain,kalonblsndebnm.shop,#phishing,https://x.com/skocherhan/status/2086592966127177859
2026-08-09 23:18:24,skocherhan,url,http://kalonblsndebnm.shop,#phishing,https://x.com/skocherhan/status/2086592966127177859
2026-08-09 23:18:24,skocherhan,domain,hemnnsntan.net,#phishing,https://x.com/skocherhan/status/2086592966127177859
2026-08-09 23:18:24,skocherhan,url,http://hemnnsntan.net,#phishing,https://x.com/skocherhan/status/2086592966127177859
2026-08-09 23:18:24,skocherhan,domain,openings-pest-seven-drinking.trycloudflare.com,#phishing,https://x.com/skocherhan/status/2086592966127177859
2026-08-09 23:18:24,skocherhan,url,http://openings-pest-seven-drinking.trycloudflare.com,#phishing,https://x.com/skocherhan/status/2086592966127177859
2026-08-09 23:18:24,skocherhan,domain,hemenislemana.net,#phishing,https://x.com/skocherhan/status/2086592966127177859
2026-08-09 23:18:24,skocherhan,url,http://hemenislemana.net,#phishing,https://x.com/skocherhan/status/2086592966127177859
2026-08-09 23:18:24,skocherhan,domain,76524315.net,#phishing,https://x.com/skocherhan/status/2086592966127177859
2026-08-09 23:18:24,skocherhan,url,http://76524315.net,#phishing,https://x.com/skocherhan/status/2086592966127177859
2026-08-09 23:18:24,skocherhan,domain,fifty-leaves-fighting-technician.trycloudflare.com,#phishing,https://x.com/skocherhan/status/2086592966127177859
2026-08-09 23:18:24,skocherhan,url,http://fifty-leaves-fighting-technician.trycloudflare.com,#phishing,https://x.com/skocherhan/status/2086592966127177859
2026-08-09 23:18:24,skocherhan,domain,hadlykhlzma.com,#phishing,https://x.com/skocherhan/status/2086592966127177859
2026-08-09 23:18:24,skocherhan,url,http://hadlykhlzma.com,#phishing,https://x.com/skocherhan/status/2086592966127177859
2026-08-09 23:18:24,skocherhan,domain,kent-civilian-men-detailed.trycloudflare.com,#phishing,https://x.com/skocherhan/status/2086592966127177859
2026-08-09 23:18:24,skocherhan,url,http://kent-civilian-men-detailed.trycloudflare.com,#phishing,https://x.com/skocherhan/status/2086592966127177859
2026-08-09 23:18:24,skocherhan,domain,nntknlanana.net,#phishing,https://x.com/skocherhan/status/2086592966127177859
2026-08-09 23:18:24,skocherhan,url,http://nntknlanana.net,#phishing,https://x.com/skocherhan/status/2086592966127177859
2026-08-09 23:18:24,skocherhan,domain,756543234.net,#phishing,https://x.com/skocherhan/status/2086592966127177859
2026-08-09 23:18:24,skocherhan,url,http://756543234.net,#phishing,https://x.com/skocherhan/status/2086592966127177859
2026-08-09 23:18:24,skocherhan,domain,hadntasmcalk.com,#phishing,https://x.com/skocherhan/status/2086592966127177859
2026-08-09 23:18:24,skocherhan,url,http://hadntasmcalk.com,#phishing,https://x.com/skocherhan/status/2086592966127177859
2026-08-09 23:18:24,skocherhan,domain,html-replica-controller-perceived.trycloudflare.com,#phishing,https://x.com/skocherhan/status/2086592966127177859
2026-08-09 23:18:24,skocherhan,url,http://html-replica-controller-perceived.trycloudflare.com,#phishing,https://x.com/skocherhan/status/2086592966127177859
2026-08-09 23:18:24,skocherhan,domain,remain-desktop-itunes-dylan.trycloudflare.com,#phishing,https://x.com/skocherhan/status/2086592966127177859
2026-08-09 23:18:24,skocherhan,url,http://remain-desktop-itunes-dylan.trycloudflare.com,#phishing,https://x.com/skocherhan/status/2086592966127177859
2026-08-09 23:18:24,skocherhan,domain,css-cameras-strongly-jaguar.trycloudflare.com,#phishing,https://x.com/skocherhan/status/2086592966127177859
2026-08-09 23:18:24,skocherhan,url,http://css-cameras-strongly-jaguar.trycloudflare.com,#phishing,https://x.com/skocherhan/status/2086592966127177859
2026-08-09 23:18:24,skocherhan,domain,75656754.net,#phishing,https://x.com/skocherhan/status/2086592966127177859
2026-08-09 23:18:24,skocherhan,url,http://75656754.net,#phishing,https://x.com/skocherhan/status/2086592966127177859
2026-08-09 23:18:24,skocherhan,domain,heading-insertion-bubble-pumps.trycloudflare.com,#phishing,https://x.com/skocherhan/status/2086592966127177859
2026-08-09 23:18:24,skocherhan,url,http://heading-insertion-bubble-pumps.trycloudflare.com,#phishing,https://x.com/skocherhan/status/2086592966127177859
2026-08-09 23:18:24,skocherhan,domain,kostugumyollartasti.click,#phishing,https://x.com/skocherhan/status/2086592966127177859
2026-08-09 23:18:24,skocherhan,url,http://kostugumyollartasti.click,#phishing,https://x.com/skocherhan/status/2086592966127177859
2026-08-09 23:18:24,skocherhan,domain,benibirdahanezamangorcen.click,#phishing,https://x.com/skocherhan/status/2086592966127177859
2026-08-09 23:18:24,skocherhan,url,http://benibirdahanezamangorcen.click,#phishing,https://x.com/skocherhan/status/2086592966127177859
2026-08-09 23:18:24,skocherhan,domain,linklerister.click,#phishing,https://x.com/skocherhan/status/2086592966127177859
2026-08-09 23:18:24,skocherhan,url,http://linklerister.click,#phishing,https://x.com/skocherhan/status/2086592966127177859
2026-08-09 23:18:24,skocherhan,domain,abuseatmayadevamet.click,#phishing,https://x.com/skocherhan/status/2086592966127177859
2026-08-09 23:18:24,skocherhan,url,http://abuseatmayadevamet.click,#phishing,https://x.com/skocherhan/status/2086592966127177859
2026-08-09 23:18:24,skocherhan,domain,hopbala.click,#phishing,https://x.com/skocherhan/status/2086592966127177859
2026-08-09 23:18:24,skocherhan,url,http://hopbala.click,#phishing,https://x.com/skocherhan/status/2086592966127177859
2026-08-09 23:18:24,skocherhan,domain,mhrsrandevu1182.site,#phishing,https://x.com/skocherhan/status/2086592966127177859
2026-08-09 23:18:24,skocherhan,url,http://mhrsrandevu1182.site,#phishing,https://x.com/skocherhan/status/2086592966127177859
2026-08-09 23:18:24,skocherhan,domain,specification-submissions-needle-markers.trycloudflare.com,#phishing,https://x.com/skocherhan/status/2086592966127177859
2026-08-09 23:18:24,skocherhan,url,http://specification-submissions-needle-markers.trycloudflare.com,#phishing,https://x.com/skocherhan/status/2086592966127177859
2026-08-09 23:18:24,skocherhan,domain,yakupsahlukbey.click,#phishing,https://x.com/skocherhan/status/2086592966127177859
2026-08-09 23:18:24,skocherhan,url,http://yakupsahlukbey.click,#phishing,https://x.com/skocherhan/status/2086592966127177859
2026-08-09 23:18:24,skocherhan,domain,izlemeyedevametlavuk.click,#phishing,https://x.com/skocherhan/status/2086592966127177859
2026-08-09 23:18:24,skocherhan,url,http://izlemeyedevametlavuk.click,#phishing,https://x.com/skocherhan/status/2086592966127177859
2026-08-09 23:18:24,skocherhan,domain,yakuptvcezaevinde.click,#phishing,https://x.com/skocherhan/status/2086592966127177859
2026-08-09 23:18:24,skocherhan,url,http://yakuptvcezaevinde.click,#phishing,https://x.com/skocherhan/status/2086592966127177859
2026-08-09 23:18:24,skocherhan,domain,nlatlantlanlta.net,#phishing,https://x.com/skocherhan/status/2086592966127177859
2026-08-09 23:18:24,skocherhan,url,http://nlatlantlanlta.net,#phishing,https://x.com/skocherhan/status/2086592966127177859
2026-08-09 23:18:24,skocherhan,domain,yakuptvscoter.click,#phishing,https://x.com/skocherhan/status/2086592966127177859
2026-08-09 23:18:24,skocherhan,url,http://yakuptvscoter.click,#phishing,https://x.com/skocherhan/status/2086592966127177859
2026-08-09 23:18:24,skocherhan,domain,tiklaoyna.click,#phishing,https://x.com/skocherhan/status/2086592966127177859
2026-08-09 23:18:24,skocherhan,url,http://tiklaoyna.click,#phishing,https://x.com/skocherhan/status/2086592966127177859
2026-08-09 23:18:24,skocherhan,domain,nltanalhemenl.net,#phishing,https://x.com/skocherhan/status/2086592966127177859
2026-08-09 23:18:24,skocherhan,url,http://nltanalhemenl.net,#phishing,https://x.com/skocherhan/status/2086592966127177859
2026-08-09 23:18:24,skocherhan,domain,kopkop.click,#phishing,https://x.com/skocherhan/status/2086592966127177859
2026-08-09 23:18:24,skocherhan,url,http://kopkop.click,#phishing,https://x.com/skocherhan/status/2086592966127177859
2026-08-09 23:18:24,skocherhan,domain,mehhrs.dns.navy,#phishing,https://x.com/skocherhan/status/2086592966127177859
2026-08-09 23:18:24,skocherhan,url,http://mehhrs.dns.navy,#phishing,https://x.com/skocherhan/status/2086592966127177859
2026-08-09 23:18:24,skocherhan,domain,carderyakuptv.click,#phishing,https://x.com/skocherhan/status/2086592966127177859
2026-08-09 23:18:24,skocherhan,url,http://carderyakuptv.click,#phishing,https://x.com/skocherhan/status/2086592966127177859
2026-08-09 23:18:24,skocherhan,domain,756432234.net,#phishing,https://x.com/skocherhan/status/2086592966127177859
2026-08-09 23:18:24,skocherhan,url,http://756432234.net,#phishing,https://x.com/skocherhan/status/2086592966127177859
2026-08-09 23:18:24,skocherhan,domain,mhhres.dns.navy,#phishing,https://x.com/skocherhan/status/2086592966127177859
2026-08-09 23:18:24,skocherhan,url,http://mhhres.dns.navy,#phishing,https://x.com/skocherhan/status/2086592966127177859
2026-08-09 23:18:24,skocherhan,domain,ahhoh.sbs,#phishing,https://x.com/skocherhan/status/2086592966127177859
2026-08-09 23:18:24,skocherhan,url,http://ahhoh.sbs,#phishing,https://x.com/skocherhan/status/2086592966127177859
2026-08-09 23:18:24,skocherhan,domain,dolandiriciyakuptv.click,#phishing,https://x.com/skocherhan/status/2086592966127177859
2026-08-09 23:18:24,skocherhan,url,http://dolandiriciyakuptv.click,#phishing,https://x.com/skocherhan/status/2086592966127177859
2026-08-09 23:18:24,skocherhan,domain,piyasabizim.click,#phishing,https://x.com/skocherhan/status/2086592966127177859
2026-08-09 23:18:24,skocherhan,url,http://piyasabizim.click,#phishing,https://x.com/skocherhan/status/2086592966127177859
2026-08-09 23:18:24,skocherhan,domain,yalatiyonkoltukaltivi.click,#phishing,https://x.com/skocherhan/status/2086592966127177859
2026-08-09 23:18:24,skocherhan,url,http://yalatiyonkoltukaltivi.click,#phishing,https://x.com/skocherhan/status/2086592966127177859
2026-08-09 23:18:24,skocherhan,domain,takirtukir.click,#phishing,https://x.com/skocherhan/status/2086592966127177859
2026-08-09 23:18:24,skocherhan,url,http://takirtukir.click,#phishing,https://x.com/skocherhan/status/2086592966127177859
2026-08-09 23:18:24,skocherhan,domain,laylaylom.click,#phishing,https://x.com/skocherhan/status/2086592966127177859
2026-08-09 23:18:24,skocherhan,url,http://laylaylom.click,#phishing,https://x.com/skocherhan/status/2086592966127177859
2026-08-09 23:18:24,skocherhan,domain,olurbnlrdasanagore.shop,#phishing,https://x.com/skocherhan/status/2086592966127177859
2026-08-09 23:18:24,skocherhan,url,http://olurbnlrdasanagore.shop,#phishing,https://x.com/skocherhan/status/2086592966127177859
2026-08-09 23:18:24,skocherhan,domain,sacmasapan.click,#phishing,https://x.com/skocherhan/status/2086592966127177859
2026-08-09 23:18:24,skocherhan,url,http://sacmasapan.click,#phishing,https://x.com/skocherhan/status/2086592966127177859
2026-08-09 23:18:24,skocherhan,domain,sndebukmpyalardanfaydlan.com,#phishing,https://x.com/skocherhan/status/2086592966127177859
2026-08-09 23:18:24,skocherhan,url,http://sndebukmpyalardanfaydlan.com,#phishing,https://x.com/skocherhan/status/2086592966127177859
2026-08-09 23:18:24,skocherhan,domain,qwdx12dxadxq.sbs,#phishing,https://x.com/skocherhan/status/2086592966127177859
2026-08-09 23:18:24,skocherhan,url,http://qwdx12dxadxq.sbs,#phishing,https://x.com/skocherhan/status/2086592966127177859
2026-08-09 23:18:24,skocherhan,domain,wtyqahsd.xyz,#phishing,https://x.com/skocherhan/status/2086592966127177859
2026-08-09 23:18:24,skocherhan,url,http://wtyqahsd.xyz,#phishing,https://x.com/skocherhan/status/2086592966127177859
2026-08-09 23:18:24,skocherhan,domain,zartzukurt.click,#phishing,https://x.com/skocherhan/status/2086592966127177859
2026-08-09 23:18:24,skocherhan,url,http://zartzukurt.click,#phishing,https://x.com/skocherhan/status/2086592966127177859
2026-08-09 23:18:24,skocherhan,domain,wegwehq.xyz,#phishing,https://x.com/skocherhan/status/2086592966127177859
2026-08-09 23:18:24,skocherhan,url,http://wegwehq.xyz,#phishing,https://x.com/skocherhan/status/2086592966127177859
2026-08-09 23:18:24,skocherhan,domain,42164662431.sbs,#phishing,https://x.com/skocherhan/status/2086592966127177859
2026-08-09 23:18:24,skocherhan,url,http://42164662431.sbs,#phishing,https://x.com/skocherhan/status/2086592966127177859
2026-08-09 23:18:24,skocherhan,domain,4216466431.sbs,#phishing,https://x.com/skocherhan/status/2086592966127177859
2026-08-09 23:18:24,skocherhan,url,http://4216466431.sbs,#phishing,https://x.com/skocherhan/status/2086592966127177859
2026-08-09 23:18:24,skocherhan,domain,wqrrtqwtg.xyz,#phishing,https://x.com/skocherhan/status/2086592966127177859
2026-08-09 23:18:24,skocherhan,url,http://wqrrtqwtg.xyz,#phishing,https://x.com/skocherhan/status/2086592966127177859
2026-08-09 23:18:24,skocherhan,domain,agwrlwr.xyz,#phishing,https://x.com/skocherhan/status/2086592966127177859
2026-08-09 23:18:24,skocherhan,url,http://agwrlwr.xyz,#phishing,https://x.com/skocherhan/status/2086592966127177859
2026-08-09 23:18:24,skocherhan,domain,4216466662431.sbs,#phishing,https://x.com/skocherhan/status/2086592966127177859
2026-08-09 23:18:24,skocherhan,url,http://4216466662431.sbs,#phishing,https://x.com/skocherhan/status/2086592966127177859
2026-08-09 23:18:24,skocherhan,domain,portalm1hrs.xyz,#phishing,https://x.com/skocherhan/status/2086592966127177859
2026-08-09 23:18:24,skocherhan,url,http://portalm1hrs.xyz,#phishing,https://x.com/skocherhan/status/2086592966127177859
2026-08-09 23:18:24,skocherhan,domain,182-nett.com,#phishing,https://x.com/skocherhan/status/2086592966127177859
2026-08-09 23:18:24,skocherhan,url,http://182-nett.com,#phishing,https://x.com/skocherhan/status/2086592966127177859
2026-08-09 23:18:24,skocherhan,domain,1253452324124.xyz,#phishing,https://x.com/skocherhan/status/2086592966127177859
2026-08-09 23:18:24,skocherhan,url,http://1253452324124.xyz,#phishing,https://x.com/skocherhan/status/2086592966127177859
2026-08-09 23:18:24,skocherhan,domain,mlyna38393.click,#phishing,https://x.com/skocherhan/status/2086592966127177859
2026-08-09 23:18:24,skocherhan,url,http://mlyna38393.click,#phishing,https://x.com/skocherhan/status/2086592966127177859
2026-08-09 23:18:24,skocherhan,domain,354653468000.net,#phishing,https://x.com/skocherhan/status/2086592966127177859
2026-08-09 23:18:24,skocherhan,url,http://354653468000.net,#phishing,https://x.com/skocherhan/status/2086592966127177859
2026-08-09 23:18:24,skocherhan,domain,rekabetbizimle.xyz,#phishing,https://x.com/skocherhan/status/2086592966127177859
2026-08-09 23:18:24,skocherhan,url,http://rekabetbizimle.xyz,#phishing,https://x.com/skocherhan/status/2086592966127177859
2026-08-09 23:18:24,skocherhan,domain,acil112acill.xyz,#phishing,https://x.com/skocherhan/status/2086592966127177859
2026-08-09 23:18:24,skocherhan,url,http://acil112acill.xyz,#phishing,https://x.com/skocherhan/status/2086592966127177859
2026-08-09 23:18:24,skocherhan,domain,678786432.net,#phishing,https://x.com/skocherhan/status/2086592966127177859
2026-08-09 23:18:24,skocherhan,url,http://678786432.net,#phishing,https://x.com/skocherhan/status/2086592966127177859
2026-08-09 23:18:24,skocherhan,domain,meherese.xyz,#phishing,https://x.com/skocherhan/status/2086592966127177859
2026-08-09 23:18:24,skocherhan,url,http://meherese.xyz,#phishing,https://x.com/skocherhan/status/2086592966127177859
2026-08-09 23:18:24,skocherhan,domain,cakallarcukallarkonusurlar.net,#phishing,https://x.com/skocherhan/status/2086592966127177859
2026-08-09 23:18:24,skocherhan,url,http://cakallarcukallarkonusurlar.net,#phishing,https://x.com/skocherhan/status/2086592966127177859
2026-08-09 23:18:24,skocherhan,domain,112112112.click,#phishing,https://x.com/skocherhan/status/2086592966127177859
2026-08-09 23:18:24,skocherhan,url,http://112112112.click,#phishing,https://x.com/skocherhan/status/2086592966127177859
2026-08-09 23:18:24,skocherhan,domain,mrhsrmrmsmrn.com,#phishing,https://x.com/skocherhan/status/2086592966127177859
2026-08-09 23:18:24,skocherhan,url,http://mrhsrmrmsmrn.com,#phishing,https://x.com/skocherhan/status/2086592966127177859
2026-08-09 23:18:24,skocherhan,domain,egwrqgh.xyz,#phishing,https://x.com/skocherhan/status/2086592966127177859
2026-08-09 23:18:24,skocherhan,url,http://egwrqgh.xyz,#phishing,https://x.com/skocherhan/status/2086592966127177859
2026-08-09 23:18:24,skocherhan,domain,yinveyang10.sbs,#phishing,https://x.com/skocherhan/status/2086592966127177859
2026-08-09 23:18:24,skocherhan,url,http://yinveyang10.sbs,#phishing,https://x.com/skocherhan/status/2086592966127177859
2026-08-09 23:18:24,skocherhan,domain,rwwkqrl.xyz,#phishing,https://x.com/skocherhan/status/2086592966127177859
2026-08-09 23:18:24,skocherhan,url,http://rwwkqrl.xyz,#phishing,https://x.com/skocherhan/status/2086592966127177859
2026-08-09 23:18:24,skocherhan,domain,3mysfirstl.art,#phishing,https://x.com/skocherhan/status/2086592966127177859
2026-08-09 23:18:24,skocherhan,url,http://3mysfirstl.art,#phishing,https://x.com/skocherhan/status/2086592966127177859
2026-08-09 23:18:24,skocherhan,domain,o4545c.click,#phishing,https://x.com/skocherhan/status/2086592966127177859
2026-08-09 23:18:24,skocherhan,url,http://o4545c.click,#phishing,https://x.com/skocherhan/status/2086592966127177859
2026-08-09 23:18:24,skocherhan,domain,bsvr.rnvdmhsrsrndnvgncsl.com,#phishing,https://x.com/skocherhan/status/2086592966127177859
2026-08-09 23:18:24,skocherhan,url,http://bsvr.rnvdmhsrsrndnvgncsl.com,#phishing,https://x.com/skocherhan/status/2086592966127177859
2026-08-09 23:18:24,skocherhan,domain,warqwrghw.xyz,#phishing,https://x.com/skocherhan/status/2086592966127177859
2026-08-09 23:18:24,skocherhan,url,http://warqwrghw.xyz,#phishing,https://x.com/skocherhan/status/2086592966127177859
2026-08-09 23:18:24,skocherhan,domain,182-weeb.net,#phishing,https://x.com/skocherhan/status/2086592966127177859
2026-08-09 23:18:24,skocherhan,url,http://182-weeb.net,#phishing,https://x.com/skocherhan/status/2086592966127177859
2026-08-09 23:18:24,skocherhan,domain,412941234531.com,#phishing,https://x.com/skocherhan/status/2086592966127177859
2026-08-09 23:18:24,skocherhan,url,http://412941234531.com,#phishing,https://x.com/skocherhan/status/2086592966127177859
2026-08-09 23:18:24,skocherhan,domain,3mys2087q1.art,#phishing,https://x.com/skocherhan/status/2086592966127177859
2026-08-09 23:18:24,skocherhan,url,http://3mys2087q1.art,#phishing,https://x.com/skocherhan/status/2086592966127177859
2026-08-09 23:18:24,skocherhan,domain,lppppsrppp.xyz,#phishing,https://x.com/skocherhan/status/2086592966127177859
2026-08-09 23:18:24,skocherhan,url,http://lppppsrppp.xyz,#phishing,https://x.com/skocherhan/status/2086592966127177859
2026-08-09 23:18:24,skocherhan,domain,00004444444022.net,#phishing,https://x.com/skocherhan/status/2086592966127177859
2026-08-09 23:18:24,skocherhan,url,http://00004444444022.net,#phishing,https://x.com/skocherhan/status/2086592966127177859
2026-08-09 23:18:24,skocherhan,domain,alo-182.com,#phishing,https://x.com/skocherhan/status/2086592966127177859
2026-08-09 23:18:24,skocherhan,url,http://alo-182.com,#phishing,https://x.com/skocherhan/status/2086592966127177859
2026-08-09 23:18:24,skocherhan,domain,alo-182.net,#phishing,https://x.com/skocherhan/status/2086592966127177859
2026-08-09 23:18:24,skocherhan,url,http://alo-182.net,#phishing,https://x.com/skocherhan/status/2086592966127177859
2026-08-09 23:18:24,skocherhan,domain,2841948923.com,#phishing,https://x.com/skocherhan/status/2086592966127177859
2026-08-09 23:18:24,skocherhan,url,http://2841948923.com,#phishing,https://x.com/skocherhan/status/2086592966127177859
2026-08-09 23:18:24,skocherhan,domain,182-website.com,#phishing,https://x.com/skocherhan/status/2086592966127177859
2026-08-09 23:18:24,skocherhan,url,http://182-website.com,#phishing,https://x.com/skocherhan/status/2086592966127177859
2026-08-09 23:18:24,skocherhan,domain,randevuluzamanninicin.net,#phishing,https://x.com/skocherhan/status/2086592966127177859
2026-08-09 23:18:24,skocherhan,url,http://randevuluzamanninicin.net,#phishing,https://x.com/skocherhan/status/2086592966127177859
2026-08-09 23:18:24,skocherhan,domain,978645534.net,#phishing,https://x.com/skocherhan/status/2086592966127177859
2026-08-09 23:18:24,skocherhan,url,http://978645534.net,#phishing,https://x.com/skocherhan/status/2086592966127177859
2026-08-09 23:18:24,skocherhan,domain,182-mherase.com,#phishing,https://x.com/skocherhan/status/2086592966127177859
2026-08-09 23:18:24,skocherhan,url,http://182-mherase.com,#phishing,https://x.com/skocherhan/status/2086592966127177859
2026-08-09 23:18:24,skocherhan,domain,1822-mehares.com,#phishing,https://x.com/skocherhan/status/2086592966127177859
2026-08-09 23:18:24,skocherhan,url,http://1822-mehares.com,#phishing,https://x.com/skocherhan/status/2086592966127177859
2026-08-09 23:18:24,skocherhan,domain,bodrumblockevetbenimbolge.cfd,#phishing,https://x.com/skocherhan/status/2086592966127177859
2026-08-09 23:18:24,skocherhan,url,http://bodrumblockevetbenimbolge.cfd,#phishing,https://x.com/skocherhan/status/2086592966127177859
2026-08-09 23:18:24,skocherhan,domain,182-webhati.com,#phishing,https://x.com/skocherhan/status/2086592966127177859
2026-08-09 23:18:24,skocherhan,url,http://182-webhati.com,#phishing,https://x.com/skocherhan/status/2086592966127177859
2026-08-09 23:18:24,skocherhan,domain,mmhrrksl.com,#phishing,https://x.com/skocherhan/status/2086592966127177859
2026-08-09 23:18:24,skocherhan,url,http://mmhrrksl.com,#phishing,https://x.com/skocherhan/status/2086592966127177859
2026-08-09 23:18:24,skocherhan,domain,gununubilsende.com,#phishing,https://x.com/skocherhan/status/2086592966127177859
2026-08-09 23:18:24,skocherhan,url,http://gununubilsende.com,#phishing,https://x.com/skocherhan/status/2086592966127177859
2026-08-09 23:18:24,skocherhan,domain,182-mehharese.com,#phishing,https://x.com/skocherhan/status/2086592966127177859
2026-08-09 23:18:24,skocherhan,url,http://182-mehharese.com,#phishing,https://x.com/skocherhan/status/2086592966127177859
2026-08-09 23:18:24,skocherhan,domain,ransadevuhastenn.info,#phishing,https://x.com/skocherhan/status/2086592966127177859
2026-08-09 23:18:24,skocherhan,url,http://ransadevuhastenn.info,#phishing,https://x.com/skocherhan/status/2086592966127177859
2026-08-09 23:18:24,skocherhan,domain,randevuhastenn.online,#phishing,https://x.com/skocherhan/status/2086592966127177859
2026-08-09 23:18:24,skocherhan,url,http://randevuhastenn.online,#phishing,https://x.com/skocherhan/status/2086592966127177859
2026-08-09 23:18:24,skocherhan,domain,randevuhastenn.info,#phishing,https://x.com/skocherhan/status/2086592966127177859
2026-08-09 23:18:24,skocherhan,url,http://randevuhastenn.info,#phishing,https://x.com/skocherhan/status/2086592966127177859
2026-08-09 23:18:24,skocherhan,domain,randevuhastenn.com,#phishing,https://x.com/skocherhan/status/2086592966127177859
2026-08-09 23:18:24,skocherhan,url,http://randevuhastenn.com,#phishing,https://x.com/skocherhan/status/2086592966127177859
2026-08-09 23:18:24,skocherhan,domain,mhrshekimzlrandevusu.vercel.app,#phishing,https://x.com/skocherhan/status/2086592966127177859
2026-08-09 23:18:24,skocherhan,url,http://mhrshekimzlrandevusu.vercel.app,#phishing,https://x.com/skocherhan/status/2086592966127177859
2026-08-09 23:18:24,skocherhan,domain,43576884830900.net,#phishing,https://x.com/skocherhan/status/2086592966127177859
2026-08-09 23:18:24,skocherhan,url,http://43576884830900.net,#phishing,https://x.com/skocherhan/status/2086592966127177859
2026-08-09 23:18:24,skocherhan,domain,645465465.net,#phishing,https://x.com/skocherhan/status/2086592966127177859
2026-08-09 23:18:24,skocherhan,url,http://645465465.net,#phishing,https://x.com/skocherhan/status/2086592966127177859
2026-08-09 23:18:24,skocherhan,domain,182-hatti.com,#phishing,https://x.com/skocherhan/status/2086592966127177859
2026-08-09 23:18:24,skocherhan,url,http://182-hatti.com,#phishing,https://x.com/skocherhan/status/2086592966127177859
2026-08-09 23:18:24,skocherhan,domain,mhrsssdsasasa.xyz,#phishing,https://x.com/skocherhan/status/2086592966127177859
2026-08-09 23:18:24,skocherhan,url,http://mhrsssdsasasa.xyz,#phishing,https://x.com/skocherhan/status/2086592966127177859
2026-08-09 23:18:24,skocherhan,domain,sektorukapatiyorumkimsereklamacamaztaklaciguvercin.com,#phishing,https://x.com/skocherhan/status/2086592966127177859
2026-08-09 23:18:24,skocherhan,url,http://sektorukapatiyorumkimsereklamacamaztaklaciguvercin.com,#phishing,https://x.com/skocherhan/status/2086592966127177859
2026-08-09 23:18:24,skocherhan,domain,meheresebayram7.sbs,#phishing,https://x.com/skocherhan/status/2086592966127177859
2026-08-09 23:18:24,skocherhan,url,http://meheresebayram7.sbs,#phishing,https://x.com/skocherhan/status/2086592966127177859
2026-08-09 23:18:24,skocherhan,domain,benburdaykenkimseekmekyiyemez2.net,#phishing,https://x.com/skocherhan/status/2086592966127177859
2026-08-09 23:18:24,skocherhan,url,http://benburdaykenkimseekmekyiyemez2.net,#phishing,https://x.com/skocherhan/status/2086592966127177859
2026-08-09 23:18:24,skocherhan,domain,krdanlopardansd.click,#phishing,https://x.com/skocherhan/status/2086592966127177859
2026-08-09 23:18:24,skocherhan,url,http://krdanlopardansd.click,#phishing,https://x.com/skocherhan/status/2086592966127177859
2026-08-09 23:18:24,skocherhan,domain,randesavuluzamassnninicin.com,#phishing,https://x.com/skocherhan/status/2086592966127177859
2026-08-09 23:18:24,skocherhan,url,http://randesavuluzamassnninicin.com,#phishing,https://x.com/skocherhan/status/2086592966127177859
2026-08-09 23:18:24,skocherhan,domain,182-meharese.com,#phishing,https://x.com/skocherhan/status/2086592966127177859
2026-08-09 23:18:24,skocherhan,url,http://182-meharese.com,#phishing,https://x.com/skocherhan/status/2086592966127177859
2026-08-09 23:18:24,skocherhan,domain,mshandebu23.sbs,#phishing,https://x.com/skocherhan/status/2086592966127177859
2026-08-09 23:18:24,skocherhan,url,http://mshandebu23.sbs,#phishing,https://x.com/skocherhan/status/2086592966127177859
2026-08-09 23:18:24,skocherhan,domain,msshrrdkevu.com,#phishing,https://x.com/skocherhan/status/2086592966127177859
2026-08-09 23:18:24,skocherhan,url,http://msshrrdkevu.com,#phishing,https://x.com/skocherhan/status/2086592966127177859
2026-08-09 23:18:24,skocherhan,domain,msshrdkevu.com,#phishing,https://x.com/skocherhan/status/2086592966127177859
2026-08-09 23:18:24,skocherhan,url,http://msshrdkevu.com,#phishing,https://x.com/skocherhan/status/2086592966127177859
2026-08-09 23:18:24,skocherhan,domain,mehareseinternette.com,#phishing,https://x.com/skocherhan/status/2086592966127177859
2026-08-09 23:18:24,skocherhan,url,http://mehareseinternette.com,#phishing,https://x.com/skocherhan/status/2086592966127177859
2026-08-09 23:18:24,skocherhan,domain,yinveyang5.sbs,#phishing,https://x.com/skocherhan/status/2086592966127177859
2026-08-09 23:18:24,skocherhan,url,http://yinveyang5.sbs,#phishing,https://x.com/skocherhan/status/2086592966127177859
2026-08-09 23:18:24,skocherhan,domain,yinveyang4.sbs,#phishing,https://x.com/skocherhan/status/2086592966127177859
2026-08-09 23:18:24,skocherhan,url,http://yinveyang4.sbs,#phishing,https://x.com/skocherhan/status/2086592966127177859
2026-08-09 23:18:24,skocherhan,domain,yinveyang3.sbs,#phishing,https://x.com/skocherhan/status/2086592966127177859
2026-08-09 23:18:24,skocherhan,url,http://yinveyang3.sbs,#phishing,https://x.com/skocherhan/status/2086592966127177859
2026-08-09 23:30:23,skocherhan,md5,b9956282a0fed076ed083892e498ac69,#NetSupport,https://x.com/skocherhan/status/2086595980976153066
